#Frame     RMSD_00002
       1       1.1952
       2       1.2745
       3       1.3146
       4       1.1748
       5       1.1879
       6       1.1817
       7       1.2484
       8       1.2825
       9       1.2466
      10       1.1572
      11       1.2728
      12       1.2603
      13       1.2650
      14       1.2432
      15       1.1732
      16       1.1845
      17       1.3279
      18       1.1388
      19       1.2662
      20       1.1997
      21       1.1029
      22       1.0319
      23       1.0598
      24       1.1099
      25       1.1798
      26       1.1880
      27       1.3138
      28       1.2766
      29       1.2378
      30       1.3373
      31       1.1041
      32       1.1968
      33       1.2590
      34       1.3089
      35       1.2163
      36       1.2162
      37       1.0930
      38       1.1025
      39       1.1283
      40       1.0941
      41       1.1795
      42       1.1079
      43       1.2523
      44       1.1781
      45       1.1892
      46       1.2239
      47       1.2987
      48       1.1423
      49       1.2824
      50       1.2757
      51       1.1062
      52       1.2703
      53       1.3298
      54       1.4092
      55       1.3522
      56       1.3228
      57       1.4413
      58       1.4160
      59       1.4151
      60       1.3576
      61       1.4247
      62       1.5271
      63       1.6135
      64       1.7610
      65       1.5880
      66       1.3699
      67       1.5234
      68       1.5316
      69       1.6398
      70       1.5386
      71       1.4728
      72       1.4882
      73       1.4585
      74       1.4554
      75       1.5340
      76       1.4171
      77       1.3591
      78       1.2808
      79       1.3535
      80       1.5208
      81       1.4454
      82       1.5796
      83       1.7302
      84       1.5276
      85       1.5775
      86       1.6695
      87       1.6317
      88       1.6265
      89       1.5210
      90       1.4468
      91       1.5307
      92       1.6136
      93       1.5561
      94       1.6691
      95       1.4765
      96       1.6318
      97       1.4685
      98       1.5723
      99       1.4286
     100       1.4860
     101       1.4518
     102       1.4109
     103       1.2106
     104       1.3340
     105       1.3319
     106       1.4196
     107       1.2827
     108       1.2266
     109       1.3465
     110       1.2329
     111       1.2321
     112       1.1849
     113       1.2891
     114       1.3088
     115       1.2594
     116       1.2776
     117       1.2223
     118       1.2745
     119       1.2580
     120       1.1593
     121       1.1018
     122       1.0970
     123       1.1092
     124       1.1384
     125       1.1918
     126       1.2069
     127       1.0453
     128       1.1702
     129       1.1578
     130       1.1325
     131       1.2594
     132       1.1086
     133       1.1071
     134       1.0984
     135       1.1580
     136       1.2283
     137       1.1155
     138       1.1016
     139       1.1377
     140       1.1123
     141       1.1776
     142       1.1564
     143       1.2141
     144       1.1681
     145       1.0539
     146       1.2463
     147       1.1102
     148       1.1224
     149       1.1889
     150       1.1537
     151       1.2470
     152       1.2547
     153       1.2927
     154       1.2970
     155       1.2200
     156       1.2956
     157       1.2537
     158       1.2323
     159       1.2202
     160       1.3096
     161       1.2704
     162       1.3674
     163       1.3480
     164       1.3109
     165       1.1654
     166       1.2036
     167       1.3113
     168       1.2997
     169       1.2920
     170       1.2925
     171       1.4794
     172       1.4415
     173       1.3369
     174       1.3372
     175       1.2594
     176       1.2859
     177       1.4008
     178       1.3017
     179       1.2774
     180       1.3696
     181       1.2482
     182       1.2125
     183       1.2002
     184       1.2372
     185       1.1298
     186       1.1231
     187       1.1525
     188       1.2382
     189       1.2235
     190       1.1795
     191       1.1249
     192       1.0922
     193       1.2313
     194       1.2448
     195       1.2869
     196       1.4451
     197       1.4036
     198       1.2903
     199       1.1875
     200       1.3811
     201       1.2642
     202       1.2153
     203       1.0996
     204       1.1763
     205       1.2416
     206       1.1990
     207       1.1294
     208       1.1150
     209       1.1453
     210       1.1912
     211       1.1706
     212       1.1178
     213       1.1449
     214       1.1782
     215       1.1541
     216       1.2799
     217       1.2767
     218       1.3654
     219       1.3425
     220       1.3249
     221       1.3104
     222       1.3732
     223       1.4198
     224       1.3873
     225       1.2244
     226       1.1872
     227       1.2654
     228       1.1805
     229       1.3711
     230       1.3978
     231       1.3960
     232       1.2725
     233       1.2878
     234       1.2458
     235       1.3099
     236       1.3455
     237       1.3796
     238       1.3622
     239       1.2576
     240       1.2806
     241       1.2646
     242       1.1144
     243       1.0739
     244       1.0913
     245       1.1648
     246       1.1660
     247       1.1259
     248       1.0891
     249       1.1672
     250       1.1700
     251       1.3706
     252       1.3455
     253       1.4285
     254       1.4556
     255       1.1657
     256       1.1428
     257       1.2120
     258       1.1865
     259       1.2391
     260       1.2105
     261       1.2005
     262       1.1479
     263       1.2527
     264       1.2947
     265       1.1699
     266       1.2563
     267       1.2620
     268       1.3754
     269       1.2268
     270       1.2659
     271       1.1194
     272       1.1706
     273       1.1492
     274       1.2000
     275       1.1021
     276       1.1273
     277       1.1836
     278       1.1486
     279       1.0498
     280       0.9946
     281       1.0807
     282       1.2270
     283       1.1173
     284       1.1167
     285       0.9925
     286       1.2099
     287       1.2273
     288       1.2338
     289       1.2034
     290       1.2081
     291       1.3272
     292       1.3103
     293       1.2692
     294       1.2012
     295       1.1471
     296       1.3227
     297       1.3237
     298       1.2286
     299       1.1714
     300       1.2360
     301       1.2306
     302       1.2069
     303       1.3117
     304       1.3831
     305       1.2966
     306       1.4635
     307       1.2873
     308       1.3040
     309       1.3659
     310       1.3667
     311       1.3648
     312       1.4161
     313       1.3116
     314       1.3913
     315       1.2984
     316       1.2580
     317       1.4107
     318       1.3374
     319       1.2706
     320       1.3043
     321       1.3810
     322       1.2457
     323       1.3478
     324       1.3015
     325       1.2153
     326       1.1235
     327       1.0334
     328       1.0659
     329       1.2575
     330       1.2994
     331       1.4202
     332       1.3321
     333       1.1629
     334       1.2491
     335       1.1200
     336       1.1626
     337       1.3061
     338       1.3313
     339       1.2641
     340       1.2273
     341       1.2081
     342       1.1094
     343       1.1189
     344       1.2328
     345       1.3376
     346       1.3119
     347       1.2512
     348       1.2803
     349       1.1097
     350       1.0747
     351       1.2011
     352       1.1289
     353       1.0268
     354       1.0783
     355       1.2016
     356       1.2639
     357       1.4971
     358       1.4603
     359       1.5255
     360       1.2424
     361       1.2427
     362       1.1937
     363       1.2094
     364       1.3208
     365       1.3512
     366       1.2918
     367       1.1980
     368       1.1445
     369       1.2800
     370       1.2397
     371       1.1125
     372       1.2126
     373       1.2250
     374       1.3483
     375       1.2992
     376       1.2408
     377       1.3591
     378       1.2066
     379       1.3575
     380       1.3238
     381       1.2956
     382       1.2984
     383       1.3230
     384       1.3846
     385       1.3777
     386       1.3044
     387       1.4840
     388       1.4602
     389       1.4830
     390       1.3789
     391       1.4130
     392       1.4282
     393       1.3889
     394       1.3495
     395       1.4098
     396       1.3836
     397       1.3840
     398       1.3916
     399       1.3229
     400       1.4979
     401       1.4291
     402       1.4753
     403       1.6344
     404       1.3486
     405       1.3858
     406       1.2859
     407       1.2012
     408       1.3872
     409       1.5148
     410       1.4857
     411       1.3441
     412       1.3183
     413       1.3586
     414       1.2009
     415       1.2815
     416       1.4310
     417       1.1391
     418       1.2116
     419       1.1531
     420       1.0563
     421       1.1701
     422       1.1156
     423       1.1434
     424       1.1184
     425       1.0452
     426       1.1434
     427       1.0264
     428       0.9112
     429       0.9922
     430       1.0946
     431       1.1544
     432       1.0981
     433       1.1079
     434       1.0723
     435       1.0381
     436       1.0388
     437       0.9952
     438       1.0846
     439       0.9746
     440       0.9236
     441       1.1001
     442       1.0850
     443       1.0129
     444       1.0798
     445       1.1888
     446       1.2020
     447       1.1589
     448       1.2677
     449       1.2668
     450       1.2706
     451       1.1309
     452       1.0857
     453       1.2199
     454       1.0032
     455       1.0888
     456       1.1713
     457       1.2301
     458       1.1412
     459       1.2257
     460       1.2130
     461       1.2625
     462       1.1848
     463       1.0573
     464       1.0542
     465       1.0823
     466       1.1450
     467       1.1139
     468       1.0867
     469       1.0527
     470       0.9517
     471       1.0509
     472       1.0264
     473       0.9791
     474       1.0543
     475       1.0202
     476       0.9684
     477       1.0273
     478       1.0749
     479       1.2687
     480       1.1922
     481       1.2623
     482       1.0836
     483       1.1009
     484       1.1070
     485       0.9953
     486       1.1226
     487       1.2000
     488       1.2719
     489       1.3192
     490       1.3785
     491       1.3428
     492       1.2248
     493       1.1522
     494       1.1341
     495       1.2031
     496       1.3383
     497       1.3369
     498       1.2284
     499       1.1924
     500       1.1116
     501       0.9806
     502       1.0527
     503       1.0337
     504       1.0412
     505       1.0611
     506       1.1118
     507       0.9839
     508       1.1192
     509       1.0061
     510       1.1194
     511       1.0947
     512       1.1519
     513       1.0898
     514       1.2217
     515       1.2423
     516       1.2594
     517       1.2056
     518       1.2037
     519       1.2302
     520       1.0994
     521       0.9979
     522       1.0430
     523       1.1031
     524       0.9619
     525       0.9331
     526       0.9616
     527       0.9569
     528       0.9607
     529       1.0134
     530       0.9968
     531       1.0686
     532       1.0008
     533       1.1176
     534       0.9735
     535       1.0722
     536       1.1158
     537       1.1642
     538       1.0499
     539       1.0880
     540       1.1936
     541       1.1344
     542       1.1152
     543       1.0859
     544       1.1114
     545       0.9669
     546       1.0840
     547       1.0923
     548       1.1051
     549       0.9556
     550       0.9962
     551       0.9531
     552       0.9942
     553       0.9066
     554       0.9075
     555       0.9311
     556       0.9174
     557       1.0352
     558       1.0596
     559       1.0860
     560       1.1087
     561       1.0592
     562       1.1563
     563       1.1366
     564       1.3834
     565       1.2753
     566       1.2479
     567       1.0730
     568       1.3206
     569       1.4059
     570       1.4999
     571       1.5406
     572       1.5726
     573       1.5050
     574       1.1927
     575       1.3233
     576       1.2683
     577       1.2975
     578       1.1958
     579       1.2061
     580       1.1489
     581       1.0839
     582       1.0851
     583       1.1451
     584       1.1027
     585       1.1597
     586       1.1335
     587       1.1133
     588       1.0937
     589       1.1978
     590       1.3058
     591       1.4742
     592       1.2995
     593       1.2720
     594       1.5153
     595       1.3259
     596       1.3768
     597       1.2730
     598       1.3120
     599       1.3312
     600       1.3474
     601       1.2726
     602       1.1902
     603       1.2701
     604       1.1824
     605       1.1606
     606       1.1882
     607       1.1770
     608       1.1523
     609       1.1333
     610       1.1677
     611       1.2120
     612       1.1983
     613       1.2047
     614       1.1917
     615       1.2939
     616       1.2386
     617       1.1664
     618       1.2813
     619       1.2651
     620       1.1326
     621       0.9916
     622       1.0405
     623       1.1491
     624       1.2191
     625       1.0911
     626       1.0990
     627       1.0993
     628       1.1757
     629       1.4006
     630       1.1699
     631       1.4298
     632       1.4265
     633       1.3108
     634       1.1690
     635       1.1394
     636       1.2287
     637       1.2427
     638       1.2905
     639       1.3056
     640       1.4999
     641       1.5542
     642       1.6224
     643       1.5617
     644       1.5892
     645       1.4738
     646       1.4861
     647       1.3459
     648       1.3384
     649       1.1432
     650       1.2980
     651       1.3898
     652       1.3950
     653       1.1598
     654       1.3372
     655       1.2776
     656       1.3127
     657       1.3076
     658       1.1829
     659       1.3696
     660       1.1455
     661       1.2570
     662       1.2735
     663       1.1976
     664       1.3223
     665       1.4087
     666       1.2897
     667       1.3251
     668       1.2510
     669       1.1772
     670       1.1454
     671       1.0719
     672       1.1336
     673       1.2686
     674       1.2112
     675       1.2962
     676       1.3816
     677       1.1709
     678       1.3300
     679       1.1363
     680       1.1971
     681       1.0686
     682       1.0234
     683       1.0502
     684       1.1507
     685       1.1825
     686       1.0693
     687       1.0804
     688       1.2488
     689       1.3440
     690       1.2054
     691       1.2379
     692       1.0776
     693       1.2458
     694       1.2855
     695       1.1680
     696       1.0561
     697       1.0463
     698       1.2582
     699       1.2387
     700       1.2252
     701       1.1429
     702       1.1699
     703       1.2796
     704       1.2483
     705       1.2390
     706       1.2488
     707       1.2430
     708       1.1954
     709       1.2089
     710       1.3026
     711       0.9804
     712       1.0903
     713       1.2237
     714       1.3083
     715       1.3914
     716       1.2560
     717       1.2407
     718       1.2366
     719       1.3393
     720       1.2744
     721       1.4172
     722       1.4279
     723       1.3980
     724       1.4038
     725       1.3877
     726       1.2831
     727       1.3988
     728       1.3204
     729       1.1682
     730       1.1291
     731       1.1150
     732       1.1806
     733       1.2994
     734       1.2879
     735       1.2101
     736       1.1965
     737       1.1680
     738       1.2032
     739       1.1849
     740       1.2691
     741       1.3063
     742       1.2541
     743       1.1852
     744       1.1994
     745       1.2800
     746       1.2603
     747       1.1970
     748       1.1196
     749       1.2075
     750       1.1791
     751       1.1928
     752       1.2531
     753       1.1400
     754       0.9953
     755       1.0255
     756       1.0081
     757       0.9327
     758       1.1097
     759       1.2442
     760       1.1745
     761       1.1203
     762       1.2338
     763       1.1901
     764       1.2122
     765       1.2976
     766       1.1344
     767       1.0948
     768       1.0973
     769       1.0417
     770       1.2549
     771       1.1079
     772       1.3410
     773       1.2769
     774       1.2537
     775       1.2132
     776       1.1945
     777       1.1690
     778       1.1558
     779       1.1733
     780       1.4453
     781       1.3575
     782       1.1871
     783       1.2411
     784       1.2277
     785       1.0710
     786       1.1822
     787       0.9991
     788       1.0183
     789       1.1151
     790       1.1682
     791       0.9058
     792       0.9926
     793       1.1122
     794       1.0502
     795       1.1457
     796       1.0476
     797       1.0283
     798       1.1141
     799       1.2269
     800       1.0855
     801       0.9755
     802       1.0032
     803       1.0120
     804       1.1946
     805       1.1107
     806       1.3364
     807       1.1954
     808       1.1868
     809       1.1300
     810       1.2104
     811       1.2008
     812       1.2557
     813       1.2140
     814       1.0860
     815       1.1860
     816       0.9960
     817       1.2349
     818       1.1495
     819       1.0238
     820       1.2022
     821       1.3637
     822       1.3249
     823       1.3238
     824       1.3882
     825       1.2935
     826       1.2448
     827       1.2163
     828       1.2683
     829       1.4161
     830       1.4291
     831       1.2679
     832       1.0531
     833       1.0756
     834       0.9669
     835       1.0570
     836       0.9820
     837       1.0082
     838       0.9139
     839       0.9692
     840       0.9370
     841       0.9156
     842       0.9145
     843       0.9825
     844       1.0303
     845       1.0912
     846       0.8821
     847       0.9132
     848       1.0156
     849       0.8816
     850       0.9172
     851       1.1145
     852       0.9741
     853       0.9169
     854       1.0497
     855       1.0729
     856       1.0046
     857       0.9176
     858       0.9406
     859       0.9095
     860       0.9096
     861       0.8558
     862       0.8950
     863       0.9347
     864       0.9350
     865       1.1496
     866       1.1386
     867       1.0724
     868       1.2112
     869       1.1756
     870       1.1344
     871       1.0637
     872       0.9675
     873       0.9367
     874       1.0258
     875       0.9272
     876       0.9551
     877       0.8982
     878       0.9232
     879       1.1356
     880       1.1336
     881       1.0523
     882       1.0200
     883       1.0582
     884       1.1884
     885       1.1659
     886       1.1667
     887       1.1246
     888       1.0076
     889       1.0521
     890       1.2558
     891       1.1745
     892       1.1020
     893       1.0875
     894       1.1671
     895       1.1600
     896       1.0901
     897       1.1835
     898       1.2030
     899       1.2076
     900       1.1877
     901       1.2909
     902       1.3146
     903       1.4205
     904       1.4084
     905       1.2891
     906       1.2900
     907       1.0732
     908       1.1828
     909       1.1977
     910       1.1822
     911       1.2086
     912       1.1489
     913       1.2709
     914       1.3017
     915       1.3610
     916       1.3874
     917       1.3666
     918       1.3355
     919       1.4144
     920       1.3070
     921       1.4786
     922       1.4111
     923       1.3357
     924       1.4150
     925       1.4735
     926       1.4555
     927       1.3711
     928       1.4589
     929       1.2161
     930       1.1282
     931       1.2623
     932       1.1350
     933       1.1059
     934       1.1414
     935       1.2633
     936       1.0065
     937       1.1896
     938       1.0832
     939       1.1439
     940       1.2289
     941       1.2298
     942       1.1660
     943       1.0446
     944       0.9241
     945       0.9629
     946       1.2451
     947       1.2298
     948       1.2094
     949       1.3892
     950       1.4821
     951       1.4227
     952       1.3327
     953       1.1163
     954       1.3381
     955       1.1604
     956       1.3232
     957       1.3047
     958       1.3178
     959       1.2643
     960       1.2695
     961       1.1023
     962       1.1206
     963       1.0812
     964       1.0504
     965       1.0915
     966       0.9744
     967       1.0526
     968       1.2627
     969       1.1577
     970       1.2376
     971       1.2823
     972       1.1248
     973       1.1989
     974       1.3508
     975       1.2636
     976       1.2428
     977       1.2330
     978       1.2906
     979       1.2894
     980       1.3797
     981       1.3390
     982       1.5367
     983       1.3945
     984       1.2322
     985       1.3880
     986       1.4267
     987       1.5100
     988       1.4257
     989       1.3739
     990       1.3969
     991       1.6275
     992       1.5479
     993       1.4066
     994       1.4595
     995       1.3852
     996       1.5075
     997       1.3491
     998       1.3696
     999       1.2753
    1000       1.1463
    1001       1.2054
    1002       1.1450
    1003       1.0997
    1004       1.2014
    1005       1.0550
    1006       1.1052
    1007       1.0715
    1008       1.0675
    1009       1.1211
    1010       1.2119
    1011       1.1665
    1012       1.1860
    1013       1.1263
    1014       1.3597
    1015       1.3937
    1016       1.2076
    1017       1.3840
    1018       1.4241
    1019       1.4935
    1020       1.4359
    1021       1.6202
    1022       1.5565
    1023       1.6904
    1024       1.6001
    1025       1.4882
    1026       1.3358
    1027       1.4196
    1028       1.4017
    1029       1.2971
    1030       1.2815
    1031       1.3643
    1032       1.4440
    1033       1.4832
    1034       1.4491
    1035       1.5189
    1036       1.5235
    1037       1.4997
    1038       1.5316
    1039       1.5148
    1040       1.6289
    1041       1.5721
    1042       1.6050
    1043       1.5025
    1044       1.5474
    1045       1.5036
    1046       1.6096
    1047       1.5810
    1048       1.6143
    1049       1.7207
    1050       1.6519
    1051       1.5745
    1052       1.6158
    1053       1.5784
    1054       1.6482
    1055       1.6020
    1056       1.6821
    1057       1.5331
    1058       1.4914
    1059       1.3307
    1060       1.2875
    1061       1.4874
    1062       1.4281
    1063       1.4459
    1064       1.3678
    1065       1.4240
    1066       1.3801
    1067       1.5268
    1068       1.4763
    1069       1.2306
    1070       1.1990
    1071       1.3871
    1072       1.3299
    1073       1.3097
    1074       1.3927
    1075       1.5194
    1076       1.5153
    1077       1.4266
    1078       1.3791
    1079       1.3672
    1080       1.2114
    1081       1.2933
    1082       1.3558
    1083       1.2273
    1084       1.2566
    1085       1.4319
    1086       1.4598
    1087       1.4139
    1088       1.4830
    1089       1.6551
    1090       1.4941
    1091       1.5644
    1092       1.5813
    1093       1.4799
    1094       1.4597
    1095       1.3676
    1096       1.1078
    1097       1.2572
    1098       1.0968
    1099       1.1216
    1100       1.1380
    1101       1.2653
    1102       1.0982
    1103       1.0609
    1104       1.1044
    1105       1.2991
    1106       1.2661
    1107       1.2140
    1108       1.3006
    1109       1.2855
    1110       1.2249
    1111       1.2464
    1112       1.3672
    1113       1.1297
    1114       1.0835
    1115       1.1382
    1116       1.1957
    1117       1.1188
    1118       1.1297
    1119       1.2027
    1120       1.2591
    1121       1.1604
    1122       1.3756
    1123       1.3837
    1124       1.4319
    1125       1.5061
    1126       1.2790
    1127       1.5891
    1128       1.3541
    1129       1.4384
    1130       1.3296
    1131       1.2797
    1132       1.1796
    1133       1.3882
    1134       1.2218
    1135       1.2793
    1136       1.2641
    1137       1.2896
    1138       1.2687
    1139       0.9745
    1140       1.2692
    1141       1.1568
    1142       1.2338
    1143       1.3861
    1144       1.2552
    1145       1.3204
    1146       1.4818
    1147       1.3405
    1148       1.4796
    1149       1.3370
    1150       1.4014
    1151       1.4441
    1152       1.5208
    1153       1.5181
    1154       1.5787
    1155       1.5452
    1156       1.6470
    1157       1.5592
    1158       1.2230
    1159       1.2460
    1160       1.2501
    1161       1.2949
    1162       1.4703
    1163       1.3437
    1164       1.4334
    1165       1.5792
    1166       1.4397
    1167       1.5757
    1168       1.3573
    1169       1.3638
    1170       1.3008
    1171       1.1763
    1172       1.2439
    1173       1.0952
    1174       1.3196
    1175       1.2422
    1176       1.1841
    1177       1.2030
    1178       1.2397
    1179       1.2136
    1180       1.2421
    1181       1.2199
    1182       1.2943
    1183       1.2101
    1184       1.1480
    1185       1.1876
    1186       1.1706
    1187       1.1769
    1188       1.1839
    1189       1.1497
    1190       1.1744
    1191       1.2231
    1192       1.2873
    1193       1.4064
    1194       1.3945
    1195       1.2465
    1196       1.1988
    1197       1.1893
    1198       1.3086
    1199       1.1208
    1200       1.1497
    1201       1.1427
    1202       1.1904
    1203       1.2630
    1204       1.1728
    1205       1.1136
    1206       1.1445
    1207       1.1628
    1208       1.1167
    1209       1.0728
    1210       1.0127
    1211       1.0871
    1212       1.1604
    1213       1.0849
    1214       1.1359
    1215       1.2314
    1216       1.2147
    1217       1.3277
    1218       1.3600
    1219       1.2056
    1220       1.2686
    1221       1.2122
    1222       1.0728
    1223       1.1278
    1224       1.1516
    1225       1.2558
    1226       1.2369
    1227       1.3538
    1228       1.2946
    1229       1.4474
    1230       1.6555
    1231       1.4399
    1232       1.2786
    1233       1.1997
    1234       1.2509
    1235       1.1930
    1236       1.2475
    1237       1.2541
    1238       1.1929
    1239       1.2503
    1240       1.2923
    1241       1.3188
    1242       1.3038
    1243       1.2950
    1244       1.3037
    1245       1.3753
    1246       1.0784
    1247       1.3062
    1248       1.2501
    1249       1.3167
    1250       1.2940
    1251       1.3714
    1252       1.2572
    1253       1.1526
    1254       1.1311
    1255       1.0428
    1256       1.0838
    1257       1.1473
    1258       1.2551
    1259       1.2028
    1260       1.1746
    1261       1.3070
    1262       1.1413
    1263       1.2059
    1264       1.1007
    1265       1.3229
    1266       1.2831
    1267       1.1624
    1268       1.1523
    1269       1.1423
    1270       1.3188
    1271       1.3229
    1272       1.1660
    1273       1.1952
    1274       1.1995
    1275       1.2341
    1276       1.1917
    1277       1.1056
    1278       1.1476
    1279       1.2159
    1280       1.2190
    1281       1.1604
    1282       1.1261
    1283       1.1037
    1284       1.2369
    1285       1.4747
    1286       1.3039
    1287       1.3196
    1288       1.2449
    1289       1.2379
    1290       1.4155
    1291       1.4142
    1292       1.3443
    1293       1.3530
    1294       1.2844
    1295       1.3553
    1296       1.4090
    1297       1.4360
    1298       1.3637
    1299       1.2411
    1300       1.1608
    1301       1.1326
    1302       1.2485
    1303       1.3112
    1304       1.3831
    1305       1.4035
    1306       1.4261
    1307       1.3838
    1308       1.3072
    1309       1.4420
    1310       1.4924
    1311       1.4375
    1312       1.3416
    1313       1.3407
    1314       1.4093
    1315       1.3856
    1316       1.4227
    1317       1.2711
    1318       1.3937
    1319       1.4715
    1320       1.5895
    1321       1.5764
    1322       1.4716
    1323       1.4967
    1324       1.3877
    1325       1.3160
    1326       1.4841
    1327       1.4696
    1328       1.5019
    1329       1.6118
    1330       1.5968
    1331       1.5468
    1332       1.5526
    1333       1.2631
    1334       1.3618
    1335       1.2881
    1336       1.5218
    1337       1.5091
    1338       1.4916
    1339       1.5799
    1340       1.3457
    1341       1.5624
    1342       1.7030
    1343       1.3956
    1344       1.5041
    1345       1.5778
    1346       1.4701
    1347       1.4489
    1348       1.3604
    1349       1.6709
    1350       1.7923
    1351       1.6403
    1352       1.6799
    1353       1.7231
    1354       1.6652
    1355       1.5501
    1356       1.5731
    1357       1.6139
    1358       1.5232
    1359       1.6357
    1360       1.4494
    1361       1.5138
    1362       1.4477
    1363       1.4137
    1364       1.5101
    1365       1.5647
    1366       1.6532
    1367       1.6586
    1368       1.6634
    1369       1.7336
    1370       1.7434
    1371       1.5952
    1372       1.5114
    1373       1.5382
    1374       1.6544
    1375       1.5635
    1376       1.5315
    1377       1.5303
    1378       1.6149
    1379       1.6239
    1380       1.6114
    1381       1.4837
    1382       1.5899
    1383       1.6250
    1384       1.8164
    1385       1.8080
    1386       1.9003
    1387       1.6918
    1388       1.5609
    1389       1.6295
    1390       1.5347
    1391       1.4988
    1392       1.4764
    1393       1.6397
    1394       1.5224
    1395       1.6046
    1396       1.6672
    1397       1.7262
    1398       1.8812
    1399       1.7512
    1400       1.6363
    1401       1.6587
    1402       1.6745
    1403       1.6428
    1404       1.5647
    1405       1.5154
    1406       1.5674
    1407       1.8512
    1408       1.8269
    1409       1.8386
    1410       1.7808
    1411       1.9290
    1412       1.8172
    1413       1.6861
    1414       1.7773
    1415       1.6494
    1416       1.5724
    1417       1.7176
    1418       1.7753
    1419       1.6700
    1420       1.7994
    1421       1.6959
    1422       1.7775
    1423       1.7869
    1424       1.6226
    1425       1.5456
    1426       1.4564
    1427       1.5252
    1428       1.5465
    1429       1.5654
    1430       1.5106
    1431       1.3310
    1432       1.2498
    1433       1.3357
    1434       1.4291
    1435       1.4212
    1436       1.3427
    1437       1.4057
    1438       1.4021
    1439       1.3074
    1440       1.2787
    1441       1.2105
    1442       1.3917
    1443       1.2571
    1444       1.4048
    1445       1.2948
    1446       1.4855
    1447       1.4451
    1448       1.5400
    1449       1.5037
    1450       1.3406
    1451       1.4976
    1452       1.4296
    1453       1.4104
    1454       1.4352
    1455       1.4833
    1456       1.3506
    1457       1.3653
    1458       1.4511
    1459       1.3262
    1460       1.4923
    1461       1.4437
    1462       1.3134
    1463       1.4585
    1464       1.4118
    1465       1.3894
    1466       1.3386
    1467       1.4108
    1468       1.4485
    1469       1.5864
    1470       1.6508
    1471       1.6696
    1472       1.6146
    1473       1.6368
    1474       1.6105
    1475       1.4583
    1476       1.6631
    1477       1.6462
    1478       1.5881
    1479       1.6627
    1480       1.5650
    1481       1.3213
    1482       1.2026
    1483       1.2587
    1484       1.2095
    1485       1.4853
    1486       1.3072
    1487       1.3375
    1488       1.2263
    1489       1.2235
    1490       1.1306
    1491       1.3252
    1492       1.2511
    1493       1.3759
    1494       1.4941
    1495       1.4666
    1496       1.5623
    1497       1.6015
    1498       1.6377
    1499       1.6264
    1500       1.4682
    1501       1.4178
    1502       1.5147
    1503       1.5409
    1504       1.5244
    1505       1.5636
    1506       1.6890
    1507       1.6695
    1508       1.6252
    1509       1.6776
    1510       1.5841
    1511       1.6250
    1512       1.5160
    1513       1.3941
    1514       1.2184
    1515       1.3681
    1516       1.4472
    1517       1.5651
    1518       1.7051
    1519       1.5370
    1520       1.5082
    1521       1.3986
    1522       1.5937
    1523       1.3522
    1524       1.2487
    1525       1.3430
    1526       1.4007
    1527       1.3622
    1528       1.3329
    1529       1.3400
    1530       1.3996
    1531       1.5909
    1532       1.6310
    1533       1.5708
    1534       1.6503
    1535       1.5930
    1536       1.6220
    1537       1.4604
    1538       1.5421
    1539       1.5144
    1540       1.3946
    1541       1.3095
    1542       1.3698
    1543       1.5589
    1544       1.6681
    1545       1.4485
    1546       1.3870
    1547       1.3863
    1548       1.3755
    1549       1.4057
    1550       1.5109
    1551       1.4635
    1552       1.5103
    1553       1.6336
    1554       1.6055
    1555       1.4490
    1556       1.4380
    1557       1.5713
    1558       1.5490
    1559       1.5010
    1560       1.5676
    1561       1.5717
    1562       1.3601
    1563       1.3568
    1564       1.4733
    1565       1.6731
    1566       1.5587
    1567       1.6347
    1568       1.7554
    1569       1.6628
    1570       1.5990
    1571       1.5240
    1572       1.5078
    1573       1.3706
    1574       1.4676
    1575       1.4712
    1576       1.6121
    1577       1.4007
    1578       1.4545
    1579       1.6025
    1580       1.6492
    1581       1.7827
    1582       1.6869
    1583       1.5318
    1584       1.4431
    1585       1.3396
    1586       1.3287
    1587       1.4370
    1588       1.4869
    1589       1.4504
    1590       1.4395
    1591       1.4495
    1592       1.4934
    1593       1.5236
    1594       1.4370
    1595       1.6509
    1596       1.4860
    1597       1.5154
    1598       1.6154
    1599       1.8025
    1600       1.5447
    1601       1.5063
    1602       1.2463
    1603       1.1657
    1604       1.3455
    1605       1.1759
    1606       1.2578
    1607       1.2246
    1608       1.4093
    1609       1.4158
    1610       1.5746
    1611       1.6305
    1612       1.3209
    1613       1.3890
    1614       1.3919
    1615       1.2780
    1616       1.2756
    1617       1.3012
    1618       1.3133
    1619       1.2832
    1620       1.3289
    1621       1.4176
    1622       1.3811
    1623       1.4373
    1624       1.4342
    1625       1.3994
    1626       1.3987
    1627       1.3861
    1628       1.3488
    1629       1.3613
    1630       1.3518
    1631       1.3654
    1632       1.3793
    1633       1.4902
    1634       1.3845
    1635       1.3351
    1636       1.3272
    1637       1.4732
    1638       1.5017
    1639       1.2557
    1640       1.2947
    1641       1.3446
    1642       1.3630
    1643       1.3973
    1644       1.3803
    1645       1.3114
    1646       1.3825
    1647       1.3310
    1648       1.2723
    1649       1.3503
    1650       1.3936
    1651       1.2213
    1652       1.3237
    1653       1.3274
    1654       1.4103
    1655       1.2322
    1656       1.4667
    1657       1.1171
    1658       1.3348
    1659       1.3222
    1660       1.1407
    1661       1.2067
    1662       1.1720
    1663       1.2069
    1664       1.1129
    1665       1.1681
    1666       1.1292
    1667       1.0175
    1668       1.3069
    1669       1.2246
    1670       1.0893
    1671       1.2148
    1672       1.1068
    1673       1.1286
    1674       1.0544
    1675       1.2956
    1676       1.1088
    1677       1.2360
    1678       1.2509
    1679       1.1189
    1680       1.1766
    1681       1.3561
    1682       1.2587
    1683       1.3500
    1684       1.3309
    1685       1.2814
    1686       1.3278
    1687       1.3567
    1688       1.3203
    1689       1.3254
    1690       1.3067
    1691       1.2302
    1692       1.2793
    1693       1.2541
    1694       1.1725
    1695       1.2621
    1696       1.2401
    1697       1.2758
    1698       1.2055
    1699       1.2675
    1700       1.2190
    1701       1.2740
    1702       1.2134
    1703       1.1261
    1704       1.2401
    1705       1.3234
    1706       1.2095
    1707       1.2910
    1708       1.3692
    1709       1.2722
    1710       1.3348
    1711       1.2588
    1712       1.2516
    1713       1.0432
    1714       1.0261
    1715       1.1443
    1716       1.1557
    1717       1.3593
    1718       1.2219
    1719       1.2802
    1720       1.2361
    1721       1.2887
    1722       1.1487
    1723       1.0974
    1724       1.1901
    1725       1.2118
    1726       1.2267
    1727       1.3246
    1728       1.0934
    1729       1.0519
    1730       1.0490
    1731       0.9977
    1732       1.0589
    1733       1.3009
    1734       1.3814
    1735       1.2563
    1736       1.3349
    1737       1.1934
    1738       1.1593
    1739       1.1877
    1740       1.1920
    1741       1.1977
    1742       1.4385
    1743       1.4314
    1744       1.6231
    1745       1.6740
    1746       1.6509
    1747       1.5585
    1748       1.3596
    1749       1.2986
    1750       1.3539
    1751       1.1335
    1752       1.2657
    1753       1.4487
    1754       1.3796
    1755       1.3286
    1756       1.3942
    1757       1.3350
    1758       1.3266
    1759       1.3052
    1760       1.3016
    1761       1.2340
    1762       1.2437
    1763       1.3298
    1764       1.2545
    1765       1.5045
    1766       1.4565
    1767       1.2292
    1768       1.3132
    1769       1.3440
    1770       1.4625
    1771       1.4157
    1772       1.3693
    1773       1.2174
    1774       1.2402
    1775       1.4296
    1776       1.3779
    1777       1.3846
    1778       1.4898
    1779       1.4355
    1780       1.3952
    1781       1.3914
    1782       1.3318
    1783       1.2746
    1784       1.4070
    1785       1.3285
    1786       1.2694
    1787       1.3581
    1788       1.3331
    1789       1.3951
    1790       1.3052
    1791       1.2433
    1792       1.2227
    1793       1.1336
    1794       1.1744
    1795       1.1260
    1796       1.3245
    1797       1.2801
    1798       1.3552
    1799       1.3878
    1800       1.3764
    1801       1.2325
    1802       1.2280
    1803       1.2926
    1804       1.2759
    1805       1.2066
    1806       1.2211
    1807       1.1482
    1808       1.1216
    1809       1.0916
    1810       1.1736
    1811       1.2545
    1812       1.2683
    1813       1.4874
    1814       1.5513
    1815       1.5166
    1816       1.5001
    1817       1.4653
    1818       1.4896
    1819       1.4152
    1820       1.4582
    1821       1.4812
    1822       1.4104
    1823       1.4391
    1824       1.3100
    1825       1.1905
    1826       1.2758
    1827       1.0791
    1828       1.1841
    1829       1.1237
    1830       1.0674
    1831       1.1308
    1832       1.2477
    1833       1.3152
    1834       1.1631
    1835       1.2486
    1836       1.2236
    1837       1.1351
    1838       1.1082
    1839       1.1938
    1840       1.2873
    1841       1.2402
    1842       1.2743
    1843       1.3107
    1844       1.3747
    1845       1.3480
    1846       1.3295
    1847       1.3881
    1848       1.4409
    1849       1.3429
    1850       1.4360
    1851       1.5225
    1852       1.6326
    1853       1.5731
    1854       1.5271
    1855       1.1851
    1856       1.2626
    1857       1.4397
    1858       1.4837
    1859       1.5849
    1860       1.5244
    1861       1.6054
    1862       1.5121
    1863       1.2076
    1864       1.2637
    1865       1.1403
    1866       1.2809
    1867       1.2572
    1868       1.3803
    1869       1.3355
    1870       1.4496
    1871       1.4371
    1872       1.3742
    1873       1.4072
    1874       1.3961
    1875       1.3485
    1876       1.2685
    1877       1.4638
    1878       1.5409
    1879       1.5195
    1880       1.5634
    1881       1.5632
    1882       1.5847
    1883       1.6381
    1884       1.4196
    1885       1.4194
    1886       1.4745
    1887       1.3553
    1888       1.3779
    1889       1.3995
    1890       1.4036
    1891       1.2499
    1892       1.1389
    1893       1.1277
    1894       1.1851
    1895       1.2698
    1896       1.1916
    1897       1.1534
    1898       1.2451
    1899       1.1993
    1900       1.2923
    1901       1.2768
    1902       1.1793
    1903       1.1823
    1904       1.1615
    1905       1.1031
    1906       1.1398
    1907       1.3172
    1908       1.2336
    1909       1.1096
    1910       1.1583
    1911       1.0231
    1912       1.0262
    1913       1.1315
    1914       1.2818
    1915       1.3528
    1916       1.2384
    1917       1.3130
    1918       1.2973
    1919       1.2338
    1920       1.2893
    1921       1.3008
    1922       1.2394
    1923       1.3410
    1924       1.2762
    1925       1.2609
    1926       1.3624
    1927       1.3194
    1928       1.2529
    1929       1.4335
    1930       1.4196
    1931       1.5351
    1932       1.4591
    1933       1.4562
    1934       1.1838
    1935       1.0796
    1936       1.0261
    1937       0.9996
    1938       1.0081
    1939       1.0896
    1940       1.1254
    1941       1.2105
    1942       1.1316
    1943       1.2841
    1944       1.1382
    1945       1.2357
    1946       1.1277
    1947       1.1147
    1948       1.0940
    1949       1.2294
    1950       1.1724
    1951       1.3537
    1952       1.2469
    1953       1.1461
    1954       1.1478
    1955       1.1284
    1956       1.0919
    1957       1.1432
    1958       1.1453
    1959       1.2835
    1960       1.0642
    1961       1.0315
    1962       1.0747
    1963       1.0777
    1964       1.0960
    1965       1.1025
    1966       1.0752
    1967       0.9946
    1968       1.0048
    1969       1.0405
    1970       1.0117
    1971       0.9700
    1972       1.0166
    1973       1.1746
    1974       1.1873
    1975       1.2153
    1976       1.1507
    1977       1.2237
    1978       1.1644
    1979       1.3064
    1980       1.2263
    1981       1.2466
    1982       1.0964
    1983       1.1108
    1984       1.1298
    1985       1.0439
    1986       1.1742
    1987       1.1338
    1988       1.2592
    1989       1.3242
    1990       1.2254
    1991       1.0761
    1992       1.1757
    1993       1.2378
    1994       1.1108
    1995       1.1185
    1996       1.1357
    1997       1.0904
    1998       1.1509
    1999       1.1641
    2000       1.3150
    2001       1.2224
    2002       1.4049
    2003       1.2185
    2004       1.2534
    2005       1.2762
    2006       1.2712
    2007       1.3543
    2008       1.2258
    2009       1.3087
    2010       1.3144
    2011       1.4085
    2012       1.3194
    2013       1.4655
    2014       1.2443
    2015       1.3710
    2016       1.4565
    2017       1.3892
    2018       1.4289
    2019       1.3437
    2020       1.2027
    2021       1.1952
    2022       1.1160
    2023       1.1417
    2024       1.1901
    2025       1.1038
    2026       1.1492
    2027       1.0617
    2028       1.0731
    2029       1.0541
    2030       1.1078
    2031       1.2037
    2032       1.1192
    2033       1.2116
    2034       1.1576
    2035       1.1382
    2036       1.1489
    2037       1.3351
    2038       1.5768
    2039       1.4555
    2040       1.3443
    2041       1.3871
    2042       1.2754
    2043       1.2562
    2044       1.1792
    2045       1.1952
    2046       1.1821
    2047       1.1001
    2048       1.1386
    2049       1.1123
    2050       1.1085
    2051       1.1227
    2052       1.0815
    2053       1.1799
    2054       1.2248
    2055       1.2856
    2056       1.2995
    2057       1.3574
    2058       1.2183
    2059       1.2368
    2060       1.2305
    2061       1.3093
    2062       1.4428
    2063       1.3731
    2064       1.3088
    2065       1.3896
    2066       1.3400
    2067       1.4120
    2068       1.4280
    2069       1.4957
    2070       1.3590
    2071       1.3925
    2072       1.4231
    2073       1.5567
    2074       1.5449
    2075       1.6423
    2076       1.7273
    2077       1.4119
    2078       1.4266
    2079       1.5439
    2080       1.3336
    2081       1.3532
    2082       1.3437
    2083       1.5432
    2084       1.5090
    2085       1.4575
    2086       1.4253
    2087       1.3011
    2088       1.3134
    2089       1.3571
    2090       1.2863
    2091       1.0949
    2092       1.1334
    2093       1.1143
    2094       1.1058
    2095       1.0148
    2096       1.1376
    2097       0.9754
    2098       1.0910
    2099       1.1783
    2100       1.2628
    2101       1.2179
    2102       1.3690
    2103       1.3528
    2104       1.3365
    2105       1.3776
    2106       1.4248
    2107       1.3111
    2108       1.2538
    2109       1.2334
    2110       1.1995
    2111       1.2343
    2112       1.0666
    2113       1.0835
    2114       1.0820
    2115       1.0804
    2116       1.1349
    2117       1.2649
    2118       1.0851
    2119       1.0288
    2120       1.0288
    2121       1.0954
    2122       1.1520
    2123       1.2436
    2124       1.3822
    2125       1.3876
    2126       1.3983
    2127       1.4484
    2128       1.4732
    2129       1.3939
    2130       1.7227
    2131       1.4188
    2132       1.4286
    2133       1.4275
    2134       1.3662
    2135       1.4369
    2136       1.3524
    2137       1.3928
    2138       1.3038
    2139       1.3633
    2140       1.3694
    2141       1.5038
    2142       1.5310
    2143       1.4128
    2144       1.4511
    2145       1.3385
    2146       1.3436
    2147       1.2934
    2148       1.3469
    2149       1.3299
    2150       1.3606
    2151       1.3688
    2152       1.4321
    2153       1.4579
    2154       1.5579
    2155       1.4767
    2156       1.4845
    2157       1.3177
    2158       1.2096
    2159       1.1353
    2160       1.0908
    2161       1.3180
    2162       1.3743
    2163       1.2876
    2164       1.3019
    2165       1.3207
    2166       1.4328
    2167       1.4285
    2168       1.4695
    2169       1.6152
    2170       1.5764
    2171       1.3456
    2172       1.2713
    2173       1.2227
    2174       1.2969
    2175       1.2306
    2176       1.1561
    2177       1.2408
    2178       1.1908
    2179       1.2475
    2180       1.2293
    2181       1.2340
    2182       1.0890
    2183       1.1014
    2184       1.1032
    2185       1.0970
    2186       1.1198
    2187       1.0843
    2188       1.0647
    2189       1.0528
    2190       1.1237
    2191       1.1067
    2192       1.0703
    2193       1.1042
    2194       1.0049
    2195       1.0335
    2196       1.1860
    2197       1.1904
    2198       1.1031
    2199       1.1083
    2200       1.0852
    2201       1.1550
    2202       1.2046
    2203       1.1842
    2204       1.2049
    2205       1.1955
    2206       1.0773
    2207       1.1259
    2208       1.1355
    2209       1.1787
    2210       1.2968
    2211       1.3041
    2212       1.1661
    2213       1.2316
    2214       1.2126
    2215       1.1403
    2216       1.2931
    2217       1.3137
    2218       1.3456
    2219       1.3298
    2220       1.2632
    2221       1.2461
    2222       1.4194
    2223       1.4543
    2224       1.3666
    2225       1.4495
    2226       1.3900
    2227       1.4121
    2228       1.4015
    2229       1.3632
    2230       1.3509
    2231       1.3777
    2232       1.1989
    2233       1.2867
    2234       1.3230
    2235       1.2397
    2236       1.1702
    2237       1.2447
    2238       1.2835
    2239       1.2246
    2240       1.2228
    2241       1.3306
    2242       1.2840
    2243       1.2164
    2244       1.3819
    2245       1.5089
    2246       1.4557
    2247       1.2464
    2248       1.2550
    2249       1.2763
    2250       1.3712
    2251       1.2678
    2252       1.2643
    2253       1.4189
    2254       1.2764
    2255       1.3562
    2256       1.3315
    2257       1.3946
    2258       1.4672
    2259       1.3948
    2260       1.4598
    2261       1.4890
    2262       1.2411
    2263       1.3724
    2264       1.4969
    2265       1.2309
    2266       1.2202
    2267       1.1291
    2268       1.3387
    2269       1.3089
    2270       1.2855
    2271       1.3518
    2272       1.3059
    2273       1.3836
    2274       1.2684
    2275       1.2225
    2276       1.3302
    2277       1.3435
    2278       1.2527
    2279       1.2959
    2280       1.2013
    2281       1.3151
    2282       1.3141
    2283       1.2240
    2284       1.1854
    2285       1.3771
    2286       1.3665
    2287       1.4564
    2288       1.3441
    2289       1.3284
    2290       1.2017
    2291       1.1957
    2292       1.3016
    2293       1.1867
    2294       1.4457
    2295       1.3859
    2296       1.2877
    2297       1.3041
    2298       1.2950
    2299       1.1996
    2300       1.1188
    2301       1.1896
    2302       1.2149
    2303       1.0657
    2304       1.2670
    2305       1.3130
    2306       1.3563
    2307       1.2428
    2308       1.3533
    2309       1.2717
    2310       1.1813
    2311       1.3015
    2312       1.3109
    2313       1.2610
    2314       1.2177
    2315       1.1278
    2316       1.0956
    2317       1.1440
    2318       1.0038
    2319       1.1899
    2320       1.1703
    2321       1.2040
    2322       1.1424
    2323       1.0070
    2324       1.0573
    2325       1.1479
    2326       0.9705
    2327       1.1080
    2328       1.1656
    2329       1.3480
    2330       1.2076
    2331       1.2679
    2332       1.1706
    2333       1.0441
    2334       1.1395
    2335       1.1656
    2336       1.1260
    2337       1.0816
    2338       1.1660
    2339       1.0969
    2340       1.2206
    2341       1.2004
    2342       1.2663
    2343       1.1690
    2344       1.1333
    2345       1.2698
    2346       1.2573
    2347       1.2801
    2348       1.2726
    2349       1.2753
    2350       1.1490
    2351       1.2685
    2352       1.2084
    2353       1.1341
    2354       1.2322
    2355       1.2596
    2356       1.2266
    2357       1.2208
    2358       1.1786
    2359       1.1207
    2360       1.0773
    2361       1.1660
    2362       1.2848
    2363       1.3105
    2364       1.2416
    2365       1.2126
    2366       1.2586
    2367       1.4605
    2368       1.3838
    2369       1.2533
    2370       1.2109
    2371       1.2013
    2372       1.3148
    2373       1.4336
    2374       1.4482
    2375       1.3468
    2376       1.3127
    2377       1.3133
    2378       1.3471
    2379       1.3140
    2380       1.2519
    2381       1.5463
    2382       1.3493
    2383       1.2442
    2384       1.2348
    2385       1.4366
    2386       1.1707
    2387       1.2180
    2388       1.2438
    2389       1.2338
    2390       1.1693
    2391       1.1666
    2392       1.1611
    2393       1.0463
    2394       1.0785
    2395       1.0584
    2396       1.0056
    2397       1.0098
    2398       1.1491
    2399       1.1662
    2400       1.2849
    2401       1.2707
    2402       1.3528
    2403       1.3144
    2404       1.3656
    2405       1.2924
    2406       1.1793
    2407       1.1935
    2408       1.3564
    2409       1.4796
    2410       1.3244
    2411       1.3521
    2412       1.5431
    2413       1.6567
    2414       1.6078
    2415       1.5721
    2416       1.4884
    2417       1.4331
    2418       1.4756
    2419       1.4035
    2420       1.3919
    2421       1.3598
    2422       1.3223
    2423       1.2559
    2424       1.2908
    2425       1.3679
    2426       1.3505
    2427       1.2891
    2428       1.3095
    2429       1.4117
    2430       1.4877
    2431       1.4986
    2432       1.5027
    2433       1.5559
    2434       1.5989
    2435       1.6114
    2436       1.6842
    2437       1.6404
    2438       1.6703
    2439       1.6114
    2440       1.4684
    2441       1.2847
    2442       1.3651
    2443       1.4875
    2444       1.3112
    2445       1.4333
    2446       1.1559
    2447       1.2672
    2448       1.2856
    2449       1.3178
    2450       1.3062
    2451       1.2775
    2452       1.3326
    2453       1.3313
    2454       1.3567
    2455       1.2592
    2456       1.3174
    2457       1.2498
    2458       1.2457
    2459       1.2315
    2460       1.2811
    2461       1.2003
    2462       1.1793
    2463       1.2381
    2464       1.3593
    2465       1.4099
    2466       1.3620
    2467       1.4345
    2468       1.1927
    2469       1.2881
    2470       1.4871
    2471       1.5547
    2472       1.3868
    2473       1.2207
    2474       1.2819
    2475       1.2706
    2476       1.2476
    2477       1.2382
    2478       1.2539
    2479       1.2007
    2480       1.2518
    2481       1.3066
    2482       1.3099
    2483       1.1630
    2484       1.0317
    2485       1.1289
    2486       1.1158
    2487       1.2689
    2488       1.1953
    2489       1.1798
    2490       1.1732
    2491       1.1482
    2492       1.1389
    2493       1.3042
    2494       1.3093
    2495       1.2597
    2496       1.2342
    2497       1.3571
    2498       1.4170
    2499       1.3781
    2500       1.3826
    2501       1.4805
    2502       1.5697
    2503       1.4608
    2504       1.2692
    2505       1.3068
    2506       1.3686
    2507       1.2837
    2508       1.2415
    2509       1.2981
    2510       1.2096
    2511       1.2829
    2512       1.1842
    2513       1.3102
    2514       1.5248
    2515       1.3620
    2516       1.3845
    2517       1.2947
    2518       1.4144
    2519       1.3606
    2520       1.3071
    2521       1.3347
    2522       1.5536
    2523       1.5165
    2524       1.3791
    2525       1.4563
    2526       1.2682
    2527       1.2466
    2528       1.2948
    2529       1.4288
    2530       1.4303
    2531       1.3691
    2532       1.3892
    2533       1.3158
    2534       1.2435
    2535       1.2826
    2536       1.2134
    2537       1.2913
    2538       1.4776
    2539       1.4840
    2540       1.4453
    2541       1.3290
    2542       1.3129
    2543       1.3403
    2544       1.3813
    2545       1.2608
    2546       1.2758
    2547       1.4650
    2548       1.3872
    2549       1.4976
    2550       1.3615
    2551       1.3079
    2552       1.2202
    2553       1.1800
    2554       1.1799
    2555       1.2607
    2556       1.2956
    2557       1.2640
    2558       1.2881
    2559       1.2218
    2560       1.2808
    2561       1.3119
    2562       1.2339
    2563       1.2775
    2564       1.2903
    2565       1.2689
    2566       1.2196
    2567       1.1873
    2568       1.2477
    2569       1.1861
    2570       1.3170
    2571       1.2519
    2572       1.1979
    2573       1.2014
    2574       1.2816
    2575       1.2343
    2576       1.2845
    2577       1.2752
    2578       1.2489
    2579       1.3147
    2580       1.2992
    2581       1.1856
    2582       1.1587
    2583       1.2458
    2584       1.3055
    2585       1.2603
    2586       1.0982
    2587       1.2994
    2588       1.3135
    2589       1.2776
    2590       1.4653
    2591       1.3926
    2592       1.4424
    2593       1.5505
    2594       1.2735
    2595       1.1865
    2596       1.1878
    2597       1.1798
    2598       1.1947
    2599       1.1826
    2600       1.0730
    2601       1.0244
    2602       1.1078
    2603       1.1771
    2604       1.1099
    2605       1.0609
    2606       1.1494
    2607       1.3043
    2608       1.3014
    2609       1.3409
    2610       1.2076
    2611       1.2375
    2612       1.1773
    2613       1.1923
    2614       1.1352
    2615       1.2854
    2616       1.3999
    2617       1.4212
    2618       1.3540
    2619       1.1477
    2620       1.1508
    2621       1.1912
    2622       1.1464
    2623       1.1948
    2624       1.0957
    2625       1.1864
    2626       1.1868
    2627       1.2149
    2628       1.2287
    2629       1.3193
    2630       1.4144
    2631       1.5149
    2632       1.2363
    2633       1.2395
    2634       1.3650
    2635       1.2483
    2636       1.2367
    2637       1.1414
    2638       1.1336
    2639       1.1342
    2640       1.2172
    2641       1.3348
    2642       1.1254
    2643       1.1651
    2644       1.2429
    2645       1.1948
    2646       1.2330
    2647       1.1704
    2648       1.0640
    2649       1.1706
    2650       1.1867
    2651       1.1890
    2652       1.2017
    2653       1.2871
    2654       1.3570
    2655       1.3136
    2656       1.2538
    2657       1.2334
    2658       1.2155
    2659       1.1581
    2660       1.0140
    2661       1.1748
    2662       1.1630
    2663       1.0572
    2664       1.1217
    2665       1.1418
    2666       1.1128
    2667       1.0659
    2668       1.0887
    2669       1.2925
    2670       1.2798
    2671       1.3758
    2672       1.4027
    2673       1.3624
    2674       1.2636
    2675       1.1870
    2676       1.2833
    2677       1.2140
    2678       1.3219
    2679       1.1300
    2680       1.1540
    2681       1.1868
    2682       1.2145
    2683       1.2570
    2684       1.3754
    2685       1.2756
    2686       1.3437
    2687       1.1701
    2688       1.1622
    2689       1.2420
    2690       1.1219
    2691       1.1945
    2692       1.1871
    2693       1.2222
    2694       1.2487
    2695       1.3812
    2696       1.3655
    2697       1.3118
    2698       1.2188
    2699       1.2658
    2700       1.2230
    2701       1.1135
    2702       1.0356
    2703       1.0720
    2704       1.1667
    2705       1.1827
    2706       1.1130
    2707       1.1409
    2708       1.1346
    2709       1.2150
    2710       1.1505
    2711       1.2195
    2712       1.2288
    2713       1.3324
    2714       1.3028
    2715       1.2969
    2716       1.3066
    2717       1.3187
    2718       1.3123
    2719       1.1807
    2720       1.3079
    2721       1.3887
    2722       1.1917
    2723       1.2491
    2724       1.1764
    2725       1.1296
    2726       1.1920
    2727       1.1051
    2728       1.3515
    2729       1.2385
    2730       1.2581
    2731       1.3271
    2732       1.2542
    2733       1.2028
    2734       1.2964
    2735       1.2229
    2736       1.2077
    2737       1.2184
    2738       1.2805
    2739       1.1724
    2740       1.1963
    2741       1.2282
    2742       1.2184
    2743       1.2874
    2744       1.1049
    2745       1.1833
    2746       1.2326
    2747       1.2263
    2748       1.2241
    2749       1.2888
    2750       1.1920
    2751       1.1738
    2752       1.2021
    2753       1.1462
    2754       1.1111
    2755       1.2832
    2756       1.2168
    2757       1.2088
    2758       1.3871
    2759       1.6937
    2760       1.6755
    2761       1.5618
    2762       1.4269
    2763       1.4259
    2764       1.5902
    2765       1.3899
    2766       1.3663
    2767       1.3221
    2768       1.3182
    2769       1.3421
    2770       1.2896
    2771       1.2390
    2772       1.3083
    2773       1.2321
    2774       1.2875
    2775       1.3352
    2776       1.2239
    2777       1.2869
    2778       1.2073
    2779       1.2564
    2780       1.2299
    2781       1.3301
    2782       1.3515
    2783       1.3716
    2784       1.3830
    2785       1.4147
    2786       1.2721
    2787       1.5257
    2788       1.3731
    2789       1.5596
    2790       1.5511
    2791       1.4551
    2792       1.2841
    2793       1.2986
    2794       1.2131
    2795       1.1850
    2796       1.3596
    2797       1.3740
    2798       1.5149
    2799       1.5253
    2800       1.4845
    2801       1.4403
    2802       1.5056
    2803       1.4231
    2804       1.3903
    2805       1.4819
    2806       1.3839
    2807       1.3726
    2808       1.3488
    2809       1.3556
    2810       1.4844
    2811       1.3455
    2812       1.3712
    2813       1.3269
    2814       1.4753
    2815       1.4808
    2816       1.4512
    2817       1.4292
    2818       1.3708
    2819       1.2365
    2820       1.3487
    2821       1.3375
    2822       1.4920
    2823       1.5247
    2824       1.3906
    2825       1.2116
    2826       1.3397
    2827       1.2443
    2828       1.1977
    2829       1.2938
    2830       1.3212
    2831       1.2031
    2832       1.2058
    2833       1.2474
    2834       1.1991
    2835       1.2714
    2836       1.3270
    2837       1.3936
    2838       1.4107
    2839       1.2535
    2840       1.2551
    2841       1.2828
    2842       1.2843
    2843       1.3135
    2844       1.4410
    2845       1.4998
    2846       1.4568
    2847       1.4660
    2848       1.3516
    2849       1.2564
    2850       1.3254
    2851       1.2381
    2852       1.3177
    2853       1.2716
    2854       1.2729
    2855       1.1921
    2856       1.3082
    2857       1.3787
    2858       1.3524
    2859       1.2537
    2860       1.2758
    2861       1.3397
    2862       1.4008
    2863       1.1395
    2864       1.1167
    2865       1.2580
    2866       1.2134
    2867       1.2855
    2868       1.4422
    2869       1.4290
    2870       1.3818
    2871       1.3212
    2872       1.4720
    2873       1.3571
    2874       1.3741
    2875       1.3084
    2876       1.2911
    2877       1.1956
    2878       1.1177
    2879       1.3025
    2880       1.2698
    2881       1.3120
    2882       1.2763
    2883       1.4086
    2884       1.4052
    2885       1.2756
    2886       1.3508
    2887       1.3952
    2888       1.3427
    2889       1.3582
    2890       1.3520
    2891       1.3449
    2892       1.2775
    2893       1.3068
    2894       1.3414
    2895       1.2623
    2896       1.3011
    2897       1.3689
    2898       1.3890
    2899       1.3909
    2900       1.4988
    2901       1.5658
    2902       1.6084
    2903       1.4925
    2904       1.3302
    2905       1.3177
    2906       1.2473
    2907       1.2681
    2908       1.3135
    2909       1.0941
    2910       1.2011
    2911       1.1541
    2912       1.1669
    2913       1.3540
    2914       1.2831
    2915       1.1827
    2916       1.2084
    2917       1.2764
    2918       1.2259
    2919       1.1684
    2920       1.1664
    2921       1.1446
    2922       1.2976
    2923       1.1350
    2924       1.1748
    2925       1.2709
    2926       1.1218
    2927       1.2038
    2928       1.2345
    2929       1.2219
    2930       1.2848
    2931       1.3468
    2932       1.4277
    2933       1.2741
    2934       1.2507
    2935       1.1012
    2936       1.2371
    2937       1.2860
    2938       1.4724
    2939       1.3692
    2940       1.2282
    2941       1.2036
    2942       1.2949
    2943       1.1766
    2944       1.0864
    2945       1.1316
    2946       1.1170
    2947       1.0957
    2948       1.1801
    2949       1.2243
    2950       1.1876
    2951       1.1706
    2952       1.0941
    2953       1.0830
    2954       1.0813
    2955       1.1640
    2956       1.2189
    2957       1.2136
    2958       1.1898
    2959       1.2613
    2960       1.1673
    2961       1.2599
    2962       1.1773
    2963       1.3596
    2964       1.2458
    2965       1.1521
    2966       1.0789
    2967       1.1077
    2968       1.1697
    2969       1.2194
    2970       1.2244
    2971       1.2502
    2972       1.2073
    2973       1.2438
    2974       1.2170
    2975       1.2789
    2976       1.2146
    2977       1.3333
    2978       1.2242
    2979       1.2172
    2980       1.2160
    2981       1.2081
    2982       1.2944
    2983       1.2629
    2984       1.4156
    2985       1.3524
    2986       1.3390
    2987       1.2236
    2988       1.1460
    2989       1.1424
    2990       1.2161
    2991       1.2459
    2992       1.1847
    2993       1.2763
    2994       1.2895
    2995       1.4091
    2996       1.4973
    2997       1.3445
    2998       1.2697
    2999       1.2879
    3000       1.2462
    3001       1.3175
    3002       1.2737
    3003       1.2760
    3004       1.1071
    3005       1.3189
    3006       1.2520
    3007       1.2565
    3008       1.2105
    3009       1.1662
    3010       1.1046
    3011       1.1090
    3012       1.1878
    3013       1.1500
    3014       1.1362
    3015       1.2390
    3016       1.1270
    3017       1.2195
    3018       1.1450
    3019       1.2317
    3020       1.2516
    3021       1.2091
    3022       1.1350
    3023       1.0502
    3024       1.2226
    3025       1.1541
    3026       1.2231
    3027       1.1953
    3028       1.2191
    3029       1.0785
    3030       1.2349
    3031       1.2154
    3032       1.2047
    3033       1.2753
    3034       1.1042
    3035       1.1554
    3036       1.2443
    3037       1.3180
    3038       1.4661
    3039       1.2964
    3040       1.3573
    3041       1.3475
    3042       1.3054
    3043       1.1959
    3044       1.1408
    3045       1.0911
    3046       1.0805
    3047       1.1222
    3048       1.0656
    3049       0.9788
    3050       0.9785
    3051       1.0831
    3052       1.0538
    3053       1.0187
    3054       0.9367
    3055       0.8989
    3056       0.8996
    3057       0.9460
    3058       1.0708
    3059       1.0454
    3060       1.0942
    3061       1.0244
    3062       1.1229
    3063       1.0771
    3064       1.0696
    3065       1.0196
    3066       1.0395
    3067       1.1467
    3068       1.0118
    3069       1.0665
    3070       1.0745
    3071       0.9397
    3072       0.9454
    3073       0.9671
    3074       1.0331
    3075       1.1934
    3076       1.1715
    3077       1.1824
    3078       1.1593
    3079       1.1011
    3080       1.1382
    3081       1.0936
    3082       1.0841
    3083       1.2498
    3084       1.1970
    3085       1.1374
    3086       1.3273
    3087       1.2897
    3088       1.3033
    3089       1.1580
    3090       1.1598
    3091       1.1049
    3092       1.1511
    3093       1.1479
    3094       1.2469
    3095       1.2935
    3096       1.1816
    3097       1.1988
    3098       1.1641
    3099       1.1412
    3100       1.1033
    3101       1.0241
    3102       1.0067
    3103       1.1164
    3104       1.0294
    3105       1.1432
    3106       1.0814
    3107       1.1776
    3108       1.0163
    3109       1.1289
    3110       1.2254
    3111       1.1211
    3112       1.2436
    3113       1.1701
    3114       1.1467
    3115       1.1679
    3116       1.1554
    3117       1.1982
    3118       1.1530
    3119       1.0955
    3120       1.0996
    3121       1.1072
    3122       1.2008
    3123       1.1876
    3124       1.0495
    3125       1.0974
    3126       1.1054
    3127       1.0912
    3128       0.9725
    3129       0.9982
    3130       1.0279
    3131       1.0508
    3132       1.0418
    3133       1.1095
    3134       0.9867
    3135       1.0282
    3136       1.0291
    3137       1.0913
    3138       1.1866
    3139       1.1576
    3140       1.1423
    3141       1.2312
    3142       1.2022
    3143       1.1654
    3144       1.3402
    3145       1.3670
    3146       1.3848
    3147       1.2539
    3148       1.2691
    3149       1.2017
    3150       1.3660
    3151       1.3186
    3152       1.3325
    3153       1.1249
    3154       1.1559
    3155       1.1502
    3156       1.1630
    3157       1.2418
    3158       1.1782
    3159       1.1379
    3160       1.0162
    3161       1.0076
    3162       0.9849
    3163       1.0360
    3164       0.9294
    3165       0.9832
    3166       1.0058
    3167       1.1577
    3168       1.0265
    3169       0.9434
    3170       1.0122
    3171       1.1161
    3172       1.1277
    3173       1.0154
    3174       0.9567
    3175       0.9841
    3176       1.0528
    3177       1.0671
    3178       1.0806
    3179       1.1022
    3180       1.0784
    3181       1.0945
    3182       1.2140
    3183       1.2742
    3184       1.2333
    3185       1.1610
    3186       1.2154
    3187       1.1510
    3188       1.1604
    3189       1.0339
    3190       1.0025
    3191       1.1749
    3192       1.1440
    3193       1.0132
    3194       0.9783
    3195       1.0006
    3196       0.9350
    3197       0.8959
    3198       0.9321
    3199       0.9760
    3200       0.9562
    3201       0.9729
    3202       1.0437
    3203       0.8844
    3204       0.8887
    3205       0.9478
    3206       0.8900
    3207       0.9596
    3208       1.0870
    3209       1.1370
    3210       1.0590
    3211       0.9967
    3212       1.0356
    3213       1.0725
    3214       1.0264
    3215       1.0204
    3216       0.9520
    3217       0.9102
    3218       0.9411
    3219       0.8893
    3220       0.8997
    3221       0.9330
    3222       1.1116
    3223       1.0307
    3224       1.0601
    3225       1.0321
    3226       1.0474
    3227       0.9233
    3228       0.9496
    3229       1.0741
    3230       0.9597
    3231       0.8968
    3232       0.9929
    3233       1.0913
    3234       1.1509
    3235       1.0493
    3236       1.1829
    3237       1.1818
    3238       1.1197
    3239       1.0906
    3240       1.1603
    3241       1.2875
    3242       1.2160
    3243       1.1147
    3244       1.0330
    3245       1.1573
    3246       1.0933
    3247       1.1647
    3248       1.1095
    3249       1.0125
    3250       0.9541
    3251       1.0215
    3252       1.0038
    3253       1.0046
    3254       1.0664
    3255       1.0082
    3256       1.1380
    3257       1.0454
    3258       1.1208
    3259       1.1138
    3260       1.1426
    3261       0.9468
    3262       1.0089
    3263       1.0511
    3264       1.0567
    3265       1.1640
    3266       1.1276
    3267       1.1031
    3268       0.9938
    3269       0.9566
    3270       1.0340
    3271       1.0413
    3272       1.1703
    3273       1.0877
    3274       1.0408
    3275       1.1291
    3276       1.1013
    3277       1.0855
    3278       1.1370
    3279       1.1083
    3280       1.0604
    3281       1.0355
    3282       1.0132
    3283       1.1213
    3284       1.1199
    3285       1.1093
    3286       1.0969
    3287       1.2100
    3288       1.0671
    3289       0.9712
    3290       1.1718
    3291       1.1816
    3292       1.1608
    3293       1.1440
    3294       1.2000
    3295       1.1735
    3296       1.1374
    3297       1.0319
    3298       1.0379
    3299       1.0777
    3300       1.1845
    3301       1.0795
    3302       1.1055
    3303       0.9641
    3304       1.0440
    3305       1.1358
    3306       1.1132
    3307       1.1122
    3308       1.0367
    3309       1.0364
    3310       1.1186
    3311       1.1673
    3312       1.1296
    3313       1.1819
    3314       1.1897
    3315       1.0935
    3316       1.1182
    3317       1.0670
    3318       1.2497
    3319       1.1956
    3320       1.2010
    3321       1.1467
    3322       1.1719
    3323       1.1506
    3324       1.1542
    3325       1.1823
    3326       1.2079
    3327       1.2578
    3328       1.2870
    3329       1.1751
    3330       1.1761
    3331       1.1197
    3332       1.2498
    3333       1.2161
    3334       1.1353
    3335       1.1666
    3336       1.0753
    3337       1.0488
    3338       1.0478
    3339       1.1149
    3340       1.1077
    3341       1.1401
    3342       1.2603
    3343       1.2663
    3344       1.1771
    3345       1.3230
    3346       1.3036
    3347       1.1906
    3348       1.2499
    3349       1.2174
    3350       1.3666
    3351       1.1671
    3352       1.1743
    3353       1.2874
    3354       1.2470
    3355       1.1482
    3356       1.2416
    3357       1.2155
    3358       1.1260
    3359       1.1962
    3360       1.0683
    3361       1.2121
    3362       1.3076
    3363       1.3081
    3364       1.2496
    3365       1.2755
    3366       1.2512
    3367       1.2960
    3368       1.1297
    3369       1.1084
    3370       1.1477
    3371       1.2341
    3372       1.1467
    3373       1.1129
    3374       1.1629
    3375       1.0978
    3376       1.2191
    3377       1.2576
    3378       1.3382
    3379       1.3284
    3380       1.4017
    3381       1.2428
    3382       1.2493
    3383       1.3578
    3384       1.2603
    3385       1.1088
    3386       1.2747
    3387       1.2669
    3388       1.3234
    3389       1.3191
    3390       1.3783
    3391       1.3514
    3392       1.2220
    3393       1.1649
    3394       1.1070
    3395       1.0726
    3396       0.9736
    3397       1.1048
    3398       1.1067
    3399       1.1183
    3400       1.1161
    3401       1.1943
    3402       1.2381
    3403       1.4160
    3404       1.4421
    3405       1.4967
    3406       1.4614
    3407       1.4256
    3408       1.4269
    3409       1.4074
    3410       1.4905
    3411       1.2876
    3412       1.2885
    3413       1.2477
    3414       1.1912
    3415       1.1811
    3416       1.2746
    3417       1.1515
    3418       1.0774
    3419       1.2407
    3420       1.3196
    3421       1.2282
    3422       1.1322
    3423       1.1092
    3424       1.1808
    3425       1.1255
    3426       1.1257
    3427       1.0948
    3428       1.0738
    3429       1.0704
    3430       1.1637
    3431       1.3331
    3432       1.2671
    3433       1.3612
    3434       1.2404
    3435       1.1915
    3436       1.1840
    3437       1.1415
    3438       1.1112
    3439       1.1842
    3440       1.1362
    3441       1.1043
    3442       1.1107
    3443       1.3867
    3444       1.4185
    3445       1.4760
    3446       1.3615
    3447       1.3248
    3448       1.2631
    3449       1.2137
    3450       1.2923
    3451       1.2764
    3452       1.2852
    3453       1.3438
    3454       1.3276
    3455       1.5959
    3456       1.5792
    3457       1.5491
    3458       1.4677
    3459       1.3377
    3460       1.4100
    3461       1.2928
    3462       1.3422
    3463       1.3225
    3464       1.4086
    3465       1.3262
    3466       1.4326
    3467       1.3038
    3468       1.3423
    3469       1.2754
    3470       1.2973
    3471       1.2063
    3472       1.1432
    3473       1.1824
    3474       1.1213
    3475       1.1789
    3476       1.3175
    3477       1.2454
    3478       1.0877
    3479       1.2031
    3480       1.2862
    3481       1.2586
    3482       1.0989
    3483       1.1075
    3484       1.2207
    3485       1.1452
    3486       1.1649
    3487       1.2486
    3488       1.2963
    3489       1.4752
    3490       1.4239
    3491       1.3938
    3492       1.3941
    3493       1.1750
    3494       1.3374
    3495       1.1844
    3496       1.2337
    3497       1.0234
    3498       1.0849
    3499       1.0639
    3500       1.2418
    3501       0.9754
    3502       1.0758
    3503       0.9854
    3504       1.1605
    3505       1.0314
    3506       1.0403
    3507       1.1546
    3508       1.1094
    3509       1.0751
    3510       1.2299
    3511       1.0817
    3512       1.0035
    3513       1.0751
    3514       1.0459
    3515       1.0293
    3516       1.0934
    3517       0.9983
    3518       1.0656
    3519       1.1078
    3520       1.1146
    3521       1.1152
    3522       1.1855
    3523       1.0736
    3524       1.1232
    3525       1.0937
    3526       1.1442
    3527       1.0118
    3528       1.1389
    3529       1.3769
    3530       1.2916
    3531       1.2780
    3532       1.2669
    3533       1.0712
    3534       1.1627
    3535       0.9606
    3536       1.0524
    3537       1.0802
    3538       1.1536
    3539       1.0146
    3540       1.0583
    3541       1.0889
    3542       1.3115
    3543       1.2724
    3544       1.1475
    3545       1.1717
    3546       1.0868
    3547       1.0254
    3548       1.0162
    3549       1.0161
    3550       1.0643
    3551       0.9796
    3552       1.0015
    3553       1.1238
    3554       1.1301
    3555       1.0332
    3556       1.0933
    3557       1.1377
    3558       1.0392
    3559       1.0631
    3560       1.1108
    3561       1.0460
    3562       0.9734
    3563       1.1317
    3564       1.0560
    3565       1.2535
    3566       1.2531
    3567       1.1387
    3568       1.1954
    3569       1.0308
    3570       1.1520
    3571       1.1389
    3572       1.0301
    3573       1.0710
    3574       1.0729
    3575       1.1010
    3576       1.0332
    3577       1.0641
    3578       1.1165
    3579       1.1009
    3580       1.0864
    3581       0.9868
    3582       1.1022
    3583       1.1622
    3584       1.0425
    3585       1.0828
    3586       1.0232
    3587       1.0687
    3588       1.0145
    3589       0.9749
    3590       1.0772
    3591       1.0916
    3592       1.0719
    3593       1.1086
    3594       1.0424
    3595       0.9430
    3596       1.1015
    3597       1.1190
    3598       1.0858
    3599       1.0480
    3600       1.0771
    3601       1.0321
    3602       1.0081
    3603       0.8972
    3604       0.9272
    3605       0.8119
    3606       0.8660
    3607       0.9408
    3608       0.9742
    3609       1.0639
    3610       1.1280
    3611       1.0678
    3612       1.1622
    3613       1.0137
    3614       1.2388
    3615       1.2292
    3616       1.0681
    3617       1.0193
    3618       1.1027
    3619       1.1044
    3620       1.2251
    3621       1.1284
    3622       1.1476
    3623       1.1500
    3624       1.1790
    3625       1.0803
    3626       1.0961
    3627       0.9780
    3628       0.9400
    3629       1.1133
    3630       1.0332
    3631       1.0576
    3632       1.1469
    3633       1.0810
    3634       1.1002
    3635       1.0599
    3636       1.0305
    3637       1.0444
    3638       1.1584
    3639       0.9781
    3640       0.9890
    3641       1.0517
    3642       1.0202
    3643       0.9854
    3644       1.0543
    3645       1.1261
    3646       1.0977
    3647       1.0714
    3648       1.0367
    3649       1.0114
    3650       1.0517
    3651       1.1873
    3652       1.1343
    3653       1.0078
    3654       0.9789
    3655       1.0156
    3656       1.0543
    3657       1.0853
    3658       1.0838
    3659       1.2052
    3660       1.2395
    3661       1.2998
    3662       1.2232
    3663       1.1440
    3664       1.1950
    3665       1.2523
    3666       1.3136
    3667       1.1709
    3668       1.0019
    3669       1.1398
    3670       1.2272
    3671       1.1609
    3672       1.2952
    3673       1.3535
    3674       1.4272
    3675       1.2795
    3676       1.3121
    3677       1.1748
    3678       1.2585
    3679       1.3453
    3680       1.3221
    3681       1.0773
    3682       1.0408
    3683       1.0430
    3684       1.0050
    3685       1.0393
    3686       0.9987
    3687       1.1037
    3688       1.0037
    3689       1.1837
    3690       1.1583
    3691       1.1105
    3692       1.1317
    3693       1.0529
    3694       1.0339
    3695       1.1436
    3696       1.0108
    3697       1.0854
    3698       1.1159
    3699       1.0845
    3700       1.0149
    3701       1.0505
    3702       1.0905
    3703       1.1702
    3704       1.0651
    3705       1.0709
    3706       1.0496
    3707       1.1464
    3708       1.2206
    3709       1.1840
    3710       1.3218
    3711       1.2076
    3712       1.1492
    3713       1.0777
    3714       1.2063
    3715       1.2357
    3716       1.2218
    3717       1.1985
    3718       1.2486
    3719       1.2148
    3720       1.2689
    3721       1.1994
    3722       1.2434
    3723       1.2463
    3724       1.2125
    3725       1.0951
    3726       1.2905
    3727       1.2491
    3728       1.1677
    3729       1.2700
    3730       1.3660
    3731       1.2089
    3732       1.2746
    3733       1.2861
    3734       1.2794
    3735       1.1615
    3736       1.2238
    3737       1.1958
    3738       1.2237
    3739       1.1795
    3740       1.2863
    3741       1.2346
    3742       1.1543
    3743       1.2588
    3744       1.2342
    3745       1.2468
    3746       1.1540
    3747       1.1325
    3748       1.2099
    3749       1.1105
    3750       1.0735
    3751       1.0075
    3752       0.9962
    3753       1.0700
    3754       1.0503
    3755       0.9838
    3756       1.0519
    3757       0.9433
    3758       1.0287
    3759       1.1079
    3760       1.0187
    3761       1.0749
    3762       1.1865
    3763       1.1611
    3764       1.1201
    3765       1.1751
    3766       1.1578
    3767       1.1272
    3768       1.0521
    3769       1.1118
    3770       1.1480
    3771       1.0970
    3772       1.0605
    3773       1.0623
    3774       1.1038
    3775       1.1547
    3776       1.0269
    3777       0.9585
    3778       1.0408
    3779       1.0347
    3780       1.0562
    3781       1.0702
    3782       1.0742
    3783       0.9655
    3784       1.1402
    3785       1.0560
    3786       1.0450
    3787       1.0376
    3788       1.0025
    3789       0.9539
    3790       0.9787
    3791       0.9823
    3792       0.9838
    3793       0.9459
    3794       0.9509
    3795       0.9845
    3796       1.0253
    3797       1.0382
    3798       1.1497
    3799       1.0299
    3800       1.0525
    3801       1.0346
    3802       1.0805
    3803       1.0373
    3804       0.9408
    3805       0.9437
    3806       0.9825
    3807       0.9571
    3808       1.0926
    3809       1.0705
    3810       1.0686
    3811       1.0877
    3812       1.0083
    3813       0.9523
    3814       1.0337
    3815       1.0201
    3816       0.9958
    3817       1.0246
    3818       1.1571
    3819       1.0999
    3820       1.0147
    3821       1.0071
    3822       1.0726
    3823       1.0162
    3824       0.9867
    3825       1.0265
    3826       1.0366
    3827       1.1117
    3828       1.1531
    3829       1.1517
    3830       1.1613
    3831       1.1661
    3832       0.9800
    3833       1.0811
    3834       1.1218
    3835       1.1212
    3836       1.3064
    3837       1.1815
    3838       1.0616
    3839       1.0638
    3840       1.1066
    3841       1.0193
    3842       1.0993
    3843       1.2031
    3844       1.1611
    3845       1.1508
    3846       1.1829
    3847       1.4280
    3848       1.5585
    3849       1.5552
    3850       1.6004
    3851       1.4647
    3852       1.2967
    3853       1.3636
    3854       1.3264
    3855       1.1652
    3856       1.2366
    3857       1.1065
    3858       1.1322
    3859       1.0581
    3860       1.0852
    3861       1.0251
    3862       1.0304
    3863       1.0602
    3864       1.1310
    3865       1.1689
    3866       1.2371
    3867       1.2657
    3868       1.3121
    3869       1.3247
    3870       1.4161
    3871       1.4202
    3872       1.3337
    3873       1.4401
    3874       1.2729
    3875       1.3290
    3876       1.3526
    3877       1.4077
    3878       1.4140
    3879       1.2453
    3880       1.1919
    3881       1.2693
    3882       1.3335
    3883       1.2903
    3884       1.2978
    3885       1.3417
    3886       1.4071
    3887       1.4025
    3888       1.4148
    3889       1.4428
    3890       1.4170
    3891       1.4755
    3892       1.3284
    3893       1.2722
    3894       1.3778
    3895       1.3631
    3896       1.4557
    3897       1.4691
    3898       1.2348
    3899       1.2065
    3900       1.0980
    3901       1.2938
    3902       1.3631
    3903       1.3047
    3904       1.3030
    3905       1.4064
    3906       1.1732
    3907       1.1284
    3908       1.1048
    3909       1.0877
    3910       1.1135
    3911       1.0315
    3912       1.1134
    3913       1.0315
    3914       1.1035
    3915       1.0090
    3916       1.1986
    3917       1.2614
    3918       1.2713
    3919       1.1560
    3920       1.0940
    3921       1.0290
    3922       1.0478
    3923       1.0549
    3924       1.0713
    3925       1.1196
    3926       1.1913
    3927       1.2362
    3928       1.1912
    3929       1.3154
    3930       1.3804
    3931       1.2373
    3932       1.4804
    3933       1.2552
    3934       1.1490
    3935       1.2108
    3936       1.2272
    3937       1.2616
    3938       1.1186
    3939       1.1070
    3940       1.1055
    3941       1.0769
    3942       1.0313
    3943       0.9974
    3944       1.0870
    3945       1.0565
    3946       1.0953
    3947       1.0570
    3948       1.1405
    3949       1.2072
    3950       1.2538
    3951       1.2431
    3952       1.2409
    3953       1.1106
    3954       1.1858
    3955       1.2151
    3956       1.1649
    3957       1.2748
    3958       1.5282
    3959       1.3496
    3960       1.3641
    3961       1.3454
    3962       1.3693
    3963       1.3120
    3964       1.3314
    3965       1.3842
    3966       1.3654
    3967       1.3369
    3968       1.3948
    3969       1.2844
    3970       1.3800
    3971       1.3898
    3972       1.3400
    3973       1.4043
    3974       1.3744
    3975       1.4472
    3976       1.3912
    3977       1.3418
    3978       1.3562
    3979       1.4666
    3980       1.2528
    3981       1.2969
    3982       1.2649
    3983       1.2411
    3984       1.2681
    3985       1.2434
    3986       1.2637
    3987       1.2764
    3988       1.3691
    3989       1.2998
    3990       1.3897
    3991       1.3985
    3992       1.4069
    3993       1.2891
    3994       1.2971
    3995       1.2252
    3996       1.2520
    3997       1.0718
    3998       1.1538
    3999       1.2560
    4000       1.1990
    4001       1.3210
    4002       1.2129
    4003       1.1513
    4004       1.1108
    4005       1.0470
    4006       0.9994
    4007       1.0878
    4008       1.1023
    4009       1.1880
    4010       1.2896
    4011       1.1714
    4012       1.3324
    4013       1.2152
    4014       1.2294
    4015       1.2127
    4016       1.1335
    4017       1.1942
    4018       1.1907
    4019       1.1579
    4020       1.2290
    4021       1.1702
    4022       1.2401
    4023       1.3084
    4024       1.2801
    4025       1.1394
    4026       1.2657
    4027       1.1981
    4028       1.2776
    4029       1.3037
    4030       1.1909
    4031       1.2865
    4032       1.2018
    4033       1.2038
    4034       1.1501
    4035       1.1054
    4036       1.0829
    4037       1.0845
    4038       1.1258
    4039       1.2487
    4040       1.1183
    4041       0.9864
    4042       1.1185
    4043       1.0346
    4044       0.9885
    4045       1.0106
    4046       1.0360
    4047       1.0213
    4048       0.9898
    4049       0.9862
    4050       1.0245
    4051       1.1207
    4052       1.1210
    4053       1.1343
    4054       1.0660
    4055       1.1099
    4056       1.0268
    4057       1.1032
    4058       0.9563
    4059       0.9498
    4060       1.1633
    4061       1.1101
    4062       1.0614
    4063       1.1997
    4064       1.0970
    4065       1.1745
    4066       1.1012
    4067       1.0812
    4068       1.0392
    4069       1.0417
    4070       0.9773
    4071       1.0803
    4072       1.0696
    4073       1.0095
    4074       1.0352
    4075       1.0113
    4076       0.9939
    4077       1.0098
    4078       1.0586
    4079       0.9821
    4080       1.0530
    4081       1.0941
    4082       1.2133
    4083       0.9998
    4084       1.0074
    4085       1.0769
    4086       1.1001
    4087       1.1305
    4088       1.1312
    4089       1.0177
    4090       0.9852
    4091       1.0357
    4092       1.0993
    4093       1.1070
    4094       1.0787
    4095       1.2800
    4096       1.1047
    4097       1.1461
    4098       1.0639
    4099       1.1729
    4100       1.0968
    4101       1.1055
    4102       1.0922
    4103       1.0706
    4104       0.9474
    4105       0.9337
    4106       1.0019
    4107       0.9230
    4108       0.9881
    4109       0.9841
    4110       0.9984
    4111       1.0289
    4112       1.0640
    4113       0.9834
    4114       1.0532
    4115       1.1185
    4116       0.9770
    4117       1.0069
    4118       1.0161
    4119       1.0209
    4120       1.0187
    4121       0.9931
    4122       0.9349
    4123       1.1281
    4124       1.0696
    4125       1.0246
    4126       0.9675
    4127       1.0027
    4128       1.0736
    4129       0.9796
    4130       0.9950
    4131       1.0921
    4132       1.0415
    4133       1.0567
    4134       1.0846
    4135       1.2431
    4136       1.2243
    4137       1.2095
    4138       1.2283
    4139       1.1603
    4140       1.2385
    4141       1.2213
    4142       1.3771
    4143       1.1743
    4144       1.1667
    4145       1.1588
    4146       1.1213
    4147       1.0319
    4148       1.0266
    4149       1.0938
    4150       1.0669
    4151       1.0129
    4152       1.0531
    4153       1.0424
    4154       1.0175
    4155       0.9592
    4156       1.0415
    4157       1.0005
    4158       1.0492
    4159       1.0698
    4160       1.0519
    4161       1.0406
    4162       1.1201
    4163       0.9858
    4164       1.1750
    4165       1.1254
    4166       1.2296
    4167       1.2894
    4168       1.3216
    4169       1.1615
    4170       1.1089
    4171       1.1402
    4172       1.1346
    4173       1.0207
    4174       1.1352
    4175       1.1528
    4176       1.2443
    4177       1.1612
    4178       1.2609
    4179       1.2386
    4180       1.2894
    4181       1.1912
    4182       1.1658
    4183       1.1105
    4184       1.0580
    4185       1.1139
    4186       1.0491
    4187       0.9681
    4188       1.1797
    4189       1.2024
    4190       1.2570
    4191       1.2368
    4192       1.0817
    4193       1.2007
    4194       1.3910
    4195       1.4020
    4196       1.3910
    4197       1.2410
    4198       1.2208
    4199       1.3146
    4200       1.3581
    4201       1.4995
    4202       1.4990
    4203       1.5614
    4204       1.4264
    4205       1.3638
    4206       1.3196
    4207       1.3056
    4208       1.2058
    4209       1.1931
    4210       1.2067
    4211       1.2513
    4212       1.2830
    4213       1.2024
    4214       1.2583
    4215       1.2864
    4216       1.2421
    4217       1.2427
    4218       1.1412
    4219       1.1483
    4220       1.1633
    4221       1.0946
    4222       1.0519
    4223       1.2315
    4224       1.2023
    4225       1.1098
    4226       1.0871
    4227       1.1690
    4228       1.1462
    4229       1.0905
    4230       1.0762
    4231       1.1590
    4232       1.1220
    4233       1.1379
    4234       1.1972
    4235       1.1562
    4236       1.1487
    4237       1.1037
    4238       1.0499
    4239       1.1444
    4240       1.2013
    4241       1.2404
    4242       1.2695
    4243       1.2804
    4244       1.1883
    4245       1.1600
    4246       1.2531
    4247       1.3888
    4248       1.3379
    4249       1.2084
    4250       1.2003
    4251       1.1308
    4252       1.1266
    4253       1.0862
    4254       1.0686
    4255       1.1009
    4256       1.1848
    4257       1.1333
    4258       1.2059
    4259       1.1198
    4260       1.1905
    4261       1.1851
    4262       1.2417
    4263       1.1598
    4264       1.2178
    4265       1.1997
    4266       1.4275
    4267       1.2853
    4268       1.2645
    4269       1.2412
    4270       1.1115
    4271       1.2212
    4272       1.2763
    4273       1.2278
    4274       1.2626
    4275       1.1859
    4276       1.2750
    4277       1.2742
    4278       1.2509
    4279       1.0867
    4280       1.0895
    4281       1.1869
    4282       1.1830
    4283       1.4812
    4284       1.2134
    4285       1.1439
    4286       1.2439
    4287       1.4001
    4288       1.3028
    4289       1.2683
    4290       1.1074
    4291       1.1343
    4292       1.1519
    4293       1.2684
    4294       1.2050
    4295       1.2584
    4296       1.1868
    4297       1.1775
    4298       1.1200
    4299       1.1822
    4300       1.2866
    4301       1.1533
    4302       1.1409
    4303       1.2389
    4304       1.0993
    4305       1.1676
    4306       1.1940
    4307       1.1171
    4308       1.1488
    4309       1.1870
    4310       1.1904
    4311       1.1372
    4312       1.1916
    4313       1.3124
    4314       1.2503
    4315       1.2881
    4316       1.2899
    4317       1.2312
    4318       1.2749
    4319       1.2006
    4320       1.1245
    4321       1.0691
    4322       1.0929
    4323       1.2437
    4324       1.2358
    4325       1.3214
    4326       1.2760
    4327       1.1589
    4328       1.2462
    4329       1.2020
    4330       1.0793
    4331       0.9742
    4332       1.0316
    4333       1.0166
    4334       1.0624
    4335       1.0009
    4336       1.0924
    4337       0.9889
    4338       1.1019
    4339       1.1406
    4340       1.0520
    4341       1.0418
    4342       1.2266
    4343       1.2039
    4344       1.1192
    4345       1.0654
    4346       1.1036
    4347       1.1242
    4348       0.9947
    4349       0.9765
    4350       1.0490
    4351       1.0847
    4352       1.0165
    4353       1.1418
    4354       1.1027
    4355       1.1127
    4356       1.2764
    4357       1.1941
    4358       1.1871
    4359       1.0255
    4360       1.1778
    4361       1.2513
    4362       1.2653
    4363       1.1977
    4364       1.2983
    4365       1.1975
    4366       1.1865
    4367       1.2307
    4368       1.1284
    4369       1.2409
    4370       1.2623
    4371       1.2875
    4372       1.3030
    4373       1.1505
    4374       1.1769
    4375       1.1072
    4376       1.1133
    4377       1.1811
    4378       1.2480
    4379       1.1784
    4380       1.1061
    4381       1.0894
    4382       1.1373
    4383       1.1429
    4384       1.1501
    4385       1.0494
    4386       1.1470
    4387       1.1200
    4388       1.1696
    4389       1.1332
    4390       1.1539
    4391       1.2898
    4392       1.3449
    4393       1.2264
    4394       1.1289
    4395       1.2700
    4396       1.2006
    4397       1.1236
    4398       1.0903
    4399       1.0693
    4400       1.1077
    4401       1.1294
    4402       1.2344
    4403       1.3184
    4404       1.2082
    4405       1.0123
    4406       1.0121
    4407       1.0837
    4408       1.1195
    4409       1.0349
    4410       0.9735
    4411       1.0391
    4412       1.0876
    4413       1.0512
    4414       1.1347
    4415       1.1449
    4416       1.3146
    4417       1.2205
    4418       1.3063
    4419       1.1057
    4420       1.1680
    4421       1.0734
    4422       1.1973
    4423       1.2072
    4424       1.1713
    4425       1.2307
    4426       1.1806
    4427       1.0757
    4428       1.1321
    4429       1.1695
    4430       1.1992
    4431       1.1699
    4432       1.2021
    4433       1.1739
    4434       1.1124
    4435       1.2495
    4436       1.2482
    4437       1.1716
    4438       1.1383
    4439       1.2690
    4440       1.2665
    4441       1.2444
    4442       1.3409
    4443       1.3059
    4444       1.2713
    4445       1.2117
    4446       1.2019
    4447       1.2110
    4448       1.3299
    4449       1.2795
    4450       1.3096
    4451       1.1149
    4452       1.2279
    4453       1.1746
    4454       1.2322
    4455       1.1723
    4456       1.1411
    4457       1.1902
    4458       1.2097
    4459       1.2246
    4460       1.2100
    4461       1.2021
    4462       1.2779
    4463       1.2406
    4464       1.4426
    4465       1.2681
    4466       1.3149
    4467       1.2573
    4468       1.3853
    4469       1.1960
    4470       1.2112
    4471       1.1904
    4472       1.1597
    4473       1.2470
    4474       1.1663
    4475       1.1965
    4476       1.1881
    4477       1.1462
    4478       1.1069
    4479       1.0431
    4480       1.1516
    4481       1.0854
    4482       1.0811
    4483       1.1512
    4484       1.2831
    4485       1.2568
    4486       1.3449
    4487       1.2801
    4488       1.1167
    4489       1.0473
    4490       1.0752
    4491       1.0947
    4492       1.2068
    4493       1.1155
    4494       1.1570
    4495       1.1835
    4496       1.1664
    4497       1.1659
    4498       1.2551
    4499       1.1511
    4500       1.1905
    4501       1.1355
    4502       1.0797
    4503       1.1907
    4504       1.2269
    4505       1.3087
    4506       1.1709
    4507       1.1978
    4508       1.3795
    4509       1.3259
    4510       1.2242
    4511       1.2395
    4512       1.2129
    4513       1.2620
    4514       1.2599
    4515       1.2668
    4516       1.3422
    4517       1.3833
    4518       1.2815
    4519       1.3229
    4520       1.3932
    4521       1.2240
    4522       1.2571
    4523       1.0966
    4524       1.1389
    4525       1.1608
    4526       0.9975
    4527       1.1238
    4528       1.0874
    4529       1.0510
    4530       1.0789
    4531       1.0566
    4532       1.1217
    4533       1.1044
    4534       1.1404
    4535       1.1718
    4536       1.1755
    4537       1.2114
    4538       1.2943
    4539       1.2789
    4540       1.2606
    4541       1.2031
    4542       1.2251
    4543       1.2149
    4544       1.2129
    4545       1.2180
    4546       1.1675
    4547       1.2691
    4548       1.2029
    4549       1.1651
    4550       1.2299
    4551       1.4209
    4552       1.4185
    4553       1.4230
    4554       1.5262
    4555       1.5517
    4556       1.3830
    4557       1.3344
    4558       1.3905
    4559       1.2780
    4560       1.3197
    4561       1.2445
    4562       1.2299
    4563       1.1795
    4564       1.0861
    4565       1.0885
    4566       1.1539
    4567       1.1567
    4568       1.1457
    4569       1.1932
    4570       1.1327
    4571       1.1124
    4572       1.0830
    4573       1.0783
    4574       1.0511
    4575       1.1274
    4576       1.0836
    4577       1.0241
    4578       1.0320
    4579       1.0908
    4580       1.0178
    4581       1.0923
    4582       1.1928
    4583       1.0462
    4584       1.1489
    4585       1.0744
    4586       1.0752
    4587       1.1568
    4588       1.2283
    4589       1.3233
    4590       1.2086
    4591       1.0798
    4592       1.1913
    4593       1.1616
    4594       1.1654
    4595       1.2419
    4596       1.1556
    4597       1.2099
    4598       1.2252
    4599       1.1199
    4600       1.1179
    4601       1.1166
    4602       1.2068
    4603       1.1327
    4604       1.1492
    4605       1.1781
    4606       1.1182
    4607       1.1286
    4608       1.2180
    4609       1.1596
    4610       1.1803
    4611       1.1334
    4612       1.1912
    4613       1.2527
    4614       1.4550
    4615       1.4177
    4616       1.1485
    4617       1.1334
    4618       1.1472
    4619       1.1654
    4620       1.0769
    4621       1.0899
    4622       1.1360
    4623       1.1499
    4624       1.1588
    4625       1.1372
    4626       1.1506
    4627       1.3357
    4628       1.2384
    4629       1.3440
    4630       1.2540
    4631       1.2887
    4632       1.1105
    4633       1.1256
    4634       1.1232
    4635       1.2858
    4636       1.3786
    4637       1.2475
    4638       1.1816
    4639       1.1930
    4640       1.2907
    4641       1.2740
    4642       1.1826
    4643       1.2026
    4644       1.3351
    4645       1.1414
    4646       1.1463
    4647       1.1374
    4648       1.3164
    4649       1.1921
    4650       1.1430
    4651       1.2367
    4652       1.2158
    4653       1.4485
    4654       1.4904
    4655       1.3864
    4656       1.3623
    4657       1.2679
    4658       1.2568
    4659       1.3669
    4660       1.3661
    4661       1.4218
    4662       1.5248
    4663       1.4494
    4664       1.4085
    4665       1.3093
    4666       1.2206
    4667       1.2758
    4668       1.2494
    4669       1.2752
    4670       1.2243
    4671       1.3843
    4672       1.3558
    4673       1.3211
    4674       1.4109
    4675       1.2522
    4676       1.2771
    4677       1.1525
    4678       1.2824
    4679       1.2938
    4680       1.2917
    4681       1.2959
    4682       1.2995
    4683       1.3225
    4684       1.2571
    4685       1.1335
    4686       1.1453
    4687       1.1342
    4688       1.2470
    4689       1.0838
    4690       1.2397
    4691       1.1273
    4692       1.1219
    4693       1.1160
    4694       1.2357
    4695       1.2406
    4696       1.1409
    4697       1.0137
    4698       1.0173
    4699       1.1137
    4700       1.0642
    4701       1.1805
    4702       1.1170
    4703       1.0398
    4704       1.0860
    4705       1.0877
    4706       1.0243
    4707       1.0964
    4708       1.1182
    4709       1.1950
    4710       1.1386
    4711       1.2248
    4712       1.1658
    4713       1.1460
    4714       1.1599
    4715       1.1570
    4716       1.1583
    4717       1.1122
    4718       1.1119
    4719       1.0665
    4720       1.0203
    4721       1.0778
    4722       1.0248
    4723       1.0348
    4724       1.0194
    4725       1.0148
    4726       1.0470
    4727       1.0553
    4728       1.0056
    4729       1.1040
    4730       1.0172
    4731       1.0286
    4732       1.0703
    4733       1.0362
    4734       1.0072
    4735       1.2023
    4736       1.1023
    4737       1.1233
    4738       1.1600
    4739       1.1311
    4740       1.0937
    4741       1.1375
    4742       1.1020
    4743       1.2400
    4744       1.0513
    4745       1.0905
    4746       1.0857
    4747       1.0916
    4748       1.0924
    4749       1.0222
    4750       1.0899
    4751       1.0726
    4752       1.0343
    4753       1.0108
    4754       1.0148
    4755       0.9619
    4756       1.0361
    4757       1.1412
    4758       1.0661
    4759       1.1334
    4760       1.0971
    4761       1.1855
    4762       1.1583
    4763       1.1729
    4764       1.1678
    4765       1.1685
    4766       1.0970
    4767       1.0773
    4768       1.1572
    4769       1.0987
    4770       1.0817
    4771       1.1289
    4772       1.2117
    4773       1.1723
    4774       1.2085
    4775       1.1920
    4776       1.2337
    4777       1.0929
    4778       1.1296
    4779       1.0183
    4780       1.0497
    4781       1.0906
    4782       1.1242
    4783       1.1637
    4784       1.1746
    4785       1.1466
    4786       1.2605
    4787       1.3963
    4788       1.3509
    4789       1.2565
    4790       1.2731
    4791       1.2612
    4792       1.2846
    4793       1.2348
    4794       1.2267
    4795       1.1305
    4796       1.1892
    4797       1.1397
    4798       1.1524
    4799       1.2406
    4800       1.1850
    4801       1.1659
    4802       1.2403
    4803       1.2674
    4804       1.2468
    4805       1.3696
    4806       1.3501
    4807       1.2831
    4808       1.2746
    4809       1.1930
    4810       1.2422
    4811       1.2936
    4812       1.1868
    4813       1.1318
    4814       1.3296
    4815       1.4546
    4816       1.4519
    4817       1.3340
    4818       1.4295
    4819       1.4386
    4820       1.3717
    4821       1.4146
    4822       1.4721
    4823       1.4851
    4824       1.4657
    4825       1.4141
    4826       1.4572
    4827       1.2746
    4828       1.1577
    4829       1.2077
    4830       1.2017
    4831       1.3174
    4832       1.2109
    4833       1.2746
    4834       1.2384
    4835       1.1057
    4836       1.1865
    4837       1.1647
    4838       1.0204
    4839       1.1419
    4840       1.0537
    4841       1.1028
    4842       1.1576
    4843       1.2440
    4844       1.2266
    4845       1.2380
    4846       1.2736
    4847       1.1828
    4848       1.2443
    4849       1.1238
    4850       1.0847
    4851       1.1032
    4852       1.0243
    4853       1.0840
    4854       1.0290
    4855       1.1003
    4856       1.0482
    4857       1.0611
    4858       1.1241
    4859       1.2045
    4860       1.1465
    4861       1.2082
    4862       1.2372
    4863       1.2701
    4864       1.2457
    4865       1.2301
    4866       1.3686
    4867       1.3083
    4868       1.1828
    4869       1.1373
    4870       1.2891
    4871       1.4036
    4872       1.3995
    4873       1.3584
    4874       1.3102
    4875       1.1548
    4876       1.1298
    4877       1.1657
    4878       1.0616
    4879       1.0987
    4880       1.2550
    4881       1.1063
    4882       1.2055
    4883       1.0685
    4884       1.1370
    4885       1.0940
    4886       1.0866
    4887       1.2327
    4888       1.3178
    4889       1.2881
    4890       1.3264
    4891       1.3320
    4892       1.4467
    4893       1.2163
    4894       1.2477
    4895       1.1851
    4896       1.0825
    4897       1.0953
    4898       1.1571
    4899       1.2524
    4900       1.1153
    4901       1.1821
    4902       1.1972
    4903       1.1360
    4904       1.1874
    4905       1.1064
    4906       1.1303
    4907       0.9992
    4908       0.9878
    4909       1.0698
    4910       1.0570
    4911       1.0766
    4912       1.1208
    4913       1.0462
    4914       1.1862
    4915       1.1360
    4916       1.0811
    4917       1.0338
    4918       0.9835
    4919       1.0009
    4920       0.9719
    4921       0.9667
    4922       1.0085
    4923       0.9991
    4924       1.0325
    4925       1.0096
    4926       1.0243
    4927       1.0970
    4928       1.1643
    4929       1.2244
    4930       1.1382
    4931       1.1609
    4932       1.1833
    4933       1.1589
    4934       1.0314
    4935       1.0493
    4936       1.0716
    4937       1.1143
    4938       1.1058
    4939       1.0397
    4940       1.0542
    4941       1.1489
    4942       1.1830
    4943       1.2684
    4944       1.1829
    4945       1.0796
    4946       1.2966
    4947       1.2358
    4948       1.0873
    4949       1.0448
    4950       1.0278
    4951       1.0881
    4952       1.0792
    4953       1.1932
    4954       1.1944
    4955       1.1812
    4956       1.2584
    4957       1.2566
    4958       1.1068
    4959       1.1767
    4960       1.1765
    4961       1.2361
    4962       1.3365
    4963       1.3023
    4964       1.3469
    4965       1.2634
    4966       1.0896
    4967       1.0899
    4968       1.0521
    4969       1.1648
    4970       1.3379
    4971       1.2218
    4972       1.1307
    4973       1.2655
    4974       1.1662
    4975       1.1967
    4976       1.0710
    4977       1.1033
    4978       1.1185
    4979       1.0735
    4980       1.1395
    4981       1.1683
    4982       1.1521
    4983       1.1236
    4984       1.0747
    4985       1.0517
    4986       1.1646
    4987       1.0831
    4988       1.0813
    4989       1.1602
    4990       1.1636
    4991       1.2545
    4992       1.0655
    4993       1.1259
    4994       1.1170
    4995       1.1699
    4996       1.0243
    4997       0.9814
    4998       1.0476
    4999       1.0496
    5000       1.0058
    5001       1.0034
    5002       1.0100
    5003       1.0664
    5004       1.1578
    5005       1.1420
    5006       1.1791
    5007       1.1797
    5008       1.2208
    5009       1.2336
    5010       1.1805
    5011       1.0870
    5012       1.1377
    5013       1.2029
    5014       1.1641
    5015       1.1547
    5016       1.2530
    5017       1.2974
    5018       1.1998
    5019       1.1159
    5020       1.1357
    5021       1.0623
    5022       1.0807
    5023       1.1087
    5024       1.1659
    5025       1.1384
    5026       1.2568
    5027       1.2554
    5028       1.2396
    5029       1.3034
    5030       1.2711
    5031       1.1816
    5032       1.1685
    5033       1.1161
    5034       1.1049
    5035       1.2292
    5036       1.2775
    5037       1.3167
    5038       1.3191
    5039       1.3787
    5040       1.3242
    5041       1.3760
    5042       1.3726
    5043       1.3725
    5044       1.3982
    5045       1.3391
    5046       1.5081
    5047       1.5058
    5048       1.5364
    5049       1.5425
    5050       1.4275
    5051       1.4786
    5052       1.5304
    5053       1.6818
    5054       1.6196
    5055       1.5908
    5056       1.4551
    5057       1.4361
    5058       1.3358
    5059       1.2401
    5060       1.2061
    5061       1.2026
    5062       1.2667
    5063       1.2422
    5064       1.1465
    5065       1.1983
    5066       1.1998
    5067       1.1992
    5068       1.2113
    5069       1.1499
    5070       1.3385
    5071       1.2794
    5072       1.1134
    5073       1.0686
    5074       1.1009
    5075       1.1216
    5076       1.1125
    5077       1.1491
    5078       1.1895
    5079       1.1291
    5080       1.1599
    5081       1.1394
    5082       1.1642
    5083       1.1770
    5084       1.0980
    5085       1.0498
    5086       1.1875
    5087       1.0780
    5088       1.1569
    5089       1.1680
    5090       1.1584
    5091       1.2722
    5092       1.1935
    5093       1.1060
    5094       1.0693
    5095       1.0725
    5096       1.1409
    5097       1.0736
    5098       0.9740
    5099       1.0965
    5100       1.0942
    5101       1.1497
    5102       1.2405
    5103       1.2409
    5104       1.3652
    5105       1.1795
    5106       1.1262
    5107       1.1662
    5108       1.1046
    5109       1.1147
    5110       1.1696
    5111       1.2181
    5112       1.3340
    5113       1.0999
    5114       1.1469
    5115       1.0418
    5116       1.0747
    5117       1.1655
    5118       1.1094
    5119       1.1777
    5120       1.1603
    5121       1.2259
    5122       1.1427
    5123       1.1531
    5124       1.1129
    5125       1.1078
    5126       1.1191
    5127       1.0753
    5128       1.0117
    5129       1.0406
    5130       1.0476
    5131       1.0594
    5132       1.1125
    5133       1.1642
    5134       1.1040
    5135       1.1253
    5136       1.1308
    5137       1.0815
    5138       1.1263
    5139       1.1611
    5140       1.1375
    5141       1.1974
    5142       1.1084
    5143       1.1307
    5144       1.0073
    5145       1.1384
    5146       1.2182
    5147       1.1327
    5148       1.1792
    5149       1.2416
    5150       1.1783
    5151       1.0785
    5152       1.1752
    5153       1.2592
    5154       1.1584
    5155       1.1183
    5156       1.1192
    5157       1.1345
    5158       1.1206
    5159       1.1174
    5160       1.1582
    5161       1.1721
    5162       1.1897
    5163       1.2433
    5164       1.2398
    5165       1.3683
    5166       1.3131
    5167       1.2816
    5168       1.2409
    5169       1.1064
    5170       1.1904
    5171       1.0874
    5172       1.0694
    5173       1.1705
    5174       1.0303
    5175       1.1009
    5176       1.1895
    5177       1.2628
    5178       1.2602
    5179       1.2404
    5180       1.1173
    5181       1.2419
    5182       1.1652
    5183       1.2077
    5184       1.1078
    5185       1.1732
    5186       1.1363
    5187       1.1437
    5188       1.1614
    5189       1.1050
    5190       1.1845
    5191       1.2294
    5192       1.2174
    5193       1.2878
    5194       1.1745
    5195       1.2257
    5196       1.2138
    5197       1.2992
    5198       1.5110
    5199       1.4441
    5200       1.4161
    5201       1.3539
    5202       1.3426
    5203       1.3725
    5204       1.4012
    5205       1.3193
    5206       1.4094
    5207       1.2992
    5208       1.2620
    5209       1.3288
    5210       1.2492
    5211       1.3765
    5212       1.2917
    5213       1.2061
    5214       1.3704
    5215       1.3081
    5216       1.3136
    5217       1.3158
    5218       1.3516
    5219       1.3298
    5220       1.4187
    5221       1.4563
    5222       1.4060
    5223       1.5380
    5224       1.6141
    5225       1.5701
    5226       1.6122
    5227       1.4025
    5228       1.2230
    5229       1.2488
    5230       1.1455
    5231       1.2767
    5232       1.2528
    5233       1.3208
    5234       1.2964
    5235       1.2234
    5236       1.2038
    5237       1.2477
    5238       1.2397
    5239       1.1936
    5240       1.2566
    5241       1.3542
    5242       1.3842
    5243       1.3764
    5244       1.3657
    5245       1.3716
    5246       1.3087
    5247       1.3760
    5248       1.2793
    5249       1.1915
    5250       1.2658
    5251       1.1348
    5252       1.1130
    5253       1.2259
    5254       1.2617
    5255       1.2976
    5256       1.3009
    5257       1.2834
    5258       1.2534
    5259       1.1809
    5260       1.1363
    5261       1.2220
    5262       1.1982
    5263       1.1163
    5264       1.2459
    5265       1.2418
    5266       1.1144
    5267       1.2088
    5268       1.3059
    5269       1.2354
    5270       1.2766
    5271       1.3721
    5272       1.4245
    5273       1.3345
    5274       1.3009
    5275       1.3407
    5276       1.5199
    5277       1.4521
    5278       1.3791
    5279       1.4390
    5280       1.3729
    5281       1.2880
    5282       1.2373
    5283       1.2218
    5284       1.1816
    5285       1.2544
    5286       1.2913
    5287       1.2230
    5288       1.1810
    5289       1.1265
    5290       1.1230
    5291       1.1056
    5292       1.0808
    5293       1.0640
    5294       1.0918
    5295       1.0397
    5296       1.0914
    5297       1.1241
    5298       1.0576
    5299       1.0510
    5300       1.0500
    5301       1.1386
    5302       1.0821
    5303       1.1262
    5304       1.0546
    5305       1.1204
    5306       1.0970
    5307       1.0891
    5308       1.0825
    5309       1.0653
    5310       1.1105
    5311       1.1498
    5312       1.1066
    5313       1.0275
    5314       1.0778
    5315       1.1810
    5316       1.1050
    5317       1.0811
    5318       1.1893
    5319       1.1145
    5320       1.2279
    5321       1.2637
    5322       1.1632
    5323       1.1273
    5324       1.2309
    5325       1.2245
    5326       1.2051
    5327       1.2599
    5328       1.1771
    5329       1.1486
    5330       1.2494
    5331       1.2066
    5332       1.3696
    5333       1.3751
    5334       1.3649
    5335       1.2354
    5336       1.2802
    5337       1.1888
    5338       1.2812
    5339       1.3071
    5340       1.1686
    5341       1.1726
    5342       1.1172
    5343       1.2109
    5344       1.1607
    5345       1.2218
    5346       1.2738
    5347       1.2253
    5348       1.2562
    5349       1.2227
    5350       1.2456
    5351       1.2816
    5352       1.2138
    5353       1.1781
    5354       1.1984
    5355       1.2627
    5356       1.2162
    5357       1.1969
    5358       1.3025
    5359       1.2954
    5360       1.2609
    5361       1.2637
    5362       1.3501
    5363       1.3296
    5364       1.2891
    5365       1.3060
    5366       1.1864
    5367       1.1235
    5368       1.1162
    5369       1.0693
    5370       1.1385
    5371       1.1675
    5372       1.1690
    5373       1.1631
    5374       1.1483
    5375       1.1646
    5376       1.2319
    5377       1.2586
    5378       1.1550
    5379       1.2105
    5380       1.3180
    5381       1.1927
    5382       1.2879
    5383       1.1696
    5384       1.2556
    5385       1.0975
    5386       1.1925
    5387       1.2953
    5388       1.1994
    5389       1.2238
    5390       1.1784
    5391       1.2231
    5392       1.1322
    5393       1.1712
    5394       1.2342
    5395       1.1863
    5396       1.1429
    5397       1.1853
    5398       1.1836
    5399       1.1142
    5400       1.2739
    5401       1.2842
    5402       1.1515
    5403       1.1853
    5404       1.0808
    5405       1.2635
    5406       1.1646
    5407       1.2034
    5408       1.2435
    5409       1.1029
    5410       1.1898
    5411       1.2932
    5412       1.1645
    5413       1.1235
    5414       1.3434
    5415       1.2703
    5416       1.2340
    5417       1.2376
    5418       1.1931
    5419       1.1628
    5420       1.0629
    5421       1.1826
    5422       1.1368
    5423       1.2234
    5424       1.1080
    5425       1.2113
    5426       1.3178
    5427       1.3113
    5428       1.2768
    5429       1.3191
    5430       1.4083
    5431       1.3998
    5432       1.4065
    5433       1.3564
    5434       1.4549
    5435       1.3965
    5436       1.3890
    5437       1.3443
    5438       1.2879
    5439       1.3326
    5440       1.3484
    5441       1.4533
    5442       1.3056
    5443       1.2063
    5444       1.2521
    5445       1.4807
    5446       1.3041
    5447       1.4834
    5448       1.4173
    5449       1.4397
    5450       1.2922
    5451       1.2751
    5452       1.2208
    5453       1.1897
    5454       1.2542
    5455       1.0665
    5456       1.1244
    5457       0.9850
    5458       0.9306
    5459       1.1441
    5460       1.0758
    5461       1.1488
    5462       1.2223
    5463       1.0911
    5464       1.1908
    5465       1.1000
    5466       1.1189
    5467       1.2262
    5468       1.1237
    5469       1.1372
    5470       1.2376
    5471       1.1148
    5472       1.1116
    5473       1.2597
    5474       1.1749
    5475       1.1036
    5476       1.1052
    5477       1.0387
    5478       1.0700
    5479       1.0420
    5480       1.0211
    5481       1.0777
    5482       1.2945
    5483       1.2435
    5484       1.2040
    5485       1.3207
    5486       1.3657
    5487       1.2190
    5488       1.0576
    5489       1.1702
    5490       1.0722
    5491       1.0990
    5492       1.0946
    5493       1.2100
    5494       1.0373
    5495       1.0991
    5496       1.3041
    5497       1.2362
    5498       1.1658
    5499       1.2090
    5500       1.1438
    5501       1.2448
    5502       1.1084
    5503       1.0836
    5504       1.3296
    5505       1.2457
    5506       1.2819
    5507       1.1694
    5508       1.0355
    5509       1.1853
    5510       1.1642
    5511       1.1980
    5512       1.1339
    5513       0.9791
    5514       1.0953
    5515       1.2414
    5516       1.1458
    5517       1.1456
    5518       1.1295
    5519       1.0445
    5520       1.0576
    5521       1.0236
    5522       1.1649
    5523       1.2640
    5524       1.2536
    5525       1.3363
    5526       1.2367
    5527       1.2780
    5528       1.1502
    5529       1.1848
    5530       1.1570
    5531       1.0609
    5532       1.0257
    5533       1.0482
    5534       1.0220
    5535       1.0560
    5536       1.0099
    5537       0.9840
    5538       0.9219
    5539       1.0071
    5540       1.1837
    5541       1.1050
    5542       1.0993
    5543       1.0358
    5544       1.2250
    5545       1.2186
    5546       1.1572
    5547       1.0662
    5548       1.1788
    5549       1.0961
    5550       1.2897
    5551       1.2182
    5552       1.2336
    5553       1.1965
    5554       1.2120
    5555       1.2031
    5556       1.0718
    5557       0.9338
    5558       0.9691
    5559       0.9462
    5560       0.9980
    5561       0.9255
    5562       0.9638
    5563       0.9166
    5564       1.0230
    5565       0.9169
    5566       0.8582
    5567       0.8651
    5568       0.8634
    5569       0.9098
    5570       1.0741
    5571       1.0550
    5572       1.0493
    5573       1.0629
    5574       0.9727
    5575       1.0165
    5576       0.9314
    5577       1.0652
    5578       0.9759
    5579       0.9746
    5580       1.0561
    5581       1.0486
    5582       0.9485
    5583       1.0050
    5584       0.9929
    5585       0.9541
    5586       1.0481
    5587       1.0160
    5588       0.9567
    5589       0.9197
    5590       0.9830
    5591       1.1144
    5592       1.0934
    5593       1.0726
    5594       1.0402
    5595       1.0041
    5596       1.0325
    5597       1.0393
    5598       1.1936
    5599       1.1361
    5600       1.0239
    5601       0.9563
    5602       1.0386
    5603       0.9561
    5604       1.0662
    5605       1.2801
    5606       1.2368
    5607       1.2188
    5608       1.0155
    5609       1.1469
    5610       1.2078
    5611       1.0801
    5612       1.0117
    5613       1.1126
    5614       1.0527
    5615       1.1242
    5616       1.0343
    5617       1.1532
    5618       1.1794
    5619       1.2725
    5620       1.2291
    5621       1.2740
    5622       1.2969
    5623       1.2300
    5624       1.1267
    5625       1.1461
    5626       1.2974
    5627       1.3484
    5628       1.4847
    5629       1.6130
    5630       1.2822
    5631       1.1810
    5632       1.2680
    5633       1.5188
    5634       1.4257
    5635       1.3063
    5636       1.2281
    5637       1.1927
    5638       1.1866
    5639       1.2058
    5640       1.2133
    5641       1.1391
    5642       1.1070
    5643       0.9952
    5644       1.0975
    5645       1.2723
    5646       1.2460
    5647       1.1394
    5648       1.1127
    5649       1.0998
    5650       1.1594
    5651       1.1222
    5652       0.9979
    5653       1.0700
    5654       1.1006
    5655       1.1377
    5656       1.1823
    5657       1.2922
    5658       1.3984
    5659       1.2754
    5660       1.0509
    5661       1.1823
    5662       1.1568
    5663       1.1860
    5664       1.1882
    5665       1.2550
    5666       1.1052
    5667       1.1040
    5668       0.9507
    5669       1.0772
    5670       1.1174
    5671       1.1841
    5672       1.1531
    5673       1.0794
    5674       1.1838
    5675       1.0427
    5676       1.0352
    5677       1.1466
    5678       1.1909
    5679       1.0269
    5680       1.1849
    5681       1.1571
    5682       1.1293
    5683       1.1628
    5684       1.2748
    5685       1.3557
    5686       1.5009
    5687       1.3632
    5688       1.2288
    5689       1.0984
    5690       1.0867
    5691       0.9979
    5692       0.9524
    5693       0.9324
    5694       0.9328
    5695       0.9658
    5696       0.9848
    5697       1.0630
    5698       1.0921
    5699       1.0575
    5700       0.9999
    5701       1.0269
    5702       1.0861
    5703       1.0578
    5704       1.0085
    5705       1.0699
    5706       1.0009
    5707       1.0809
    5708       1.0949
    5709       1.1254
    5710       1.1179
    5711       1.0727
    5712       1.2354
    5713       1.2430
    5714       1.1646
    5715       1.2974
    5716       1.1408
    5717       1.0611
    5718       1.1973
    5719       1.0941
    5720       1.1371
    5721       0.9866
    5722       1.0243
    5723       1.0317
    5724       1.0377
    5725       1.1233
    5726       1.0536
    5727       1.1803
    5728       1.2830
    5729       1.2349
    5730       1.3365
    5731       1.2894
    5732       1.1970
    5733       1.0547
    5734       1.0644
    5735       1.2236
    5736       1.2426
    5737       1.1092
    5738       1.1862
    5739       1.1202
    5740       1.2010
    5741       1.2913
    5742       1.3889
    5743       1.4162
    5744       1.4046
    5745       1.3277
    5746       1.3064
    5747       1.1554
    5748       1.2216
    5749       1.1607
    5750       1.1720
    5751       1.2589
    5752       1.2488
    5753       1.3641
    5754       1.1940
    5755       1.0404
    5756       1.0979
    5757       1.0682
    5758       1.1767
    5759       1.2092
    5760       1.1623
    5761       1.2369
    5762       1.1663
    5763       1.0926
    5764       1.1365
    5765       0.9900
    5766       1.0936
    5767       1.0377
    5768       1.1406
    5769       1.0978
    5770       1.0440
    5771       1.0456
    5772       1.0855
    5773       1.0662
    5774       1.2410
    5775       1.1200
    5776       1.2330
    5777       1.2273
    5778       1.3490
    5779       1.2692
    5780       1.3552
    5781       1.3092
    5782       1.2399
    5783       1.1626
    5784       1.1091
    5785       1.1942
    5786       1.1783
    5787       1.2208
    5788       1.2313
    5789       1.1663
    5790       1.1126
    5791       1.1067
    5792       1.1095
    5793       1.2801
    5794       1.2464
    5795       1.1943
    5796       1.1739
    5797       1.0050
    5798       0.9733
    5799       0.9935
    5800       1.0329
    5801       1.0935
    5802       1.0737
    5803       1.0146
    5804       1.1042
    5805       1.0670
    5806       1.0579
    5807       1.2123
    5808       1.1497
    5809       1.1503
    5810       1.3227
    5811       1.3319
    5812       1.1941
    5813       1.2714
    5814       1.3064
    5815       1.2110
    5816       1.2654
    5817       1.3317
    5818       1.3229
    5819       1.2625
    5820       1.2740
    5821       1.1969
    5822       1.1886
    5823       1.2710
    5824       1.4024
    5825       1.3795
    5826       1.2219
    5827       1.2051
    5828       1.2095
    5829       1.2475
    5830       1.3185
    5831       1.2133
    5832       1.2775
    5833       1.1004
    5834       1.0708
    5835       1.0078
    5836       1.0639
    5837       1.1388
    5838       1.2490
    5839       1.1466
    5840       1.3392
    5841       1.1305
    5842       1.1587
    5843       1.1320
    5844       1.2322
    5845       1.1838
    5846       1.1770
    5847       1.2391
    5848       1.3788
    5849       1.2848
    5850       1.2456
    5851       1.3200
    5852       1.1313
    5853       1.0920
    5854       1.1769
    5855       1.0260
    5856       1.0809
    5857       1.0797
    5858       1.1164
    5859       1.1251
    5860       1.1292
    5861       1.1921
    5862       1.1663
    5863       1.2018
    5864       1.0692
    5865       1.1275
    5866       1.0497
    5867       1.0965
    5868       1.0667
    5869       1.0078
    5870       1.1681
    5871       1.3084
    5872       1.3952
    5873       1.3357
    5874       1.3179
    5875       1.3672
    5876       1.2828
    5877       1.2929
    5878       1.1842
    5879       1.2136
    5880       1.3080
    5881       1.4205
    5882       1.3774
    5883       1.2622
    5884       1.2501
    5885       1.3035
    5886       1.2340
    5887       1.1911
    5888       1.3983
    5889       1.1294
    5890       1.1499
    5891       1.2306
    5892       1.2173
    5893       1.2282
    5894       1.2061
    5895       1.2153
    5896       1.3489
    5897       1.2478
    5898       1.2384
    5899       1.2509
    5900       1.3527
    5901       1.2770
    5902       1.2664
    5903       1.2141
    5904       1.3728
    5905       1.3798
    5906       1.2363
    5907       1.4031
    5908       1.3434
    5909       1.3776
    5910       1.4418
    5911       1.3684
    5912       1.3003
    5913       1.2641
    5914       1.1623
    5915       1.3506
    5916       1.3385
    5917       1.2004
    5918       1.3009
    5919       1.1711
    5920       1.0481
    5921       1.0704
    5922       1.0752
    5923       1.0997
    5924       1.0074
    5925       1.1080
    5926       1.0886
    5927       0.9783
    5928       1.0554
    5929       1.0455
    5930       0.9122
    5931       0.9291
    5932       1.1349
    5933       0.9721
    5934       0.9787
    5935       1.1086
    5936       1.1344
    5937       1.2072
    5938       1.0938
    5939       1.1194
    5940       1.1599
    5941       1.2721
    5942       1.1741
    5943       1.1104
    5944       1.0617
    5945       1.0077
    5946       1.0340
    5947       1.1629
    5948       1.2250
    5949       1.1927
    5950       1.0791
    5951       1.0562
    5952       1.0861
    5953       1.1624
    5954       1.2307
    5955       1.1131
    5956       1.1876
    5957       1.1586
    5958       1.1941
    5959       1.2930
    5960       1.2608
    5961       1.1346
    5962       1.0824
    5963       1.0396
    5964       1.0870
    5965       1.1158
    5966       1.2612
    5967       1.2480
    5968       1.2458
    5969       1.1999
    5970       1.3319
    5971       1.3352
    5972       1.4433
    5973       1.2692
    5974       1.2718
    5975       1.1909
    5976       1.1678
    5977       1.1990
    5978       1.0819
    5979       1.1078
    5980       1.0487
    5981       1.0972
    5982       1.0844
    5983       1.0221
    5984       1.0029
    5985       1.0281
    5986       1.0434
    5987       0.9887
    5988       0.9978
    5989       0.9996
    5990       1.0572
    5991       1.1217
    5992       1.0720
    5993       1.0777
    5994       1.0899
    5995       1.2863
    5996       1.2960
    5997       1.3390
    5998       1.3510
    5999       1.2678
    6000       1.2217
    6001       1.2736
    6002       1.3355
    6003       1.2754
    6004       1.2784
    6005       1.2136
    6006       1.2302
    6007       1.1589
    6008       1.1350
    6009       1.0796
    6010       1.2417
    6011       1.0508
    6012       1.3198
    6013       1.0998
    6014       1.1613
    6015       1.0966
    6016       1.0468
    6017       1.0946
    6018       1.0800
    6019       1.0397
    6020       1.2122
    6021       1.1380
    6022       1.2209
    6023       1.2720
    6024       1.2193
    6025       1.1567
    6026       1.1595
    6027       1.1439
    6028       1.1794
    6029       1.1069
    6030       1.0397
    6031       1.0699
    6032       1.1231
    6033       1.1174
    6034       1.1044
    6035       1.1101
    6036       1.0939
    6037       1.1753
    6038       1.1856
    6039       1.1440
    6040       1.3212
    6041       1.2625
    6042       1.2064
    6043       1.2064
    6044       0.9865
    6045       1.0707
    6046       0.9011
    6047       1.0281
    6048       1.0843
    6049       1.0476
    6050       1.2123
    6051       1.2797
    6052       1.1976
    6053       1.2657
    6054       1.2722
    6055       1.2715
    6056       1.2150
    6057       1.2489
    6058       1.0619
    6059       1.1601
    6060       1.1295
    6061       1.0741
    6062       1.0502
    6063       1.0749
    6064       1.1830
    6065       1.0955
    6066       1.0055
    6067       1.0800
    6068       1.1737
    6069       1.0089
    6070       1.0590
    6071       1.1244
    6072       1.1942
    6073       1.0484
    6074       1.0720
    6075       1.1079
    6076       1.2136
    6077       1.1406
    6078       1.2818
    6079       1.2870
    6080       1.2955
    6081       1.1265
    6082       1.1156
    6083       1.2428
    6084       1.1385
    6085       1.0518
    6086       1.1147
    6087       1.0970
    6088       1.1108
    6089       1.1122
    6090       1.0734
    6091       1.0013
    6092       1.0060
    6093       1.0652
    6094       1.0787
    6095       1.1403
    6096       1.1362
    6097       1.1438
    6098       1.0936
    6099       1.0119
    6100       1.0717
    6101       1.0933
    6102       1.0457
    6103       0.9582
    6104       0.8981
    6105       0.9596
    6106       1.0277
    6107       0.9901
    6108       1.1278
    6109       1.0244
    6110       1.1007
    6111       1.0311
    6112       0.9370
    6113       0.9012
    6114       1.0805
    6115       1.2088
    6116       1.1793
    6117       1.1569
    6118       1.1038
    6119       1.1491
    6120       1.1162
    6121       1.0771
    6122       1.2509
    6123       1.4408
    6124       1.3556
    6125       1.3453
    6126       1.2782
    6127       1.2959
    6128       1.3150
    6129       1.2665
    6130       1.2611
    6131       1.3276
    6132       1.2479
    6133       1.1550
    6134       1.3440
    6135       1.3499
    6136       1.3282
    6137       1.2597
    6138       1.2229
    6139       1.4354
    6140       1.2273
    6141       1.1605
    6142       1.1616
    6143       1.1826
    6144       1.1625
    6145       1.2936
    6146       1.3140
    6147       1.2706
    6148       1.2499
    6149       1.3189
    6150       1.3668
    6151       1.3141
    6152       1.3110
    6153       1.4299
    6154       1.3484
    6155       1.5078
    6156       1.4599
    6157       1.4474
    6158       1.4853
    6159       1.4030
    6160       1.4396
    6161       1.5449
    6162       1.3710
    6163       1.4954
    6164       1.5991
    6165       1.5148
    6166       1.5359
    6167       1.4107
    6168       1.4588
    6169       1.3742
    6170       1.3327
    6171       1.3630
    6172       1.5404
    6173       1.5704
    6174       1.5557
    6175       1.3449
    6176       1.4599
    6177       1.4173
    6178       1.5796
    6179       1.5402
    6180       1.6931
    6181       1.5874
    6182       1.6091
    6183       1.6296
    6184       1.5824
    6185       1.4914
    6186       1.4386
    6187       1.4042
    6188       1.5408
    6189       1.4271
    6190       1.3006
    6191       1.4046
    6192       1.3708
    6193       1.2071
    6194       1.1932
    6195       1.2659
    6196       1.2932
    6197       1.3074
    6198       1.2114
    6199       1.1145
    6200       1.0752
    6201       1.0739
    6202       1.0869
    6203       1.0047
    6204       1.0314
    6205       1.1323
    6206       1.1052
    6207       1.0553
    6208       1.0125
    6209       1.0129
    6210       1.0353
    6211       1.0996
    6212       1.0178
    6213       1.0358
    6214       1.0964
    6215       1.1082
    6216       1.0206
    6217       0.9639
    6218       1.1297
    6219       1.0697
    6220       1.0596
    6221       1.1523
    6222       1.0915
    6223       1.0630
    6224       1.0077
    6225       0.9458
    6226       1.1329
    6227       1.0266
    6228       0.9863
    6229       1.0663
    6230       1.0777
    6231       0.9821
    6232       1.0069
    6233       1.0613
    6234       0.9239
    6235       0.9866
    6236       0.9345
    6237       0.9330
    6238       0.9706
    6239       0.8896
    6240       0.8585
    6241       0.9615
    6242       0.9161
    6243       0.9747
    6244       0.8854
    6245       0.9564
    6246       0.8427
    6247       0.9392
    6248       0.9703
    6249       0.9649
    6250       1.0111
    6251       1.0946
    6252       1.0790
    6253       1.0007
    6254       0.9504
    6255       0.8919
    6256       0.9301
    6257       0.9816
    6258       0.9644
    6259       0.9633
    6260       1.0006
    6261       0.9044
    6262       0.9246
    6263       0.8424
    6264       0.8597
    6265       0.9853
    6266       0.8626
    6267       1.0664
    6268       1.0366
    6269       0.9048
    6270       0.9302
    6271       0.9736
    6272       0.9978
    6273       1.0257
    6274       1.1939
    6275       1.0623
    6276       0.9994
    6277       0.9665
    6278       1.0908
    6279       1.0911
    6280       1.0399
    6281       1.1793
    6282       1.2942
    6283       1.1206
    6284       1.2474
    6285       1.1666
    6286       1.2510
    6287       1.1089
    6288       1.1335
    6289       1.3294
    6290       1.2085
    6291       1.1712
    6292       1.2174
    6293       1.2485
    6294       1.1591
    6295       1.3276
    6296       1.2775
    6297       1.1931
    6298       1.2343
    6299       1.2938
    6300       1.2348
    6301       1.0348
    6302       1.1598
    6303       1.0564
    6304       1.0075
    6305       1.0255
    6306       1.0553
    6307       1.0702
    6308       1.0961
    6309       0.9738
    6310       1.0825
    6311       1.0991
    6312       1.1582
    6313       1.0758
    6314       1.1615
    6315       0.9976
    6316       0.8721
    6317       0.9604
    6318       0.9444
    6319       1.0571
    6320       0.9076
    6321       1.0478
    6322       1.0507
    6323       0.9773
    6324       0.9339
    6325       1.0626
    6326       1.0983
    6327       1.0935
    6328       0.9728
    6329       1.0149
    6330       0.9444
    6331       1.0066
    6332       0.9965
    6333       0.9684
    6334       1.0312
    6335       1.0978
    6336       1.0696
    6337       0.9859
    6338       1.1187
    6339       1.0370
    6340       1.1077
    6341       1.2340
    6342       1.1890
    6343       1.2449
    6344       1.2399
    6345       1.2711
    6346       1.2036
    6347       1.1154
    6348       1.2686
    6349       1.1482
    6350       1.1310
    6351       1.0427
    6352       1.1067
    6353       1.0223
    6354       1.1720
    6355       1.1372
    6356       1.0467
    6357       1.0305
    6358       0.9798
    6359       1.0011
    6360       1.1073
    6361       1.1640
    6362       1.1139
    6363       1.1484
    6364       1.2550
    6365       1.1259
    6366       1.1221
    6367       1.2719
    6368       1.0473
    6369       1.1180
    6370       1.1259
    6371       1.1427
    6372       1.0390
    6373       1.0627
    6374       0.9730
    6375       1.0242
    6376       1.1145
    6377       1.2238
    6378       1.0221
    6379       1.0719
    6380       0.9732
    6381       1.0326
    6382       1.1531
    6383       1.2688
    6384       1.0817
    6385       1.1457
    6386       1.2301
    6387       1.1488
    6388       1.1210
    6389       1.1210
    6390       1.1016
    6391       1.0742
    6392       1.0465
    6393       1.1312
    6394       1.1596
    6395       1.1527
    6396       1.1242
    6397       1.0613
    6398       1.1528
    6399       1.1580
    6400       1.2248
    6401       1.3274
    6402       1.2169
    6403       1.2070
    6404       1.2858
    6405       1.1545
    6406       1.0259
    6407       1.1377
    6408       1.1659
    6409       1.1408
    6410       0.9898
    6411       1.2437
    6412       1.1483
    6413       1.3481
    6414       1.1967
    6415       1.2958
    6416       1.3452
    6417       1.2753
    6418       1.2906
    6419       1.3758
    6420       1.2048
    6421       1.1931
    6422       1.0810
    6423       1.0547
    6424       1.0181
    6425       1.0098
    6426       1.0410
    6427       1.0857
    6428       0.9623
    6429       1.0066
    6430       0.9594
    6431       0.9886
    6432       1.0947
    6433       1.1504
    6434       1.2037
    6435       1.3989
    6436       1.2585
    6437       1.3371
    6438       1.1889
    6439       1.1174
    6440       1.0099
    6441       1.0469
    6442       1.1444
    6443       0.9441
    6444       1.1045
    6445       1.2075
    6446       1.2381
    6447       1.1987
    6448       1.0586
    6449       0.9921
    6450       1.0995
    6451       1.0862
    6452       1.1321
    6453       1.1748
    6454       1.1819
    6455       1.1152
    6456       1.0832
    6457       1.0718
    6458       1.1336
    6459       1.1686
    6460       1.1391
    6461       1.1837
    6462       0.9608
    6463       1.1519
    6464       1.0724
    6465       1.1447
    6466       1.0989
    6467       1.0473
    6468       1.0068
    6469       1.0359
    6470       0.9732
    6471       0.9756
    6472       0.9917
    6473       0.9164
    6474       0.9878
    6475       1.1100
    6476       1.0081
    6477       1.0510
    6478       1.0518
    6479       1.1165
    6480       1.1331
    6481       1.1431
    6482       1.1615
    6483       1.2650
    6484       1.1861
    6485       1.1857
    6486       1.1586
    6487       1.1085
    6488       1.1309
    6489       1.1292
    6490       1.1314
    6491       1.1190
    6492       1.0980
    6493       1.0141
    6494       1.1243
    6495       1.0120
    6496       1.1006
    6497       1.0355
    6498       1.0792
    6499       1.1710
    6500       1.1884
    6501       1.1486
    6502       1.2185
    6503       1.1407
    6504       1.0177
    6505       1.0115
    6506       1.0271
    6507       1.0680
    6508       1.0345
    6509       1.0703
    6510       0.9771
    6511       1.1080
    6512       1.1051
    6513       1.0629
    6514       1.0245
    6515       1.0227
    6516       1.0520
    6517       1.0986
    6518       1.0611
    6519       1.0553
    6520       1.0976
    6521       1.1965
    6522       1.0720
    6523       1.1594
    6524       1.1064
    6525       1.2325
    6526       1.0567
    6527       0.9808
    6528       0.9450
    6529       0.9005
    6530       0.9410
    6531       0.9784
    6532       0.9527
    6533       0.8998
    6534       0.9030
    6535       0.8912
    6536       0.9339
    6537       0.9127
    6538       1.1267
    6539       0.9375
    6540       0.9586
    6541       1.0092
    6542       1.0649
    6543       1.1212
    6544       1.0762
    6545       1.1012
    6546       1.1178
    6547       1.0257
    6548       1.0576
    6549       1.0761
    6550       0.9786
    6551       1.0533
    6552       1.0315
    6553       1.1270
    6554       1.0720
    6555       1.2266
    6556       1.0680
    6557       1.0171
    6558       1.0128
    6559       1.0200
    6560       0.9986
    6561       0.9954
    6562       1.0589
    6563       0.9668
    6564       1.0148
    6565       1.1354
    6566       1.2309
    6567       1.1650
    6568       1.0046
    6569       1.0271
    6570       0.9562
    6571       1.0282
    6572       1.1772
    6573       1.3387
    6574       1.2329
    6575       1.0833
    6576       1.1020
    6577       1.2152
    6578       1.1571
    6579       1.2516
    6580       1.2320
    6581       1.1299
    6582       1.0368
    6583       1.0969
    6584       1.0164
    6585       1.0344
    6586       0.9809
    6587       1.0953
    6588       1.0655
    6589       1.0303
    6590       1.0400
    6591       1.0828
    6592       0.9864
    6593       1.1478
    6594       0.9873
    6595       0.9882
    6596       0.9029
    6597       0.8839
    6598       1.0561
    6599       1.0226
    6600       1.0993
    6601       0.9430
    6602       0.9544
    6603       1.1343
    6604       1.1923
    6605       1.0260
    6606       1.0696
    6607       1.0516
    6608       1.1638
    6609       1.0481
    6610       0.9765
    6611       1.0933
    6612       1.0156
    6613       1.1067
    6614       1.2794
    6615       1.3262
    6616       1.3541
    6617       1.1916
    6618       1.4037
    6619       1.3740
    6620       1.2191
    6621       1.2491
    6622       0.9671
    6623       1.0090
    6624       1.0041
    6625       1.0530
    6626       1.0736
    6627       1.1054
    6628       1.1004
    6629       1.0833
    6630       0.9784
    6631       0.9069
    6632       1.0389
    6633       1.2466
    6634       1.2447
    6635       1.1795
    6636       1.2611
    6637       1.3880
    6638       1.2988
    6639       1.1540
    6640       1.2541
    6641       1.1680
    6642       1.0415
    6643       0.9773
    6644       1.0038
    6645       1.0823
    6646       0.9956
    6647       1.2057
    6648       1.2716
    6649       1.3266
    6650       1.2071
    6651       1.2238
    6652       1.2014
    6653       1.0919
    6654       1.0609
    6655       1.0084
    6656       0.9808
    6657       1.0205
    6658       1.1293
    6659       1.0955
    6660       1.0977
    6661       1.0145
    6662       1.0855
    6663       1.1277
    6664       1.0073
    6665       1.0483
    6666       1.0612
    6667       0.9726
    6668       0.9159
    6669       1.0290
    6670       1.2270
    6671       1.1898
    6672       1.1833
    6673       1.3128
    6674       1.1633
    6675       1.0611
    6676       1.0957
    6677       1.0739
    6678       1.1138
    6679       1.1383
    6680       1.2797
    6681       1.2601
    6682       1.0290
    6683       1.0530
    6684       1.0253
    6685       1.1554
    6686       1.1099
    6687       1.1064
    6688       1.0740
    6689       0.9768
    6690       0.8726
    6691       0.9499
    6692       0.9606
    6693       1.0358
    6694       1.1655
    6695       1.0899
    6696       1.1382
    6697       1.0974
    6698       1.0582
    6699       1.0468
    6700       1.0602
    6701       1.1828
    6702       1.1888
    6703       1.1001
    6704       1.2075
    6705       1.3587
    6706       1.3757
    6707       1.2076
    6708       1.2496
    6709       1.1003
    6710       1.1084
    6711       1.1204
    6712       1.1311
    6713       1.1050
    6714       1.1350
    6715       1.1565
    6716       1.1889
    6717       1.0327
    6718       1.1069
    6719       1.0446
    6720       1.0877
    6721       1.1651
    6722       1.1025
    6723       1.0664
    6724       1.1292
    6725       1.1793
    6726       1.1132
    6727       1.1198
    6728       1.1317
    6729       1.0867
    6730       1.0997
    6731       1.0275
    6732       1.1231
    6733       1.1898
    6734       1.1477
    6735       1.1675
    6736       1.0841
    6737       1.1248
    6738       1.0557
    6739       1.0974
    6740       1.1840
    6741       1.1384
    6742       1.1573
    6743       1.1092
    6744       1.3256
    6745       1.2855
    6746       1.2689
    6747       1.2155
    6748       1.2619
    6749       1.1067
    6750       1.1999
    6751       1.2299
    6752       1.0876
    6753       1.1690
    6754       1.2018
    6755       1.2918
    6756       1.1690
    6757       1.0670
    6758       1.0580
    6759       0.9361
    6760       1.1018
    6761       1.1129
    6762       1.0326
    6763       1.0242
    6764       0.9884
    6765       1.0515
    6766       1.0815
    6767       1.0459
    6768       1.0479
    6769       1.0444
    6770       0.9066
    6771       0.9145
    6772       0.9132
    6773       0.9722
    6774       0.9914
    6775       0.9088
    6776       1.0437
    6777       1.1087
    6778       1.0649
    6779       1.0173
    6780       1.0565
    6781       1.1110
    6782       0.9949
    6783       0.9729
    6784       0.9988
    6785       1.0202
    6786       1.0124
    6787       0.9812
    6788       1.1185
    6789       1.0549
    6790       1.0823
    6791       1.1435
    6792       1.1123
    6793       1.0327
    6794       1.0798
    6795       1.0622
    6796       1.1244
    6797       1.0211
    6798       0.9964
    6799       0.9407
    6800       1.0980
    6801       1.0083
    6802       0.9956
    6803       0.9270
    6804       0.9226
    6805       1.0172
    6806       1.0242
    6807       1.1264
    6808       1.0516
    6809       1.0892
    6810       1.0286
    6811       1.1002
    6812       1.2224
    6813       1.0426
    6814       1.2439
    6815       1.3825
    6816       1.2543
    6817       1.1672
    6818       1.0394
    6819       1.0712
    6820       1.1104
    6821       1.1217
    6822       1.1627
    6823       1.2211
    6824       1.1728
    6825       1.2036
    6826       1.0956
    6827       0.9672
    6828       0.9727
    6829       1.0332
    6830       1.1787
    6831       1.0541
    6832       0.9925
    6833       1.1069
    6834       1.1360
    6835       1.1745
    6836       1.3293
    6837       1.1797
    6838       1.0368
    6839       1.1921
    6840       1.1530
    6841       1.1875
    6842       1.1366
    6843       1.2707
    6844       1.2790
    6845       1.1236
    6846       1.0544
    6847       1.2283
    6848       1.2542
    6849       1.3993
    6850       1.2641
    6851       1.2466
    6852       1.2296
    6853       1.3732
    6854       1.3228
    6855       1.2951
    6856       1.2337
    6857       1.1316
    6858       1.1921
    6859       1.2870
    6860       1.2918
    6861       1.2510
    6862       1.2573
    6863       1.2631
    6864       1.1584
    6865       1.1861
    6866       1.0966
    6867       1.1560
    6868       1.2476
    6869       1.2189
    6870       1.2943
    6871       1.3466
    6872       1.2806
    6873       1.2365
    6874       1.2144
    6875       1.0679
    6876       1.3132
    6877       1.2610
    6878       1.2749
    6879       1.2881
    6880       1.3621
    6881       1.3957
    6882       1.2820
    6883       1.2287
    6884       1.1663
    6885       1.1736
    6886       1.1195
    6887       1.0437
    6888       0.9535
    6889       1.0521
    6890       1.1370
    6891       1.1643
    6892       1.1422
    6893       1.2046
    6894       1.2609
    6895       1.2365
    6896       1.2741
    6897       1.2098
    6898       1.1743
    6899       1.0802
    6900       1.2961
    6901       1.1987
    6902       1.3789
    6903       1.3920
    6904       1.2496
    6905       1.1859
    6906       1.2236
    6907       1.3692
    6908       1.4339
    6909       1.2429
    6910       1.3463
    6911       1.3905
    6912       1.3224
    6913       1.4612
    6914       1.3845
    6915       1.2377
    6916       1.0835
    6917       1.0960
    6918       1.1303
    6919       1.0948
    6920       1.0876
    6921       1.1559
    6922       1.2672
    6923       1.3240
    6924       1.2151
    6925       1.2754
    6926       1.1302
    6927       1.1874
    6928       1.3417
    6929       1.3786
    6930       1.1952
    6931       1.2161
    6932       1.3367
    6933       1.3704
    6934       1.3716
    6935       1.2675
    6936       1.1609
    6937       1.2188
    6938       1.1683
    6939       1.1787
    6940       1.1524
    6941       1.1261
    6942       1.1432
    6943       1.1108
    6944       1.1325
    6945       1.0386
    6946       1.1436
    6947       1.1185
    6948       1.1034
    6949       1.1778
    6950       1.1670
    6951       1.2174
    6952       1.2710
    6953       1.2182
    6954       1.2807
    6955       1.0988
    6956       1.1944
    6957       1.1780
    6958       1.1340
    6959       1.2574
    6960       1.1114
    6961       1.1695
    6962       1.1687
    6963       1.1721
    6964       1.2144
    6965       1.0986
    6966       1.0373
    6967       1.1563
    6968       1.1075
    6969       0.8760
    6970       1.1408
    6971       1.1051
    6972       1.0598
    6973       1.1080
    6974       1.0240
    6975       0.9863
    6976       0.9564
    6977       0.9591
    6978       0.9151
    6979       0.9796
    6980       0.9229
    6981       1.0920
    6982       1.0966
    6983       1.0274
    6984       1.1144
    6985       0.9784
    6986       0.9298
    6987       0.9929
    6988       0.9620
    6989       1.0078
    6990       1.1206
    6991       1.1131
    6992       1.1437
    6993       1.0817
    6994       1.0430
    6995       1.1516
    6996       1.0688
    6997       1.0147
    6998       0.9515
    6999       1.0020
    7000       0.9657
    7001       1.0823
    7002       0.9868
    7003       0.9121
    7004       0.9775
    7005       0.9512
    7006       0.9981
    7007       1.0099
    7008       1.1141
    7009       0.9225
    7010       0.9229
    7011       0.9685
    7012       0.9888
    7013       0.9540
    7014       0.9825
    7015       0.9845
    7016       1.0275
    7017       1.0417
    7018       1.1758
    7019       1.1882
    7020       1.2287
    7021       1.1918
    7022       1.0597
    7023       0.9859
    7024       0.9850
    7025       1.1265
    7026       1.0971
    7027       1.0701
    7028       1.0134
    7029       0.9441
    7030       0.9693
    7031       0.9429
    7032       0.9179
    7033       0.9528
    7034       0.9674
    7035       1.1213
    7036       1.0130
    7037       0.9782
    7038       1.0125
    7039       1.1192
    7040       1.1026
    7041       1.1209
    7042       1.0341
    7043       1.0619
    7044       1.1117
    7045       1.0856
    7046       1.1954
    7047       1.2328
    7048       1.2601
    7049       1.2343
    7050       1.0386
    7051       1.0767
    7052       1.0882
    7053       1.0446
    7054       1.0476
    7055       1.1623
    7056       1.0629
    7057       1.0773
    7058       1.1442
    7059       1.0858
    7060       1.0993
    7061       1.1576
    7062       1.1365
    7063       1.2690
    7064       1.1334
    7065       1.2342
    7066       1.2137
    7067       1.0598
    7068       1.1496
    7069       1.0084
    7070       0.9521
    7071       0.9659
    7072       0.9143
    7073       0.9412
    7074       0.9197
    7075       1.0540
    7076       1.1053
    7077       1.2027
    7078       1.2694
    7079       1.1597
    7080       1.1700
    7081       1.0946
    7082       1.0348
    7083       1.0486
    7084       1.0997
    7085       1.0452
    7086       1.1000
    7087       1.1864
    7088       1.1633
    7089       1.1670
    7090       1.2524
    7091       1.2163
    7092       1.2141
    7093       1.2010
    7094       1.0820
    7095       1.1129
    7096       1.1953
    7097       1.1175
    7098       1.0035
    7099       1.0435
    7100       0.9893
    7101       1.0177
    7102       1.0926
    7103       1.1663
    7104       1.0430
    7105       1.1047
    7106       1.1354
    7107       1.0833
    7108       1.0298
    7109       1.0733
    7110       1.0592
    7111       1.0711
    7112       0.9416
    7113       0.9463
    7114       0.9284
    7115       0.9739
    7116       0.9718
    7117       0.9457
    7118       0.9521
    7119       0.8704
    7120       0.9327
    7121       0.8996
    7122       0.9210
    7123       0.9525
    7124       0.9688
    7125       1.0273
    7126       1.0485
    7127       1.1132
    7128       1.0249
    7129       0.8825
    7130       1.0188
    7131       0.9952
    7132       1.0132
    7133       0.9680
    7134       1.0688
    7135       1.0944
    7136       1.0191
    7137       1.1276
    7138       1.0438
    7139       1.0544
    7140       1.0722
    7141       1.0393
    7142       1.0876
    7143       1.1823
    7144       1.1246
    7145       1.1460
    7146       1.1315
    7147       1.1833
    7148       1.0041
    7149       0.9846
    7150       0.9446
    7151       0.9637
    7152       1.0165
    7153       1.1039
    7154       1.0448
    7155       1.1012
    7156       1.0700
    7157       1.2387
    7158       1.0997
    7159       1.0393
    7160       1.1490
    7161       1.1780
    7162       1.1094
    7163       1.1343
    7164       1.0997
    7165       1.0870
    7166       1.1201
    7167       1.1052
    7168       1.1806
    7169       1.1909
    7170       1.3187
    7171       1.3464
    7172       1.1424
    7173       1.2838
    7174       1.2199
    7175       1.2989
    7176       1.1907
    7177       1.2051
    7178       1.1197
    7179       1.1913
    7180       1.2457
    7181       1.1123
    7182       1.2688
    7183       1.0063
    7184       1.0987
    7185       1.0962
    7186       1.1649
    7187       1.1193
    7188       1.0975
    7189       1.0992
    7190       1.0984
    7191       0.9736
    7192       1.0689
    7193       0.9834
    7194       1.0627
    7195       1.0253
    7196       0.9196
    7197       1.0526
    7198       1.0589
    7199       1.0840
    7200       1.2090
    7201       1.1579
    7202       1.1401
    7203       1.0701
    7204       1.0968
    7205       1.1642
    7206       1.1392
    7207       1.0881
    7208       1.1888
    7209       1.1711
    7210       1.1786
    7211       1.1708
    7212       1.1275
    7213       1.1342
    7214       1.0066
    7215       1.1168
    7216       1.0640
    7217       1.1228
    7218       1.0481
    7219       1.0824
    7220       1.2025
    7221       1.1167
    7222       0.9538
    7223       0.9725
    7224       1.0958
    7225       1.1265
    7226       1.1786
    7227       1.5068
    7228       1.5230
    7229       1.4170
    7230       1.2856
    7231       1.2946
    7232       1.2511
    7233       1.2161
    7234       1.3256
    7235       1.1455
    7236       1.2096
    7237       1.1946
    7238       1.1936
    7239       1.3021
    7240       1.1567
    7241       1.2177
    7242       1.1261
    7243       1.0446
    7244       1.0151
    7245       0.9720
    7246       1.1362
    7247       1.1076
    7248       1.0599
    7249       0.9510
    7250       0.9530
    7251       0.9930
    7252       1.0617
    7253       1.1225
    7254       1.0223
    7255       1.0426
    7256       1.0849
    7257       1.1840
    7258       1.1968
    7259       1.0897
    7260       1.1846
    7261       1.1925
    7262       1.2211
    7263       1.1342
    7264       1.1654
    7265       0.9993
    7266       1.1891
    7267       1.0031
    7268       1.2222
    7269       1.2059
    7270       1.1997
    7271       1.1633
    7272       1.2648
    7273       1.2349
    7274       1.3268
    7275       1.2478
    7276       1.2126
    7277       1.2105
    7278       1.1114
    7279       1.1278
    7280       1.0578
    7281       1.1402
    7282       1.1839
    7283       1.0762
    7284       1.1067
    7285       1.0642
    7286       1.1234
    7287       1.0380
    7288       1.2113
    7289       1.1413
    7290       1.2250
    7291       1.2181
    7292       1.3292
    7293       1.2013
    7294       1.1565
    7295       1.1400
    7296       1.1685
    7297       1.2358
    7298       1.2913
    7299       1.1609
    7300       1.2617
    7301       1.1201
    7302       1.1969
    7303       1.1529
    7304       1.2159
    7305       1.2046
    7306       1.1833
    7307       1.2587
    7308       1.1361
    7309       1.3007
    7310       1.2025
    7311       1.2834
    7312       1.2358
    7313       1.2534
    7314       1.1873
    7315       1.1561
    7316       1.1824
    7317       1.1219
    7318       1.1444
    7319       1.1763
    7320       1.1819
    7321       1.2058
    7322       1.1222
    7323       1.0882
    7324       0.9965
    7325       1.0946
    7326       1.1456
    7327       1.0205
    7328       1.0264
    7329       1.0379
    7330       1.0881
    7331       0.9920
    7332       1.0680
    7333       1.0088
    7334       0.9480
    7335       0.9631
    7336       0.8672
    7337       1.0061
    7338       1.0559
    7339       0.9871
    7340       1.0451
    7341       1.0102
    7342       1.2105
    7343       1.1920
    7344       1.0093
    7345       1.1478
    7346       1.1504
    7347       1.2242
    7348       1.0181
    7349       1.1151
    7350       1.2076
    7351       1.0361
    7352       1.0175
    7353       1.0961
    7354       1.2671
    7355       1.2109
    7356       1.2038
    7357       1.0858
    7358       1.1099
    7359       1.1092
    7360       1.0497
    7361       1.1876
    7362       1.1316
    7363       1.1980
    7364       1.1258
    7365       1.1903
    7366       1.0737
    7367       1.2144
    7368       1.3082
    7369       1.2168
    7370       1.1456
    7371       1.1127
    7372       1.1758
    7373       1.1615
    7374       1.1793
    7375       1.1760
    7376       1.1307
    7377       1.1378
    7378       1.2413
    7379       1.0465
    7380       1.0756
    7381       0.9162
    7382       1.0715
    7383       1.0945
    7384       1.2055
    7385       1.2763
    7386       1.3495
    7387       1.1460
    7388       1.2174
    7389       1.2218
    7390       1.0696
    7391       1.1159
    7392       1.2006
    7393       1.1663
    7394       1.2268
    7395       1.1889
    7396       1.1939
    7397       1.3244
    7398       1.3025
    7399       1.1839
    7400       1.2228
    7401       1.3806
    7402       1.3710
    7403       1.1866
    7404       1.1705
    7405       1.1249
    7406       1.1193
    7407       1.2108
    7408       1.0159
    7409       1.0351
    7410       1.0482
    7411       1.0428
    7412       1.1830
    7413       1.0770
    7414       1.0234
    7415       1.0474
    7416       1.2641
    7417       1.2277
    7418       1.3193
    7419       1.0920
    7420       1.1650
    7421       1.2775
    7422       1.2311
    7423       1.2432
    7424       1.2724
    7425       1.1225
    7426       1.0679
    7427       1.0604
    7428       1.0894
    7429       1.1428
    7430       1.1705
    7431       1.1726
    7432       1.2498
    7433       1.1935
    7434       1.1542
    7435       1.4291
    7436       1.2895
    7437       1.0219
    7438       1.1112
    7439       1.2290
    7440       1.1871
    7441       1.1762
    7442       1.2625
    7443       1.1290
    7444       1.1619
    7445       1.1002
    7446       1.0949
    7447       0.9872
    7448       1.0657
    7449       1.0718
    7450       1.1630
    7451       1.2576
    7452       1.1405
    7453       1.3241
    7454       1.3321
    7455       1.3681
    7456       1.2471
    7457       1.1733
    7458       1.2640
    7459       1.2183
    7460       1.2574
    7461       1.1149
    7462       1.0004
    7463       1.1518
    7464       1.1956
    7465       1.1362
    7466       1.1570
    7467       1.2926
    7468       1.2436
    7469       1.1271
    7470       1.1469
    7471       1.0633
    7472       1.0222
    7473       1.2394
    7474       1.2303
    7475       1.2317
    7476       1.1544
    7477       1.1904
    7478       1.2507
    7479       1.1766
    7480       1.3201
    7481       1.2568
    7482       1.2616
    7483       1.2655
    7484       1.2496
    7485       1.3280
    7486       1.2804
    7487       1.2146
    7488       1.2042
    7489       1.1861
    7490       1.2625
    7491       1.2462
    7492       1.1094
    7493       1.3001
    7494       1.3704
    7495       1.3730
    7496       1.3545
    7497       1.2069
    7498       1.2347
    7499       1.1867
    7500       1.1755
    7501       1.2611
    7502       1.1942
    7503       1.2605
    7504       1.1419
    7505       1.2154
    7506       1.2374
    7507       1.5058
    7508       1.5912
    7509       1.4289
    7510       1.3350
    7511       1.3250
    7512       1.3625
    7513       1.4003
    7514       1.4331
    7515       1.4348
    7516       1.4627
    7517       1.3668
    7518       1.2111
    7519       1.2671
    7520       1.3080
    7521       1.4308
    7522       1.3257
    7523       1.2430
    7524       1.2383
    7525       1.4170
    7526       1.3806
    7527       1.3485
    7528       1.2848
    7529       1.2519
    7530       1.1682
    7531       1.2480
    7532       1.1771
    7533       1.0848
    7534       1.1714
    7535       1.1233
    7536       1.1457
    7537       1.1639
    7538       1.2036
    7539       1.4085
    7540       1.1839
    7541       1.1356
    7542       1.2167
    7543       1.0517
    7544       1.0317
    7545       0.9046
    7546       1.0797
    7547       1.1783
    7548       1.1279
    7549       1.2326
    7550       1.1689
    7551       1.0619
    7552       1.0457
    7553       1.1891
    7554       1.3421
    7555       1.3921
    7556       1.3460
    7557       1.2393
    7558       1.1463
    7559       1.1521
    7560       1.2095
    7561       1.3086
    7562       1.1995
    7563       1.2014
    7564       1.3052
    7565       1.2292
    7566       1.2560
    7567       1.3034
    7568       1.2452
    7569       1.1943
    7570       1.2266
    7571       1.1930
    7572       1.1700
    7573       1.3236
    7574       1.2511
    7575       1.4360
    7576       1.3488
    7577       1.5306
    7578       1.5137
    7579       1.5065
    7580       1.2082
    7581       1.1609
    7582       1.1640
    7583       1.2586
    7584       1.1215
    7585       1.2011
    7586       1.2344
    7587       1.2203
    7588       1.2545
    7589       1.3329
    7590       1.2950
    7591       1.1103
    7592       1.0939
    7593       1.1478
    7594       1.2274
    7595       1.0596
    7596       1.0526
    7597       1.2281
    7598       1.1856
    7599       1.2488
    7600       1.2475
    7601       1.2286
    7602       1.2123
    7603       1.2940
    7604       1.3918
    7605       1.2340
    7606       1.2457
    7607       1.2375
    7608       1.1699
    7609       1.1456
    7610       1.1449
    7611       1.2501
    7612       1.3774
    7613       1.1485
    7614       1.1915
    7615       1.0474
    7616       1.1309
    7617       1.0367
    7618       1.0736
    7619       1.0856
    7620       0.9637
    7621       0.9744
    7622       1.0699
    7623       1.2146
    7624       1.2017
    7625       1.1769
    7626       1.2469
    7627       1.1252
    7628       1.3038
    7629       1.3833
    7630       1.2963
    7631       1.2595
    7632       1.2740
    7633       1.3529
    7634       1.2296
    7635       1.3392
    7636       1.2759
    7637       1.3837
    7638       1.4229
    7639       1.4524
    7640       1.5191
    7641       1.4205
    7642       1.3553
    7643       1.3138
    7644       1.2583
    7645       1.2808
    7646       1.3207
    7647       1.2238
    7648       1.2296
    7649       1.4212
    7650       1.4985
    7651       1.5816
    7652       1.5555
    7653       1.4898
    7654       1.4039
    7655       1.3884
    7656       1.2639
    7657       1.3430
    7658       1.4711
    7659       1.4293
    7660       1.3814
    7661       1.3249
    7662       1.3321
    7663       1.2177
    7664       1.3395
    7665       1.3867
    7666       1.4108
    7667       1.3531
    7668       1.4224
    7669       1.5339
    7670       1.4411
    7671       1.3861
    7672       1.4547
    7673       1.4101
    7674       1.4346
    7675       1.3421
    7676       1.2682
    7677       1.2448
    7678       1.2201
    7679       1.1837
    7680       1.1362
    7681       1.3038
    7682       1.1780
    7683       1.2676
    7684       1.3032
    7685       1.2414
    7686       1.1132
    7687       1.2136
    7688       1.3025
    7689       1.1823
    7690       1.4018
    7691       1.4011
    7692       1.2700
    7693       1.2111
    7694       1.2081
    7695       1.1983
    7696       1.1789
    7697       1.1312
    7698       1.1577
    7699       1.2511
    7700       1.3123
    7701       1.1195
    7702       1.0566
    7703       1.0869
    7704       1.0666
    7705       1.0632
    7706       1.0260
    7707       0.9535
    7708       1.1010
    7709       1.0827
    7710       1.1187
    7711       1.1963
    7712       1.2223
    7713       1.0919
    7714       1.1549
    7715       1.3990
    7716       1.3617
    7717       1.5245
    7718       1.4112
    7719       1.2166
    7720       1.1532
    7721       1.1800
    7722       1.2500
    7723       1.1502
    7724       1.0491
    7725       1.0935
    7726       0.9921
    7727       1.0389
    7728       1.1529
    7729       1.0819
    7730       0.9953
    7731       1.0602
    7732       1.0604
    7733       1.1986
    7734       1.2269
    7735       1.2649
    7736       1.2282
    7737       1.1250
    7738       1.1347
    7739       1.0222
    7740       0.9713
    7741       1.0139
    7742       1.0297
    7743       1.1194
    7744       1.0408
    7745       1.0473
    7746       1.0826
    7747       1.0491
    7748       1.0851
    7749       1.1492
    7750       1.3347
    7751       1.3088
    7752       1.2024
    7753       1.3095
    7754       1.3105
    7755       1.3772
    7756       1.6074
    7757       1.7420
    7758       1.6943
    7759       1.5646
    7760       1.6102
    7761       1.5383
    7762       1.4390
    7763       1.2757
    7764       1.1198
    7765       1.1592
    7766       1.1600
    7767       1.1991
    7768       1.2522
    7769       1.2950
    7770       1.3597
    7771       1.2811
    7772       1.3228
    7773       1.3300
    7774       1.1739
    7775       1.1340
    7776       1.1618
    7777       1.1436
    7778       1.1324
    7779       1.0481
    7780       1.1535
    7781       1.0681
    7782       1.2032
    7783       1.0929
    7784       1.0422
    7785       1.0978
    7786       1.0735
    7787       1.1516
    7788       1.1477
    7789       1.1787
    7790       1.1629
    7791       1.0932
    7792       1.1669
    7793       1.0759
    7794       1.1275
    7795       1.1739
    7796       1.3487
    7797       1.3491
    7798       1.2988
    7799       1.2636
    7800       1.1127
    7801       1.1124
    7802       1.1418
    7803       1.1849
    7804       1.1687
    7805       1.1839
    7806       1.2066
    7807       1.3131
    7808       1.2775
    7809       1.2457
    7810       1.3569
    7811       1.1847
    7812       1.0992
    7813       1.1766
    7814       1.1570
    7815       1.1260
    7816       1.1411
    7817       1.1833
    7818       1.3676
    7819       1.3162
    7820       1.3079
    7821       1.3180
    7822       1.3374
    7823       1.4150
    7824       1.2715
    7825       1.4782
    7826       1.2266
    7827       1.2734
    7828       1.1290
    7829       1.1826
    7830       1.2984
    7831       1.2901
    7832       1.3975
    7833       1.4452
    7834       1.3816
    7835       1.3726
    7836       1.4337
    7837       1.3445
    7838       1.3687
    7839       1.3422
    7840       1.3032
    7841       1.3873
    7842       1.4819
    7843       1.3988
    7844       1.4001
    7845       1.1958
    7846       1.2291
    7847       1.3669
    7848       1.3546
    7849       1.2923
    7850       1.3285
    7851       1.3155
    7852       1.3213
    7853       1.4581
    7854       1.2839
    7855       1.3206
    7856       1.2725
    7857       1.2291
    7858       1.1910
    7859       1.0994
    7860       1.0795
    7861       1.2363
    7862       1.2958
    7863       1.1237
    7864       1.3324
    7865       1.2457
    7866       1.3274
    7867       1.3515
    7868       1.2215
    7869       1.2125
    7870       1.2555
    7871       1.1679
    7872       1.2027
    7873       1.2003
    7874       1.2261
    7875       1.3339
    7876       1.4055
    7877       1.5218
    7878       1.4497
    7879       1.4094
    7880       1.4190
    7881       1.4255
    7882       1.5139
    7883       1.4236
    7884       1.3587
    7885       1.3096
    7886       1.2529
    7887       1.2432
    7888       1.1540
    7889       1.1792
    7890       1.1925
    7891       1.2139
    7892       1.2934
    7893       1.1353
    7894       1.2670
    7895       1.1961
    7896       1.1961
    7897       1.2880
    7898       1.1792
    7899       1.1610
    7900       1.1268
    7901       1.1766
    7902       1.2166
    7903       1.2088
    7904       1.1824
    7905       1.3874
    7906       1.4960
    7907       1.5209
    7908       1.4467
    7909       1.4537
    7910       1.3872
    7911       1.3657
    7912       1.3315
    7913       1.2349
    7914       1.1066
    7915       1.2205
    7916       1.2269
    7917       1.2738
    7918       1.2984
    7919       1.3266
    7920       1.2989
    7921       1.2362
    7922       1.3214
    7923       1.3877
    7924       1.2966
    7925       1.2686
    7926       1.2507
    7927       1.3600
    7928       1.2563
    7929       1.2477
    7930       1.2413
    7931       1.2191
    7932       1.2198
    7933       1.2210
    7934       1.1983
    7935       1.1396
    7936       1.2795
    7937       1.2630
    7938       1.2831
    7939       1.1131
    7940       1.1734
    7941       1.1208
    7942       1.1104
    7943       1.1119
    7944       1.2276
    7945       1.1741
    7946       1.1468
    7947       1.1168
    7948       1.0937
    7949       1.1784
    7950       1.1330
    7951       1.1935
    7952       1.1786
    7953       1.2247
    7954       1.2723
    7955       1.4369
    7956       1.2978
    7957       1.2660
    7958       1.1069
    7959       1.1165
    7960       1.1591
    7961       1.1363
    7962       1.1473
    7963       1.1248
    7964       1.1136
    7965       1.1278
    7966       1.0037
    7967       0.9974
    7968       1.1867
    7969       1.2946
    7970       1.3169
    7971       1.2845
    7972       1.2283
    7973       1.1600
    7974       1.2116
    7975       1.2883
    7976       1.3029
    7977       1.5545
    7978       1.5365
    7979       1.4772
    7980       1.4251
    7981       1.6669
    7982       1.3442
    7983       1.5532
    7984       1.5658
    7985       1.4011
    7986       1.3959
    7987       1.2299
    7988       1.2075
    7989       1.1757
    7990       1.2715
    7991       1.4357
    7992       1.2290
    7993       1.1533
    7994       1.3423
    7995       1.2530
    7996       1.3368
    7997       1.2117
    7998       1.1943
    7999       1.3021
    8000       1.2162
    8001       1.2966
    8002       1.3771
    8003       1.2440
    8004       1.2322
    8005       1.3270
    8006       1.2725
    8007       1.3114
    8008       1.5495
    8009       1.5140
    8010       1.3463
    8011       1.2322
    8012       1.1156
    8013       1.1811
    8014       1.2390
    8015       1.3677
    8016       1.3379
    8017       1.1375
    8018       1.2293
    8019       1.2554
    8020       1.1610
    8021       1.0965
    8022       1.1750
    8023       1.1136
    8024       1.1766
    8025       1.0880
    8026       1.0708
    8027       1.0299
    8028       1.0311
    8029       1.1068
    8030       1.1431
    8031       1.0074
    8032       1.0339
    8033       1.0358
    8034       1.2308
    8035       1.1412
    8036       1.2964
    8037       1.2847
    8038       1.2383
    8039       1.2314
    8040       1.1410
    8041       1.3564
    8042       1.2461
    8043       1.1667
    8044       1.2708
    8045       1.3208
    8046       1.3186
    8047       1.4404
    8048       1.3826
    8049       1.1945
    8050       1.1102
    8051       1.0802
    8052       1.1558
    8053       1.3776
    8054       1.4150
    8055       1.4400
    8056       1.2776
    8057       1.1914
    8058       1.0301
    8059       0.9957
    8060       1.0862
    8061       1.0821
    8062       1.0797
    8063       1.1553
    8064       1.2613
    8065       1.3846
    8066       1.3344
    8067       1.3539
    8068       1.3628
    8069       1.2970
    8070       1.2929
    8071       1.5016
    8072       1.4509
    8073       1.4696
    8074       1.3373
    8075       1.2723
    8076       1.1719
    8077       1.2126
    8078       1.3409
    8079       1.3921
    8080       1.2148
    8081       1.4264
    8082       1.2783
    8083       1.2015
    8084       1.1208
    8085       1.1001
    8086       1.0502
    8087       1.2476
    8088       1.3234
    8089       1.1554
    8090       1.0134
    8091       1.1880
    8092       1.0717
    8093       1.0342
    8094       1.1112
    8095       1.1543
    8096       1.2723
    8097       1.2691
    8098       1.1522
    8099       1.1687
    8100       1.2910
    8101       1.1401
    8102       1.2451
    8103       1.2661
    8104       1.2452
    8105       1.2848
    8106       1.2223
    8107       1.2905
    8108       1.3233
    8109       1.1746
    8110       1.2111
    8111       1.1882
    8112       1.1165
    8113       1.1705
    8114       1.1579
    8115       1.3144
    8116       1.3114
    8117       1.2507
    8118       1.1123
    8119       1.0548
    8120       1.1307
    8121       1.0155
    8122       0.9987
    8123       1.0684
    8124       1.1818
    8125       1.0760
    8126       1.1483
    8127       1.2477
    8128       1.2061
    8129       1.1233
    8130       1.2730
    8131       1.2371
    8132       1.1703
    8133       1.4325
    8134       1.5081
    8135       1.3528
    8136       1.3925
    8137       1.3459
    8138       1.3219
    8139       1.2716
    8140       1.2353
    8141       1.1911
    8142       1.4457
    8143       1.3183
    8144       1.3946
    8145       1.2867
    8146       1.2358
    8147       1.1847
    8148       1.1399
    8149       1.1401
    8150       1.1356
    8151       1.1920
    8152       1.2368
    8153       1.1466
    8154       1.0581
    8155       0.9993
    8156       0.9651
    8157       1.0631
    8158       1.0377
    8159       0.9737
    8160       1.1389
    8161       1.1801
    8162       0.9574
    8163       1.0004
    8164       0.8601
    8165       0.9242
    8166       0.9270
    8167       0.8612
    8168       0.8162
    8169       1.0796
    8170       0.9884
    8171       1.1115
    8172       1.0394
    8173       1.0468
    8174       1.0631
    8175       1.0780
    8176       1.0459
    8177       1.0677
    8178       1.2268
    8179       1.0914
    8180       1.1002
    8181       1.2937
    8182       1.1873
    8183       1.1260
    8184       1.0893
    8185       1.2147
    8186       1.1558
    8187       1.0941
    8188       0.9918
    8189       1.0182
    8190       1.0223
    8191       1.0945
    8192       1.1082
    8193       1.1229
    8194       1.1123
    8195       1.1183
    8196       1.1895
    8197       1.0867
    8198       1.1647
    8199       1.2113
    8200       1.0736
    8201       1.1208
    8202       1.1166
    8203       1.0381
    8204       1.1932
    8205       0.9988
    8206       1.2600
    8207       1.2683
    8208       1.1675
    8209       1.2335
    8210       1.2738
    8211       1.2533
    8212       1.1785
    8213       1.2520
    8214       1.2560
    8215       1.0703
    8216       1.0818
    8217       1.1218
    8218       1.0917
    8219       1.1041
    8220       1.0644
    8221       1.1081
    8222       1.1421
    8223       1.0517
    8224       0.9680
    8225       1.0161
    8226       1.1083
    8227       1.0889
    8228       1.0986
    8229       1.0509
    8230       1.0754
    8231       1.1420
    8232       1.0186
    8233       1.0950
    8234       1.1047
    8235       1.0656
    8236       1.0282
    8237       1.0534
    8238       1.0269
    8239       1.0642
    8240       1.1603
    8241       1.0764
    8242       1.0274
    8243       1.1178
    8244       1.2218
    8245       1.2651
    8246       1.2184
    8247       1.2465
    8248       1.1720
    8249       1.1477
    8250       1.1177
    8251       1.0933
    8252       1.1704
    8253       1.2720
    8254       1.2752
    8255       1.2386
    8256       1.1566
    8257       1.2145
    8258       1.1633
    8259       1.2725
    8260       1.1314
    8261       1.1471
    8262       1.1945
    8263       1.1558
    8264       1.2097
    8265       1.1752
    8266       1.1010
    8267       1.1069
    8268       1.2172
    8269       1.1438
    8270       1.1608
    8271       1.1512
    8272       1.1442
    8273       1.1240
    8274       1.0802
    8275       1.1520
    8276       1.3371
    8277       1.1184
    8278       1.2062
    8279       1.1192
    8280       1.2533
    8281       1.3024
    8282       1.2981
    8283       1.2599
    8284       1.1929
    8285       1.1924
    8286       1.0906
    8287       1.1503
    8288       1.2729
    8289       1.1722
    8290       1.2667
    8291       1.3150
    8292       1.2704
    8293       1.1413
    8294       1.1090
    8295       1.1408
    8296       1.1914
    8297       1.2041
    8298       1.2361
    8299       1.1198
    8300       1.1495
    8301       1.2310
    8302       1.2763
    8303       1.2291
    8304       1.2190
    8305       1.2368
    8306       1.1973
    8307       1.2822
    8308       1.3899
    8309       1.4069
    8310       1.4320
    8311       1.3761
    8312       1.4356
    8313       1.4198
    8314       1.4019
    8315       1.3060
    8316       1.1501
    8317       1.1159
    8318       1.1119
    8319       1.2379
    8320       1.2621
    8321       1.2580
    8322       1.1255
    8323       1.0922
    8324       1.0612
    8325       1.1787
    8326       1.1603
    8327       1.1951
    8328       1.2050
    8329       1.0362
    8330       1.1018
    8331       1.2263
    8332       1.3237
    8333       1.2362
    8334       1.2960
    8335       1.3535
    8336       1.2584
    8337       1.2650
    8338       1.1070
    8339       1.3151
    8340       1.3276
    8341       1.2831
    8342       1.3246
    8343       1.3612
    8344       1.3679
    8345       1.3520
    8346       1.3075
    8347       1.3755
    8348       1.4588
    8349       1.3880
    8350       1.4455
    8351       1.4013
    8352       1.5254
    8353       1.5944
    8354       1.4357
    8355       1.4167
    8356       1.3295
    8357       1.4032
    8358       1.3148
    8359       1.3363
    8360       1.3464
    8361       1.2069
    8362       1.0338
    8363       1.0747
    8364       1.1914
    8365       1.0529
    8366       1.0186
    8367       1.0342
    8368       1.2669
    8369       1.2250
    8370       1.2398
    8371       1.2549
    8372       1.0304
    8373       1.1667
    8374       1.1342
    8375       1.1666
    8376       1.1917
    8377       1.1641
    8378       1.2154
    8379       1.2563
    8380       1.3074
    8381       1.2956
    8382       1.0846
    8383       1.1359
    8384       1.1015
    8385       1.0708
    8386       1.1247
    8387       1.1743
    8388       1.0909
    8389       1.1063
    8390       0.9489
    8391       1.2050
    8392       1.3186
    8393       1.2508
    8394       1.0749
    8395       1.0556
    8396       1.0941
    8397       1.2097
    8398       1.1211
    8399       1.1254
    8400       1.2071
    8401       1.1367
    8402       1.1311
    8403       1.1404
    8404       1.2381
    8405       1.2094
    8406       1.0722
    8407       0.9988
    8408       1.1851
    8409       1.1803
    8410       1.2250
    8411       1.0740
    8412       1.1487
    8413       1.1493
    8414       1.2250
    8415       1.3341
    8416       1.2691
    8417       1.1628
    8418       1.2229
    8419       1.4278
    8420       1.3274
    8421       1.3767
    8422       1.3007
    8423       1.2389
    8424       1.3238
    8425       1.3183
    8426       1.1248
    8427       1.0046
    8428       0.9627
    8429       0.8750
    8430       1.0428
    8431       1.0766
    8432       0.9030
    8433       0.9415
    8434       0.9646
    8435       1.0120
    8436       1.0699
    8437       0.9751
    8438       1.0502
    8439       0.9340
    8440       1.0982
    8441       1.1372
    8442       1.1391
    8443       1.3551
    8444       1.3351
    8445       1.1604
    8446       1.1079
    8447       1.1844
    8448       1.1158
    8449       1.1264
    8450       1.1772
    8451       1.2995
    8452       1.2881
    8453       1.2789
    8454       1.1508
    8455       1.2653
    8456       1.3639
    8457       1.2214
    8458       1.0611
    8459       1.1177
    8460       1.1861
    8461       1.1986
    8462       0.9807
    8463       0.9865
    8464       1.0983
    8465       0.9644
    8466       0.9826
    8467       1.0665
    8468       1.1409
    8469       1.1874
    8470       1.1010
    8471       1.0201
    8472       1.0837
    8473       1.0459
    8474       1.2450
    8475       1.0043
    8476       1.0825
    8477       0.9825
    8478       1.1077
    8479       0.9862
    8480       0.9750
    8481       0.9164
    8482       1.0160
    8483       1.1009
    8484       1.0163
    8485       1.0058
    8486       0.8926
    8487       0.9008
    8488       1.0879
    8489       1.0256
    8490       1.1331
    8491       1.1305
    8492       1.0703
    8493       1.0151
    8494       0.8900
    8495       0.9234
    8496       0.9355
    8497       0.9536
    8498       1.0250
    8499       0.9555
    8500       0.9570
    8501       0.9889
    8502       0.9485
    8503       1.0605
    8504       0.9380
    8505       0.9023
    8506       0.9555
    8507       0.9754
    8508       0.9605
    8509       0.9373
    8510       0.9570
    8511       0.9516
    8512       0.8726
    8513       0.9199
    8514       0.8987
    8515       0.9139
    8516       1.0599
    8517       1.1228
    8518       1.0694
    8519       1.1790
    8520       1.0895
    8521       1.0361
    8522       1.0934
    8523       0.9780
    8524       1.0395
    8525       1.1063
    8526       1.0395
    8527       1.0241
    8528       1.1754
    8529       1.0827
    8530       1.1318
    8531       1.2196
    8532       1.2099
    8533       1.1642
    8534       1.1030
    8535       1.2319
    8536       1.2361
    8537       1.1945
    8538       1.1721
    8539       1.3105
    8540       1.2802
    8541       1.1115
    8542       1.1061
    8543       1.1494
    8544       1.1994
    8545       1.1072
    8546       1.0065
    8547       1.1278
    8548       1.0689
    8549       0.9926
    8550       0.9306
    8551       0.9031
    8552       0.9990
    8553       0.8792
    8554       0.8989
    8555       0.9457
    8556       0.8932
    8557       0.9282
    8558       0.9650
    8559       0.9527
    8560       0.9883
    8561       0.9929
    8562       0.9936
    8563       1.0228
    8564       1.0752
    8565       0.9683
    8566       1.0036
    8567       0.9529
    8568       0.9654
    8569       1.0121
    8570       0.9023
    8571       0.9739
    8572       0.9672
    8573       0.9696
    8574       0.9330
    8575       0.9080
    8576       0.9710
    8577       1.0115
    8578       1.0198
    8579       1.0208
    8580       1.1151
    8581       0.9707
    8582       1.0175
    8583       1.0031
    8584       1.1398
    8585       1.0256
    8586       1.1794
    8587       1.0673
    8588       1.3273
    8589       1.2916
    8590       1.1266
    8591       1.1352
    8592       1.1237
    8593       1.1989
    8594       1.2579
    8595       1.1935
    8596       1.2823
    8597       1.1334
    8598       1.0991
    8599       1.1259
    8600       1.0809
    8601       1.0228
    8602       0.9162
    8603       0.9177
    8604       0.9772
    8605       0.9282
    8606       1.0068
    8607       0.9634
    8608       0.9809
    8609       0.9986
    8610       0.9531
    8611       1.0675
    8612       1.0758
    8613       0.9998
    8614       1.0160
    8615       1.0364
    8616       1.0892
    8617       0.9603
    8618       0.9674
    8619       0.9694
    8620       1.0527
    8621       0.9242
    8622       0.8885
    8623       1.0102
    8624       1.0445
    8625       0.9446
    8626       1.0406
    8627       1.0404
    8628       1.0800
    8629       1.0855
    8630       1.0672
    8631       0.9621
    8632       1.0218
    8633       0.9570
    8634       1.1176
    8635       1.1107
    8636       1.1060
    8637       1.0422
    8638       1.1274
    8639       1.0514
    8640       1.0292
    8641       1.0454
    8642       1.0125
    8643       1.0263
    8644       0.9718
    8645       0.9387
    8646       0.9994
    8647       1.0101
    8648       0.9819
    8649       0.9457
    8650       1.0910
    8651       1.0363
    8652       1.1101
    8653       0.9679
    8654       0.9557
    8655       0.9980
    8656       1.0116
    8657       1.0416
    8658       0.9673
    8659       0.9265
    8660       1.0305
    8661       1.0704
    8662       0.9913
    8663       1.0877
    8664       0.8947
    8665       0.9565
    8666       0.9422
    8667       0.9278
    8668       0.9509
    8669       1.0324
    8670       0.9887
    8671       1.0702
    8672       1.1091
    8673       1.0921
    8674       0.9052
    8675       0.9452
    8676       0.9556
    8677       1.1085
    8678       1.0730
    8679       0.9555
    8680       0.9991
    8681       1.0527
    8682       1.0288
    8683       0.9488
    8684       0.9195
    8685       0.9538
    8686       0.9778
    8687       0.9826
    8688       1.0540
    8689       1.0865
    8690       1.0560
    8691       0.9964
    8692       0.9628
    8693       0.9395
    8694       0.9256
    8695       0.9697
    8696       0.9042
    8697       0.9484
    8698       0.9991
    8699       0.9304
    8700       0.9557
    8701       1.0704
    8702       1.0636
    8703       1.1102
    8704       1.1244
    8705       1.1330
    8706       0.9974
    8707       1.1542
    8708       1.2724
    8709       1.0964
    8710       0.9669
    8711       1.0640
    8712       1.0007
    8713       0.8984
    8714       1.0418
    8715       1.0216
    8716       1.0044
    8717       1.0006
    8718       0.9615
    8719       1.0403
    8720       1.1635
    8721       1.1744
    8722       1.0091
    8723       1.0131
    8724       1.0016
    8725       0.9446
    8726       0.9489
    8727       0.9905
    8728       1.0605
    8729       1.0590
    8730       1.0272
    8731       1.1458
    8732       1.0334
    8733       1.0319
    8734       0.9856
    8735       1.1333
    8736       1.1303
    8737       1.1921
    8738       1.0308
    8739       1.0169
    8740       0.9508
    8741       1.0340
    8742       0.9277
    8743       0.8600
    8744       1.0516
    8745       0.9832
    8746       0.9864
    8747       1.0545
    8748       0.9831
    8749       1.0476
    8750       1.0919
    8751       1.1369
    8752       1.0862
    8753       1.0835
    8754       0.9446
    8755       0.9203
    8756       1.0763
    8757       0.9848
    8758       1.0394
    8759       0.9738
    8760       0.9612
    8761       1.0030
    8762       0.9599
    8763       0.9152
    8764       0.9719
    8765       0.9643
    8766       0.9955
    8767       0.9667
    8768       0.9224
    8769       0.9135
    8770       0.9638
    8771       0.8768
    8772       0.8922
    8773       0.9647
    8774       0.9811
    8775       0.8961
    8776       0.9175
    8777       0.8848
    8778       0.8990
    8779       0.8476
    8780       0.9326
    8781       0.9769
    8782       0.9334
    8783       0.8577
    8784       0.8923
    8785       0.9193
    8786       0.9083
    8787       0.9363
    8788       0.9248
    8789       1.0214
    8790       1.0352
    8791       1.0456
    8792       1.0663
    8793       1.0332
    8794       0.9451
    8795       0.9339
    8796       0.9975
    8797       1.0076
    8798       0.9891
    8799       1.0170
    8800       1.1342
    8801       1.1956
    8802       1.1460
    8803       1.2221
    8804       1.1065
    8805       1.1123
    8806       1.0670
    8807       1.0598
    8808       1.1662
    8809       1.1818
    8810       1.2129
    8811       1.2949
    8812       1.1673
    8813       1.0826
    8814       1.1918
    8815       1.2249
    8816       1.0777
    8817       1.1329
    8818       1.1533
    8819       1.1157
    8820       1.0536
    8821       1.0248
    8822       0.9262
    8823       0.9325
    8824       0.9645
    8825       0.9943
    8826       0.9531
    8827       0.9238
    8828       0.9008
    8829       0.9574
    8830       0.9838
    8831       0.9613
    8832       0.9999
    8833       1.1657
    8834       1.1193
    8835       1.0526
    8836       1.0269
    8837       0.9892
    8838       0.9354
    8839       1.0290
    8840       0.8870
    8841       0.9464
    8842       1.0678
    8843       1.1184
    8844       1.0176
    8845       0.9428
    8846       1.0257
    8847       1.1122
    8848       1.0621
    8849       1.0435
    8850       1.0475
    8851       1.0737
    8852       1.1040
    8853       1.0604
    8854       1.0976
    8855       1.0266
    8856       1.0982
    8857       1.1625
    8858       1.1190
    8859       1.0182
    8860       1.1553
    8861       1.0972
    8862       1.1237
    8863       1.0005
    8864       0.9473
    8865       1.0539
    8866       1.0900
    8867       1.1520
    8868       1.1605
    8869       1.1024
    8870       1.1075
    8871       1.1398
    8872       1.2096
    8873       1.1902
    8874       1.3067
    8875       1.2917
    8876       1.3837
    8877       1.2770
    8878       1.3333
    8879       1.3648
    8880       1.5167
    8881       1.4651
    8882       1.4266
    8883       1.4302
    8884       1.4702
    8885       1.4363
    8886       1.4280
    8887       1.3892
    8888       1.4738
    8889       1.4255
    8890       1.4226
    8891       1.4233
    8892       1.5013
    8893       1.6074
    8894       1.6242
    8895       1.5720
    8896       1.5633
    8897       1.5194
    8898       1.4292
    8899       1.4489
    8900       1.3813
    8901       1.3128
    8902       1.3244
    8903       1.3033
    8904       1.2962
    8905       1.2949
    8906       1.2795
    8907       1.2388
    8908       1.3269
    8909       1.2380
    8910       1.3404
    8911       1.2879
    8912       1.3325
    8913       1.3749
    8914       1.3163
    8915       1.3152
    8916       1.1728
    8917       1.2864
    8918       1.3286
    8919       1.2745
    8920       1.3815
    8921       1.2551
    8922       1.2754
    8923       1.1686
    8924       1.1817
    8925       1.1217
    8926       1.1931
    8927       1.1463
    8928       1.2605
    8929       1.2650
    8930       1.0738
    8931       1.1468
    8932       1.1428
    8933       1.1067
    8934       1.1862
    8935       1.2245
    8936       1.1114
    8937       1.3017
    8938       1.3417
    8939       1.2527
    8940       1.3259
    8941       1.3067
    8942       1.3885
    8943       1.3280
    8944       1.3840
    8945       1.3128
    8946       1.3089
    8947       1.3132
    8948       1.2952
    8949       1.3840
    8950       1.3155
    8951       1.2979
    8952       1.2599
    8953       1.2070
    8954       1.2045
    8955       1.2984
    8956       1.3112
    8957       1.2080
    8958       1.2287
    8959       1.3958
    8960       1.2714
    8961       1.3325
    8962       1.4244
    8963       1.3469
    8964       1.3728
    8965       1.4498
    8966       1.3509
    8967       1.2928
    8968       1.2889
    8969       1.2721
    8970       1.2719
    8971       1.2735
    8972       1.3478
    8973       1.2228
    8974       1.1906
    8975       1.3091
    8976       1.2469
    8977       1.2978
    8978       1.3362
    8979       1.2443
    8980       1.1279
    8981       1.1176
    8982       1.0272
    8983       1.0347
    8984       0.9460
    8985       1.0796
    8986       1.0243
    8987       0.9815
    8988       0.9518
    8989       1.0035
    8990       1.0547
    8991       0.9719
    8992       0.9661
    8993       1.0682
    8994       1.0429
    8995       1.0492
    8996       1.0175
    8997       1.1837
    8998       1.1391
    8999       1.1170
    9000       1.0528
    9001       0.9658
    9002       0.9271
    9003       0.9682
    9004       0.9088
    9005       1.0518
    9006       1.0358
    9007       0.9938
    9008       1.0311
    9009       0.9756
    9010       1.0419
    9011       1.0549
    9012       1.0640
    9013       0.9160
    9014       0.9020
    9015       0.7715
    9016       0.8513
    9017       0.9095
    9018       0.8395
    9019       0.8565
    9020       0.8519
    9021       0.8527
    9022       0.9930
    9023       0.9583
    9024       0.9316
    9025       0.8902
    9026       0.8649
    9027       0.9618
    9028       0.8402
    9029       0.7967
    9030       0.8282
    9031       0.7959
    9032       0.7920
    9033       0.7715
    9034       0.8462
    9035       0.8279
    9036       0.9128
    9037       0.8863
    9038       0.9977
    9039       0.8876
    9040       0.8632
    9041       0.8246
    9042       0.8554
    9043       0.8929
    9044       0.8751
    9045       0.8528
    9046       0.8158
    9047       0.9132
    9048       0.8574
    9049       1.0174
    9050       1.0178
    9051       1.0088
    9052       0.9606
    9053       0.8445
    9054       1.0091
    9055       0.9705
    9056       0.9473
    9057       0.9794
    9058       0.9413
    9059       0.9322
    9060       0.9336
    9061       0.9540
    9062       1.0118
    9063       0.9850
    9064       0.8740
    9065       0.8898
    9066       1.0068
    9067       0.9012
    9068       0.9831
    9069       1.0146
    9070       0.9990
    9071       0.9339
    9072       0.9618
    9073       0.9129
    9074       0.9344
    9075       0.9698
    9076       1.0540
    9077       1.0141
    9078       0.9608
    9079       0.9970
    9080       1.0348
    9081       1.0251
    9082       1.0122
    9083       1.0154
    9084       1.0401
    9085       0.9285
    9086       1.0138
    9087       0.9978
    9088       1.1073
    9089       1.1202
    9090       1.2202
    9091       1.2177
    9092       1.1627
    9093       1.1822
    9094       1.0644
    9095       1.0990
    9096       1.0646
    9097       1.1362
    9098       1.2437
    9099       1.1501
    9100       1.2648
    9101       1.0949
    9102       1.2107
    9103       1.1901
    9104       1.3427
    9105       1.2122
    9106       1.2743
    9107       1.3381
    9108       1.2003
    9109       1.1282
    9110       1.1124
    9111       1.1483
    9112       1.0821
    9113       1.2774
    9114       1.2083
    9115       1.1932
    9116       1.2570
    9117       1.2943
    9118       1.2960
    9119       1.3147
    9120       1.3256
    9121       1.2982
    9122       1.1674
    9123       1.0920
    9124       1.0860
    9125       1.1238
    9126       1.0865
    9127       1.0015
    9128       0.9921
    9129       1.0102
    9130       1.0913
    9131       0.9000
    9132       0.9994
    9133       1.0500
    9134       1.0647
    9135       1.1279
    9136       1.0514
    9137       0.9141
    9138       0.9706
    9139       1.0631
    9140       1.2536
    9141       1.1180
    9142       1.1720
    9143       1.0379
    9144       1.0918
    9145       1.0124
    9146       0.9482
    9147       0.9695
    9148       0.8909
    9149       0.8811
    9150       0.9563
    9151       0.9021
    9152       1.0129
    9153       0.9872
    9154       1.0131
    9155       1.1330
    9156       1.1087
    9157       1.1045
    9158       1.1368
    9159       1.1452
    9160       1.0678
    9161       1.0312
    9162       1.0785
    9163       1.0061
    9164       1.0501
    9165       0.9968
    9166       0.9670
    9167       1.0085
    9168       0.9919
    9169       0.9187
    9170       1.0453
    9171       0.9872
    9172       1.0146
    9173       0.9733
    9174       0.9603
    9175       1.0389
    9176       0.9314
    9177       1.0359
    9178       1.0241
    9179       0.9867
    9180       0.8995
    9181       1.0360
    9182       0.9969
    9183       0.9065
    9184       0.9098
    9185       1.0001
    9186       0.9407
    9187       0.9089
    9188       0.9772
    9189       1.0584
    9190       1.0709
    9191       0.9730
    9192       0.8636
    9193       0.9218
    9194       1.0476
    9195       0.9163
    9196       0.9580
    9197       0.9831
    9198       0.8705
    9199       0.9510
    9200       0.8905
    9201       0.9256
    9202       0.8809
    9203       0.8707
    9204       0.8421
    9205       0.9203
    9206       0.9648
    9207       0.9293
    9208       0.9220
    9209       0.9357
    9210       0.8693
    9211       0.9265
    9212       0.9564
    9213       1.0454
    9214       0.9469
    9215       0.9559
    9216       0.9465
    9217       1.0607
    9218       1.0593
    9219       1.2065
    9220       1.2586
    9221       1.1050
    9222       1.2010
    9223       1.1919
    9224       1.1407
    9225       1.0762
    9226       0.9785
    9227       1.0708
    9228       1.1243
    9229       0.9666
    9230       1.1542
    9231       1.1537
    9232       1.0739
    9233       0.9688
    9234       1.0304
    9235       1.0603
    9236       1.1491
    9237       1.1163
    9238       1.0762
    9239       1.0688
    9240       1.0754
    9241       1.0860
    9242       1.0553
    9243       1.1448
    9244       1.0974
    9245       1.0595
    9246       1.1130
    9247       1.1649
    9248       1.3573
    9249       1.3277
    9250       1.2278
    9251       1.2003
    9252       1.0162
    9253       0.9655
    9254       0.8820
    9255       0.9158
    9256       1.0319
    9257       1.0166
    9258       0.9933
    9259       0.8992
    9260       0.9603
    9261       0.9596
    9262       0.9641
    9263       0.9915
    9264       1.0371
    9265       0.9778
    9266       1.0538
    9267       1.0373
    9268       0.9989
    9269       0.9263
    9270       0.9026
    9271       0.8440
    9272       0.8989
    9273       0.9123
    9274       0.9108
    9275       0.9057
    9276       0.8909
    9277       0.9288
    9278       0.9398
    9279       0.8633
    9280       0.9943
    9281       0.9182
    9282       1.0181
    9283       0.9699
    9284       0.9200
    9285       0.9847
    9286       1.0780
    9287       1.0578
    9288       0.9940
    9289       1.0713
    9290       0.9641
    9291       0.9062
    9292       0.9126
    9293       0.9367
    9294       0.9347
    9295       0.9651
    9296       1.0024
    9297       0.9010
    9298       1.0939
    9299       0.9294
    9300       1.0230
    9301       0.9475
    9302       0.9235
    9303       1.0157
    9304       0.8996
    9305       0.9216
    9306       0.9160
    9307       0.9340
    9308       0.9423
    9309       0.9687
    9310       0.9292
    9311       0.9602
    9312       1.1255
    9313       1.2436
    9314       1.1118
    9315       1.0093
    9316       1.0071
    9317       1.0508
    9318       1.0316
    9319       1.0529
    9320       1.0451
    9321       1.0771
    9322       0.9741
    9323       0.9736
    9324       0.8951
    9325       0.9803
    9326       1.0327
    9327       1.0640
    9328       0.9448
    9329       0.9898
    9330       0.8763
    9331       0.8758
    9332       0.8558
    9333       0.7812
    9334       0.7985
    9335       0.9337
    9336       0.9343
    9337       0.9010
    9338       0.9179
    9339       0.9009
    9340       0.9235
    9341       0.9267
    9342       0.9326
    9343       0.9028
    9344       0.9386
    9345       0.9284
    9346       1.0148
    9347       1.0225
    9348       0.9241
    9349       0.8978
    9350       0.8859
    9351       0.8402
    9352       0.9270
    9353       1.1196
    9354       1.0471
    9355       1.0141
    9356       1.0193
    9357       0.9812
    9358       1.1131
    9359       1.1655
    9360       1.1283
    9361       1.1246
    9362       1.1912
    9363       1.0008
    9364       0.9950
    9365       1.0196
    9366       1.0676
    9367       1.0021
    9368       1.0154
    9369       0.9761
    9370       1.0001
    9371       1.0870
    9372       1.1208
    9373       1.1901
    9374       1.0471
    9375       0.9907
    9376       0.9937
    9377       1.0064
    9378       1.0701
    9379       1.1948
    9380       1.1832
    9381       1.1985
    9382       1.1570
    9383       1.2420
    9384       1.2588
    9385       1.1452
    9386       1.2123
    9387       1.2488
    9388       1.1654
    9389       1.1532
    9390       1.2375
    9391       1.0801
    9392       1.1719
    9393       1.1195
    9394       1.0780
    9395       1.1411
    9396       1.2085
    9397       1.0692
    9398       1.1861
    9399       1.1557
    9400       1.1480
    9401       1.0015
    9402       0.9915
    9403       1.0226
    9404       0.9605
    9405       0.9936
    9406       0.9832
    9407       0.9918
    9408       1.0506
    9409       1.0519
    9410       0.9697
    9411       0.9776
    9412       1.0447
    9413       0.9460
    9414       1.0094
    9415       0.8933
    9416       0.8883
    9417       0.9886
    9418       0.9606
    9419       0.8694
    9420       0.9583
    9421       0.9538
    9422       0.9111
    9423       0.9438
    9424       0.9441
    9425       0.9925
    9426       1.0304
    9427       0.9411
    9428       0.9568
    9429       0.9697
    9430       1.0018
    9431       0.9296
    9432       0.9405
    9433       0.9351
    9434       0.9636
    9435       1.1096
    9436       1.0341
    9437       1.0523
    9438       1.0356
    9439       1.0098
    9440       1.0514
    9441       0.9980
    9442       1.0099
    9443       1.0298
    9444       1.0320
    9445       1.1238
    9446       1.1198
    9447       1.0994
    9448       1.2959
    9449       1.0243
    9450       1.2481
    9451       1.1994
    9452       1.1910
    9453       1.0647
    9454       1.2166
    9455       1.2664
    9456       1.1563
    9457       1.1685
    9458       1.1722
    9459       1.2259
    9460       1.3279
    9461       1.3020
    9462       1.3985
    9463       1.4338
    9464       1.4663
    9465       1.5738
    9466       1.6493
    9467       1.5661
    9468       1.5102
    9469       1.5182
    9470       1.4914
    9471       1.3959
    9472       1.4767
    9473       1.4950
    9474       1.3428
    9475       1.3482
    9476       1.4763
    9477       1.5280
    9478       1.4481
    9479       1.4993
    9480       1.4080
    9481       1.3797
    9482       1.2817
    9483       1.2714
    9484       1.2351
    9485       1.3407
    9486       1.3120
    9487       1.4390
    9488       1.3257
    9489       1.2335
    9490       1.2215
    9491       1.3538
    9492       1.2720
    9493       1.3667
    9494       1.1430
    9495       1.1896
    9496       1.2241
    9497       1.1984
    9498       1.2043
    9499       1.1927
    9500       1.2000
    9501       1.1715
    9502       1.1971
    9503       1.2927
    9504       1.4171
    9505       1.3334
    9506       1.2691
    9507       1.2916
    9508       1.3348
    9509       1.2294
    9510       1.2598
    9511       1.0954
    9512       1.1401
    9513       1.0491
    9514       1.2224
    9515       1.2799
    9516       1.1341
    9517       1.2826
    9518       1.2453
    9519       1.2070
    9520       1.3180
    9521       1.2499
    9522       1.2134
    9523       1.2857
    9524       1.3950
    9525       1.2180
    9526       1.2290
    9527       1.3094
    9528       1.3876
    9529       1.4187
    9530       1.2095
    9531       1.2628
    9532       1.3774
    9533       1.4208
    9534       1.3412
    9535       1.2684
    9536       1.2256
    9537       1.1335
    9538       1.2626
    9539       1.2355
    9540       1.1975
    9541       1.1250
    9542       1.1476
    9543       1.1922
    9544       1.2729
    9545       1.1835
    9546       1.1262
    9547       1.1595
    9548       1.1627
    9549       1.2473
    9550       1.1960
    9551       1.0049
    9552       1.0090
    9553       1.1705
    9554       1.0879
    9555       1.0030
    9556       1.0409
    9557       1.0428
    9558       0.9428
    9559       0.9478
    9560       1.0075
    9561       0.9486
    9562       1.0096
    9563       1.0087
    9564       0.9082
    9565       1.0213
    9566       1.0143
    9567       1.0045
    9568       1.1471
    9569       1.2148
    9570       1.1568
    9571       1.0692
    9572       1.1202
    9573       1.1111
    9574       1.0575
    9575       1.2072
    9576       1.2911
    9577       1.0072
    9578       0.9923
    9579       1.0953
    9580       1.1315
    9581       1.4009
    9582       1.1683
    9583       1.1696
    9584       1.1482
    9585       1.2828
    9586       1.3162
    9587       1.2703
    9588       1.1941
    9589       1.3394
    9590       1.1934
    9591       1.1381
    9592       1.0429
    9593       0.9625
    9594       1.0639
    9595       0.9314
    9596       0.9847
    9597       1.1198
    9598       1.1781
    9599       1.1838
    9600       1.1342
    9601       1.2806
    9602       1.1183
    9603       1.1340
    9604       1.0140
    9605       1.1031
    9606       0.9484
    9607       0.9673
    9608       0.9182
    9609       1.0321
    9610       1.0374
    9611       1.0222
    9612       1.0837
    9613       0.9646
    9614       1.1029
    9615       1.1697
    9616       1.1222
    9617       1.1527
    9618       1.1376
    9619       1.0015
    9620       1.0292
    9621       0.9701
    9622       0.9589
    9623       1.0626
    9624       1.0824
    9625       1.1490
    9626       1.0655
    9627       1.0404
    9628       1.1433
    9629       1.1316
    9630       1.0445
    9631       1.0821
    9632       1.0478
    9633       1.1054
    9634       1.2069
    9635       1.0320
    9636       1.0966
    9637       1.0787
    9638       1.0540
    9639       1.0489
    9640       0.9126
    9641       1.0451
    9642       0.9833
    9643       1.0189
    9644       1.0102
    9645       0.9681
    9646       1.1501
    9647       1.2213
    9648       1.1905
    9649       1.1506
    9650       1.1594
    9651       1.1757
    9652       0.9996
    9653       0.8812
    9654       0.9095
    9655       0.9783
    9656       0.9477
    9657       1.0143
    9658       1.0502
    9659       1.0246
    9660       1.1676
    9661       1.2441
    9662       1.1536
    9663       1.0869
    9664       1.0474
    9665       1.0935
    9666       1.0263
    9667       1.0832
    9668       1.0021
    9669       0.9622
    9670       1.0590
    9671       1.0952
    9672       1.1161
    9673       1.0950
    9674       1.0722
    9675       1.0968
    9676       1.1180
    9677       1.0970
    9678       1.0651
    9679       1.1521
    9680       0.9978
    9681       1.0921
    9682       1.0829
    9683       1.0712
    9684       1.2016
    9685       1.1107
    9686       1.0184
    9687       1.0537
    9688       1.0500
    9689       1.0145
    9690       1.0884
    9691       1.0777
    9692       1.0938
    9693       1.0785
    9694       1.1534
    9695       1.0848
    9696       1.0275
    9697       1.0746
    9698       0.9468
    9699       1.1431
    9700       1.1345
    9701       1.1297
    9702       1.0005
    9703       1.1054
    9704       1.2221
    9705       1.0728
    9706       1.2165
    9707       1.1057
    9708       1.0523
    9709       1.0825
    9710       1.0097
    9711       1.1491
    9712       1.1843
    9713       1.0435
    9714       1.1318
    9715       1.0270
    9716       0.9707
    9717       0.8784
    9718       0.9336
    9719       0.9117
    9720       0.9657
    9721       1.0597
    9722       1.0445
    9723       0.9792
    9724       0.9899
    9725       1.0312
    9726       0.9980
    9727       0.9694
    9728       1.0627
    9729       1.0929
    9730       0.9700
    9731       0.9786
    9732       0.9617
    9733       0.9088
    9734       0.9036
    9735       0.9105
    9736       0.8689
    9737       0.9261
    9738       0.9827
    9739       0.9387
    9740       0.9120
    9741       0.9666
    9742       0.9141
    9743       0.9500
    9744       0.9568
    9745       1.0612
    9746       0.9682
    9747       1.0330
    9748       0.9419
    9749       0.9543
    9750       0.9666
    9751       1.0211
    9752       0.8947
    9753       0.9402
    9754       0.9714
    9755       0.9666
    9756       1.0112
    9757       1.0285
    9758       1.0190
    9759       0.9339
    9760       1.0049
    9761       0.9696
    9762       0.9897
    9763       1.0192
    9764       0.9998
    9765       1.0660
    9766       0.9974
    9767       0.9250
    9768       0.9956
    9769       1.0444
    9770       0.9653
    9771       1.0578
    9772       1.1817
    9773       0.9967
    9774       1.0189
    9775       1.0708
    9776       1.0710
    9777       0.9637
    9778       1.0132
    9779       1.0673
    9780       1.0809
    9781       1.0387
    9782       1.0538
    9783       1.1640
    9784       1.0856
    9785       1.0547
    9786       1.0868
    9787       0.9848
    9788       1.0124
    9789       1.1106
    9790       1.0542
    9791       0.9623
    9792       0.9527
    9793       1.0662
    9794       1.0494
    9795       1.1966
    9796       1.1499
    9797       1.2083
    9798       1.1749
    9799       1.1252
    9800       0.9647
    9801       1.0583
    9802       1.1750
    9803       1.2239
    9804       1.2308
    9805       1.1174
    9806       1.1483
    9807       1.1146
    9808       1.0646
    9809       0.9838
    9810       1.0949
    9811       0.9833
    9812       1.1334
    9813       1.0981
    9814       1.2188
    9815       1.1566
    9816       1.0145
    9817       1.0569
    9818       0.9968
    9819       1.0711
    9820       1.0548
    9821       1.0993
    9822       1.1191
    9823       1.1222
    9824       1.0747
    9825       1.0529
    9826       1.0601
    9827       1.0994
    9828       1.0781
    9829       1.0402
    9830       0.9806
    9831       1.0913
    9832       0.9910
    9833       1.0425
    9834       0.9491
    9835       0.9725
    9836       0.9295
    9837       1.1103
    9838       1.0073
    9839       1.1620
    9840       1.0670
    9841       1.1228
    9842       1.1293
    9843       1.3732
    9844       1.2832
    9845       1.2410
    9846       1.1667
    9847       1.1212
    9848       1.1726
    9849       1.1905
    9850       1.0352
    9851       1.0607
    9852       1.0370
    9853       1.1466
    9854       0.9639
    9855       1.1396
    9856       1.2412
    9857       1.2025
    9858       1.1797
    9859       1.0921
    9860       1.0680
    9861       1.0034
    9862       0.9352
    9863       0.9614
    9864       1.1519
    9865       1.1352
    9866       1.2598
    9867       1.1528
    9868       1.1830
    9869       1.1281
    9870       1.0451
    9871       1.1949
    9872       1.2464
    9873       1.0840
    9874       1.1937
    9875       1.1850
    9876       1.2318
    9877       1.2517
    9878       1.1082
    9879       1.0075
    9880       1.0883
    9881       1.1560
    9882       1.0272
    9883       1.0466
    9884       1.0673
    9885       1.0643
    9886       1.0409
    9887       1.2417
    9888       1.1016
    9889       1.1672
    9890       1.0975
    9891       1.1793
    9892       1.0554
    9893       1.0574
    9894       0.9985
    9895       1.0942
    9896       1.1428
    9897       1.1119
    9898       1.0929
    9899       1.1012
    9900       1.0532
    9901       1.0006
    9902       1.0646
    9903       1.0674
    9904       1.1697
    9905       1.1791
    9906       1.2893
    9907       1.3853
    9908       1.1011
    9909       1.0969
    9910       1.1130
    9911       1.1491
    9912       1.2120
    9913       1.1118
    9914       1.1489
    9915       1.0441
    9916       1.0733
    9917       1.2518
    9918       1.1391
    9919       1.1176
    9920       0.9815
    9921       1.0524
    9922       1.0706
    9923       1.0967
    9924       1.1519
    9925       1.1522
    9926       1.2951
    9927       1.2605
    9928       1.2033
    9929       1.2157
    9930       1.0580
    9931       1.1675
    9932       1.1135
    9933       1.0797
    9934       1.1002
    9935       1.1138
    9936       0.9792
    9937       1.0700
    9938       1.0068
    9939       1.0461
    9940       1.1053
    9941       1.0842
    9942       1.1810
    9943       1.1675
    9944       1.1133
    9945       1.0323
    9946       0.9928
    9947       1.0623
    9948       0.9262
    9949       0.9880
    9950       1.0488
    9951       1.0555
    9952       1.0820
    9953       0.9452
    9954       0.9098
    9955       1.0613
    9956       1.0914
    9957       1.0857
    9958       1.0524
    9959       1.1183
    9960       1.1339
    9961       1.0661
    9962       1.1275
    9963       1.1258
    9964       1.0782
    9965       1.1018
    9966       1.0474
    9967       1.0388
    9968       1.1639
    9969       1.1388
    9970       1.0056
    9971       1.0091
    9972       0.9804
    9973       0.9743
    9974       1.0237
    9975       0.9031
    9976       0.9561
    9977       0.9533
    9978       0.9622
    9979       1.0176
    9980       1.0322
    9981       0.9155
    9982       0.9971
    9983       0.9312
    9984       0.9578
    9985       1.1150
    9986       1.1177
    9987       1.0884
    9988       1.1053
    9989       1.0301
    9990       1.0600
    9991       1.1418
    9992       1.2226
    9993       1.0969
    9994       1.0893
    9995       1.2033
    9996       1.1256
    9997       1.0363
    9998       1.0796
    9999       1.0192
   10000       1.0184
   10001       1.1268
   10002       1.0297
   10003       1.0881
   10004       1.2018
   10005       1.1101
   10006       1.0314
   10007       1.1315
   10008       1.3022
   10009       1.2640
   10010       1.1042
   10011       1.1631
   10012       1.1604
   10013       0.9704
   10014       1.0571
   10015       1.1717
   10016       1.1530
   10017       1.1497
   10018       1.0757
   10019       1.1591
   10020       1.1774
   10021       1.2254
   10022       1.0994
   10023       1.0187
   10024       1.0765
   10025       1.1728
   10026       1.0287
   10027       1.1234
   10028       1.2066
   10029       1.2396
   10030       1.3529
   10031       1.3520
   10032       1.2067
   10033       1.2229
   10034       1.2076
   10035       1.2320
   10036       1.1863
   10037       1.1201
   10038       1.2459
   10039       1.2043
   10040       1.2783
   10041       1.2624
   10042       1.2786
   10043       1.2023
   10044       1.1896
   10045       1.2906
   10046       1.4392
   10047       1.3102
   10048       1.2963
   10049       1.2443
   10050       1.2960
   10051       1.3001
   10052       1.2876
   10053       1.4285
   10054       1.3293
   10055       1.3299
   10056       1.1580
   10057       1.4729
   10058       1.3315
   10059       1.2652
   10060       1.1911
   10061       1.2029
   10062       1.1146
   10063       1.1361
   10064       1.1616
   10065       1.2959
   10066       1.3934
   10067       1.4424
   10068       1.3173
   10069       1.2731
   10070       1.3140
   10071       1.1610
   10072       1.2413
   10073       1.3145
   10074       1.3150
   10075       1.1534
   10076       1.1929
   10077       1.1138
   10078       1.0776
   10079       1.0365
   10080       1.0302
   10081       1.1477
   10082       1.2711
   10083       1.2091
   10084       1.0634
   10085       1.2823
   10086       1.3316
   10087       1.1266
   10088       1.2317
   10089       1.2810
   10090       1.3320
   10091       1.1747
   10092       1.0892
   10093       1.1356
   10094       1.2448
   10095       1.2231
   10096       1.0611
   10097       1.0521
   10098       1.1348
   10099       1.1084
   10100       1.2460
   10101       1.1770
   10102       1.1457
   10103       1.1228
   10104       1.1760
   10105       1.2834
   10106       1.2202
   10107       1.1128
   10108       1.2632
   10109       1.1949
   10110       1.2433
   10111       1.2663
   10112       1.2552
   10113       1.0482
   10114       1.0645
   10115       1.0867
   10116       1.1347
   10117       1.3826
   10118       1.3079
   10119       1.2865
   10120       1.2757
   10121       1.2197
   10122       1.1651
   10123       1.1522
   10124       1.1293
   10125       1.1167
   10126       1.0480
   10127       1.0767
   10128       1.1261
   10129       1.0148
   10130       1.0375
   10131       0.9459
   10132       1.1081
   10133       1.1101
   10134       1.0073
   10135       0.9720
   10136       0.9593
   10137       0.9868
   10138       1.0707
   10139       0.9163
   10140       1.1225
   10141       1.1258
   10142       1.0579
   10143       1.1691
   10144       1.1177
   10145       1.1194
   10146       1.1626
   10147       1.2017
   10148       1.1227
   10149       1.1792
   10150       1.0020
   10151       0.9476
   10152       0.9803
   10153       0.9299
   10154       1.0019
   10155       1.0904
   10156       1.1596
   10157       1.0528
   10158       1.0307
   10159       1.0085
   10160       1.1418
   10161       1.1737
   10162       1.1583
   10163       1.1512
   10164       1.1376
   10165       1.1505
   10166       1.1997
   10167       1.0758
   10168       1.1238
   10169       1.0530
   10170       1.1346
   10171       1.1047
   10172       1.0440
   10173       1.1000
   10174       1.0772
   10175       1.1206
   10176       1.2452
   10177       1.1792
   10178       1.1882
   10179       1.1143
   10180       1.1422
   10181       1.1377
   10182       1.0445
   10183       1.0380
   10184       1.1995
   10185       1.1552
   10186       1.1595
   10187       1.2506
   10188       1.4195
   10189       1.3663
   10190       1.3132
   10191       1.2712
   10192       1.1285
   10193       1.1530
   10194       1.1121
   10195       1.1414
   10196       1.0891
   10197       1.1317
   10198       1.1441
   10199       1.0437
   10200       1.0975
   10201       1.0671
   10202       1.1317
   10203       1.1091
   10204       1.1558
   10205       1.0610
   10206       1.1402
   10207       1.1632
   10208       1.0839
   10209       1.0943
   10210       1.0778
   10211       1.1834
   10212       1.2621
   10213       1.1987
   10214       1.1124
   10215       1.1841
   10216       1.1743
   10217       1.0983
   10218       1.0598
   10219       1.0548
   10220       1.1406
   10221       1.1295
   10222       1.1597
   10223       1.1012
   10224       1.1826
   10225       1.1115
   10226       1.1871
   10227       1.2171
   10228       1.2063
   10229       1.1489
   10230       1.1586
   10231       1.1675
   10232       1.1401
   10233       1.0990
   10234       1.1009
   10235       1.0917
   10236       1.0705
   10237       1.2016
   10238       1.0480
   10239       1.0661
   10240       1.1264
   10241       1.1451
   10242       1.1609
   10243       1.1053
   10244       1.2208
   10245       1.1502
   10246       1.1564
   10247       0.9816
   10248       1.0967
   10249       1.0637
   10250       1.0964
   10251       1.1535
   10252       1.0681
   10253       1.1316
   10254       1.0555
   10255       1.0404
   10256       1.1194
   10257       1.0997
   10258       1.1931
   10259       1.1139
   10260       1.0986
   10261       1.1164
   10262       1.1682
   10263       0.9829
   10264       0.9391
   10265       1.0226
   10266       1.1209
   10267       1.0476
   10268       1.0953
   10269       1.1108
   10270       0.9532
   10271       0.9298
   10272       0.9459
   10273       0.8533
   10274       0.8926
   10275       0.9445
   10276       0.9815
   10277       0.9163
   10278       0.9480
   10279       0.9064
   10280       0.9938
   10281       1.1091
   10282       1.0064
   10283       0.8619
   10284       1.0174
   10285       0.9486
   10286       0.9889
   10287       1.1198
   10288       0.9758
   10289       0.9415
   10290       1.1289
   10291       0.9757
   10292       1.0148
   10293       1.1304
   10294       0.9595
   10295       0.9138
   10296       1.0285
   10297       0.9709
   10298       1.0315
   10299       0.9905
   10300       1.0945
   10301       1.1843
   10302       1.0067
   10303       1.0105
   10304       0.9950
   10305       1.0053
   10306       0.9948
   10307       0.9974
   10308       1.0372
   10309       1.1049
   10310       1.1284
   10311       1.0912
   10312       0.9533
   10313       1.0195
   10314       1.1822
   10315       0.9692
   10316       1.0446
   10317       0.9755
   10318       0.9605
   10319       1.0164
   10320       0.9886
   10321       1.0651
   10322       1.0744
   10323       1.1254
   10324       0.9871
   10325       0.9946
   10326       0.8858
   10327       1.0774
   10328       1.0686
   10329       1.0182
   10330       1.0060
   10331       1.0802
   10332       1.1702
   10333       1.1141
   10334       1.1819
   10335       1.1309
   10336       1.1815
   10337       1.1482
   10338       1.0748
   10339       1.1310
   10340       1.1447
   10341       1.0600
   10342       0.9502
   10343       1.0193
   10344       0.9453
   10345       0.9606
   10346       0.9781
   10347       1.0675
   10348       0.9760
   10349       0.9693
   10350       0.9365
   10351       0.9826
   10352       1.0055
   10353       0.9326
   10354       0.9244
   10355       0.9037
   10356       0.9660
   10357       0.9445
   10358       0.9818
   10359       0.9366
   10360       0.9698
   10361       0.9107
   10362       0.9775
   10363       1.0011
   10364       0.9923
   10365       1.0078
   10366       1.0287
   10367       1.1406
   10368       1.0588
   10369       1.0608
   10370       0.9343
   10371       0.9751
   10372       0.9242
   10373       0.9890
   10374       0.9645
   10375       0.9762
   10376       0.9736
   10377       0.9853
   10378       0.9591
   10379       1.0871
   10380       1.0214
   10381       1.0766
   10382       1.0476
   10383       1.0398
   10384       1.0375
   10385       1.0771
   10386       1.1606
   10387       1.1850
   10388       1.1664
   10389       1.0271
   10390       1.1278
   10391       1.1418
   10392       1.1148
   10393       1.0888
   10394       1.1486
   10395       1.1865
   10396       1.0888
   10397       1.0682
   10398       1.2246
   10399       1.1675
   10400       1.2179
   10401       1.2029
   10402       1.2111
   10403       1.1068
   10404       1.0720
   10405       1.0591
   10406       1.1460
   10407       1.1530
   10408       1.3146
   10409       1.3382
   10410       1.1956
   10411       1.2141
   10412       1.2771
   10413       1.2113
   10414       1.1207
   10415       1.2560
   10416       1.1909
   10417       1.1887
   10418       1.1411
   10419       1.1039
   10420       1.2309
   10421       1.2340
   10422       1.1224
   10423       1.0072
   10424       1.1349
   10425       1.1258
   10426       1.0325
   10427       1.0530
   10428       1.1403
   10429       1.1264
   10430       1.1587
   10431       1.0657
   10432       1.0134
   10433       1.0522
   10434       1.0846
   10435       1.1099
   10436       0.9966
   10437       1.1481
   10438       1.1229
   10439       1.0688
   10440       1.1434
   10441       1.1312
   10442       1.2555
   10443       1.3438
   10444       1.2131
   10445       1.2030
   10446       1.2899
   10447       1.2841
   10448       1.2347
   10449       1.1840
   10450       1.1114
   10451       1.1881
   10452       1.1553
   10453       1.1678
   10454       1.1640
   10455       1.0994
   10456       1.1240
   10457       1.1706
   10458       1.1957
   10459       1.1884
   10460       1.0808
   10461       1.1729
   10462       1.0481
   10463       1.0945
   10464       1.0225
   10465       0.9512
   10466       1.1389
   10467       1.0624
   10468       1.0826
   10469       1.0933
   10470       1.0370
   10471       1.0883
   10472       1.0545
   10473       1.1421
   10474       1.0922
   10475       1.0753
   10476       1.0223
   10477       1.1555
   10478       1.1017
   10479       1.0995
   10480       1.0895
   10481       1.1569
   10482       1.1330
   10483       1.2738
   10484       1.1778
   10485       1.2082
   10486       1.3128
   10487       1.3990
   10488       1.2331
   10489       1.1684
   10490       1.2026
   10491       1.2492
   10492       1.1425
   10493       1.1897
   10494       1.1241
   10495       1.0747
   10496       1.1172
   10497       1.0416
   10498       1.1022
   10499       1.1763
   10500       1.1145
   10501       0.9574
   10502       1.0921
   10503       0.9744
   10504       1.1002
   10505       1.1327
   10506       1.1897
   10507       1.1901
   10508       1.2003
   10509       1.2273
   10510       1.1975
   10511       1.1822
   10512       1.1229
   10513       1.1201
   10514       1.1736
   10515       1.1642
   10516       1.1871
   10517       1.1991
   10518       1.2182
   10519       1.2050
   10520       1.0426
   10521       1.1158
   10522       1.1908
   10523       1.1129
   10524       1.1183
   10525       1.1007
   10526       1.0493
   10527       1.0156
   10528       1.0610
   10529       1.1708
   10530       1.1057
   10531       1.1418
   10532       1.0911
   10533       1.1443
   10534       1.2037
   10535       1.1933
   10536       1.2758
   10537       1.1240
   10538       1.1490
   10539       1.1658
   10540       1.1001
   10541       1.1017
   10542       1.2350
   10543       1.1797
   10544       1.0828
   10545       1.0424
   10546       1.0312
   10547       1.0890
   10548       1.0665
   10549       1.1125
   10550       1.1713
   10551       1.0984
   10552       1.1572
   10553       1.1448
   10554       1.1978
   10555       1.2248
   10556       1.2743
   10557       1.1545
   10558       1.1986
   10559       1.2769
   10560       1.2782
   10561       1.1999
   10562       1.2597
   10563       1.3383
   10564       1.2738
   10565       1.2170
   10566       1.1192
   10567       1.1005
   10568       1.0415
   10569       0.9817
   10570       1.0741
   10571       1.2527
   10572       1.1168
   10573       1.0885
   10574       0.9980
   10575       0.9935
   10576       1.0581
   10577       1.0926
   10578       1.1370
   10579       1.0168
   10580       1.2135
   10581       1.1269
   10582       1.0963
   10583       1.0882
   10584       1.1748
   10585       1.1581
   10586       1.1528
   10587       1.1511
   10588       1.1594
   10589       1.0364
   10590       1.1338
   10591       1.0967
   10592       1.2021
   10593       1.1176
   10594       1.0815
   10595       1.0452
   10596       1.1376
   10597       1.1335
   10598       1.2471
   10599       1.2294
   10600       1.1078
   10601       0.9947
   10602       0.9943
   10603       1.0670
   10604       1.0691
   10605       1.0018
   10606       1.1400
   10607       1.1898
   10608       1.1415
   10609       1.3121
   10610       1.2075
   10611       1.2849
   10612       1.1412
   10613       1.2617
   10614       1.0715
   10615       1.1878
   10616       1.1408
   10617       1.1401
   10618       1.1188
   10619       1.0378
   10620       0.9630
   10621       0.9548
   10622       0.9375
   10623       1.0978
   10624       1.0745
   10625       1.1705
   10626       1.0976
   10627       1.0972
   10628       1.0289
   10629       1.0355
   10630       1.0588
   10631       1.0306
   10632       1.0773
   10633       1.1738
   10634       1.0786
   10635       1.0335
   10636       1.0434
   10637       1.0624
   10638       1.1563
   10639       1.0670
   10640       1.0816
   10641       1.0783
   10642       1.0614
   10643       0.9989
   10644       0.9997
   10645       1.0051
   10646       1.0927
   10647       1.1558
   10648       1.0598
   10649       1.0329
   10650       1.0473
   10651       1.0638
   10652       1.1288
   10653       1.0678
   10654       1.1916
   10655       1.2179
   10656       1.1836
   10657       1.1579
   10658       1.0550
   10659       1.0082
   10660       1.1224
   10661       1.2094
   10662       1.1412
   10663       1.0995
   10664       1.0625
   10665       1.0576
   10666       1.0542
   10667       1.0431
   10668       1.1742
   10669       1.1872
   10670       1.2060
   10671       1.2112
   10672       1.1213
   10673       1.2682
   10674       1.0800
   10675       1.1957
   10676       1.1136
   10677       1.1066
   10678       1.0088
   10679       1.0992
   10680       1.1595
   10681       1.1413
   10682       1.1859
   10683       1.1402
   10684       1.1694
   10685       1.1755
   10686       1.1553
   10687       1.1324
   10688       1.0924
   10689       1.1884
   10690       1.1806
   10691       1.2141
   10692       1.0967
   10693       1.2004
   10694       1.0663
   10695       1.0149
   10696       1.0242
   10697       1.1019
   10698       1.2694
   10699       1.1455
   10700       1.1766
   10701       1.1102
   10702       1.1627
   10703       1.0485
   10704       1.0958
   10705       1.2054
   10706       1.0404
   10707       1.0844
   10708       1.0926
   10709       1.1842
   10710       1.0422
   10711       1.1542
   10712       1.0517
   10713       1.0875
   10714       0.9941
   10715       0.9933
   10716       0.9741
   10717       0.9269
   10718       0.9516
   10719       1.0129
   10720       1.0090
   10721       1.0151
   10722       1.0836
   10723       1.0754
   10724       1.0312
   10725       1.0909
   10726       1.0339
   10727       0.9946
   10728       1.0805
   10729       1.0965
   10730       1.1328
   10731       1.1806
   10732       1.0778
   10733       1.1250
   10734       1.0647
   10735       1.0385
   10736       1.0686
   10737       1.1109
   10738       1.1956
   10739       1.1271
   10740       0.9809
   10741       1.0151
   10742       0.9680
   10743       1.0405
   10744       0.9642
   10745       0.9840
   10746       1.1700
   10747       1.0550
   10748       1.1633
   10749       1.1127
   10750       1.1231
   10751       1.1286
   10752       1.2276
   10753       1.2014
   10754       1.2253
   10755       1.1758
   10756       1.2019
   10757       1.1760
   10758       1.1588
   10759       1.2853
   10760       1.3310
   10761       1.3088
   10762       1.1641
   10763       1.1412
   10764       1.0649
   10765       1.1138
   10766       1.2764
   10767       1.1977
   10768       1.2028
   10769       1.1026
   10770       1.0824
   10771       1.0400
   10772       1.0919
   10773       1.0778
   10774       1.1291
   10775       1.0953
   10776       1.1341
   10777       1.0833
   10778       1.0111
   10779       1.1571
   10780       1.0861
   10781       1.0185
   10782       1.0396
   10783       1.0019
   10784       1.0139
   10785       0.9610
   10786       0.9575
   10787       0.9274
   10788       0.8915
   10789       0.9406
   10790       0.9736
   10791       1.0736
   10792       1.0604
   10793       1.0310
   10794       1.0433
   10795       1.1003
   10796       0.9911
   10797       1.0957
   10798       1.0540
   10799       1.1512
   10800       1.2609
   10801       1.2012
   10802       1.1687
   10803       1.2221
   10804       1.2095
   10805       1.1470
   10806       1.0989
   10807       1.0158
   10808       1.0984
   10809       1.0152
   10810       1.0750
   10811       1.0531
   10812       1.0891
   10813       1.0674
   10814       1.1114
   10815       1.1790
   10816       1.1591
   10817       1.1541
   10818       1.0408
   10819       1.0132
   10820       1.0977
   10821       1.0476
   10822       0.9689
   10823       1.0406
   10824       1.0180
   10825       0.9840
   10826       1.0665
   10827       1.1106
   10828       1.1319
   10829       1.1772
   10830       1.1586
   10831       1.2263
   10832       1.1091
   10833       1.1321
   10834       0.9227
   10835       1.0512
   10836       1.0765
   10837       1.1582
   10838       1.1360
   10839       1.1236
   10840       1.1639
   10841       1.1512
   10842       1.1715
   10843       1.1680
   10844       1.2158
   10845       1.2184
   10846       1.1523
   10847       1.1485
   10848       0.9828
   10849       1.0140
   10850       1.0750
   10851       1.0038
   10852       0.9364
   10853       1.0492
   10854       1.0322
   10855       1.1710
   10856       1.2078
   10857       1.1414
   10858       1.0238
   10859       1.1184
   10860       1.1569
   10861       0.9247
   10862       0.9876
   10863       1.0932
   10864       1.0252
   10865       1.0375
   10866       1.0116
   10867       1.0745
   10868       1.1481
   10869       1.0351
   10870       1.0498
   10871       0.9781
   10872       1.0094
   10873       1.1319
   10874       1.0458
   10875       1.0460
   10876       0.9889
   10877       1.1318
   10878       1.0644
   10879       1.2143
   10880       1.2582
   10881       1.2023
   10882       1.0868
   10883       1.1033
   10884       1.0857
   10885       1.0816
   10886       1.1444
   10887       1.0936
   10888       1.1986
   10889       1.1677
   10890       1.0594
   10891       1.0318
   10892       1.0406
   10893       0.9664
   10894       0.9746
   10895       0.9321
   10896       0.8328
   10897       0.9921
   10898       1.0107
   10899       1.0748
   10900       0.9388
   10901       1.0887
   10902       1.0501
   10903       1.0435
   10904       1.0528
   10905       1.0230
   10906       1.0914
   10907       1.0040
   10908       1.0449
   10909       1.0275
   10910       1.0786
   10911       1.0325
   10912       0.9268
   10913       1.0030
   10914       1.0843
   10915       1.0795
   10916       1.1145
   10917       1.0201
   10918       1.0532
   10919       1.1816
   10920       1.1456
   10921       1.1153
   10922       1.1553
   10923       1.2701
   10924       1.1839
   10925       1.3105
   10926       1.1673
   10927       1.1055
   10928       1.1797
   10929       1.1610
   10930       1.1124
   10931       1.3071
   10932       1.1995
   10933       1.1585
   10934       1.1768
   10935       1.0825
   10936       1.1087
   10937       1.2384
   10938       1.2448
   10939       1.1456
   10940       1.2608
   10941       1.3066
   10942       1.3069
   10943       1.3477
   10944       1.4209
   10945       1.3874
   10946       1.2676
   10947       1.3680
   10948       1.3635
   10949       1.2512
   10950       1.1661
   10951       1.1229
   10952       1.0384
   10953       1.1164
   10954       1.2559
   10955       1.1550
   10956       1.0287
   10957       0.8619
   10958       0.9325
   10959       0.8840
   10960       0.9355
   10961       1.0134
   10962       0.9070
   10963       1.0454
   10964       1.0734
   10965       1.1070
   10966       1.2176
   10967       1.1608
   10968       1.1334
   10969       1.0260
   10970       1.0912
   10971       1.0330
   10972       0.9247
   10973       1.0440
   10974       1.0173
   10975       1.0536
   10976       1.0620
   10977       1.0377
   10978       1.0512
   10979       0.9619
   10980       1.0080
   10981       1.0625
   10982       1.0421
   10983       1.0901
   10984       1.0248
   10985       1.0318
   10986       1.0419
   10987       1.0052
   10988       1.0094
   10989       1.0421
   10990       1.0065
   10991       1.0294
   10992       1.1395
   10993       1.0321
   10994       0.9486
   10995       0.9613
   10996       1.0023
   10997       0.9877
   10998       1.0130
   10999       0.9964
   11000       0.9446
   11001       1.0155
   11002       0.9971
   11003       1.0542
   11004       1.1698
   11005       1.2726
   11006       1.2055
   11007       1.1623
   11008       1.1564
   11009       1.2790
   11010       1.1349
   11011       1.2280
   11012       1.1976
   11013       1.1870
   11014       1.2205
   11015       1.1001
   11016       1.0427
   11017       1.0366
   11018       0.9495
   11019       0.9720
   11020       1.0897
   11021       1.0125
   11022       1.1382
   11023       1.1139
   11024       1.0957
   11025       1.0812
   11026       1.0640
   11027       0.9673
   11028       1.1114
   11029       0.9952
   11030       1.0750
   11031       1.0053
   11032       1.0229
   11033       1.0533
   11034       1.1196
   11035       0.9689
   11036       0.9887
   11037       0.9964
   11038       0.9903
   11039       1.0691
   11040       1.1151
   11041       1.2140
   11042       1.0656
   11043       1.0894
   11044       1.2060
   11045       1.0994
   11046       1.2834
   11047       1.2344
   11048       1.0724
   11049       1.1673
   11050       1.1390
   11051       1.2789
   11052       1.1653
   11053       1.2699
   11054       1.3490
   11055       1.2142
   11056       1.1483
   11057       1.0965
   11058       1.0021
   11059       0.9759
   11060       0.9571
   11061       1.0451
   11062       1.1468
   11063       0.9748
   11064       0.9957
   11065       1.0761
   11066       1.0302
   11067       0.9488
   11068       0.9426
   11069       1.0599
   11070       0.9933
   11071       0.9867
   11072       0.9667
   11073       0.9316
   11074       1.1164
   11075       1.1827
   11076       1.0856
   11077       1.0278
   11078       0.9468
   11079       1.0612
   11080       1.1312
   11081       1.1324
   11082       1.0101
   11083       0.8716
   11084       0.9539
   11085       0.9953
   11086       1.0051
   11087       1.1326
   11088       1.0380
   11089       1.1610
   11090       1.1793
   11091       1.1045
   11092       1.0019
   11093       1.0945
   11094       1.0337
   11095       1.2119
   11096       1.3685
   11097       1.1806
   11098       1.1170
   11099       1.0839
   11100       1.1246
   11101       1.1780
   11102       1.2383
   11103       1.0987
   11104       1.0517
   11105       1.1001
   11106       1.0185
   11107       0.9652
   11108       1.0250
   11109       0.9867
   11110       1.0600
   11111       1.0540
   11112       1.0211
   11113       1.0494
   11114       1.0124
   11115       1.0453
   11116       1.0895
   11117       1.1153
   11118       1.0529
   11119       1.0562
   11120       1.0340
   11121       1.0210
   11122       1.0422
   11123       1.0230
   11124       1.0176
   11125       0.9828
   11126       1.0520
   11127       1.0675
   11128       1.0166
   11129       1.0328
   11130       1.1068
   11131       1.0219
   11132       0.9896
   11133       0.9934
   11134       1.0519
   11135       0.9799
   11136       0.9951
   11137       1.0189
   11138       1.0229
   11139       0.9545
   11140       0.9639
   11141       1.0519
   11142       0.9439
   11143       0.9852
   11144       0.9615
   11145       1.0144
   11146       1.0074
   11147       1.0017
   11148       0.9552
   11149       0.9235
   11150       0.8442
   11151       0.9750
   11152       1.1621
   11153       1.1278
   11154       0.9596
   11155       1.0345
   11156       0.9641
   11157       0.9339
   11158       0.9019
   11159       1.0668
   11160       1.0466
   11161       1.0759
   11162       1.0665
   11163       0.9735
   11164       1.0321
   11165       1.0559
   11166       1.0900
   11167       1.0960
   11168       1.0435
   11169       1.0335
   11170       1.1203
   11171       1.1542
   11172       1.0121
   11173       0.9993
   11174       1.0563
   11175       1.0839
   11176       1.1061
   11177       1.0095
   11178       1.1194
   11179       1.2190
   11180       0.9751
   11181       1.0789
   11182       1.0251
   11183       0.9254
   11184       1.0371
   11185       0.9072
   11186       0.9621
   11187       0.9954
   11188       0.9974
   11189       1.0042
   11190       1.0363
   11191       1.0818
   11192       0.9622
   11193       1.0323
   11194       0.9324
   11195       1.0696
   11196       0.9830
   11197       1.0406
   11198       1.0711
   11199       1.0456
   11200       1.1027
   11201       1.0136
   11202       0.9347
   11203       0.9229
   11204       0.9041
   11205       1.0408
   11206       1.0667
   11207       1.0175
   11208       0.9680
   11209       0.9978
   11210       0.9575
   11211       0.9382
   11212       0.8833
   11213       0.9244
   11214       1.0727
   11215       1.0572
   11216       1.0458
   11217       1.0030
   11218       1.0373
   11219       1.1777
   11220       1.1545
   11221       1.2627
   11222       1.1041
   11223       0.8956
   11224       0.8921
   11225       0.9444
   11226       1.1443
   11227       1.0260
   11228       0.9714
   11229       0.8886
   11230       1.1183
   11231       1.1059
   11232       1.0506
   11233       1.0973
   11234       1.1737
   11235       1.1770
   11236       1.1272
   11237       1.0043
   11238       0.9797
   11239       0.8511
   11240       0.9862
   11241       0.9030
   11242       0.9963
   11243       1.0147
   11244       1.0407
   11245       1.0321
   11246       1.0132
   11247       1.0561
   11248       1.0130
   11249       0.9116
   11250       0.8883
   11251       0.9330
   11252       0.9019
   11253       0.9096
   11254       0.9867
   11255       0.9588
   11256       0.9068
   11257       0.9948
   11258       1.0480
   11259       0.9705
   11260       1.0478
   11261       1.0170
   11262       1.0375
   11263       1.1365
   11264       0.9299
   11265       0.9670
   11266       0.8602
   11267       0.9614
   11268       1.0602
   11269       1.2131
   11270       1.0745
   11271       1.0147
   11272       1.0426
   11273       1.1194
   11274       1.1316
   11275       1.1344
   11276       1.0196
   11277       1.1229
   11278       1.0332
   11279       1.3184
   11280       1.4530
   11281       1.4233
   11282       1.3271
   11283       1.3247
   11284       1.3145
   11285       1.1857
   11286       1.1818
   11287       1.2634
   11288       1.2404
   11289       1.1722
   11290       1.1885
   11291       1.1832
   11292       1.1316
   11293       1.1683
   11294       1.0849
   11295       1.1958
   11296       1.1431
   11297       1.0482
   11298       1.0645
   11299       1.1809
   11300       1.2324
   11301       1.1707
   11302       1.0493
   11303       1.2267
   11304       1.2145
   11305       1.1430
   11306       1.2352
   11307       1.1281
   11308       1.1240
   11309       1.2434
   11310       1.2086
   11311       1.1250
   11312       1.1951
   11313       1.3361
   11314       1.3635
   11315       1.3344
   11316       1.2330
   11317       1.4321
   11318       1.3914
   11319       1.4943
   11320       1.4052
   11321       1.3278
   11322       1.3314
   11323       1.3652
   11324       1.5191
   11325       1.4349
   11326       1.4227
   11327       1.2805
   11328       1.2177
   11329       1.2974
   11330       1.1172
   11331       1.0441
   11332       1.1059
   11333       1.1765
   11334       1.1629
   11335       1.1638
   11336       1.1710
   11337       1.1781
   11338       1.1949
   11339       1.1595
   11340       1.1329
   11341       1.0308
   11342       0.9718
   11343       1.0842
   11344       1.2167
   11345       1.0994
   11346       1.0299
   11347       1.2185
   11348       1.2008
   11349       1.1130
   11350       1.2140
   11351       1.2033
   11352       1.1263
   11353       0.9904
   11354       1.0198
   11355       1.0417
   11356       1.0894
   11357       1.0886
   11358       1.0355
   11359       1.1223
   11360       1.0368
   11361       1.0888
   11362       1.2033
   11363       1.1279
   11364       1.2951
   11365       1.0973
   11366       1.1541
   11367       1.2247
   11368       1.2165
   11369       1.2297
   11370       1.0593
   11371       1.0888
   11372       1.0623
   11373       1.1738
   11374       1.0428
   11375       1.1653
   11376       1.1365
   11377       1.0949
   11378       1.1352
   11379       1.1187
   11380       1.0439
   11381       1.0679
   11382       1.0656
   11383       1.1450
   11384       1.0954
   11385       1.0243
   11386       1.1328
   11387       1.1752
   11388       1.1303
   11389       1.1828
   11390       1.2371
   11391       1.1980
   11392       1.1524
   11393       1.1854
   11394       1.2516
   11395       1.0344
   11396       1.1601
   11397       1.1185
   11398       1.1181
   11399       1.0491
   11400       1.0957
   11401       1.0877
   11402       1.1230
   11403       1.0674
   11404       1.0458
   11405       1.0924
   11406       1.1261
   11407       1.3318
   11408       1.1096
   11409       1.1723
   11410       1.0926
   11411       1.0696
   11412       1.1787
   11413       1.1102
   11414       1.1231
   11415       1.0528
   11416       1.1782
   11417       1.1749
   11418       0.9892
   11419       0.9516
   11420       1.0435
   11421       1.0710
   11422       1.0488
   11423       1.0107
   11424       1.0293
   11425       1.0036
   11426       1.0940
   11427       1.0368
   11428       1.0167
   11429       1.0828
   11430       1.0336
   11431       1.0525
   11432       1.0170
   11433       1.0933
   11434       1.0926
   11435       1.0762
   11436       1.0616
   11437       1.0601
   11438       1.0366
   11439       1.1607
   11440       1.0368
   11441       1.2004
   11442       1.2319
   11443       1.2137
   11444       1.1813
   11445       1.1976
   11446       1.1863
   11447       1.1210
   11448       1.2188
   11449       1.0628
   11450       1.0711
   11451       1.1299
   11452       1.1980
   11453       1.2252
   11454       1.0965
   11455       1.0446
   11456       1.1276
   11457       1.0232
   11458       1.0986
   11459       1.0537
   11460       1.0085
   11461       0.9577
   11462       1.0381
   11463       1.1051
   11464       1.0879
   11465       1.1618
   11466       1.0783
   11467       1.0664
   11468       1.0082
   11469       1.0092
   11470       1.1713
   11471       1.0612
   11472       1.0305
   11473       1.0121
   11474       1.1288
   11475       1.1266
   11476       1.2375
   11477       1.1960
   11478       1.1444
   11479       1.2227
   11480       1.1694
   11481       1.2555
   11482       1.3343
   11483       1.2228
   11484       1.2172
   11485       1.2110
   11486       1.2599
   11487       1.2910
   11488       1.2180
   11489       1.2512
   11490       1.1642
   11491       1.1778
   11492       1.2465
   11493       1.1048
   11494       1.1289
   11495       1.1549
   11496       1.2228
   11497       1.1373
   11498       1.0840
   11499       1.0168
   11500       1.0598
   11501       0.9791
   11502       1.0388
   11503       1.0379
   11504       1.0923
   11505       1.0922
   11506       1.0904
   11507       1.0696
   11508       0.9860
   11509       1.1350
   11510       1.0848
   11511       1.1181
   11512       1.0675
   11513       1.0915
   11514       1.1474
   11515       1.0574
   11516       1.0406
   11517       1.0471
   11518       1.0787
   11519       1.0168
   11520       1.0120
   11521       0.9262
   11522       1.0548
   11523       1.0848
   11524       1.0564
   11525       1.2165
   11526       1.2175
   11527       1.1710
   11528       1.1847
   11529       1.2088
   11530       1.4155
   11531       1.3260
   11532       1.2333
   11533       1.2143
   11534       1.3320
   11535       1.3716
   11536       1.2666
   11537       1.2160
   11538       1.1705
   11539       1.4205
   11540       1.3609
   11541       1.2356
   11542       1.0879
   11543       1.1454
   11544       1.2259
   11545       1.1124
   11546       1.0784
   11547       1.2068
   11548       1.1260
   11549       1.0663
   11550       1.0644
   11551       1.1505
   11552       1.2260
   11553       1.1225
   11554       1.0889
   11555       1.3063
   11556       1.2264
   11557       1.3000
   11558       1.3713
   11559       1.3436
   11560       1.2865
   11561       1.1007
   11562       1.2219
   11563       1.1930
   11564       1.1501
   11565       1.1755
   11566       1.1892
   11567       1.2302
   11568       1.3093
   11569       1.2505
   11570       1.3025
   11571       1.2769
   11572       1.1509
   11573       1.2128
   11574       1.0525
   11575       1.0892
   11576       1.0731
   11577       1.2946
   11578       1.2260
   11579       1.3311
   11580       1.2776
   11581       1.4542
   11582       1.3710
   11583       1.3213
   11584       1.3513
   11585       1.3867
   11586       1.3225
   11587       1.1166
   11588       1.1516
   11589       1.0995
   11590       1.2814
   11591       1.3362
   11592       1.2514
   11593       1.2791
   11594       1.2130
   11595       1.1745
   11596       1.2773
   11597       1.3365
   11598       1.4038
   11599       1.4522
   11600       1.3063
   11601       1.4602
   11602       1.4081
   11603       1.3246
   11604       1.2803
   11605       1.3410
   11606       1.3770
   11607       1.5215
   11608       1.6147
   11609       1.6147
   11610       1.5148
   11611       1.4412
   11612       1.3641
   11613       1.4119
   11614       1.4679
   11615       1.7278
   11616       1.6209
   11617       1.7489
   11618       1.5099
   11619       1.6803
   11620       1.5352
   11621       1.4850
   11622       1.5030
   11623       1.5439
   11624       1.5515
   11625       1.5661
   11626       1.5893
   11627       1.4859
   11628       1.5162
   11629       1.6037
   11630       1.5152
   11631       1.4879
   11632       1.4339
   11633       1.4394
   11634       1.5563
   11635       1.6144
   11636       1.4492
   11637       1.4715
   11638       1.5128
   11639       1.4768
   11640       1.5328
   11641       1.7136
   11642       1.4874
   11643       1.5406
   11644       1.3640
   11645       1.5292
   11646       1.4859
   11647       1.6550
   11648       1.4582
   11649       1.5833
   11650       1.6195
   11651       1.5775
   11652       1.4294
   11653       1.4418
   11654       1.4336
   11655       1.2334
   11656       1.1789
   11657       1.1155
   11658       1.1508
   11659       1.1597
   11660       1.3864
   11661       1.3464
   11662       1.3837
   11663       1.3659
   11664       1.4393
   11665       1.4179
   11666       1.2800
   11667       1.2182
   11668       1.1568
   11669       1.1650
   11670       1.1120
   11671       1.3925
   11672       1.4621
   11673       1.2908
   11674       1.2905
   11675       1.2052
   11676       1.1612
   11677       1.1956
   11678       1.2247
   11679       1.2622
   11680       1.2020
   11681       1.2718
   11682       1.3174
   11683       1.2257
   11684       1.3653
   11685       1.2639
   11686       1.2222
   11687       1.1653
   11688       1.1569
   11689       1.2206
   11690       1.2122
   11691       1.1102
   11692       1.2432
   11693       1.2095
   11694       1.0686
   11695       0.9990
   11696       0.9918
   11697       1.1349
   11698       1.0841
   11699       0.9734
   11700       0.9696
   11701       0.9299
   11702       1.0234
   11703       1.0126
   11704       0.9698
   11705       0.9801
   11706       0.9440
   11707       1.0161
   11708       0.9253
   11709       1.0198
   11710       1.0100
   11711       1.1385
   11712       0.9702
   11713       0.9902
   11714       1.0199
   11715       1.0556
   11716       1.0475
   11717       1.1780
   11718       1.1867
   11719       1.2237
   11720       1.2011
   11721       1.2571
   11722       1.0994
   11723       1.2126
   11724       1.1177
   11725       1.0105
   11726       1.0376
   11727       0.9773
   11728       1.0704
   11729       1.0623
   11730       1.2190
   11731       1.2389
   11732       1.2846
   11733       1.2654
   11734       1.1187
   11735       1.1040
   11736       1.1271
   11737       1.1866
   11738       1.2212
   11739       1.1333
   11740       1.0689
   11741       1.0858
   11742       1.3244
   11743       1.2269
   11744       1.2174
   11745       1.2250
   11746       1.0881
   11747       1.0703
   11748       1.0200
   11749       1.1225
   11750       1.2781
   11751       1.1231
   11752       1.0203
   11753       1.0911
   11754       1.1038
   11755       1.1852
   11756       1.1556
   11757       1.1862
   11758       1.2062
   11759       1.1624
   11760       1.1152
   11761       1.1916
   11762       1.0863
   11763       1.0400
   11764       1.0628
   11765       1.2041
   11766       1.1395
   11767       1.1777
   11768       1.0727
   11769       1.0936
   11770       1.1290
   11771       1.1081
   11772       1.2120
   11773       1.1970
   11774       1.0611
   11775       0.9628
   11776       1.1361
   11777       1.0587
   11778       1.0955
   11779       1.2403
   11780       1.1273
   11781       1.0288
   11782       1.0082
   11783       1.0015
   11784       0.9496
   11785       0.9799
   11786       1.0231
   11787       1.0219
   11788       0.9311
   11789       0.9454
   11790       0.9933
   11791       1.0035
   11792       1.0014
   11793       1.0571
   11794       1.1696
   11795       1.0939
   11796       1.1819
   11797       1.0874
   11798       1.0326
   11799       1.1103
   11800       1.1376
   11801       1.1400
   11802       1.2082
   11803       1.1219
   11804       1.0096
   11805       1.1644
   11806       1.0240
   11807       1.1009
   11808       1.0435
   11809       1.0646
   11810       1.1084
   11811       1.0992
   11812       1.0933
   11813       1.0099
   11814       1.1918
   11815       1.0812
   11816       1.0801
   11817       1.1615
   11818       1.1182
   11819       1.1099
   11820       1.2278
   11821       1.1892
   11822       1.1070
   11823       1.2021
   11824       1.3266
   11825       1.3108
   11826       1.3668
   11827       1.2879
   11828       1.1901
   11829       1.2493
   11830       1.1601
   11831       1.1678
   11832       1.1554
   11833       1.0728
   11834       1.1675
   11835       1.3282
   11836       1.1713
   11837       1.1527
   11838       1.1520
   11839       1.1440
   11840       1.1551
   11841       1.0595
   11842       0.9687
   11843       1.1275
   11844       1.0880
   11845       1.1141
   11846       1.1399
   11847       1.2119
   11848       1.0810
   11849       1.0901
   11850       1.0233
   11851       1.2050
   11852       1.0868
   11853       1.0562
   11854       1.0333
   11855       1.0940
   11856       1.0425
   11857       1.0957
   11858       0.9858
   11859       1.1552
   11860       1.0251
   11861       1.0594
   11862       1.1503
   11863       1.0627
   11864       1.1801
   11865       1.2072
   11866       1.1393
   11867       1.2718
   11868       1.2401
   11869       1.2159
   11870       1.2800
   11871       1.3021
   11872       1.3026
   11873       1.1994
   11874       1.1931
   11875       1.2131
   11876       1.2141
   11877       1.1348
   11878       1.0235
   11879       1.0335
   11880       1.0859
   11881       1.0927
   11882       1.1194
   11883       1.1029
   11884       1.0529
   11885       1.0918
   11886       1.1718
   11887       1.1343
   11888       1.0942
   11889       1.1633
   11890       1.1111
   11891       1.2582
   11892       1.2592
   11893       1.2108
   11894       1.2790
   11895       1.0690
   11896       1.0971
   11897       1.0864
   11898       1.1029
   11899       1.0541
   11900       1.1274
   11901       1.1828
   11902       1.2100
   11903       1.0436
   11904       1.1498
   11905       1.2601
   11906       1.2532
   11907       1.3303
   11908       1.1888
   11909       1.1444
   11910       1.0772
   11911       0.9400
   11912       1.1739
   11913       1.1573
   11914       1.0759
   11915       1.0213
   11916       0.9540
   11917       0.9918
   11918       1.0600
   11919       1.1549
   11920       1.1139
   11921       1.1006
   11922       1.1702
   11923       1.2360
   11924       1.1414
   11925       1.1902
   11926       1.2808
   11927       1.3509
   11928       1.1942
   11929       1.1974
   11930       1.1203
   11931       1.1809
   11932       1.2148
   11933       1.2525
   11934       1.2766
   11935       1.2237
   11936       1.1329
   11937       1.0580
   11938       1.0496
   11939       1.0469
   11940       1.0426
   11941       1.0473
   11942       0.9644
   11943       0.9567
   11944       1.1125
   11945       0.9339
   11946       1.0314
   11947       0.9449
   11948       1.0858
   11949       1.1025
   11950       1.1714
   11951       1.3024
   11952       1.2449
   11953       1.2756
   11954       1.2395
   11955       1.4039
   11956       1.2087
   11957       1.2761
   11958       1.2326
   11959       1.1690
   11960       1.2056
   11961       1.2020
   11962       1.3184
   11963       1.2879
   11964       1.2071
   11965       1.2717
   11966       1.2486
   11967       1.3761
   11968       1.2511
   11969       1.2474
   11970       1.1309
   11971       1.2306
   11972       1.3004
   11973       1.1758
   11974       1.2553
   11975       1.1923
   11976       1.2255
   11977       1.2240
   11978       1.3063
   11979       1.1602
   11980       1.2263
   11981       1.0747
   11982       0.9702
   11983       1.0260
   11984       1.0949
   11985       1.1936
   11986       1.1058
   11987       1.0894
   11988       1.0339
   11989       1.1223
   11990       1.0016
   11991       1.1030
   11992       1.1449
   11993       1.2433
   11994       1.2401
   11995       1.2819
   11996       1.3442
   11997       1.4459
   11998       1.3440
   11999       1.2930
   12000       1.1945
   12001       1.1468
   12002       1.1351
   12003       1.1576
   12004       1.2019
   12005       1.1311
   12006       1.0698
   12007       1.1740
   12008       1.1782
   12009       1.3143
   12010       1.3657
   12011       1.1854
   12012       1.3203
   12013       1.3772
   12014       1.5070
   12015       1.3057
   12016       1.3606
   12017       1.3861
   12018       1.3078
   12019       1.2604
   12020       1.1962
   12021       1.2756
   12022       1.2141
   12023       1.3872
   12024       1.2655
   12025       1.2530
   12026       1.3084
   12027       1.2097
   12028       1.2385
   12029       1.0884
   12030       1.0438
   12031       1.0404
   12032       1.1316
   12033       1.1102
   12034       1.0388
   12035       1.0154
   12036       1.2122
   12037       1.2007
   12038       1.3006
   12039       1.1049
   12040       1.2272
   12041       1.2346
   12042       1.2437
   12043       1.2596
   12044       1.1026
   12045       0.9223
   12046       1.0378
   12047       1.1690
   12048       1.1729
   12049       1.1690
   12050       1.2667
   12051       1.1384
   12052       1.1589
   12053       1.1507
   12054       1.1966
   12055       1.0638
   12056       1.0691
   12057       0.9237
   12058       1.0021
   12059       1.1087
   12060       1.2511
   12061       1.1504
   12062       1.2062
   12063       1.0757
   12064       1.0640
   12065       1.1218
   12066       1.0342
   12067       1.0417
   12068       0.9768
   12069       1.2693
   12070       1.2008
   12071       1.2684
   12072       1.2391
   12073       1.2591
   12074       1.2682
   12075       1.3162
   12076       1.2079
   12077       1.2214
   12078       1.1636
   12079       1.2005
   12080       1.1434
   12081       1.1894
   12082       1.2358
   12083       1.2141
   12084       1.2300
   12085       1.3041
   12086       1.4159
   12087       1.1609
   12088       1.1535
   12089       1.1563
   12090       1.1708
   12091       1.1400
   12092       1.3122
   12093       1.1865
   12094       1.1921
   12095       1.0127
   12096       0.9596
   12097       1.0917
   12098       1.1715
   12099       1.2505
   12100       1.2587
   12101       1.2389
   12102       1.2823
   12103       1.2899
   12104       1.3637
   12105       1.3930
   12106       1.4994
   12107       1.3333
   12108       1.1241
   12109       1.2114
   12110       1.1192
   12111       1.1173
   12112       1.1346
   12113       1.2493
   12114       1.3449
   12115       1.2391
   12116       1.1453
   12117       1.1107
   12118       1.1010
   12119       1.1662
   12120       1.0895
   12121       0.9957
   12122       1.0073
   12123       1.0044
   12124       1.0473
   12125       1.0785
   12126       0.9939
   12127       1.0323
   12128       1.0991
   12129       1.1457
   12130       1.1061
   12131       1.1559
   12132       1.2977
   12133       1.1702
   12134       1.0638
   12135       1.0296
   12136       1.2585
   12137       1.0594
   12138       1.0567
   12139       1.0593
   12140       1.1546
   12141       1.1805
   12142       1.2306
   12143       1.0325
   12144       1.1596
   12145       1.2769
   12146       1.2890
   12147       1.1369
   12148       1.1093
   12149       1.0370
   12150       1.1686
   12151       1.2703
   12152       1.2193
   12153       1.2248
   12154       1.3807
   12155       1.2035
   12156       1.1189
   12157       1.3734
   12158       1.2935
   12159       1.1894
   12160       1.5242
   12161       1.4562
   12162       1.3627
   12163       1.3036
   12164       1.4165
   12165       1.3452
   12166       1.2604
   12167       1.2517
   12168       1.3724
   12169       1.3540
   12170       1.3080
   12171       1.1399
   12172       1.2722
   12173       1.3624
   12174       1.3766
   12175       1.3996
   12176       1.3748
   12177       1.3003
   12178       1.3083
   12179       1.4915
   12180       1.6291
   12181       1.6127
   12182       1.4790
   12183       1.3334
   12184       1.4450
   12185       1.4358
   12186       1.3819
   12187       1.4761
   12188       1.3555
   12189       1.4291
   12190       1.3849
   12191       1.4699
   12192       1.5792
   12193       1.4153
   12194       1.2346
   12195       1.2808
   12196       1.2925
   12197       1.1750
   12198       1.2621
   12199       1.3063
   12200       1.3604
   12201       1.2357
   12202       1.1527
   12203       1.2508
   12204       1.2599
   12205       1.2389
   12206       1.2617
   12207       1.1509
   12208       1.1498
   12209       0.9648
   12210       1.1695
   12211       1.1977
   12212       1.0779
   12213       1.2126
   12214       1.2261
   12215       1.2902
   12216       1.0687
   12217       1.2180
   12218       1.2855
   12219       1.1475
   12220       1.2531
   12221       1.3305
   12222       1.3516
   12223       1.3598
   12224       1.3428
   12225       1.3129
   12226       1.3259
   12227       1.3448
   12228       1.3468
   12229       1.3551
   12230       1.2935
   12231       1.2836
   12232       1.2665
   12233       1.5160
   12234       1.3725
   12235       1.4085
   12236       1.4784
   12237       1.4184
   12238       1.2006
   12239       1.2676
   12240       1.3219
   12241       1.3143
   12242       1.2791
   12243       1.3442
   12244       1.2626
   12245       1.4094
   12246       1.2935
   12247       1.3151
   12248       1.1713
   12249       1.3280
   12250       1.3685
   12251       1.4136
   12252       1.2770
   12253       1.2226
   12254       1.3018
   12255       1.3357
   12256       1.2756
   12257       1.3349
   12258       1.2930
   12259       1.4100
   12260       1.4716
   12261       1.4900
   12262       1.2955
   12263       1.1902
   12264       1.2749
   12265       1.3156
   12266       1.3285
   12267       1.1677
   12268       1.0376
   12269       1.1571
   12270       1.2082
   12271       1.2254
   12272       1.3389
   12273       1.2080
   12274       1.2630
   12275       1.1541
   12276       1.2504
   12277       1.1910
   12278       1.1748
   12279       1.2732
   12280       1.2404
   12281       1.2970
   12282       1.2124
   12283       1.2592
   12284       1.2409
   12285       1.2176
   12286       1.1462
   12287       1.2497
   12288       1.1662
   12289       1.2163
   12290       1.1660
   12291       1.1146
   12292       1.2492
   12293       1.2458
   12294       1.1943
   12295       1.1298
   12296       1.2896
   12297       1.3519
   12298       1.3591
   12299       1.3434
   12300       1.4189
   12301       1.3721
   12302       1.3656
   12303       1.3101
   12304       1.3438
   12305       1.5319
   12306       1.2205
   12307       1.0994
   12308       1.2753
   12309       1.1291
   12310       1.1946
   12311       1.1617
   12312       1.2421
   12313       1.1418
   12314       1.0314
   12315       1.0925
   12316       1.3304
   12317       1.3412
   12318       1.2886
   12319       1.3234
   12320       1.2557
   12321       1.1574
   12322       1.2462
   12323       1.2548
   12324       1.0457
   12325       1.0517
   12326       1.1016
   12327       1.0012
   12328       1.1625
   12329       1.1392
   12330       1.0784
   12331       1.1440
   12332       1.1398
   12333       1.1073
   12334       1.1227
   12335       1.2541
   12336       1.1674
   12337       1.3001
   12338       1.1350
   12339       1.1013
   12340       1.1137
   12341       1.0848
   12342       1.1034
   12343       1.0993
   12344       1.0519
   12345       0.9772
   12346       1.0156
   12347       1.1470
   12348       0.9499
   12349       0.9953
   12350       1.0433
   12351       1.1443
   12352       1.1567
   12353       1.0534
   12354       1.0080
   12355       0.9346
   12356       0.9797
   12357       1.0604
   12358       1.1886
   12359       1.1328
   12360       1.0807
   12361       1.0715
   12362       1.1170
   12363       1.0870
   12364       1.0970
   12365       1.1168
   12366       0.9774
   12367       1.0807
   12368       1.1436
   12369       1.0423
   12370       1.0640
   12371       1.0743
   12372       1.0677
   12373       1.1429
   12374       0.9245
   12375       0.8946
   12376       0.9235
   12377       1.0401
   12378       1.0000
   12379       0.9805
   12380       0.9863
   12381       1.1110
   12382       1.0582
   12383       0.9848
   12384       1.0155
   12385       0.9910
   12386       1.0484
   12387       1.1295
   12388       1.1371
   12389       1.1898
   12390       1.0916
   12391       1.1188
   12392       1.1537
   12393       1.0821
   12394       1.0424
   12395       1.0111
   12396       1.0504
   12397       1.0154
   12398       1.2231
   12399       1.1343
   12400       1.2758
   12401       1.3157
   12402       1.2335
   12403       1.4467
   12404       1.2359
   12405       1.0707
   12406       0.9977
   12407       1.0294
   12408       1.0834
   12409       0.9950
   12410       1.0773
   12411       1.1044
   12412       1.0768
   12413       1.0282
   12414       1.1193
   12415       1.1521
   12416       1.2540
   12417       1.3156
   12418       1.1469
   12419       1.0547
   12420       1.0564
   12421       1.1574
   12422       1.1362
   12423       1.0659
   12424       1.1032
   12425       1.0079
   12426       0.9495
   12427       1.0695
   12428       1.0849
   12429       1.2794
   12430       1.2497
   12431       1.0705
   12432       1.0932
   12433       1.0801
   12434       1.0440
   12435       1.0259
   12436       1.1260
   12437       1.1511
   12438       1.1342
   12439       1.1551
   12440       1.1248
   12441       1.1163
   12442       1.0463
   12443       1.1093
   12444       1.0522
   12445       1.0756
   12446       1.0697
   12447       1.0554
   12448       1.0021
   12449       1.0393
   12450       1.0845
   12451       1.0049
   12452       1.0118
   12453       1.0856
   12454       1.0177
   12455       1.1088
   12456       1.1347
   12457       1.0656
   12458       1.1134
   12459       1.1072
   12460       1.1108
   12461       1.0508
   12462       1.0699
   12463       0.9934
   12464       0.9820
   12465       1.1330
   12466       1.0635
   12467       1.0962
   12468       1.0931
   12469       1.1325
   12470       1.1756
   12471       1.1790
   12472       1.0921
   12473       1.0550
   12474       1.0145
   12475       1.0570
   12476       1.1062
   12477       1.1345
   12478       1.1514
   12479       1.2162
   12480       1.1664
   12481       1.1289
   12482       1.2076
   12483       1.1853
   12484       1.1529
   12485       1.0445
   12486       1.0526
   12487       1.0429
   12488       1.0874
   12489       1.0957
   12490       1.1363
   12491       1.2565
   12492       1.1086
   12493       1.1197
   12494       1.1425
   12495       1.2573
   12496       1.2859
   12497       1.1430
   12498       1.1856
   12499       1.1334
   12500       1.2611
   12501       1.1568
   12502       1.1913
   12503       1.2135
   12504       1.1571
   12505       1.0472
   12506       1.2201
   12507       1.1114
   12508       1.0304
   12509       1.2773
   12510       1.2324
   12511       1.0908
   12512       1.1599
   12513       1.1726
   12514       1.1963
   12515       1.0788
   12516       1.0000
   12517       0.9513
   12518       1.0390
   12519       1.0215
   12520       1.0078
   12521       0.9572
   12522       1.0339
   12523       1.1291
   12524       1.1957
   12525       1.0254
   12526       1.0221
   12527       1.2276
   12528       1.2156
   12529       1.2243
   12530       1.0908
   12531       1.0321
   12532       1.0441
   12533       1.0897
   12534       0.9544
   12535       1.0321
   12536       1.0469
   12537       1.1178
   12538       1.2113
   12539       1.1107
   12540       1.1924
   12541       1.1431
   12542       1.0062
   12543       1.1122
   12544       1.2845
   12545       1.1968
   12546       1.1199
   12547       1.1605
   12548       1.1005
   12549       0.9915
   12550       1.0714
   12551       1.0083
   12552       1.0799
   12553       1.1455
   12554       1.2128
   12555       1.2232
   12556       1.1908
   12557       1.1202
   12558       1.0702
   12559       1.1376
   12560       1.0909
   12561       1.0739
   12562       1.0477
   12563       1.1146
   12564       1.0578
   12565       0.9508
   12566       1.0497
   12567       1.1086
   12568       1.0574
   12569       1.0636
   12570       1.0541
   12571       1.0337
   12572       0.9324
   12573       0.9996
   12574       1.0059
   12575       1.0819
   12576       0.9710
   12577       1.0457
   12578       1.0654
   12579       1.0781
   12580       1.0932
   12581       1.1051
   12582       1.1171
   12583       1.0806
   12584       1.1099
   12585       1.1265
   12586       1.0532
   12587       1.1724
   12588       1.2524
   12589       1.1306
   12590       1.0270
   12591       1.1293
   12592       1.0855
   12593       1.0983
   12594       1.0358
   12595       1.1621
   12596       1.0716
   12597       1.0374
   12598       1.1487
   12599       1.2049
   12600       1.1712
   12601       1.2189
   12602       1.2286
   12603       1.2012
   12604       1.2916
   12605       1.2663
   12606       1.2343
   12607       1.0305
   12608       1.1777
   12609       1.2535
   12610       1.3132
   12611       1.1766
   12612       1.2746
   12613       1.3267
   12614       1.2059
   12615       1.3062
   12616       1.2693
   12617       1.0807
   12618       1.0033
   12619       1.2177
   12620       1.2196
   12621       1.3870
   12622       1.4048
   12623       1.2290
   12624       1.2306
   12625       1.3267
   12626       1.4011
   12627       1.4870
   12628       1.3675
   12629       1.3188
   12630       1.4080
   12631       1.1388
   12632       1.1941
   12633       1.1763
   12634       1.1690
   12635       1.0990
   12636       1.1999
   12637       1.0419
   12638       0.9652
   12639       1.0269
   12640       1.0106
   12641       0.8618
   12642       0.9836
   12643       0.9537
   12644       0.9552
   12645       1.1332
   12646       0.8905
   12647       0.9530
   12648       1.1235
   12649       1.0245
   12650       1.0061
   12651       1.0326
   12652       1.1104
   12653       1.0231
   12654       0.9569
   12655       1.1232
   12656       1.0637
   12657       1.0930
   12658       0.9897
   12659       1.0099
   12660       1.0687
   12661       1.1269
   12662       1.2445
   12663       1.2844
   12664       1.1863
   12665       1.2110
   12666       1.1657
   12667       1.1659
   12668       1.2074
   12669       1.1716
   12670       1.1964
   12671       1.2538
   12672       1.0675
   12673       1.0781
   12674       1.2204
   12675       1.0803
   12676       1.0150
   12677       1.0933
   12678       1.0998
   12679       0.9963
   12680       0.9782
   12681       0.9477
   12682       0.9358
   12683       0.9087
   12684       0.9561
   12685       1.0105
   12686       1.0906
   12687       1.0522
   12688       1.1050
   12689       1.0690
   12690       1.1606
   12691       1.0614
   12692       1.1040
   12693       1.1901
   12694       1.2346
   12695       1.1387
   12696       1.0720
   12697       1.0839
   12698       0.9991
   12699       1.0397
   12700       1.0503
   12701       1.0065
   12702       0.9264
   12703       0.9910
   12704       1.0406
   12705       1.1469
   12706       1.2026
   12707       1.1454
   12708       1.1613
   12709       1.2735
   12710       1.1653
   12711       1.2669
   12712       1.1203
   12713       1.1838
   12714       1.0944
   12715       0.9231
   12716       1.1094
   12717       0.9948
   12718       0.8855
   12719       1.0200
   12720       0.9861
   12721       0.9200
   12722       1.0600
   12723       1.0607
   12724       1.1852
   12725       1.2858
   12726       1.0464
   12727       1.2447
   12728       1.1029
   12729       1.1385
   12730       1.1197
   12731       0.9600
   12732       0.9724
   12733       1.0782
   12734       1.0760
   12735       1.1241
   12736       1.0998
   12737       1.0225
   12738       1.0442
   12739       0.9441
   12740       1.0671
   12741       1.1226
   12742       0.9820
   12743       1.0900
   12744       1.0745
   12745       1.0774
   12746       1.0966
   12747       1.2724
   12748       1.3050
   12749       1.4370
   12750       1.3628
   12751       1.2938
   12752       1.3140
   12753       1.2664
   12754       1.2418
   12755       1.2540
   12756       1.3072
   12757       1.2797
   12758       1.2308
   12759       1.2842
   12760       1.1503
   12761       1.0313
   12762       1.0185
   12763       1.1749
   12764       1.1690
   12765       1.1413
   12766       1.1717
   12767       1.2893
   12768       1.1941
   12769       1.1796
   12770       1.2112
   12771       1.3086
   12772       1.2518
   12773       1.4523
   12774       1.3338
   12775       1.2144
   12776       1.3284
   12777       1.1403
   12778       1.1456
   12779       1.1335
   12780       1.2116
   12781       1.2778
   12782       1.0948
   12783       1.2105
   12784       1.1806
   12785       1.2888
   12786       1.1830
   12787       1.0847
   12788       1.0998
   12789       1.0986
   12790       1.1239
   12791       1.0160
   12792       1.0810
   12793       1.0811
   12794       1.2731
   12795       1.4996
   12796       1.4353
   12797       1.3829
   12798       1.4356
   12799       1.3322
   12800       1.3079
   12801       1.3393
   12802       1.1355
   12803       1.1095
   12804       1.2027
   12805       1.1376
   12806       1.0763
   12807       1.1023
   12808       1.1983
   12809       1.1413
   12810       1.3210
   12811       1.2181
   12812       1.1309
   12813       1.0423
   12814       1.1428
   12815       1.0586
   12816       1.3136
   12817       1.2967
   12818       1.1885
   12819       1.2134
   12820       1.2214
   12821       1.1803
   12822       1.1181
   12823       1.1046
   12824       1.1918
   12825       1.3963
   12826       1.3461
   12827       1.3125
   12828       1.1979
   12829       1.2067
   12830       1.1952
   12831       1.4612
   12832       1.5086
   12833       1.4162
   12834       1.4468
   12835       1.3687
   12836       1.3370
   12837       1.3506
   12838       1.3010
   12839       1.3109
   12840       1.3676
   12841       1.3755
   12842       1.4401
   12843       1.2336
   12844       1.2566
   12845       1.2356
   12846       1.3511
   12847       1.1407
   12848       1.1546
   12849       1.1970
   12850       1.0751
   12851       1.0600
   12852       1.0468
   12853       1.0940
   12854       1.1405
   12855       1.1608
   12856       1.2481
   12857       1.3141
   12858       1.2464
   12859       1.2339
   12860       1.2832
   12861       1.2020
   12862       1.2919
   12863       1.2595
   12864       1.1844
   12865       1.3785
   12866       1.1985
   12867       1.3296
   12868       1.2413
   12869       1.0262
   12870       1.0465
   12871       1.2241
   12872       1.3236
   12873       1.2103
   12874       1.2199
   12875       1.3033
   12876       1.2270
   12877       1.1449
   12878       1.1096
   12879       1.1748
   12880       1.2468
   12881       1.2802
   12882       1.4322
   12883       1.3133
   12884       1.4147
   12885       1.5456
   12886       1.3423
   12887       1.1293
   12888       1.0293
   12889       1.1224
   12890       1.1277
   12891       1.2089
   12892       1.2318
   12893       1.1016
   12894       0.9591
   12895       1.1145
   12896       1.1520
   12897       1.2966
   12898       1.3606
   12899       1.3362
   12900       1.1889
   12901       1.1928
   12902       1.2525
   12903       1.2061
   12904       1.3329
   12905       1.5681
   12906       1.5250
   12907       1.2823
   12908       1.1271
   12909       1.1190
   12910       1.0049
   12911       1.0137
   12912       1.0110
   12913       1.0007
   12914       1.0016
   12915       1.1388
   12916       0.9596
   12917       1.0179
   12918       1.0198
   12919       1.1335
   12920       0.9780
   12921       1.1611
   12922       1.1121
   12923       1.0198
   12924       0.9314
   12925       1.0043
   12926       1.0657
   12927       1.2114
   12928       1.1489
   12929       1.2083
   12930       1.2333
   12931       1.1620
   12932       1.1295
   12933       1.2709
   12934       1.1002
   12935       1.1113
   12936       1.2368
   12937       1.0806
   12938       1.1158
   12939       1.2032
   12940       1.2138
   12941       1.0681
   12942       1.1405
   12943       1.0936
   12944       1.1181
   12945       1.0568
   12946       1.2366
   12947       1.2165
   12948       1.2127
   12949       1.1435
   12950       1.0218
   12951       1.1186
   12952       1.2242
   12953       1.2746
   12954       1.2297
   12955       1.2811
   12956       1.2793
   12957       1.3644
   12958       1.4814
   12959       1.5524
   12960       1.4493
   12961       1.5096
   12962       1.3001
   12963       1.1107
   12964       1.2881
   12965       1.3261
   12966       1.3461
   12967       1.2827
   12968       1.1820
   12969       1.2226
   12970       1.2704
   12971       1.2033
   12972       1.1635
   12973       1.2188
   12974       1.2530
   12975       1.3141
   12976       1.1768
   12977       1.1421
   12978       1.1543
   12979       1.2221
   12980       1.3088
   12981       1.2031
   12982       1.0777
   12983       1.0877
   12984       1.0885
   12985       1.2771
   12986       1.2452
   12987       1.1484
   12988       1.0434
   12989       1.2053
   12990       1.2010
   12991       1.2523
   12992       1.1364
   12993       1.1856
   12994       1.3171
   12995       1.4162
   12996       1.4041
   12997       1.3387
   12998       1.4225
   12999       1.4081
   13000       1.3062
   13001       1.2206
   13002       1.2542
   13003       1.2204
   13004       1.2634
   13005       1.2800
   13006       1.1876
   13007       1.2568
   13008       1.2588
   13009       1.2657
   13010       1.2127
   13011       1.2147
   13012       1.1736
   13013       1.2412
   13014       1.1513
   13015       1.2576
   13016       1.0452
   13017       1.1135
   13018       1.1161
   13019       1.1218
   13020       1.1053
   13021       1.1606
   13022       1.1103
   13023       1.1353
   13024       1.2497
   13025       1.3283
   13026       1.3451
   13027       1.1854
   13028       1.1237
   13029       1.2582
   13030       1.2092
   13031       1.2407
   13032       1.2732
   13033       1.3051
   13034       1.3976
   13035       1.5194
   13036       1.3117
   13037       1.2752
   13038       1.0678
   13039       1.0073
   13040       1.1167
   13041       1.1828
   13042       1.1089
   13043       1.1352
   13044       1.1908
   13045       1.2559
   13046       1.2849
   13047       1.1470
   13048       1.0787
   13049       1.1883
   13050       1.0366
   13051       1.0922
   13052       1.1369
   13053       1.2358
   13054       1.2466
   13055       1.1715
   13056       1.1194
   13057       1.1186
   13058       1.1865
   13059       1.1605
   13060       1.3257
   13061       1.2160
   13062       1.4795
   13063       1.2131
   13064       1.2084
   13065       1.0838
   13066       1.0980
   13067       1.0597
   13068       1.0963
   13069       1.2012
   13070       1.0621
   13071       1.0923
   13072       1.2502
   13073       1.0327
   13074       1.1058
   13075       1.1401
   13076       1.0741
   13077       1.0389
   13078       1.0005
   13079       1.1348
   13080       1.1260
   13081       1.2565
   13082       1.2853
   13083       1.2584
   13084       1.3244
   13085       1.3702
   13086       1.3702
   13087       1.2880
   13088       1.3269
   13089       1.4245
   13090       1.4369
   13091       1.3467
   13092       1.3179
   13093       1.3915
   13094       1.3419
   13095       1.3663
   13096       1.2934
   13097       1.1719
   13098       1.2945
   13099       1.2913
   13100       1.3222
   13101       1.3658
   13102       1.3087
   13103       1.2867
   13104       1.1953
   13105       1.1445
   13106       1.2642
   13107       1.2948
   13108       1.4372
   13109       1.2491
   13110       1.2558
   13111       1.0929
   13112       1.1149
   13113       1.0207
   13114       1.1641
   13115       1.1233
   13116       1.1756
   13117       1.1690
   13118       1.2826
   13119       1.3802
   13120       1.4165
   13121       1.3291
   13122       1.2816
   13123       1.0380
   13124       1.1045
   13125       1.1395
   13126       1.0959
   13127       1.1002
   13128       1.1491
   13129       1.1576
   13130       1.1666
   13131       1.3217
   13132       1.2382
   13133       1.2048
   13134       1.0987
   13135       1.0915
   13136       1.0881
   13137       1.1190
   13138       1.1908
   13139       1.3269
   13140       1.2869
   13141       1.3316
   13142       1.2487
   13143       1.2709
   13144       1.3420
   13145       1.2776
   13146       1.2580
   13147       1.2238
   13148       1.1199
   13149       1.3121
   13150       1.2263
   13151       1.2649
   13152       1.2141
   13153       1.2716
   13154       1.2403
   13155       1.2098
   13156       1.1391
   13157       1.2983
   13158       1.3945
   13159       1.3673
   13160       1.1642
   13161       1.1806
   13162       1.3286
   13163       1.3534
   13164       1.3127
   13165       1.3785
   13166       1.4216
   13167       1.2278
   13168       1.2745
   13169       1.1121
   13170       1.0459
   13171       1.1318
   13172       1.0683
   13173       0.9345
   13174       1.0172
   13175       0.9963
   13176       1.0011
   13177       1.0310
   13178       1.0593
   13179       1.1285
   13180       1.1505
   13181       1.1402
   13182       1.0886
   13183       1.0841
   13184       1.1373
   13185       1.0211
   13186       1.0397
   13187       1.1128
   13188       1.0419
   13189       1.0718
   13190       1.0163
   13191       1.0647
   13192       1.1785
   13193       1.1088
   13194       1.2300
   13195       1.5015
   13196       1.3820
   13197       1.3825
   13198       1.3372
   13199       1.4402
   13200       1.2330
   13201       1.1729
   13202       1.2062
   13203       1.1580
   13204       1.1703
   13205       1.1490
   13206       1.2354
   13207       1.1936
   13208       1.1607
   13209       1.2896
   13210       1.2803
   13211       1.3140
   13212       1.2846
   13213       1.1403
   13214       1.1817
   13215       1.1390
   13216       1.1578
   13217       1.2104
   13218       1.1838
   13219       1.2251
   13220       1.1814
   13221       1.0776
   13222       1.1375
   13223       1.1171
   13224       1.1217
   13225       1.1502
   13226       1.2714
   13227       1.0903
   13228       1.1569
   13229       1.0742
   13230       1.1102
   13231       1.2112
   13232       1.2117
   13233       1.1441
   13234       1.2176
   13235       1.2739
   13236       1.3187
   13237       1.3754
   13238       1.3556
   13239       1.3798
   13240       1.1650
   13241       1.2249
   13242       1.2807
   13243       1.3602
   13244       1.3098
   13245       1.4294
   13246       1.5208
   13247       1.3396
   13248       1.4284
   13249       1.3573
   13250       1.3012
   13251       1.0740
   13252       1.1178
   13253       1.0649
   13254       1.0327
   13255       1.1452
   13256       1.3366
   13257       1.3064
   13258       1.3262
   13259       1.1710
   13260       1.1616
   13261       1.1721
   13262       1.2201
   13263       1.2336
   13264       1.0912
   13265       1.1082
   13266       1.0315
   13267       1.2230
   13268       1.1659
   13269       1.1827
   13270       1.2899
   13271       1.1174
   13272       1.1327
   13273       1.2217
   13274       1.0658
   13275       1.1697
   13276       1.2764
   13277       1.1163
   13278       1.1816
   13279       1.1813
   13280       1.1216
   13281       1.1228
   13282       1.1478
   13283       1.2337
   13284       1.2038
   13285       1.1471
   13286       1.0068
   13287       1.0943
   13288       1.0904
   13289       1.1790
   13290       1.2997
   13291       1.1837
   13292       1.2713
   13293       1.3564
   13294       1.3374
   13295       1.3112
   13296       1.2875
   13297       1.2116
   13298       1.3454
   13299       1.2937
   13300       1.1173
   13301       1.2023
   13302       1.2662
   13303       1.3914
   13304       1.2037
   13305       1.1877
   13306       1.2865
   13307       1.0795
   13308       1.0755
   13309       1.0701
   13310       1.0597
   13311       1.2014
   13312       1.1330
   13313       1.2386
   13314       1.2166
   13315       1.2739
   13316       1.1511
   13317       1.2637
   13318       1.3017
   13319       1.5281
   13320       1.5809
   13321       1.5674
   13322       1.4270
   13323       1.4691
   13324       1.5353
   13325       1.6028
   13326       1.4043
   13327       1.3011
   13328       1.1972
   13329       1.4495
   13330       1.3674
   13331       1.1390
   13332       1.2044
   13333       1.1614
   13334       1.0935
   13335       1.1234
   13336       1.0515
   13337       1.0720
   13338       1.0293
   13339       1.1767
   13340       1.3796
   13341       1.3404
   13342       1.2809
   13343       1.2331
   13344       1.2671
   13345       1.2739
   13346       1.2895
   13347       1.2343
   13348       1.3579
   13349       1.1818
   13350       1.3658
   13351       1.3183
   13352       1.1845
   13353       1.1482
   13354       1.1033
   13355       1.2161
   13356       1.1939
   13357       1.2971
   13358       1.2441
   13359       1.3157
   13360       1.1460
   13361       1.2655
   13362       1.2726
   13363       1.3694
   13364       1.4071
   13365       1.2860
   13366       1.3055
   13367       1.2989
   13368       1.2903
   13369       1.3492
   13370       1.3358
   13371       1.2936
   13372       1.2230
   13373       1.2195
   13374       1.0623
   13375       1.2064
   13376       1.0659
   13377       1.1061
   13378       1.1759
   13379       1.1448
   13380       1.2015
   13381       1.2074
   13382       1.0854
   13383       1.2604
   13384       1.2979
   13385       1.3660
   13386       1.2985
   13387       1.2487
   13388       1.2321
   13389       1.1827
   13390       1.3245
   13391       1.3134
   13392       1.2836
   13393       1.1625
   13394       1.1885
   13395       1.2063
   13396       1.2831
   13397       1.2603
   13398       1.1524
   13399       1.3489
   13400       1.3568
   13401       1.2489
   13402       1.2882
   13403       1.1160
   13404       1.1756
   13405       1.1841
   13406       1.1534
   13407       1.2016
   13408       1.1270
   13409       1.2025
   13410       1.1546
   13411       1.0748
   13412       1.0716
   13413       1.1551
   13414       0.9189
   13415       1.0404
   13416       1.0370
   13417       0.9908
   13418       1.0548
   13419       1.1022
   13420       1.1553
   13421       1.0142
   13422       1.1313
   13423       1.2199
   13424       1.2153
   13425       1.1304
   13426       1.0827
   13427       1.0134
   13428       1.0534
   13429       1.1629
   13430       1.1698
   13431       1.1319
   13432       1.0887
   13433       1.2093
   13434       1.1244
   13435       1.0850
   13436       1.1215
   13437       0.9863
   13438       0.9381
   13439       0.9308
   13440       0.9987
   13441       1.0662
   13442       1.1089
   13443       1.0904
   13444       1.1630
   13445       1.0774
   13446       1.1472
   13447       1.0949
   13448       1.2252
   13449       1.4831
   13450       1.3133
   13451       1.4053
   13452       1.2883
   13453       1.1744
   13454       1.2094
   13455       1.1951
   13456       1.2747
   13457       1.2528
   13458       1.0929
   13459       1.0946
   13460       1.1002
   13461       1.0175
   13462       1.0138
   13463       0.9404
   13464       0.8681
   13465       0.8962
   13466       0.9904
   13467       1.0434
   13468       1.1117
   13469       1.0148
   13470       1.0768
   13471       1.2009
   13472       1.2228
   13473       0.9824
   13474       0.8428
   13475       0.9350
   13476       1.0575
   13477       1.1538
   13478       1.0028
   13479       0.9964
   13480       0.9291
   13481       1.0259
   13482       0.8888
   13483       0.9938
   13484       0.9887
   13485       0.9174
   13486       1.1144
   13487       1.1020
   13488       1.1972
   13489       1.1966
   13490       1.2012
   13491       1.0890
   13492       1.1218
   13493       1.1565
   13494       1.1700
   13495       1.1005
   13496       1.1579
   13497       1.1004
   13498       1.1237
   13499       1.0761
   13500       1.1776
   13501       1.2128
   13502       1.1562
   13503       1.1590
   13504       1.0823
   13505       1.0231
   13506       1.0448
   13507       0.9933
   13508       1.0058
   13509       1.0621
   13510       0.9586
   13511       1.0690
   13512       1.0140
   13513       1.1937
   13514       1.1465
   13515       1.2152
   13516       1.1366
   13517       1.3213
   13518       1.2282
   13519       1.1921
   13520       1.0878
   13521       1.0120
   13522       1.1419
   13523       1.1566
   13524       1.1991
   13525       1.0995
   13526       1.0883
   13527       1.1204
   13528       1.1180
   13529       1.1728
   13530       1.1882
   13531       1.3059
   13532       1.1789
   13533       1.1115
   13534       1.0264
   13535       0.9728
   13536       0.9889
   13537       1.1756
   13538       1.0159
   13539       1.0609
   13540       1.0022
   13541       0.9710
   13542       1.1302
   13543       1.1003
   13544       1.1161
   13545       1.0886
   13546       1.1042
   13547       0.9836
   13548       1.0018
   13549       0.9532
   13550       1.0578
   13551       1.0673
   13552       1.1039
   13553       1.1616
   13554       1.2424
   13555       1.1857
   13556       1.1978
   13557       1.1730
   13558       1.0910
   13559       1.0628
   13560       1.0783
   13561       1.1188
   13562       1.0650
   13563       1.0613
   13564       1.1262
   13565       1.1565
   13566       1.1569
   13567       1.2943
   13568       1.2650
   13569       1.4037
   13570       1.1000
   13571       1.0353
   13572       1.0170
   13573       1.0720
   13574       1.0291
   13575       1.1280
   13576       1.1470
   13577       1.2214
   13578       1.2381
   13579       1.2134
   13580       1.1290
   13581       1.0367
   13582       1.0835
   13583       1.2389
   13584       1.0608
   13585       1.0633
   13586       1.0877
   13587       1.1085
   13588       1.0726
   13589       1.1185
   13590       0.9667
   13591       1.0994
   13592       0.9994
   13593       0.9315
   13594       0.9916
   13595       0.9477
   13596       1.1100
   13597       1.0417
   13598       0.9792
   13599       0.8760
   13600       1.0772
   13601       1.1387
   13602       1.0387
   13603       0.9060
   13604       0.9631
   13605       1.0419
   13606       1.1837
   13607       1.1006
   13608       1.0304
   13609       1.0701
   13610       1.0723
   13611       1.1724
   13612       1.2931
   13613       1.1678
   13614       1.1600
   13615       1.2235
   13616       1.1951
   13617       1.1237
   13618       1.0768
   13619       1.1726
   13620       1.1171
   13621       1.0853
   13622       1.0352
   13623       0.9857
   13624       0.9613
   13625       1.0321
   13626       1.2477
   13627       1.2265
   13628       1.1759
   13629       1.3276
   13630       1.2190
   13631       1.1245
   13632       1.1976
   13633       1.1330
   13634       1.2364
   13635       1.1554
   13636       1.1480
   13637       1.0664
   13638       0.9466
   13639       0.9662
   13640       0.8977
   13641       0.9937
   13642       0.9154
   13643       0.8645
   13644       0.9279
   13645       0.8451
   13646       1.0263
   13647       1.1123
   13648       1.0433
   13649       1.1471
   13650       1.1327
   13651       1.2316
   13652       1.0871
   13653       1.1399
   13654       1.0570
   13655       1.1902
   13656       1.1037
   13657       1.0350
   13658       0.8133
   13659       0.9602
   13660       0.9579
   13661       1.1765
   13662       1.2007
   13663       1.0139
   13664       1.0924
   13665       1.0706
   13666       1.0644
   13667       1.0773
   13668       1.1327
   13669       1.1977
   13670       1.2184
   13671       1.1142
   13672       1.0499
   13673       1.2386
   13674       1.2142
   13675       1.3583
   13676       1.3436
   13677       1.2580
   13678       1.0953
   13679       1.1483
   13680       1.2242
   13681       1.1453
   13682       1.1400
   13683       1.0286
   13684       1.0697
   13685       1.1849
   13686       1.3004
   13687       1.2038
   13688       1.0329
   13689       1.0290
   13690       0.8273
   13691       0.9311
   13692       0.9597
   13693       0.8911
   13694       0.9926
   13695       1.0102
   13696       1.0638
   13697       1.0280
   13698       0.9417
   13699       0.9783
   13700       1.0491
   13701       1.0462
   13702       0.9805
   13703       0.9602
   13704       0.8691
   13705       0.8069
   13706       0.9126
   13707       0.8762
   13708       0.8816
   13709       0.9627
   13710       1.0166
   13711       0.9438
   13712       1.0221
   13713       1.0206
   13714       1.0857
   13715       0.9975
   13716       1.0832
   13717       1.0013
   13718       1.0779
   13719       1.0225
   13720       1.1278
   13721       1.0540
   13722       1.1520
   13723       1.1437
   13724       1.0273
   13725       1.0318
   13726       1.1173
   13727       1.0003
   13728       1.0852
   13729       1.0245
   13730       1.1034
   13731       1.1084
   13732       1.0962
   13733       1.1102
   13734       1.0370
   13735       1.0958
   13736       1.1467
   13737       1.2648
   13738       1.3739
   13739       1.1542
   13740       1.1941
   13741       1.0684
   13742       1.1539
   13743       1.1085
   13744       1.0888
   13745       1.0508
   13746       1.1485
   13747       1.0445
   13748       1.0078
   13749       1.0629
   13750       1.1280
   13751       1.3530
   13752       1.2213
   13753       1.4159
   13754       1.4404
   13755       1.2616
   13756       1.1852
   13757       1.1222
   13758       1.0068
   13759       1.1303
   13760       1.0747
   13761       1.0729
   13762       0.9981
   13763       1.0952
   13764       1.1287
   13765       1.0813
   13766       0.9851
   13767       0.9495
   13768       0.9660
   13769       0.9794
   13770       0.9581
   13771       1.0694
   13772       0.9675
   13773       1.0594
   13774       1.0825
   13775       1.0046
   13776       0.9670
   13777       0.9480
   13778       0.9778
   13779       0.9321
   13780       1.0154
   13781       0.8807
   13782       1.0658
   13783       1.0714
   13784       1.0891
   13785       0.9592
   13786       0.8899
   13787       0.9979
   13788       0.8869
   13789       0.9178
   13790       0.8864
   13791       0.9162
   13792       0.9661
   13793       0.9992
   13794       0.8574
   13795       0.9322
   13796       0.9854
   13797       1.0844
   13798       1.0420
   13799       1.0784
   13800       1.0431
   13801       1.1047
   13802       1.0482
   13803       1.0055
   13804       0.9674
   13805       1.0130
   13806       0.9912
   13807       1.0411
   13808       1.1157
   13809       1.0015
   13810       1.0002
   13811       1.1703
   13812       1.1002
   13813       0.9952
   13814       1.1904
   13815       1.1097
   13816       1.1371
   13817       1.2679
   13818       1.1140
   13819       1.0965
   13820       1.0731
   13821       1.0822
   13822       1.0734
   13823       1.1197
   13824       1.1113
   13825       1.0737
   13826       1.0135
   13827       0.9540
   13828       0.9120
   13829       1.0365
   13830       1.1518
   13831       1.1576
   13832       1.0919
   13833       1.1252
   13834       0.9214
   13835       1.1230
   13836       1.1070
   13837       1.0880
   13838       1.2065
   13839       1.2122
   13840       1.0885
   13841       1.1080
   13842       1.0547
   13843       1.0771
   13844       1.0636
   13845       1.0382
   13846       0.9317
   13847       1.0201
   13848       1.0718
   13849       1.1249
   13850       1.1806
   13851       1.1419
   13852       1.2682
   13853       1.0279
   13854       1.1047
   13855       1.2129
   13856       1.1876
   13857       1.1507
   13858       1.1972
   13859       1.2304
   13860       1.3459
   13861       1.4964
   13862       1.4098
   13863       1.4635
   13864       1.3060
   13865       1.2673
   13866       1.1167
   13867       1.0469
   13868       1.0401
   13869       1.0515
   13870       1.1127
   13871       1.0293
   13872       1.1140
   13873       1.0577
   13874       0.9692
   13875       1.0646
   13876       1.0283
   13877       1.0279
   13878       1.1207
   13879       0.9839
   13880       1.0173
   13881       1.1159
   13882       1.0931
   13883       1.0364
   13884       1.1445
   13885       1.0698
   13886       1.1005
   13887       1.1107
   13888       1.1270
   13889       1.0824
   13890       1.0821
   13891       1.1983
   13892       1.1964
   13893       1.2016
   13894       1.1610
   13895       1.0974
   13896       1.2339
   13897       1.2241
   13898       1.2266
   13899       1.2043
   13900       1.1773
   13901       1.2915
   13902       1.3506
   13903       1.1849
   13904       1.1863
   13905       1.2159
   13906       1.1717
   13907       1.1576
   13908       1.1051
   13909       1.0865
   13910       1.2143
   13911       1.1263
   13912       1.1421
   13913       1.1242
   13914       1.0442
   13915       1.1067
   13916       1.1709
   13917       1.1891
   13918       1.1024
   13919       1.0142
   13920       1.1016
   13921       1.1265
   13922       1.2494
   13923       1.1548
   13924       1.2306
   13925       1.3364
   13926       1.1256
   13927       1.1208
   13928       1.2549
   13929       1.2273
   13930       1.2589
   13931       1.4053
   13932       1.4263
   13933       1.2743
   13934       1.0782
   13935       1.1147
   13936       1.1097
   13937       1.0912
   13938       1.1811
   13939       1.0836
   13940       1.0991
   13941       1.1351
   13942       1.1326
   13943       1.0911
   13944       1.0956
   13945       1.1215
   13946       1.0751
   13947       1.0257
   13948       1.2656
   13949       1.1243
   13950       0.9910
   13951       1.0600
   13952       1.1229
   13953       1.2277
   13954       1.2176
   13955       1.1891
   13956       1.2736
   13957       1.2458
   13958       1.2507
   13959       1.2518
   13960       1.1674
   13961       1.0697
   13962       1.0949
   13963       1.1026
   13964       1.1226
   13965       1.1642
   13966       1.1027
   13967       1.2033
   13968       1.1084
   13969       1.2293
   13970       1.2104
   13971       1.3310
   13972       1.2542
   13973       1.1673
   13974       1.2150
   13975       1.0946
   13976       0.9464
   13977       0.9392
   13978       0.9969
   13979       0.9301
   13980       0.9340
   13981       1.0580
   13982       1.1505
   13983       0.9726
   13984       1.1164
   13985       1.1828
   13986       1.1215
   13987       1.1237
   13988       1.0338
   13989       0.9543
   13990       1.0492
   13991       0.9554
   13992       0.9907
   13993       1.2146
   13994       1.1666
   13995       1.2937
   13996       1.1959
   13997       1.2708
   13998       1.2130
   13999       1.0810
   14000       1.0844
   14001       1.0770
   14002       1.0210
   14003       1.1006
   14004       1.0615
   14005       1.0384
   14006       1.0762
   14007       1.0988
   14008       1.1456
   14009       1.0376
   14010       1.1746
   14011       1.1943
   14012       1.1443
   14013       1.0095
   14014       1.0517
   14015       1.0767
   14016       1.0817
   14017       1.0628
   14018       1.0827
   14019       1.0773
   14020       1.0316
   14021       0.9697
   14022       1.0522
   14023       1.1003
   14024       1.0683
   14025       1.0480
   14026       1.0636
   14027       1.1107
   14028       1.2569
   14029       1.0335
   14030       1.0658
   14031       1.1904
   14032       1.1480
   14033       1.1316
   14034       1.1767
   14035       0.9873
   14036       0.9926
   14037       1.0376
   14038       1.0205
   14039       1.0434
   14040       1.0745
   14041       1.0055
   14042       1.0299
   14043       1.0404
   14044       1.1046
   14045       0.9703
   14046       1.1489
   14047       1.3261
   14048       1.2328
   14049       1.1923
   14050       1.1982
   14051       1.2729
   14052       1.2123
   14053       1.1670
   14054       1.0852
   14055       1.1458
   14056       0.9488
   14057       1.0584
   14058       1.0477
   14059       0.9930
   14060       0.9766
   14061       1.0091
   14062       1.0233
   14063       1.1200
   14064       1.0323
   14065       1.0084
   14066       0.9602
   14067       1.0119
   14068       1.0068
   14069       0.9538
   14070       0.9876
   14071       0.9633
   14072       1.0449
   14073       1.0209
   14074       0.9818
   14075       1.0187
   14076       1.1139
   14077       1.0694
   14078       1.1063
   14079       1.1148
   14080       1.0039
   14081       0.9547
   14082       1.0242
   14083       0.9906
   14084       1.0031
   14085       1.0923
   14086       1.0843
   14087       0.9391
   14088       0.8719
   14089       0.9359
   14090       1.0649
   14091       1.0727
   14092       0.9902
   14093       1.0549
   14094       1.2007
   14095       1.1166
   14096       1.0808
   14097       1.1690
   14098       1.1073
   14099       1.1114
   14100       1.1259
   14101       1.1184
   14102       1.0718
   14103       1.0478
   14104       1.0043
   14105       1.0376
   14106       1.0644
   14107       0.9318
   14108       0.9262
   14109       0.9665
   14110       0.9208
   14111       0.9090
   14112       0.9656
   14113       0.9951
   14114       1.0744
   14115       1.1039
   14116       1.1164
   14117       1.1305
   14118       1.0476
   14119       1.1336
   14120       1.2125
   14121       1.1963
   14122       1.0680
   14123       0.9837
   14124       1.0547
   14125       1.0178
   14126       0.9812
   14127       1.0415
   14128       1.0654
   14129       1.0208
   14130       1.0039
   14131       1.0946
   14132       1.0791
   14133       1.1270
   14134       1.2099
   14135       1.2653
   14136       1.4020
   14137       1.4212
   14138       1.4868
   14139       1.5244
   14140       1.3950
   14141       1.3433
   14142       1.3686
   14143       1.1506
   14144       1.3035
   14145       1.2251
   14146       1.4632
   14147       1.2709
   14148       1.0525
   14149       1.1491
   14150       1.3436
   14151       1.2640
   14152       1.2149
   14153       1.2245
   14154       1.3140
   14155       1.2184
   14156       1.2042
   14157       1.2837
   14158       1.1342
   14159       1.1207
   14160       1.1246
   14161       1.0584
   14162       1.0561
   14163       1.0875
   14164       1.1110
   14165       1.1078
   14166       1.2089
   14167       1.0951
   14168       1.1118
   14169       1.1290
   14170       1.1416
   14171       1.1321
   14172       1.3113
   14173       1.3293
   14174       1.2093
   14175       1.2265
   14176       1.1430
   14177       1.1116
   14178       1.0787
   14179       1.1806
   14180       1.1031
   14181       1.1204
   14182       1.1800
   14183       1.2574
   14184       1.2793
   14185       1.0638
   14186       1.1159
   14187       1.0816
   14188       1.0748
   14189       1.0375
   14190       1.1640
   14191       1.0363
   14192       1.1024
   14193       0.9557
   14194       1.0518
   14195       1.0865
   14196       1.1772
   14197       1.1752
   14198       1.1798
   14199       1.1229
   14200       1.1092
   14201       1.0608
   14202       1.0682
   14203       1.2112
   14204       1.1907
   14205       1.0309
   14206       1.0748
   14207       1.1404
   14208       1.0870
   14209       1.1345
   14210       1.2104
   14211       1.1625
   14212       1.1474
   14213       1.1101
   14214       1.0670
   14215       1.0766
   14216       1.1496
   14217       1.1858
   14218       1.1483
   14219       1.0151
   14220       1.0947
   14221       1.0862
   14222       1.0878
   14223       1.0413
   14224       1.0807
   14225       1.0081
   14226       1.0836
   14227       1.1219
   14228       1.1929
   14229       1.0614
   14230       1.1548
   14231       1.1918
   14232       1.1586
   14233       1.1768
   14234       1.2276
   14235       1.1610
   14236       1.1135
   14237       1.2042
   14238       1.1083
   14239       1.1038
   14240       1.1401
   14241       1.2425
   14242       1.2251
   14243       1.2205
   14244       1.1443
   14245       1.1174
   14246       1.1204
   14247       1.1071
   14248       1.1852
   14249       1.1165
   14250       1.2008
   14251       1.1825
   14252       1.1117
   14253       1.1682
   14254       1.0713
   14255       1.1773
   14256       1.0511
   14257       1.1090
   14258       1.2917
   14259       1.1240
   14260       1.1140
   14261       1.1165
   14262       1.2413
   14263       1.2710
   14264       1.1711
   14265       1.1594
   14266       1.1920
   14267       1.2416
   14268       1.1813
   14269       1.1853
   14270       1.2287
   14271       1.1327
   14272       1.2139
   14273       1.1645
   14274       1.2418
   14275       1.1362
   14276       1.2032
   14277       1.1435
   14278       1.2609
   14279       1.1986
   14280       1.2396
   14281       1.1850
   14282       1.2225
   14283       1.2816
   14284       1.4338
   14285       1.4384
   14286       1.3032
   14287       1.1852
   14288       1.1714
   14289       1.3027
   14290       1.2285
   14291       1.2564
   14292       1.4071
   14293       1.2517
   14294       1.2571
   14295       1.2931
   14296       1.2787
   14297       1.3576
   14298       1.2965
   14299       1.3477
   14300       1.2019
   14301       1.1752
   14302       1.0827
   14303       1.1652
   14304       1.1303
   14305       1.3428
   14306       1.2809
   14307       1.4075
   14308       1.2973
   14309       1.2603
   14310       1.1812
   14311       1.2663
   14312       1.1359
   14313       1.2169
   14314       1.1008
   14315       1.1436
   14316       1.1203
   14317       1.1163
   14318       1.1041
   14319       1.1663
   14320       1.1131
   14321       1.1161
   14322       1.1104
   14323       1.0316
   14324       1.0524
   14325       1.0356
   14326       1.2040
   14327       1.2861
   14328       1.1744
   14329       1.1102
   14330       1.0613
   14331       1.2197
   14332       1.1146
   14333       1.1767
   14334       1.1914
   14335       1.2467
   14336       1.0983
   14337       1.0781
   14338       1.0956
   14339       1.1599
   14340       1.0762
   14341       1.0472
   14342       1.1484
   14343       1.1646
   14344       1.0518
   14345       1.1637
   14346       1.1964
   14347       1.1534
   14348       1.2136
   14349       1.2031
   14350       1.0593
   14351       1.1696
   14352       1.2029
   14353       1.1547
   14354       1.0999
   14355       1.1839
   14356       1.2188
   14357       1.0964
   14358       1.1390
   14359       1.0820
   14360       1.1511
   14361       1.2153
   14362       1.2417
   14363       1.2957
   14364       1.2218
   14365       1.1406
   14366       1.1508
   14367       1.0695
   14368       1.1339
   14369       1.1545
   14370       1.1869
   14371       1.2137
   14372       1.3464
   14373       1.3840
   14374       1.2521
   14375       1.3619
   14376       1.2221
   14377       1.0865
   14378       1.0377
   14379       1.1972
   14380       1.0328
   14381       1.0930
   14382       1.2382
   14383       1.2234
   14384       1.2572
   14385       1.2053
   14386       1.1422
   14387       1.1341
   14388       1.1638
   14389       1.1118
   14390       1.2692
   14391       1.3384
   14392       1.3395
   14393       1.2930
   14394       1.2475
   14395       1.3097
   14396       1.3577
   14397       1.2736
   14398       1.2776
   14399       1.3639
   14400       1.1597
   14401       1.2007
   14402       1.2518
   14403       1.2106
   14404       1.3793
   14405       1.3581
   14406       1.2859
   14407       1.2976
   14408       1.2807
   14409       1.3073
   14410       1.3112
   14411       1.2035
   14412       1.1552
   14413       1.2152
   14414       1.3474
   14415       1.2856
   14416       1.2764
   14417       1.2164
   14418       1.2757
   14419       1.3160
   14420       1.2307
   14421       1.2442
   14422       1.3616
   14423       1.3750
   14424       1.2750
   14425       1.3110
   14426       1.2300
   14427       1.1528
   14428       1.2441
   14429       1.2570
   14430       1.3806
   14431       1.4779
   14432       1.4306
   14433       1.3224
   14434       1.4261
   14435       1.3672
   14436       1.3898
   14437       1.3893
   14438       1.5814
   14439       1.4317
   14440       1.3517
   14441       1.3973
   14442       1.4299
   14443       1.3853
   14444       1.3159
   14445       1.3689
   14446       1.3321
   14447       1.3612
   14448       1.1910
   14449       1.2708
   14450       1.2508
   14451       1.3449
   14452       1.2887
   14453       1.3235
   14454       1.2587
   14455       1.3798
   14456       1.4230
   14457       1.5011
   14458       1.4206
   14459       1.5001
   14460       1.4515
   14461       1.5185
   14462       1.5231
   14463       1.3797
   14464       1.5072
   14465       1.5766
   14466       1.4996
   14467       1.3687
   14468       1.5047
   14469       1.4129
   14470       1.4139
   14471       1.5310
   14472       1.4494
   14473       1.4293
   14474       1.4123
   14475       1.4729
   14476       1.6726
   14477       1.5314
   14478       1.4810
   14479       1.4196
   14480       1.4003
   14481       1.5192
   14482       1.4022
   14483       1.3229
   14484       1.4597
   14485       1.4721
   14486       1.3621
   14487       1.3881
   14488       1.4525
   14489       1.5615
   14490       1.4865
   14491       1.5356
   14492       1.4647
   14493       1.2687
   14494       1.3808
   14495       1.4183
   14496       1.3999
   14497       1.3727
   14498       1.3811
   14499       1.4540
   14500       1.4358
   14501       1.3661
   14502       1.3573
   14503       1.3020
   14504       1.3738
   14505       1.3939
   14506       1.4254
   14507       1.3490
   14508       1.2384
   14509       1.1977
   14510       1.2399
   14511       1.1987
   14512       1.2171
   14513       1.1190
   14514       1.1385
   14515       1.2012
   14516       1.1450
   14517       1.1310
   14518       1.1362
   14519       1.1593
   14520       1.1705
   14521       1.2409
   14522       1.1740
   14523       1.1661
   14524       1.1105
   14525       1.1505
   14526       1.0163
   14527       1.1189
   14528       1.1053
   14529       1.1753
   14530       1.1173
   14531       1.1359
   14532       1.1262
   14533       1.1216
   14534       1.3129
   14535       1.2893
   14536       1.2460
   14537       1.2371
   14538       1.2207
   14539       1.1314
   14540       1.1157
   14541       1.1699
   14542       1.3028
   14543       1.0764
   14544       1.1626
   14545       1.2287
   14546       1.2626
   14547       1.1588
   14548       1.0920
   14549       1.2181
   14550       1.2341
   14551       1.1792
   14552       1.0695
   14553       1.1349
   14554       1.0731
   14555       1.1736
   14556       1.2004
   14557       1.2124
   14558       1.2037
   14559       1.2522
   14560       1.2989
   14561       1.2366
   14562       1.3186
   14563       1.2136
   14564       1.1688
   14565       1.3205
   14566       1.2143
   14567       1.2325
   14568       1.0718
   14569       1.0860
   14570       1.1059
   14571       1.0696
   14572       1.0262
   14573       1.0093
   14574       1.0726
   14575       1.0328
   14576       1.0806
   14577       1.1434
   14578       1.1214
   14579       1.1734
   14580       1.1860
   14581       1.1890
   14582       1.0849
   14583       1.1109
   14584       1.2289
   14585       1.2785
   14586       1.0884
   14587       1.1295
   14588       1.1491
   14589       1.0664
   14590       0.9656
   14591       0.9986
   14592       1.0420
   14593       1.0290
   14594       1.0788
   14595       1.0333
   14596       1.1188
   14597       1.1270
   14598       1.1356
   14599       1.1401
   14600       1.1044
   14601       1.1125
   14602       1.0871
   14603       1.1671
   14604       1.0227
   14605       1.0387
   14606       1.1775
   14607       1.2377
   14608       1.1860
   14609       1.1718
   14610       1.0636
   14611       1.1133
   14612       1.1157
   14613       1.1265
   14614       1.1323
   14615       1.1765
   14616       1.0944
   14617       1.0880
   14618       1.1278
   14619       1.1494
   14620       1.2453
   14621       1.1340
   14622       1.1534
   14623       1.1639
   14624       1.1523
   14625       1.2808
   14626       1.1959
   14627       1.1930
   14628       1.2422
   14629       1.2920
   14630       1.3910
   14631       1.3348
   14632       1.3105
   14633       1.3576
   14634       1.3142
   14635       1.1005
   14636       1.1323
   14637       1.1420
   14638       1.2075
   14639       1.2798
   14640       1.1211
   14641       1.0861
   14642       1.1119
   14643       1.0780
   14644       1.1311
   14645       1.0476
   14646       1.0758
   14647       1.0425
   14648       1.0271
   14649       1.0498
   14650       1.1946
   14651       1.1031
   14652       1.1047
   14653       1.1097
   14654       1.1477
   14655       1.2508
   14656       1.3120
   14657       1.2434
   14658       1.2917
   14659       1.2267
   14660       1.1784
   14661       1.1098
   14662       1.1651
   14663       1.2658
   14664       1.1182
   14665       1.1745
   14666       1.1445
   14667       1.2765
   14668       1.1818
   14669       1.2204
   14670       1.2311
   14671       1.0354
   14672       1.1522
   14673       1.1722
   14674       1.1732
   14675       1.2398
   14676       1.3440
   14677       1.2392
   14678       1.1708
   14679       1.1896
   14680       1.2620
   14681       1.2123
   14682       1.1164
   14683       1.1171
   14684       1.0979
   14685       1.1203
   14686       1.0396
   14687       1.1672
   14688       1.1329
   14689       1.1725
   14690       1.1589
   14691       1.0642
   14692       1.0609
   14693       1.0878
   14694       1.1750
   14695       1.0929
   14696       1.1673
   14697       1.1077
   14698       1.1142
   14699       1.0043
   14700       1.1275
   14701       1.1789
   14702       1.1661
   14703       1.1439
   14704       1.2314
   14705       1.2040
   14706       1.0673
   14707       1.2144
   14708       1.1501
   14709       1.1809
   14710       1.0771
   14711       1.0552
   14712       1.0610
   14713       0.9857
   14714       1.0621
   14715       1.1457
   14716       1.2769
   14717       1.2941
   14718       1.2734
   14719       1.3323
   14720       1.3579
   14721       1.2492
   14722       1.2199
   14723       1.2311
   14724       1.1655
   14725       1.2795
   14726       1.2029
   14727       1.2308
   14728       1.1363
   14729       1.1216
   14730       1.1370
   14731       1.3132
   14732       1.2244
   14733       1.1301
   14734       1.1217
   14735       1.1158
   14736       1.0735
   14737       1.0070
   14738       1.0982
   14739       1.1727
   14740       1.2480
   14741       1.2363
   14742       1.2881
   14743       1.2320
   14744       1.3000
   14745       1.3215
   14746       1.2602
   14747       1.2214
   14748       1.1508
   14749       1.1374
   14750       1.1268
   14751       1.1849
   14752       1.1272
   14753       1.0317
   14754       1.1218
   14755       1.0620
   14756       1.0091
   14757       1.0803
   14758       0.9433
   14759       1.1143
   14760       1.0902
   14761       0.9771
   14762       0.9897
   14763       1.1202
   14764       1.0751
   14765       1.0636
   14766       1.2056
   14767       1.1431
   14768       1.1468
   14769       1.0457
   14770       0.9714
   14771       1.0716
   14772       1.1729
   14773       1.2638
   14774       1.2264
   14775       1.1724
   14776       1.0861
   14777       1.0437
   14778       0.9848
   14779       0.9582
   14780       1.0109
   14781       1.0111
   14782       1.1761
   14783       1.2404
   14784       1.1547
   14785       1.1459
   14786       1.1998
   14787       1.1955
   14788       1.2388
   14789       1.2469
   14790       1.2405
   14791       1.1951
   14792       1.0860
   14793       1.0675
   14794       1.0534
   14795       1.0292
   14796       1.0135
   14797       0.9815
   14798       1.0723
   14799       1.0906
   14800       1.1083
   14801       1.1293
   14802       1.1661
   14803       1.1366
   14804       1.1188
   14805       1.0467
   14806       1.0811
   14807       1.0691
   14808       1.0678
   14809       1.0172
   14810       1.0644
   14811       0.9340
   14812       0.9587
   14813       1.0985
   14814       1.0116
   14815       1.0414
   14816       0.9860
   14817       1.0836
   14818       1.0741
   14819       1.0628
   14820       1.0562
   14821       0.9970
   14822       1.1197
   14823       1.0558
   14824       1.1064
   14825       1.1056
   14826       1.0984
   14827       1.0641
   14828       1.0570
   14829       1.0539
   14830       1.0832
   14831       1.1415
   14832       1.2435
   14833       1.2025
   14834       1.1722
   14835       1.2679
   14836       1.2094
   14837       1.1416
   14838       1.2194
   14839       1.1700
   14840       1.1314
   14841       1.1357
   14842       1.1491
   14843       1.2162
   14844       1.1938
   14845       1.1758
   14846       1.1538
   14847       1.1456
   14848       1.1798
   14849       1.1682
   14850       1.3021
   14851       1.2036
   14852       1.2779
   14853       1.2141
   14854       1.2233
   14855       1.1799
   14856       1.3297
   14857       1.2459
   14858       1.2650
   14859       1.2819
   14860       1.1414
   14861       1.2101
   14862       1.1755
   14863       1.3669
   14864       1.3355
   14865       1.1916
   14866       1.2171
   14867       1.2235
   14868       1.2275
   14869       1.1830
   14870       1.2295
   14871       1.2173
   14872       1.2885
   14873       1.2745
   14874       1.3098
   14875       1.2624
   14876       1.2722
   14877       1.2326
   14878       1.2547
   14879       1.2937
   14880       1.2274
   14881       1.3920
   14882       1.2151
   14883       1.1657
   14884       1.2413
   14885       1.2893
   14886       1.3551
   14887       1.1767
   14888       1.3655
   14889       1.2280
   14890       1.2537
   14891       1.2234
   14892       1.1405
   14893       1.1880
   14894       1.1177
   14895       1.2191
   14896       1.1895
   14897       1.2124
   14898       1.2254
   14899       1.2966
   14900       1.1831
   14901       1.1629
   14902       1.2650
   14903       1.2043
   14904       1.2095
   14905       1.3753
   14906       1.3322
   14907       1.4458
   14908       1.2329
   14909       1.4255
   14910       1.3013
   14911       1.2409
   14912       1.3128
   14913       1.2497
   14914       1.2128
   14915       1.2097
   14916       1.2429
   14917       1.2502
   14918       1.2572
   14919       1.1628
   14920       1.2505
   14921       1.2523
   14922       1.2112
   14923       1.1036
   14924       1.1215
   14925       1.1326
   14926       1.1166
   14927       1.2304
   14928       1.0974
   14929       1.0573
   14930       1.0513
   14931       1.1983
   14932       1.1233
   14933       1.1540
   14934       1.0953
   14935       1.0586
   14936       1.2475
   14937       1.2300
   14938       1.1712
   14939       1.1456
   14940       1.0875
   14941       1.1784
   14942       1.1375
   14943       1.2403
   14944       1.2962
   14945       1.3102
   14946       1.2929
   14947       1.3277
   14948       1.1445
   14949       1.2346
   14950       1.2518
   14951       1.2624
   14952       1.1496
   14953       1.3920
   14954       1.2410
   14955       1.1988
   14956       1.3310
   14957       1.2557
   14958       1.4671
   14959       1.3517
   14960       1.2963
   14961       1.3766
   14962       1.3908
   14963       1.4231
   14964       1.3358
   14965       1.4083
   14966       1.2725
   14967       1.3525
   14968       1.3001
   14969       1.2837
   14970       1.2533
   14971       1.2870
   14972       1.2643
   14973       1.3539
   14974       1.2751
   14975       1.1793
   14976       1.2405
   14977       1.2409
   14978       1.2757
   14979       1.3579
   14980       1.2983
   14981       1.4345
   14982       1.2815
   14983       1.1794
   14984       1.1689
   14985       1.2364
   14986       1.2324
   14987       1.0500
   14988       1.2337
   14989       1.1641
   14990       1.2810
   14991       1.2986
   14992       1.2944
   14993       1.2795
   14994       1.3364
   14995       1.3382
   14996       1.3861
   14997       1.2984
   14998       1.3278
   14999       1.2040
   15000       1.1501
   15001       1.1961
   15002       1.0875
   15003       1.1744
   15004       1.2783
   15005       1.3061
   15006       1.2445
   15007       1.4398
   15008       1.4295
   15009       1.3934
   15010       1.2493
   15011       1.2150
   15012       1.2685
   15013       1.3685
   15014       1.3615
   15015       1.3332
   15016       1.2725
   15017       1.3623
   15018       1.2798
   15019       1.3753
   15020       1.4998
   15021       1.5183
   15022       1.4933
   15023       1.5632
   15024       1.5412
   15025       1.4794
   15026       1.4384
   15027       1.2836
   15028       1.2193
   15029       1.4157
   15030       1.5829
   15031       1.6279
   15032       1.4567
   15033       1.6132
   15034       1.3878
   15035       1.3513
   15036       1.5231
   15037       1.3360
   15038       1.3603
   15039       1.3721
   15040       1.3514
   15041       1.2683
   15042       1.2025
   15043       1.2138
   15044       1.3101
   15045       1.1415
   15046       1.0816
   15047       1.1368
   15048       1.1769
   15049       1.0770
   15050       1.1406
   15051       1.1767
   15052       1.3030
   15053       1.2843
   15054       1.1252
   15055       1.2005
   15056       1.2209
   15057       1.3273
   15058       1.4664
   15059       1.2847
   15060       1.3233
   15061       1.2219
   15062       1.3327
   15063       1.1783
   15064       1.1033
   15065       1.1665
   15066       1.1691
   15067       1.2689
   15068       1.3203
   15069       1.4479
   15070       1.3297
   15071       1.3531
   15072       1.3515
   15073       1.4355
   15074       1.3481
   15075       1.4135
   15076       1.4610
   15077       1.5255
   15078       1.4880
   15079       1.5467
   15080       1.5247
   15081       1.3585
   15082       1.2783
   15083       1.3459
   15084       1.3026
   15085       1.2371
   15086       1.3013
   15087       1.3965
   15088       1.3210
   15089       1.3263
   15090       1.2809
   15091       1.3527
   15092       1.4507
   15093       1.3184
   15094       1.3486
   15095       1.3570
   15096       1.1614
   15097       1.3074
   15098       1.2172
   15099       1.1788
   15100       1.1729
   15101       1.1258
   15102       1.1240
   15103       1.1700
   15104       1.1940
   15105       1.1993
   15106       1.2551
   15107       1.1820
   15108       1.2433
   15109       1.2034
   15110       1.1894
   15111       1.2943
   15112       1.3266
   15113       1.3500
   15114       1.4152
   15115       1.3736
   15116       1.3699
   15117       1.3180
   15118       1.2832
   15119       1.2865
   15120       1.3226
   15121       1.4582
   15122       1.4398
   15123       1.4650
   15124       1.3461
   15125       1.3728
   15126       1.3453
   15127       1.4197
   15128       1.4446
   15129       1.6196
   15130       1.5406
   15131       1.2713
   15132       1.3208
   15133       1.3794
   15134       1.3020
   15135       1.2057
   15136       1.1651
   15137       1.1874
   15138       1.3278
   15139       1.3372
   15140       1.2906
   15141       1.3083
   15142       1.3068
   15143       1.3667
   15144       1.3654
   15145       1.3627
   15146       1.3025
   15147       1.2871
   15148       1.3181
   15149       1.3084
   15150       1.4029
   15151       1.3604
   15152       1.3938
   15153       1.3335
   15154       1.2998
   15155       1.2766
   15156       1.2495
   15157       1.2789
   15158       1.2526
   15159       1.2973
   15160       1.1965
   15161       1.1892
   15162       1.1778
   15163       1.0989
   15164       1.1131
   15165       1.2165
   15166       1.1967
   15167       1.2706
   15168       1.1088
   15169       1.1772
   15170       1.1909
   15171       1.2250
   15172       1.1933
   15173       1.2553
   15174       1.2542
   15175       1.2058
   15176       1.2597
   15177       1.2624
   15178       1.3424
   15179       1.3407
   15180       1.3562
   15181       1.3585
   15182       1.4319
   15183       1.4712
   15184       1.3869
   15185       1.3911
   15186       1.4699
   15187       1.4620
   15188       1.4070
   15189       1.4589
   15190       1.3808
   15191       1.4101
   15192       1.4240
   15193       1.4172
   15194       1.4700
   15195       1.4422
   15196       1.3524
   15197       1.2691
   15198       1.3829
   15199       1.3952
   15200       1.2724
   15201       1.3118
   15202       1.3010
   15203       1.2735
   15204       1.1623
   15205       1.2618
   15206       1.2916
   15207       1.1989
   15208       1.1462
   15209       1.1607
   15210       1.2181
   15211       1.2085
   15212       1.1988
   15213       1.2001
   15214       1.2952
   15215       1.2076
   15216       1.1746
   15217       1.1991
   15218       1.2116
   15219       1.1574
   15220       1.2279
   15221       1.2124
   15222       1.1166
   15223       1.2117
   15224       1.2584
   15225       1.1933
   15226       1.2272
   15227       1.1862
   15228       1.1599
   15229       1.1741
   15230       1.1700
   15231       1.2527
   15232       1.2326
   15233       1.1828
   15234       1.2772
   15235       1.2466
   15236       1.2740
   15237       1.2764
   15238       1.2703
   15239       1.2112
   15240       1.3337
   15241       1.1596
   15242       1.2796
   15243       1.1797
   15244       1.2087
   15245       1.2518
   15246       1.2379
   15247       1.2232
   15248       1.3105
   15249       1.2695
   15250       1.1670
   15251       1.2449
   15252       1.1942
   15253       1.1588
   15254       1.2125
   15255       1.1849
   15256       1.1590
   15257       1.1212
   15258       1.1672
   15259       1.1303
   15260       1.1879
   15261       1.1513
   15262       1.1846
   15263       1.1641
   15264       1.1385
   15265       1.1685
   15266       1.3083
   15267       1.2123
   15268       1.3013
   15269       1.1922
   15270       1.2649
   15271       1.2666
   15272       1.2522
   15273       1.4514
   15274       1.2675
   15275       1.2586
   15276       1.2819
   15277       1.2080
   15278       1.2268
   15279       1.1977
   15280       1.2638
   15281       1.3362
   15282       1.2232
   15283       1.2483
   15284       1.1534
   15285       1.2430
   15286       1.3121
   15287       1.2829
   15288       1.3581
   15289       1.2741
   15290       1.2253
   15291       1.2079
   15292       1.2851
   15293       1.2853
   15294       1.2302
   15295       1.1371
   15296       1.1122
   15297       1.2179
   15298       1.1537
   15299       1.2072
   15300       1.1358
   15301       1.0481
   15302       1.0473
   15303       1.0191
   15304       1.0892
   15305       1.2509
   15306       1.2004
   15307       1.1254
   15308       1.0560
   15309       1.0994
   15310       1.1412
   15311       1.0941
   15312       1.1932
   15313       1.2849
   15314       1.3431
   15315       1.2603
   15316       1.1893
   15317       1.1433
   15318       1.2412
   15319       1.2922
   15320       1.2731
   15321       1.2791
   15322       1.1755
   15323       1.2325
   15324       1.1687
   15325       1.2626
   15326       1.2444
   15327       1.2600
   15328       1.4070
   15329       1.3229
   15330       1.2138
   15331       1.2152
   15332       1.1703
   15333       1.2894
   15334       1.2308
   15335       1.2528
   15336       1.1589
   15337       1.2329
   15338       1.3012
   15339       1.2751
   15340       1.2566
   15341       1.1657
   15342       1.1641
   15343       1.1612
   15344       1.1695
   15345       1.0906
   15346       1.1217
   15347       1.1429
   15348       1.1104
   15349       1.1196
   15350       1.2436
   15351       1.2032
   15352       1.1272
   15353       1.1573
   15354       1.1034
   15355       1.2166
   15356       1.2467
   15357       1.2277
   15358       1.2615
   15359       1.2530
   15360       1.2352
   15361       1.2387
   15362       1.1898
   15363       1.1656
   15364       1.1931
   15365       1.2758
   15366       1.3178
   15367       1.2732
   15368       1.3519
   15369       1.2866
   15370       1.3280
   15371       1.2097
   15372       1.2671
   15373       1.2392
   15374       1.2505
   15375       1.3633
   15376       1.3675
   15377       1.4401
   15378       1.2536
   15379       1.3067
   15380       1.2749
   15381       1.2000
   15382       1.2609
   15383       1.1911
   15384       1.1933
   15385       1.1797
   15386       1.2198
   15387       1.2694
   15388       1.2206
   15389       1.1909
   15390       1.1369
   15391       1.1103
   15392       1.0803
   15393       1.2107
   15394       1.1176
   15395       1.2805
   15396       1.1870
   15397       1.1176
   15398       1.1686
   15399       1.2131
   15400       1.2422
   15401       1.3483
   15402       1.4270
   15403       1.2526
   15404       1.2035
   15405       1.0645
   15406       1.2022
   15407       1.1307
   15408       1.2866
   15409       1.2682
   15410       1.1750
   15411       1.2430
   15412       1.2105
   15413       1.3105
   15414       1.2599
   15415       1.3245
   15416       1.2846
   15417       1.2703
   15418       1.3103
   15419       1.2207
   15420       1.1403
   15421       1.1795
   15422       1.0748
   15423       1.0908
   15424       1.2216
   15425       1.3099
   15426       1.1949
   15427       1.2582
   15428       1.2522
   15429       1.1491
   15430       1.3394
   15431       1.4660
   15432       1.2597
   15433       1.1882
   15434       1.2277
   15435       1.2446
   15436       1.2343
   15437       1.1714
   15438       1.1176
   15439       1.1187
   15440       1.0734
   15441       1.1008
   15442       1.1609
   15443       1.0696
   15444       1.0237
   15445       1.0056
   15446       1.1179
   15447       1.0797
   15448       1.1590
   15449       1.1861
   15450       1.0953
   15451       1.0761
   15452       1.1514
   15453       1.1835
   15454       1.1346
   15455       1.0313
   15456       1.0120
   15457       1.0025
   15458       1.1608
   15459       1.1041
   15460       1.1212
   15461       1.1513
   15462       0.9564
   15463       1.0630
   15464       1.1320
   15465       1.0981
   15466       1.1109
   15467       1.1973
   15468       1.2278
   15469       1.3335
   15470       1.2540
   15471       1.2466
   15472       1.2410
   15473       1.1462
   15474       1.1608
   15475       1.1720
   15476       1.1790
   15477       1.2902
   15478       1.2446
   15479       1.1411
   15480       1.1379
   15481       1.1479
   15482       1.0752
   15483       1.0275
   15484       1.1460
   15485       1.1097
   15486       1.2545
   15487       1.2097
   15488       1.1696
   15489       1.2421
   15490       1.2381
   15491       1.1456
   15492       1.1705
   15493       1.2079
   15494       1.1865
   15495       1.2849
   15496       1.2367
   15497       1.3119
   15498       1.1962
   15499       1.1388
   15500       1.3191
   15501       1.1685
   15502       1.1618
   15503       1.2022
   15504       1.0753
   15505       1.2236
   15506       1.1653
   15507       1.2601
   15508       1.2454
   15509       1.2482
   15510       1.1824
   15511       1.2408
   15512       1.2542
   15513       1.2496
   15514       1.3572
   15515       1.3232
   15516       1.4569
   15517       1.2159
   15518       1.4029
   15519       1.2713
   15520       1.3029
   15521       1.2420
   15522       1.1540
   15523       1.2245
   15524       1.1787
   15525       1.0170
   15526       1.0523
   15527       1.0882
   15528       1.1204
   15529       1.1462
   15530       1.1053
   15531       1.0930
   15532       1.0353
   15533       1.0592
   15534       1.1219
   15535       1.0978
   15536       1.0718
   15537       1.0662
   15538       1.1714
   15539       1.2293
   15540       1.1967
   15541       1.2773
   15542       1.2673
   15543       1.2092
   15544       1.1590
   15545       1.1005
   15546       1.1683
   15547       1.0923
   15548       1.0659
   15549       1.2249
   15550       1.3029
   15551       1.3193
   15552       1.2398
   15553       1.1675
   15554       1.2572
   15555       1.1186
   15556       1.2608
   15557       1.1641
   15558       1.2351
   15559       1.2937
   15560       1.3443
   15561       1.3705
   15562       1.5200
   15563       1.4427
   15564       1.6088
   15565       1.5447
   15566       1.4644
   15567       1.4133
   15568       1.2890
   15569       1.3128
   15570       1.5419
   15571       1.6348
   15572       1.5141
   15573       1.5031
   15574       1.4622
   15575       1.4149
   15576       1.4488
   15577       1.3922
   15578       1.2754
   15579       1.3402
   15580       1.3894
   15581       1.6287
   15582       1.3991
   15583       1.4281
   15584       1.4293
   15585       1.3630
   15586       1.4262
   15587       1.3309
   15588       1.4271
   15589       1.4283
   15590       1.3013
   15591       1.2799
   15592       1.3803
   15593       1.3693
   15594       1.3006
   15595       1.5598
   15596       1.4947
   15597       1.6858
   15598       1.4387
   15599       1.3876
   15600       1.3672
   15601       1.5062
   15602       1.3942
   15603       1.3920
   15604       1.4241
   15605       1.3606
   15606       1.4083
   15607       1.3954
   15608       1.3829
   15609       1.3916
   15610       1.4065
   15611       1.4406
   15612       1.3706
   15613       1.3720
   15614       1.3626
   15615       1.4649
   15616       1.6279
   15617       1.5988
   15618       1.5889
   15619       1.5081
   15620       1.5253
   15621       1.5669
   15622       1.5794
   15623       1.6009
   15624       1.5959
   15625       1.4221
   15626       1.5334
   15627       1.6443
   15628       1.4530
   15629       1.4280
   15630       1.4424
   15631       1.4673
   15632       1.5340
   15633       1.4822
   15634       1.4370
   15635       1.4081
   15636       1.4770
   15637       1.5153
   15638       1.3785
   15639       1.3418
   15640       1.3601
   15641       1.3233
   15642       1.3721
   15643       1.5683
   15644       1.4459
   15645       1.5039
   15646       1.4635
   15647       1.3601
   15648       1.4085
   15649       1.3280
   15650       1.3586
   15651       1.2666
   15652       1.3545
   15653       1.2852
   15654       1.3226
   15655       1.4171
   15656       1.3947
   15657       1.2641
   15658       1.3257
   15659       1.4459
   15660       1.3780
   15661       1.2988
   15662       1.2885
   15663       1.4206
   15664       1.3851
   15665       1.2476
   15666       1.3407
   15667       1.3831
   15668       1.1487
   15669       1.2691
   15670       1.1940
   15671       1.1488
   15672       1.1668
   15673       1.3159
   15674       1.2621
   15675       1.3515
   15676       1.2235
   15677       1.2602
   15678       1.2602
   15679       1.2689
   15680       1.2356
   15681       1.2179
   15682       1.1794
   15683       1.2677
   15684       1.2808
   15685       1.2152
   15686       1.2330
   15687       1.1326
   15688       1.1435
   15689       1.1538
   15690       1.1193
   15691       1.1544
   15692       1.1353
   15693       1.0509
   15694       1.1493
   15695       1.0877
   15696       1.0215
   15697       1.1872
   15698       1.1682
   15699       1.1738
   15700       1.1665
   15701       1.2514
   15702       1.2092
   15703       1.2356
   15704       1.1074
   15705       1.0615
   15706       1.0460
   15707       1.0286
   15708       1.1214
   15709       1.1149
   15710       1.0842
   15711       1.1044
   15712       1.0962
   15713       1.0451
   15714       1.2108
   15715       1.2490
   15716       1.0682
   15717       1.1602
   15718       1.1371
   15719       1.1597
   15720       1.1188
   15721       1.0979
   15722       1.0532
   15723       1.0743
   15724       1.0603
   15725       1.1065
   15726       1.1342
   15727       1.0716
   15728       1.1697
   15729       1.1995
   15730       1.0985
   15731       1.1347
   15732       1.1269
   15733       1.1381
   15734       1.0971
   15735       1.1648
   15736       1.1071
   15737       1.0968
   15738       1.0485
   15739       1.0654
   15740       1.0919
   15741       1.0667
   15742       1.1219
   15743       1.1427
   15744       1.1161
   15745       1.0707
   15746       1.0057
   15747       1.0925
   15748       1.1055
   15749       1.1436
   15750       1.1807
   15751       1.1725
   15752       1.1748
   15753       1.3881
   15754       1.2037
   15755       1.1289
   15756       1.1674
   15757       1.1557
   15758       1.0598
   15759       1.0780
   15760       1.0928
   15761       1.1519
   15762       1.1208
   15763       1.1062
   15764       1.1378
   15765       1.0891
   15766       1.1844
   15767       1.1839
   15768       1.1524
   15769       1.1209
   15770       1.2558
   15771       1.1567
   15772       1.1504
   15773       1.0471
   15774       0.9665
   15775       1.0221
   15776       1.0927
   15777       0.9772
   15778       1.1086
   15779       1.0326
   15780       1.0637
   15781       1.0014
   15782       0.9561
   15783       0.9496
   15784       1.0714
   15785       1.0420
   15786       0.9989
   15787       1.1463
   15788       0.9999
   15789       1.0175
   15790       1.0121
   15791       1.0201
   15792       1.0139
   15793       0.9485
   15794       1.0316
   15795       0.9947
   15796       1.0079
   15797       1.0093
   15798       1.0894
   15799       1.0113
   15800       1.0441
   15801       1.1137
   15802       1.1456
   15803       0.9704
   15804       1.0769
   15805       1.0556
   15806       1.1879
   15807       1.2033
   15808       1.2248
   15809       1.1256
   15810       1.2020
   15811       1.2024
   15812       1.1711
   15813       1.1531
   15814       1.0513
   15815       1.0377
   15816       1.1161
   15817       1.0180
   15818       1.0112
   15819       0.9591
   15820       1.0433
   15821       1.0701
   15822       1.0546
   15823       1.1219
   15824       1.2077
   15825       1.0752
   15826       1.0849
   15827       1.0899
   15828       1.0677
   15829       1.0897
   15830       0.9930
   15831       1.0204
   15832       1.0589
   15833       1.0175
   15834       1.1056
   15835       1.0244
   15836       1.0153
   15837       0.9915
   15838       1.2730
   15839       1.1884
   15840       1.1115
   15841       1.1700
   15842       1.1187
   15843       1.1337
   15844       1.1186
   15845       1.0935
   15846       1.1992
   15847       1.2743
   15848       1.0976
   15849       1.1679
   15850       1.0470
   15851       1.0401
   15852       1.1530
   15853       1.1812
   15854       1.1410
   15855       1.1540
   15856       1.0540
   15857       1.1216
   15858       1.0329
   15859       1.0553
   15860       1.1557
   15861       1.1028
   15862       1.1899
   15863       1.1184
   15864       1.1043
   15865       1.1888
   15866       1.1477
   15867       1.1032
   15868       1.0725
   15869       1.1151
   15870       0.9882
   15871       1.0405
   15872       1.0120
   15873       1.0147
   15874       1.0845
   15875       1.1009
   15876       1.0772
   15877       1.1743
   15878       1.2587
   15879       1.0425
   15880       1.0257
   15881       1.1040
   15882       1.1206
   15883       1.0535
   15884       1.0667
   15885       1.0852
   15886       1.1850
   15887       1.2094
   15888       1.0386
   15889       1.1391
   15890       1.2003
   15891       1.1545
   15892       1.0584
   15893       1.1355
   15894       1.0552
   15895       1.1086
   15896       1.1649
   15897       1.1119
   15898       1.1146
   15899       1.1894
   15900       1.1453
   15901       1.1871
   15902       1.1697
   15903       1.1644
   15904       1.1510
   15905       1.1768
   15906       1.3429
   15907       1.0436
   15908       1.0587
   15909       1.0514
   15910       1.1912
   15911       1.1616
   15912       1.0741
   15913       1.0631
   15914       1.0563
   15915       1.0517
   15916       1.0365
   15917       1.1488
   15918       1.1392
   15919       1.2051
   15920       1.2722
   15921       1.1220
   15922       1.2503
   15923       1.1314
   15924       1.0620
   15925       1.1068
   15926       1.0934
   15927       1.1497
   15928       1.1058
   15929       1.1869
   15930       1.1424
   15931       1.0930
   15932       1.1401
   15933       1.0138
   15934       1.0456
   15935       1.1159
   15936       1.1869
   15937       1.1888
   15938       1.1508
   15939       1.2206
   15940       1.2409
   15941       1.2923
   15942       1.2226
   15943       1.1195
   15944       1.1839
   15945       1.1533
   15946       1.0642
   15947       1.1494
   15948       1.1924
   15949       1.2001
   15950       1.0920
   15951       1.1676
   15952       1.2585
   15953       1.2321
   15954       1.2917
   15955       1.1583
   15956       1.1202
   15957       1.0945
   15958       1.0205
   15959       1.0320
   15960       1.0404
   15961       1.0696
   15962       1.1578
   15963       1.1807
   15964       1.0953
   15965       1.1747
   15966       1.2071
   15967       1.1964
   15968       1.2768
   15969       1.1508
   15970       1.1050
   15971       1.1664
   15972       1.1334
   15973       1.0827
   15974       1.1999
   15975       1.2495
   15976       1.2221
   15977       1.1185
   15978       1.0934
   15979       1.1544
   15980       1.1495
   15981       1.1216
   15982       1.1057
   15983       1.0474
   15984       0.9902
   15985       1.1027
   15986       1.0787
   15987       1.0154
   15988       1.1246
   15989       1.0974
   15990       1.2183
   15991       1.1290
   15992       1.3110
   15993       1.2588
   15994       1.2176
   15995       1.1160
   15996       1.1035
   15997       1.0930
   15998       1.1959
   15999       1.2748
   16000       1.1133
   16001       1.1906
   16002       1.1453
   16003       1.0528
   16004       1.1100
   16005       1.1705
   16006       1.1451
   16007       1.2880
   16008       1.0684
   16009       1.0361
   16010       1.0987
   16011       1.2561
   16012       1.2333
   16013       1.0837
   16014       1.1789
   16015       1.1468
   16016       1.0482
   16017       1.0174
   16018       0.9706
   16019       1.0179
   16020       1.1347
   16021       1.0771
   16022       1.1713
   16023       0.9928
   16024       1.1238
   16025       1.0265
   16026       0.9792
   16027       0.9407
   16028       1.1009
   16029       1.0972
   16030       1.0257
   16031       0.9932
   16032       1.0089
   16033       1.1012
   16034       1.1289
   16035       1.1751
   16036       1.1161
   16037       1.2232
   16038       1.2067
   16039       1.1471
   16040       1.1265
   16041       1.0827
   16042       1.1575
   16043       1.2528
   16044       1.2427
   16045       1.0302
   16046       1.0478
   16047       1.1836
   16048       1.1801
   16049       1.1351
   16050       0.9627
   16051       0.9683
   16052       1.0657
   16053       1.0817
   16054       1.1269
   16055       1.0747
   16056       1.0005
   16057       1.1259
   16058       1.3026
   16059       1.1447
   16060       1.1917
   16061       1.1986
   16062       1.1014
   16063       1.0763
   16064       1.1792
   16065       1.3861
   16066       1.2531
   16067       1.2478
   16068       1.2257
   16069       1.1420
   16070       1.1603
   16071       1.0855
   16072       1.0605
   16073       1.0787
   16074       1.1053
   16075       1.0414
   16076       1.0578
   16077       1.0382
   16078       1.0194
   16079       1.0785
   16080       1.0085
   16081       1.1275
   16082       1.1196
   16083       1.1768
   16084       1.1209
   16085       1.0726
   16086       1.1615
   16087       1.0560
   16088       1.2115
   16089       1.2796
   16090       1.2772
   16091       1.3212
   16092       1.2521
   16093       1.3763
   16094       1.2263
   16095       1.2129
   16096       1.1568
   16097       1.1353
   16098       1.2395
   16099       1.1622
   16100       1.2585
   16101       1.1300
   16102       1.1236
   16103       1.0665
   16104       1.2692
   16105       1.2125
   16106       1.3597
   16107       1.3073
   16108       1.4175
   16109       1.1358
   16110       1.2202
   16111       1.2207
   16112       1.1970
   16113       1.2705
   16114       1.3366
   16115       1.2763
   16116       1.1612
   16117       1.2348
   16118       1.2426
   16119       1.2471
   16120       1.3879
   16121       1.4064
   16122       1.3626
   16123       1.2949
   16124       1.3006
   16125       1.3528
   16126       1.3792
   16127       1.3556
   16128       1.3072
   16129       1.2407
   16130       1.4251
   16131       1.3149
   16132       1.3665
   16133       1.1948
   16134       1.1686
   16135       1.2221
   16136       1.0619
   16137       1.3080
   16138       1.3055
   16139       1.3007
   16140       1.2820
   16141       1.3126
   16142       1.3972
   16143       1.4425
   16144       1.3218
   16145       1.2882
   16146       1.1944
   16147       1.2272
   16148       1.2902
   16149       1.2932
   16150       1.3770
   16151       1.3742
   16152       1.4777
   16153       1.3573
   16154       1.4625
   16155       1.3442
   16156       1.5706
   16157       1.5071
   16158       1.3167
   16159       1.4609
   16160       1.3582
   16161       1.4824
   16162       1.4112
   16163       1.5319
   16164       1.5402
   16165       1.5429
   16166       1.6020
   16167       1.5148
   16168       1.3640
   16169       1.2764
   16170       1.3162
   16171       1.3921
   16172       1.4853
   16173       1.3781
   16174       1.3816
   16175       1.3032
   16176       1.2265
   16177       1.2051
   16178       1.2317
   16179       1.2496
   16180       1.3164
   16181       1.2868
   16182       1.3232
   16183       1.2478
   16184       1.2437
   16185       1.4609
   16186       1.3386
   16187       1.4076
   16188       1.2737
   16189       1.2757
   16190       1.2721
   16191       1.2071
   16192       1.2252
   16193       1.2374
   16194       1.1822
   16195       1.0811
   16196       1.0835
   16197       1.1617
   16198       1.1012
   16199       1.1419
   16200       1.2070
   16201       1.1784
   16202       1.1575
   16203       1.1342
   16204       1.1000
   16205       1.3389
   16206       1.2957
   16207       1.2898
   16208       1.2493
   16209       1.5206
   16210       1.3444
   16211       1.2863
   16212       1.3178
   16213       1.3845
   16214       1.3186
   16215       1.3106
   16216       1.2602
   16217       1.2616
   16218       1.2680
   16219       1.2885
   16220       1.2864
   16221       1.2024
   16222       1.1833
   16223       1.2391
   16224       1.3309
   16225       1.2667
   16226       1.3307
   16227       1.3496
   16228       1.3681
   16229       1.4148
   16230       1.2519
   16231       1.1704
   16232       1.2387
   16233       1.3075
   16234       1.2930
   16235       1.2581
   16236       1.2201
   16237       1.2197
   16238       1.3639
   16239       1.3877
   16240       1.1737
   16241       1.3639
   16242       1.1803
   16243       1.2963
   16244       1.3956
   16245       1.3777
   16246       1.4183
   16247       1.5027
   16248       1.2680
   16249       1.1940
   16250       1.3225
   16251       1.2727
   16252       1.3101
   16253       1.2323
   16254       1.0036
   16255       1.1508
   16256       1.0295
   16257       0.9531
   16258       1.0208
   16259       1.0634
   16260       0.9788
   16261       1.0541
   16262       1.0895
   16263       1.0914
   16264       1.1950
   16265       1.0538
   16266       1.1095
   16267       1.0203
   16268       1.0401
   16269       1.1417
   16270       1.0656
   16271       1.1257
   16272       1.1282
   16273       1.0803
   16274       1.1611
   16275       1.0529
   16276       0.9757
   16277       1.1239
   16278       1.0233
   16279       1.1436
   16280       1.1044
   16281       1.0335
   16282       1.0069
   16283       1.0272
   16284       0.9485
   16285       0.9662
   16286       1.0385
   16287       1.0884
   16288       1.1963
   16289       1.1329
   16290       1.0757
   16291       1.1087
   16292       1.0075
   16293       1.1071
   16294       1.0804
   16295       1.0413
   16296       1.0736
   16297       1.0182
   16298       1.0942
   16299       1.0733
   16300       1.0174
   16301       1.0247
   16302       1.0554
   16303       1.0962
   16304       1.2501
   16305       1.2769
   16306       1.1961
   16307       1.1017
   16308       1.2999
   16309       1.2347
   16310       1.2715
   16311       1.2064
   16312       1.0530
   16313       1.1254
   16314       1.3511
   16315       1.2365
   16316       1.3698
   16317       1.3745
   16318       1.3714
   16319       1.2290
   16320       1.2634
   16321       1.2215
   16322       1.2508
   16323       1.2680
   16324       1.2632
   16325       1.2390
   16326       1.2630
   16327       1.3623
   16328       1.3966
   16329       1.2546
   16330       1.1930
   16331       1.2103
   16332       1.2321
   16333       1.2520
   16334       1.3445
   16335       1.3169
   16336       1.3066
   16337       1.2641
   16338       1.1315
   16339       1.0548
   16340       0.9667
   16341       1.0538
   16342       1.1841
   16343       1.2036
   16344       1.1381
   16345       1.0593
   16346       1.1507
   16347       1.0861
   16348       0.9843
   16349       1.0801
   16350       1.0523
   16351       1.2060
   16352       1.4144
   16353       1.2491
   16354       1.2377
   16355       1.2228
   16356       1.0854
   16357       1.0799
   16358       1.1456
   16359       1.2550
   16360       1.1423
   16361       1.0787
   16362       1.0027
   16363       1.1178
   16364       1.0575
   16365       1.1228
   16366       1.0890
   16367       1.2707
   16368       1.1953
   16369       1.3095
   16370       1.2343
   16371       1.1114
   16372       1.2410
   16373       1.0824
   16374       1.2233
   16375       1.1134
   16376       1.1883
   16377       1.1473
   16378       1.1723
   16379       1.2840
   16380       1.3281
   16381       1.5323
   16382       1.4048
   16383       1.3361
   16384       1.2621
   16385       1.3113
   16386       1.1696
   16387       1.1821
   16388       1.1555
   16389       1.1272
   16390       1.2754
   16391       1.1479
   16392       1.1148
   16393       1.0237
   16394       1.0609
   16395       0.9323
   16396       1.1856
   16397       1.3009
   16398       1.1879
   16399       1.1633
   16400       1.1247
   16401       1.1527
   16402       1.1319
   16403       0.9607
   16404       1.1041
   16405       1.0303
   16406       0.9704
   16407       1.1392
   16408       1.2331
   16409       1.4214
   16410       1.4691
   16411       1.4463
   16412       1.2634
   16413       1.3218
   16414       1.3962
   16415       1.2496
   16416       1.2789
   16417       1.2647
   16418       1.2224
   16419       1.1514
   16420       1.1012
   16421       1.2225
   16422       1.2203
   16423       1.2812
   16424       1.3415
   16425       1.2926
   16426       1.0657
   16427       1.0783
   16428       1.1812
   16429       1.1379
   16430       1.1776
   16431       1.1771
   16432       1.1437
   16433       1.0208
   16434       1.0075
   16435       1.1405
   16436       1.1699
   16437       1.0967
   16438       1.1037
   16439       1.1773
   16440       1.2853
   16441       1.2499
   16442       1.2741
   16443       1.2262
   16444       1.2469
   16445       1.2502
   16446       1.3539
   16447       1.3383
   16448       1.2975
   16449       1.3556
   16450       1.4204
   16451       1.2224
   16452       1.3048
   16453       1.2605
   16454       1.3502
   16455       1.3365
   16456       1.3453
   16457       1.3130
   16458       1.4698
   16459       1.3947
   16460       1.2655
   16461       1.3912
   16462       1.5777
   16463       1.4991
   16464       1.4575
   16465       1.4564
   16466       1.2617
   16467       1.3334
   16468       1.3857
   16469       1.3850
   16470       1.2007
   16471       1.2445
   16472       1.3689
   16473       1.4197
   16474       1.3854
   16475       1.3686
   16476       1.3852
   16477       1.5177
   16478       1.2572
   16479       1.2237
   16480       1.2322
   16481       1.1947
   16482       1.3508
   16483       1.4879
   16484       1.5413
   16485       1.5156
   16486       1.4323
   16487       1.3976
   16488       1.2370
   16489       1.1956
   16490       1.1176
   16491       1.2294
   16492       1.2030
   16493       1.2468
   16494       1.2305
   16495       1.2826
   16496       1.3808
   16497       1.3117
   16498       1.4358
   16499       1.3642
   16500       1.3661
   16501       1.4108
   16502       1.4170
   16503       1.4188
   16504       1.4687
   16505       1.2586
   16506       1.2721
   16507       1.3536
   16508       1.3665
   16509       1.3521
   16510       1.4039
   16511       1.3151
   16512       1.3239
   16513       1.3192
   16514       1.3856
   16515       1.3201
   16516       1.3346
   16517       1.3529
   16518       1.2187
   16519       1.0999
   16520       1.1258
   16521       1.1984
   16522       1.3017
   16523       1.3190
   16524       1.1898
   16525       1.2648
   16526       1.2916
   16527       1.2885
   16528       1.2380
   16529       1.4888
   16530       1.4798
   16531       1.4558
   16532       1.4283
   16533       1.2669
   16534       1.1562
   16535       1.2532
   16536       1.1525
   16537       1.2034
   16538       1.0816
   16539       1.1721
   16540       1.1799
   16541       1.1862
   16542       1.4027
   16543       1.2697
   16544       1.1976
   16545       1.2416
   16546       1.1951
   16547       1.2820
   16548       1.1738
   16549       1.2461
   16550       1.2046
   16551       1.2603
   16552       1.1908
   16553       1.2662
   16554       1.1933
   16555       1.1216
   16556       1.2649
   16557       1.3743
   16558       1.2790
   16559       1.4463
   16560       1.3872
   16561       1.3917
   16562       1.1889
   16563       1.2610
   16564       1.3274
   16565       1.2321
   16566       1.3204
   16567       1.4179
   16568       1.6313
   16569       1.5403
   16570       1.5316
   16571       1.4964
   16572       1.4447
   16573       1.3147
   16574       1.3719
   16575       1.3309
   16576       1.3137
   16577       1.3256
   16578       1.3148
   16579       1.2428
   16580       1.3508
   16581       1.5647
   16582       1.5007
   16583       1.4687
   16584       1.4364
   16585       1.3558
   16586       1.2181
   16587       1.1712
   16588       1.2711
   16589       1.3663
   16590       1.3031
   16591       1.3201
   16592       1.4669
   16593       1.4226
   16594       1.4860
   16595       1.3134
   16596       1.3579
   16597       1.3325
   16598       1.3110
   16599       1.3373
   16600       1.5180
   16601       1.3540
   16602       1.2809
   16603       1.2864
   16604       1.3122
   16605       1.2494
   16606       1.2492
   16607       1.3002
   16608       1.2977
   16609       1.3188
   16610       1.4030
   16611       1.3478
   16612       1.3397
   16613       1.2251
   16614       1.2797
   16615       1.1907
   16616       1.2167
   16617       1.1263
   16618       1.0519
   16619       1.2486
   16620       1.2270
   16621       1.2497
   16622       1.3360
   16623       1.1409
   16624       1.1751
   16625       1.2772
   16626       1.1881
   16627       1.1431
   16628       1.1556
   16629       1.0700
   16630       1.1206
   16631       1.1873
   16632       1.1427
   16633       1.1340
   16634       1.1012
   16635       1.0481
   16636       1.0485
   16637       1.1907
   16638       1.1170
   16639       1.1181
   16640       1.0687
   16641       1.1048
   16642       1.0951
   16643       1.0274
   16644       1.0811
   16645       1.2291
   16646       1.1779
   16647       1.1315
   16648       1.0974
   16649       1.2718
   16650       1.2338
   16651       1.0757
   16652       1.1804
   16653       1.1159
   16654       1.0597
   16655       1.1237
   16656       1.0475
   16657       1.1829
   16658       1.2578
   16659       1.2622
   16660       1.2641
   16661       1.2897
   16662       1.2771
   16663       1.3651
   16664       1.2244
   16665       1.2687
   16666       1.2039
   16667       1.2249
   16668       1.3150
   16669       1.2230
   16670       1.1715
   16671       1.1922
   16672       1.0698
   16673       1.1455
   16674       1.2824
   16675       1.1292
   16676       1.3129
   16677       1.4046
   16678       1.3340
   16679       1.2942
   16680       1.3749
   16681       1.4346
   16682       1.5172
   16683       1.4854
   16684       1.4274
   16685       1.4144
   16686       1.3916
   16687       1.1645
   16688       1.1992
   16689       1.1454
   16690       1.1881
   16691       1.2073
   16692       1.1929
   16693       1.1569
   16694       1.1260
   16695       1.0877
   16696       1.0975
   16697       1.0867
   16698       1.1551
   16699       1.1705
   16700       1.1294
   16701       1.2413
   16702       1.3483
   16703       1.3517
   16704       1.3446
   16705       1.2930
   16706       1.3424
   16707       1.3430
   16708       1.3373
   16709       1.2648
   16710       1.1772
   16711       1.0961
   16712       1.3751
   16713       1.3121
   16714       1.3206
   16715       1.5013
   16716       1.2885
   16717       1.3330
   16718       1.4591
   16719       1.3731
   16720       1.4399
   16721       1.4500
   16722       1.3589
   16723       1.4347
   16724       1.4400
   16725       1.2821
   16726       1.2015
   16727       1.1968
   16728       1.3103
   16729       1.2853
   16730       1.2392
   16731       1.2436
   16732       1.2257
   16733       1.2392
   16734       1.2153
   16735       1.2132
   16736       1.1682
   16737       1.1235
   16738       1.0899
   16739       0.9454
   16740       1.0056
   16741       1.1137
   16742       1.1167
   16743       1.1242
   16744       1.1599
   16745       1.1986
   16746       1.1470
   16747       1.1815
   16748       1.2477
   16749       1.1205
   16750       1.1539
   16751       1.0555
   16752       1.1462
   16753       1.1347
   16754       1.3216
   16755       1.2033
   16756       1.2967
   16757       1.1871
   16758       1.2857
   16759       1.3205
   16760       1.1981
   16761       1.0455
   16762       0.9826
   16763       1.1740
   16764       1.2367
   16765       1.3454
   16766       1.2773
   16767       1.3266
   16768       1.1952
   16769       1.1273
   16770       1.2591
   16771       1.1033
   16772       1.1761
   16773       1.2356
   16774       1.2554
   16775       1.1998
   16776       1.1705
   16777       1.1162
   16778       1.1654
   16779       1.2760
   16780       1.2149
   16781       1.3001
   16782       1.1922
   16783       1.2623
   16784       1.2248
   16785       1.1345
   16786       1.2612
   16787       1.3905
   16788       1.4862
   16789       1.2400
   16790       1.1255
   16791       1.1313
   16792       1.1961
   16793       1.1287
   16794       1.1259
   16795       1.3328
   16796       1.2197
   16797       1.2209
   16798       1.2221
   16799       1.2712
   16800       1.4052
   16801       1.3062
   16802       1.1769
   16803       1.4047
   16804       1.5106
   16805       1.5202
   16806       1.5186
   16807       1.5648
   16808       1.4634
   16809       1.3572
   16810       1.4402
   16811       1.4828
   16812       1.5089
   16813       1.4316
   16814       1.2174
   16815       1.2300
   16816       1.3059
   16817       1.3257
   16818       1.1728
   16819       1.4202
   16820       1.3189
   16821       1.1854
   16822       1.2959
   16823       1.3069
   16824       1.1040
   16825       1.1658
   16826       1.1791
   16827       1.1267
   16828       1.1823
   16829       1.1823
   16830       1.0818
   16831       0.9473
   16832       1.0978
   16833       1.2396
   16834       1.4061
   16835       1.3557
   16836       1.0777
   16837       1.2405
   16838       1.1936
   16839       1.3215
   16840       1.2430
   16841       1.1572
   16842       1.1116
   16843       1.2263
   16844       1.0540
   16845       1.0856
   16846       1.1703
   16847       1.0879
   16848       1.1461
   16849       1.1353
   16850       1.1919
   16851       1.2010
   16852       1.3331
   16853       1.4067
   16854       1.4245
   16855       1.3667
   16856       1.4058
   16857       1.3210
   16858       1.4366
   16859       1.4576
   16860       1.3179
   16861       1.4144
   16862       1.3363
   16863       1.1642
   16864       1.1071
   16865       1.3451
   16866       1.3065
   16867       1.2659
   16868       1.2044
   16869       1.2757
   16870       1.3224
   16871       1.3875
   16872       1.2728
   16873       1.2356
   16874       1.3223
   16875       1.3500
   16876       1.3009
   16877       1.2672
   16878       1.2168
   16879       1.1759
   16880       1.1025
   16881       1.1332
   16882       1.2655
   16883       1.2576
   16884       1.3905
   16885       1.3173
   16886       1.2311
   16887       1.1594
   16888       1.1225
   16889       1.1805
   16890       1.0998
   16891       1.0279
   16892       1.0294
   16893       1.0863
   16894       1.0809
   16895       1.1270
   16896       1.2716
   16897       1.0793
   16898       1.2842
   16899       1.3099
   16900       1.3530
   16901       1.3726
   16902       1.3623
   16903       1.2713
   16904       1.1890
   16905       1.0510
   16906       1.2091
   16907       1.2110
   16908       1.1821
   16909       1.2358
   16910       1.2724
   16911       1.2792
   16912       1.3328
   16913       1.3672
   16914       1.3188
   16915       1.3473
   16916       1.5099
   16917       1.5733
   16918       1.5133
   16919       1.4752
   16920       1.3846
   16921       1.4364
   16922       1.2427
   16923       1.2506
   16924       1.3272
   16925       1.2936
   16926       1.3681
   16927       1.1901
   16928       1.2490
   16929       1.4211
   16930       1.2304
   16931       1.2733
   16932       1.1995
   16933       1.1292
   16934       1.0791
   16935       1.1473
   16936       1.1707
   16937       1.2025
   16938       1.2713
   16939       1.2672
   16940       1.1491
   16941       1.0277
   16942       1.1558
   16943       1.1307
   16944       0.9875
   16945       1.0406
   16946       0.9654
   16947       0.9880
   16948       0.9468
   16949       1.0263
   16950       1.0834
   16951       1.0746
   16952       1.1963
   16953       1.1384
   16954       1.2165
   16955       1.2101
   16956       1.1893
   16957       1.1652
   16958       1.2454
   16959       1.2253
   16960       1.1221
   16961       1.2335
   16962       1.0751
   16963       1.1569
   16964       1.0778
   16965       1.1205
   16966       1.1301
   16967       1.0833
   16968       1.1266
   16969       1.0208
   16970       1.1210
   16971       1.0900
   16972       1.1421
   16973       1.2244
   16974       1.1421
   16975       1.3196
   16976       1.3574
   16977       1.3134
   16978       1.4364
   16979       1.5733
   16980       1.5221
   16981       1.4523
   16982       1.5539
   16983       1.5555
   16984       1.5645
   16985       1.5052
   16986       1.4769
   16987       1.5440
   16988       1.5484
   16989       1.5067
   16990       1.5953
   16991       1.3501
   16992       1.4431
   16993       1.3908
   16994       1.3972
   16995       1.4910
   16996       1.3566
   16997       1.3557
   16998       1.4941
   16999       1.5635
   17000       1.3240
   17001       1.3668
   17002       1.3801
   17003       1.4010
   17004       1.3382
   17005       1.2549
   17006       1.2355
   17007       1.2409
   17008       1.3658
   17009       1.2615
   17010       1.2119
   17011       1.2478
   17012       1.0679
   17013       1.1668
   17014       1.2053
   17015       1.2300
   17016       1.3067
   17017       1.3990
   17018       1.3494
   17019       1.4385
   17020       1.2687
   17021       1.0945
   17022       1.1343
   17023       1.0316
   17024       1.0836
   17025       1.0898
   17026       1.0965
   17027       1.0987
   17028       1.1294
   17029       1.1073
   17030       1.1785
   17031       1.2195
   17032       1.0381
   17033       1.1461
   17034       1.1763
   17035       1.3228
   17036       1.1998
   17037       1.3136
   17038       1.3349
   17039       1.4063
   17040       1.2412
   17041       1.2775
   17042       1.2869
   17043       1.3256
   17044       1.2437
   17045       1.1852
   17046       1.4328
   17047       1.4481
   17048       1.2998
   17049       1.3940
   17050       1.3453
   17051       1.4580
   17052       1.4036
   17053       1.4599
   17054       1.3125
   17055       1.4301
   17056       1.5574
   17057       1.3397
   17058       1.4361
   17059       1.3991
   17060       1.5254
   17061       1.3257
   17062       1.2169
   17063       1.3022
   17064       1.2548
   17065       1.3344
   17066       1.3321
   17067       1.0919
   17068       1.1514
   17069       1.0855
   17070       1.0973
   17071       1.1414
   17072       1.1515
   17073       1.1240
   17074       1.1912
   17075       1.2245
   17076       1.3251
   17077       1.2827
   17078       1.2829
   17079       1.3218
   17080       1.2707
   17081       1.2193
   17082       1.3671
   17083       1.3077
   17084       1.2812
   17085       1.3680
   17086       1.2808
   17087       1.2829
   17088       1.4310
   17089       1.3669
   17090       1.3483
   17091       1.3711
   17092       1.4971
   17093       1.3658
   17094       1.2894
   17095       1.3542
   17096       1.2971
   17097       1.2907
   17098       1.3543
   17099       1.3495
   17100       1.2875
   17101       1.4979
   17102       1.6251
   17103       1.3328
   17104       1.2649
   17105       1.2150
   17106       1.2521
   17107       1.3745
   17108       1.3216
   17109       1.1546
   17110       1.3165
   17111       1.2152
   17112       1.2807
   17113       1.3158
   17114       1.3476
   17115       1.2990
   17116       1.1387
   17117       1.0840
   17118       1.0740
   17119       1.1670
   17120       1.0897
   17121       1.1510
   17122       1.1710
   17123       1.0993
   17124       1.1598
   17125       1.0750
   17126       1.1384
   17127       1.0791
   17128       1.1627
   17129       1.1311
   17130       1.2522
   17131       1.2262
   17132       1.2263
   17133       1.2195
   17134       1.2904
   17135       1.2331
   17136       1.1968
   17137       1.1709
   17138       1.3251
   17139       1.2138
   17140       1.1963
   17141       1.2974
   17142       1.4139
   17143       1.3555
   17144       1.4296
   17145       1.4589
   17146       1.3085
   17147       1.2937
   17148       1.3012
   17149       1.3511
   17150       1.2806
   17151       1.2653
   17152       1.3159
   17153       1.2703
   17154       1.1845
   17155       1.1567
   17156       1.1845
   17157       1.1434
   17158       1.1865
   17159       1.1079
   17160       1.1252
   17161       1.1026
   17162       1.1133
   17163       1.1995
   17164       1.1102
   17165       1.1220
   17166       1.1374
   17167       1.0966
   17168       1.1293
   17169       1.1211
   17170       1.1631
   17171       1.1887
   17172       1.0171
   17173       1.1650
   17174       1.0840
   17175       1.0503
   17176       1.1287
   17177       1.1813
   17178       1.1151
   17179       1.3237
   17180       1.2144
   17181       1.1794
   17182       1.1592
   17183       1.2234
   17184       1.2498
   17185       1.1840
   17186       1.0880
   17187       1.0462
   17188       0.9907
   17189       1.0890
   17190       1.1422
   17191       1.0950
   17192       1.1089
   17193       1.2598
   17194       1.0970
   17195       1.2625
   17196       1.2681
   17197       1.1967
   17198       1.3158
   17199       1.3604
   17200       1.1687
   17201       1.2039
   17202       1.2773
   17203       1.2352
   17204       1.0335
   17205       1.1524
   17206       1.2331
   17207       1.3235
   17208       1.4998
   17209       1.3141
   17210       1.2032
   17211       1.1888
   17212       1.3877
   17213       1.2807
   17214       1.2957
   17215       1.3858
   17216       1.2653
   17217       1.1945
   17218       1.2067
   17219       1.2001
   17220       1.1406
   17221       1.2596
   17222       1.3269
   17223       1.2563
   17224       1.1750
   17225       1.1767
   17226       1.3027
   17227       1.3222
   17228       1.2936
   17229       1.3530
   17230       1.3790
   17231       1.3678
   17232       1.3684
   17233       1.2777
   17234       1.4815
   17235       1.5321
   17236       1.2917
   17237       1.2119
   17238       1.1739
   17239       1.1451
   17240       1.2108
   17241       1.2623
   17242       1.1162
   17243       1.1760
   17244       1.2724
   17245       1.2825
   17246       1.3042
   17247       1.3030
   17248       1.2322
   17249       1.3319
   17250       1.2473
   17251       1.0993
   17252       1.0473
   17253       1.0476
   17254       1.0356
   17255       0.9797
   17256       1.0123
   17257       1.1663
   17258       1.0298
   17259       1.0492
   17260       1.0738
   17261       1.1093
   17262       1.1888
   17263       1.1865
   17264       1.2585
   17265       1.2360
   17266       1.1130
   17267       1.2397
   17268       1.1425
   17269       1.1256
   17270       1.1210
   17271       1.1485
   17272       1.1606
   17273       1.0761
   17274       1.0534
   17275       0.9870
   17276       1.1217
   17277       1.0653
   17278       1.0387
   17279       1.0682
   17280       1.1428
   17281       1.0512
   17282       1.0493
   17283       1.0748
   17284       1.0468
   17285       1.1107
   17286       1.2227
   17287       1.0369
   17288       1.1501
   17289       1.1127
   17290       1.2802
   17291       1.4104
   17292       1.3685
   17293       1.5148
   17294       1.4361
   17295       1.4218
   17296       1.5274
   17297       1.4068
   17298       1.5072
   17299       1.4934
   17300       1.3428
   17301       1.5167
   17302       1.2088
   17303       1.2548
   17304       1.4409
   17305       1.3750
   17306       1.3500
   17307       1.5915
   17308       1.4677
   17309       1.2865
   17310       1.3159
   17311       1.3833
   17312       1.3546
   17313       1.3174
   17314       1.2074
   17315       1.1216
   17316       1.2670
   17317       1.3657
   17318       1.2468
   17319       1.4482
   17320       1.5983
   17321       1.5162
   17322       1.4840
   17323       1.3388
   17324       1.4443
   17325       1.4250
   17326       1.2391
   17327       1.3006
   17328       1.2560
   17329       1.2078
   17330       1.2910
   17331       1.3647
   17332       1.3006
   17333       1.2128
   17334       1.2781
   17335       1.2922
   17336       1.2165
   17337       1.2677
   17338       1.2257
   17339       1.1841
   17340       1.1983
   17341       1.3653
   17342       1.2528
   17343       1.3653
   17344       1.3743
   17345       1.2591
   17346       1.0766
   17347       1.1958
   17348       1.1864
   17349       1.2080
   17350       1.1982
   17351       1.2507
   17352       1.3079
   17353       1.2270
   17354       1.1485
   17355       1.1932
   17356       1.1195
   17357       1.2061
   17358       1.2815
   17359       1.3158
   17360       1.2681
   17361       1.1561
   17362       1.2680
   17363       1.4142
   17364       1.3917
   17365       1.4286
   17366       1.3012
   17367       1.3844
   17368       1.4361
   17369       1.3927
   17370       1.3205
   17371       1.3903
   17372       1.3704
   17373       1.2010
   17374       1.2992
   17375       1.3403
   17376       1.2178
   17377       1.3450
   17378       1.4537
   17379       1.6269
   17380       1.4621
   17381       1.5107
   17382       1.7978
   17383       1.8721
   17384       1.7214
   17385       1.7067
   17386       1.6979
   17387       1.7497
   17388       1.8416
   17389       1.7788
   17390       1.8244
   17391       1.7341
   17392       1.6580
   17393       1.6550
   17394       1.3960
   17395       1.5527
   17396       1.4161
   17397       1.4273
   17398       1.4131
   17399       1.3905
   17400       1.3514
   17401       1.3014
   17402       1.3626
   17403       1.2791
   17404       1.2964
   17405       1.3589
   17406       1.3923
   17407       1.3717
   17408       1.3244
   17409       1.3585
   17410       1.4018
   17411       1.4219
   17412       1.2507
   17413       1.3847
   17414       1.4166
   17415       1.3277
   17416       1.3064
   17417       1.4228
   17418       1.5012
   17419       1.3567
   17420       1.3204
   17421       1.2890
   17422       1.4215
   17423       1.3683
   17424       1.5126
   17425       1.5351
   17426       1.4493
   17427       1.3566
   17428       1.2999
   17429       1.3459
   17430       1.3172
   17431       1.3559
   17432       1.2892
   17433       1.3145
   17434       1.3721
   17435       1.2502
   17436       1.1216
   17437       1.1717
   17438       1.0286
   17439       1.0371
   17440       1.2141
   17441       1.0468
   17442       1.1149
   17443       1.2052
   17444       1.1720
   17445       1.1396
   17446       1.1395
   17447       1.0719
   17448       1.2008
   17449       1.1766
   17450       1.3794
   17451       1.3978
   17452       1.4395
   17453       1.4227
   17454       1.3445
   17455       1.1846
   17456       1.0510
   17457       1.1717
   17458       1.3076
   17459       1.3451
   17460       1.1938
   17461       1.2250
   17462       1.2780
   17463       1.2632
   17464       1.2285
   17465       1.2841
   17466       1.4880
   17467       1.1730
   17468       1.2039
   17469       1.2265
   17470       1.2084
   17471       1.3498
   17472       1.4433
   17473       1.2757
   17474       1.3573
   17475       1.2145
   17476       1.2231
   17477       1.2158
   17478       1.1617
   17479       1.3040
   17480       1.1983
   17481       1.1589
   17482       1.3369
   17483       1.2975
   17484       1.3463
   17485       1.4391
   17486       1.3591
   17487       1.3209
   17488       1.2941
   17489       1.3544
   17490       1.5922
   17491       1.6065
   17492       1.6721
   17493       1.5455
   17494       1.6261
   17495       1.6029
   17496       1.6526
   17497       1.7175
   17498       1.7615
   17499       1.7122
   17500       1.6399
   17501       1.4376
   17502       1.3231
   17503       1.3402
   17504       1.3270
   17505       1.4965
   17506       1.6553
   17507       1.5086
   17508       1.6310
   17509       1.5139
   17510       1.3932
   17511       1.3843
   17512       1.4381
   17513       1.3952
   17514       1.3419
   17515       1.3247
   17516       1.2522
   17517       1.2978
   17518       1.0966
   17519       1.2141
   17520       1.1221
   17521       1.1403
   17522       1.2947
   17523       1.3762
   17524       1.2313
   17525       1.4904
   17526       1.5168
   17527       1.2825
   17528       1.3165
   17529       1.2010
   17530       1.0908
   17531       1.2279
   17532       1.1606
   17533       1.1753
   17534       1.2729
   17535       1.2786
   17536       1.3295
   17537       1.3082
   17538       1.2842
   17539       1.1959
   17540       1.0713
   17541       1.1103
   17542       1.0863
   17543       1.0389
   17544       1.1238
   17545       1.1210
   17546       1.3652
   17547       1.4118
   17548       1.3091
   17549       1.3487
   17550       1.3132
   17551       1.3209
   17552       1.3743
   17553       1.3733
   17554       1.2173
   17555       1.3485
   17556       1.0618
   17557       1.2507
   17558       1.3932
   17559       1.4956
   17560       1.3581
   17561       1.3150
   17562       1.1416
   17563       1.0356
   17564       1.2138
   17565       1.2224
   17566       1.2929
   17567       1.2358
   17568       1.3323
   17569       1.3133
   17570       1.2269
   17571       1.2223
   17572       1.3475
   17573       1.2744
   17574       1.2143
   17575       1.2516
   17576       1.1237
   17577       1.2267
   17578       1.2004
   17579       1.4124
   17580       1.3401
   17581       1.2452
   17582       1.2449
   17583       1.1255
   17584       1.2184
   17585       1.1139
   17586       1.2247
   17587       1.3076
   17588       1.3407
   17589       1.4256
   17590       1.4756
   17591       1.4829
   17592       1.4486
   17593       1.4050
   17594       1.4232
   17595       1.3482
   17596       1.3601
   17597       1.2148
   17598       1.3126
   17599       1.3223
   17600       1.2165
   17601       1.2264
   17602       1.2311
   17603       1.2716
   17604       1.2167
   17605       1.2518
   17606       1.2652
   17607       1.3535
   17608       1.3569
   17609       1.2905
   17610       1.2911
   17611       1.2967
   17612       1.3002
   17613       1.3441
   17614       1.2120
   17615       1.3130
   17616       1.4004
   17617       1.2171
   17618       1.2403
   17619       1.4194
   17620       1.2935
   17621       1.1498
   17622       1.1448
   17623       1.1494
   17624       1.1371
   17625       1.3094
   17626       1.2748
   17627       1.2113
   17628       1.2740
   17629       1.1683
   17630       1.3257
   17631       1.3214
   17632       1.2877
   17633       1.4171
   17634       1.4857
   17635       1.5154
   17636       1.2797
   17637       1.3719
   17638       1.3264
   17639       1.3094
   17640       1.4307
   17641       1.3085
   17642       1.3572
   17643       1.4524
   17644       1.4478
   17645       1.5856
   17646       1.4859
   17647       1.4948
   17648       1.4453
   17649       1.2764
   17650       1.3864
   17651       1.3099
   17652       1.1105
   17653       1.3783
   17654       1.4133
   17655       1.3240
   17656       1.2824
   17657       1.3274
   17658       1.4913
   17659       1.5155
   17660       1.2798
   17661       1.4317
   17662       1.5546
   17663       1.4884
   17664       1.5447
   17665       1.5288
   17666       1.5407
   17667       1.4797
   17668       1.3613
   17669       1.3480
   17670       1.3684
   17671       1.3746
   17672       1.2679
   17673       1.4733
   17674       1.4231
   17675       1.4438
   17676       1.4046
   17677       1.4401
   17678       1.4485
   17679       1.5352
   17680       1.4461
   17681       1.4023
   17682       1.4046
   17683       1.4191
   17684       1.2997
   17685       1.3800
   17686       1.4239
   17687       1.2750
   17688       1.3336
   17689       1.4856
   17690       1.4429
   17691       1.6688
   17692       1.3379
   17693       1.4367
   17694       1.3436
   17695       1.4451
   17696       1.3537
   17697       1.2416
   17698       1.2975
   17699       1.2441
   17700       1.3385
   17701       1.2086
   17702       1.2303
   17703       1.1611
   17704       1.3088
   17705       1.3781
   17706       1.5213
   17707       1.3254
   17708       1.3522
   17709       1.4320
   17710       1.2574
   17711       1.3598
   17712       1.3490
   17713       1.3470
   17714       1.2719
   17715       1.4397
   17716       1.5077
   17717       1.4194
   17718       1.4529
   17719       1.2705
   17720       1.3054
   17721       1.3604
   17722       1.2492
   17723       1.2725
   17724       1.2235
   17725       1.3335
   17726       1.3373
   17727       1.2707
   17728       1.2706
   17729       1.2517
   17730       1.2111
   17731       1.1431
   17732       1.0123
   17733       1.0940
   17734       1.2667
   17735       1.2114
   17736       1.1272
   17737       1.1226
   17738       1.1945
   17739       1.0657
   17740       1.0270
   17741       1.1509
   17742       1.1640
   17743       1.0208
   17744       1.0870
   17745       1.3252
   17746       1.2438
   17747       1.1031
   17748       1.1453
   17749       1.0217
   17750       0.9067
   17751       0.9793
   17752       0.9231
   17753       1.0330
   17754       1.0799
   17755       1.2495
   17756       1.2108
   17757       1.1868
   17758       1.2393
   17759       1.1881
   17760       1.1563
   17761       1.1016
   17762       1.1022
   17763       1.3189
   17764       1.3728
   17765       1.2710
   17766       1.3413
   17767       1.3058
   17768       1.2156
   17769       1.2762
   17770       1.1893
   17771       1.1900
   17772       1.1891
   17773       1.3099
   17774       1.2848
   17775       1.2181
   17776       1.1506
   17777       1.2983
   17778       1.2502
   17779       1.3297
   17780       1.3667
   17781       1.2517
   17782       1.2715
   17783       1.3050
   17784       1.2772
   17785       1.3905
   17786       1.3567
   17787       1.2716
   17788       1.2880
   17789       1.3711
   17790       1.3336
   17791       1.1344
   17792       1.2253
   17793       1.3580
   17794       1.3229
   17795       1.2742
   17796       1.2281
   17797       1.1583
   17798       1.1572
   17799       1.2465
   17800       1.0954
   17801       1.0229
   17802       1.2445
   17803       1.1785
   17804       1.2240
   17805       1.2710
   17806       1.2058
   17807       1.1898
   17808       1.1973
   17809       1.0979
   17810       1.0939
   17811       1.1818
   17812       1.1950
   17813       1.2586
   17814       1.2826
   17815       1.3664
   17816       1.3186
   17817       1.1171
   17818       1.1025
   17819       1.0653
   17820       1.0150
   17821       1.0111
   17822       1.2021
   17823       1.1935
   17824       1.2642
   17825       1.2420
   17826       1.2225
   17827       1.0330
   17828       1.1265
   17829       1.1646
   17830       1.1355
   17831       1.2091
   17832       1.0479
   17833       1.1504
   17834       1.2403
   17835       1.1595
   17836       1.1809
   17837       1.1461
   17838       1.1620
   17839       1.1884
   17840       1.1550
   17841       1.1967
   17842       1.1286
   17843       1.0425
   17844       1.0785
   17845       1.1269
   17846       1.2598
   17847       1.4539
   17848       1.3156
   17849       1.3534
   17850       1.3446
   17851       1.3942
   17852       1.1695
   17853       1.2058
   17854       1.2851
   17855       1.2182
   17856       1.2127
   17857       1.0516
   17858       1.2276
   17859       1.1994
   17860       1.4082
   17861       1.3010
   17862       1.0990
   17863       1.0673
   17864       1.2754
   17865       1.1717
   17866       1.2407
   17867       1.1601
   17868       1.1565
   17869       1.2350
   17870       1.2989
   17871       1.3435
   17872       1.4715
   17873       1.0662
   17874       1.0939
   17875       1.1627
   17876       1.0932
   17877       1.0923
   17878       1.1555
   17879       1.1244
   17880       1.0934
   17881       1.1773
   17882       1.1603
   17883       1.0951
   17884       1.2025
   17885       1.1202
   17886       1.0734
   17887       1.0518
   17888       1.2064
   17889       1.2213
   17890       1.2284
   17891       1.3407
   17892       1.1246
   17893       1.2054
   17894       1.2221
   17895       1.1591
   17896       1.2471
   17897       1.2009
   17898       1.1051
   17899       1.1761
   17900       1.2779
   17901       1.2384
   17902       1.3205
   17903       1.2566
   17904       1.4516
   17905       1.2947
   17906       1.2078
   17907       1.1930
   17908       1.1799
   17909       1.2859
   17910       1.2298
   17911       1.3790
   17912       1.3309
   17913       1.1506
   17914       1.3173
   17915       1.3166
   17916       1.2917
   17917       1.1909
   17918       0.9161
   17919       1.0860
   17920       1.1809
   17921       1.2196
   17922       1.1971
   17923       1.2723
   17924       1.1544
   17925       1.1240
   17926       1.2636
   17927       1.3386
   17928       1.2683
   17929       1.3129
   17930       1.4181
   17931       1.2865
   17932       1.3177
   17933       1.2700
   17934       1.2394
   17935       1.2420
   17936       1.3000
   17937       1.3573
   17938       1.3512
   17939       1.2688
   17940       1.2990
   17941       1.2983
   17942       1.2607
   17943       1.1450
   17944       1.2633
   17945       1.2225
   17946       1.1500
   17947       1.2132
   17948       1.2104
   17949       1.2878
   17950       1.2605
   17951       1.3592
   17952       1.2020
   17953       1.1550
   17954       1.2249
   17955       1.1521
   17956       1.3461
   17957       1.3477
   17958       1.2520
   17959       1.1953
   17960       1.0367
   17961       0.9984
   17962       1.0143
   17963       1.0567
   17964       0.9840
   17965       1.0674
   17966       0.9997
   17967       1.2151
   17968       1.1560
   17969       1.2065
   17970       1.2128
   17971       1.0409
   17972       1.2387
   17973       1.3319
   17974       1.4286
   17975       1.2619
   17976       1.0955
   17977       1.1827
   17978       1.3204
   17979       1.1799
   17980       1.2958
   17981       1.3155
   17982       1.2404
   17983       1.2273
   17984       1.1585
   17985       1.1806
   17986       1.0581
   17987       1.1667
   17988       1.2227
   17989       1.1016
   17990       1.2575
   17991       1.1658
   17992       1.1600
   17993       1.1828
   17994       1.2356
   17995       1.2317
   17996       1.2403
   17997       1.4263
   17998       1.2678
   17999       1.5121
   18000       1.4177
   18001       1.2756
   18002       1.2870
   18003       1.3542
   18004       1.3927
   18005       1.3571
   18006       1.5347
   18007       1.5883
   18008       1.3923
   18009       1.4307
   18010       1.4601
   18011       1.4720
   18012       1.4628
   18013       1.4654
   18014       1.4125
   18015       1.4154
   18016       1.5479
   18017       1.4921
   18018       1.4514
   18019       1.3911
   18020       1.6813
   18021       1.7082
   18022       1.6365
   18023       1.8452
   18024       1.5663
   18025       1.8247
   18026       1.6030
   18027       1.4652
   18028       1.5187
   18029       1.5460
   18030       1.6183
   18031       1.4787
   18032       1.3652
   18033       1.5062
   18034       1.4189
   18035       1.6047
   18036       1.5986
   18037       1.6117
   18038       1.6031
   18039       1.5931
   18040       1.6922
   18041       1.5289
   18042       1.5271
   18043       1.4908
   18044       1.3285
   18045       1.3917
   18046       1.5344
   18047       1.3453
   18048       1.3275
   18049       1.4796
   18050       1.5243
   18051       1.3898
   18052       1.4595
   18053       1.5502
   18054       1.6286
   18055       1.5235
   18056       1.5627
   18057       1.4462
   18058       1.5500
   18059       1.5765
   18060       1.5530
   18061       1.5856
   18062       1.5032
   18063       1.7518
   18064       1.6066
   18065       1.6733
   18066       1.4969
   18067       1.6211
   18068       1.4966
   18069       1.5865
   18070       1.4635
   18071       1.5162
   18072       1.4931
   18073       1.3469
   18074       1.1794
   18075       1.2968
   18076       1.2940
   18077       1.1862
   18078       1.2126
   18079       1.1627
   18080       1.1240
   18081       1.3978
   18082       1.3020
   18083       1.5060
   18084       1.5042
   18085       1.4559
   18086       1.6252
   18087       1.7085
   18088       1.8538
   18089       1.7317
   18090       1.7766
   18091       1.6652
   18092       1.7412
   18093       1.6587
   18094       1.6421
   18095       1.6293
   18096       1.5171
   18097       1.4867
   18098       1.5410
   18099       1.6263
   18100       1.7033
   18101       1.7051
   18102       1.7375
   18103       1.6214
   18104       1.4238
   18105       1.4154
   18106       1.4835
   18107       1.4376
   18108       1.3358
   18109       1.4123
   18110       1.3594
   18111       1.3433
   18112       1.3616
   18113       1.3343
   18114       1.3405
   18115       1.3068
   18116       1.2026
   18117       1.4296
   18118       1.3722
   18119       1.3422
   18120       1.3761
   18121       1.4098
   18122       1.4409
   18123       1.4452
   18124       1.1648
   18125       1.3691
   18126       1.3660
   18127       1.3524
   18128       1.2893
   18129       1.3760
   18130       1.4685
   18131       1.3871
   18132       1.4036
   18133       1.4392
   18134       1.4093
   18135       1.5068
   18136       1.4637
   18137       1.4416
   18138       1.5034
   18139       1.4507
   18140       1.3494
   18141       1.4445
   18142       1.5025
   18143       1.3964
   18144       1.4647
   18145       1.3746
   18146       1.4614
   18147       1.5557
   18148       1.4932
   18149       1.4533
   18150       1.4667
   18151       1.4111
   18152       1.4701
   18153       1.6968
   18154       1.4256
   18155       1.4418
   18156       1.4298
   18157       1.4316
   18158       1.4954
   18159       1.7875
   18160       1.6433
   18161       1.3816
   18162       1.4150
   18163       1.3200
   18164       1.3736
   18165       1.3291
   18166       1.4192
   18167       1.3462
   18168       1.3848
   18169       1.3930
   18170       1.3613
   18171       1.3422
   18172       1.4032
   18173       1.4919
   18174       1.4826
   18175       1.4059
   18176       1.5573
   18177       1.3753
   18178       1.3439
   18179       1.2716
   18180       1.6679
   18181       1.4948
   18182       1.6290
   18183       1.6455
   18184       1.6859
   18185       1.6463
   18186       1.6624
   18187       1.8129
   18188       1.7817
   18189       1.5477
   18190       1.5024
   18191       1.5492
   18192       1.4294
   18193       1.6398
   18194       1.6885
   18195       1.8309
   18196       1.7913
   18197       1.8600
   18198       1.7271
   18199       1.4723
   18200       1.5137
   18201       1.4279
   18202       1.5609
   18203       1.6645
   18204       1.5112
   18205       1.4369
   18206       1.6250
   18207       1.5910
   18208       1.5466
   18209       1.4625
   18210       1.5824
   18211       1.7203
   18212       1.6191
   18213       1.6087
   18214       1.4059
   18215       1.3891
   18216       1.4278
   18217       1.5262
   18218       1.6061
   18219       1.6386
   18220       1.5589
   18221       1.5761
   18222       1.6663
   18223       1.7153
   18224       1.7962
   18225       1.6941
   18226       1.6061
   18227       1.6285
   18228       1.6121
   18229       1.5770
   18230       1.4342
   18231       1.4508
   18232       1.3134
   18233       1.4786
   18234       1.5212
   18235       1.3294
   18236       1.3073
   18237       1.4535
   18238       1.4189
   18239       1.3534
   18240       1.2525
   18241       1.2830
   18242       1.2209
   18243       1.2160
   18244       1.2515
   18245       1.1748
   18246       1.2700
   18247       1.3231
   18248       1.3772
   18249       1.5245
   18250       1.6172
   18251       1.5668
   18252       1.5979
   18253       1.7127
   18254       1.6614
   18255       1.6080
   18256       1.5765
   18257       1.7329
   18258       1.5280
   18259       1.5643
   18260       1.5180
   18261       1.4504
   18262       1.4174
   18263       1.3701
   18264       1.4859
   18265       1.4169
   18266       1.3527
   18267       1.2726
   18268       1.3646
   18269       1.4657
   18270       1.3910
   18271       1.4457
   18272       1.3664
   18273       1.4345
   18274       1.4557
   18275       1.3280
   18276       1.1471
   18277       1.3655
   18278       1.3285
   18279       1.4176
   18280       1.5100
   18281       1.2772
   18282       1.3231
   18283       1.1741
   18284       1.3771
   18285       1.4106
   18286       1.4025
   18287       1.3650
   18288       1.3133
   18289       1.2369
   18290       1.1490
   18291       1.2337
   18292       1.2254
   18293       1.1928
   18294       1.4081
   18295       1.3062
   18296       1.1616
   18297       1.2562
   18298       1.2010
   18299       1.3533
   18300       1.2634
   18301       1.2604
   18302       1.3662
   18303       1.2762
   18304       1.2314
   18305       1.2838
   18306       1.4795
   18307       1.5140
   18308       1.4543
   18309       1.5083
   18310       1.3114
   18311       1.4229
   18312       1.5118
   18313       1.6028
   18314       1.5084
   18315       1.5230
   18316       1.7201
   18317       1.5809
   18318       1.6542
   18319       1.4937
   18320       1.5562
   18321       1.5264
   18322       1.4190
   18323       1.6216
   18324       1.8676
   18325       1.8336
   18326       1.7173
   18327       1.7264
   18328       1.6255
   18329       1.6498
   18330       1.4174
   18331       1.3083
   18332       1.1934
   18333       1.2415
   18334       1.3313
   18335       1.3849
   18336       1.5744
   18337       1.7090
   18338       1.5985
   18339       1.4966
   18340       1.5457
   18341       1.6208
   18342       1.5090
   18343       1.4125
   18344       1.3455
   18345       1.2168
   18346       1.4115
   18347       1.3045
   18348       1.3384
   18349       1.4421
   18350       1.2608
   18351       1.2683
   18352       1.3228
   18353       1.2392
   18354       1.1729
   18355       1.1911
   18356       1.3640
   18357       1.2738
   18358       1.3955
   18359       1.4519
   18360       1.3239
   18361       1.2775
   18362       1.2768
   18363       1.2911
   18364       1.2655
   18365       1.2846
   18366       1.2214
   18367       1.2278
   18368       1.2224
   18369       1.3767
   18370       1.3629
   18371       1.2295
   18372       1.3466
   18373       1.6595
   18374       1.6907
   18375       1.4317
   18376       1.5540
   18377       1.5954
   18378       1.4237
   18379       1.4395
   18380       1.3833
   18381       1.3378
   18382       1.5342
   18383       1.5195
   18384       1.4742
   18385       1.5271
   18386       1.6795
   18387       1.5302
   18388       1.4805
   18389       1.2859
   18390       1.4815
   18391       1.4778
   18392       1.4200
   18393       1.4943
   18394       1.5326
   18395       1.3212
   18396       1.4217
   18397       1.4386
   18398       1.4652
   18399       1.3686
   18400       1.4542
   18401       1.5131
   18402       1.4557
   18403       1.3350
   18404       1.3864
   18405       1.4162
   18406       1.3319
   18407       1.2190
   18408       1.4063
   18409       1.3459
   18410       1.3932
   18411       1.4080
   18412       1.1420
   18413       1.2209
   18414       1.3203
   18415       1.4757
   18416       1.3108
   18417       1.4129
   18418       1.4549
   18419       1.4800
   18420       1.5095
   18421       1.4718
   18422       1.4094
   18423       1.3354
   18424       1.3917
   18425       1.1987
   18426       1.1774
   18427       1.3124
   18428       1.2484
   18429       1.2170
   18430       1.3676
   18431       1.3205
   18432       1.3214
   18433       1.3565
   18434       1.4061
   18435       1.5373
   18436       1.3502
   18437       1.4314
   18438       1.4594
   18439       1.6894
   18440       1.6056
   18441       1.4968
   18442       1.4052
   18443       1.4425
   18444       1.5116
   18445       1.4518
   18446       1.3674
   18447       1.3323
   18448       1.3478
   18449       1.3569
   18450       1.3211
   18451       1.4366
   18452       1.3793
   18453       1.3755
   18454       1.3884
   18455       1.3252
   18456       1.4589
   18457       1.4482
   18458       1.4711
   18459       1.4896
   18460       1.4583
   18461       1.5024
   18462       1.4388
   18463       1.4121
   18464       1.3304
   18465       1.3247
   18466       1.3128
   18467       1.1427
   18468       1.1467
   18469       1.3744
   18470       1.4096
   18471       1.4190
   18472       1.2882
   18473       1.2301
   18474       1.3939
   18475       1.3331
   18476       1.2966
   18477       1.3312
   18478       1.4476
   18479       1.4268
   18480       1.3836
   18481       1.4852
   18482       1.4017
   18483       1.5440
   18484       1.5086
   18485       1.4859
   18486       1.4324
   18487       1.3778
   18488       1.4901
   18489       1.5046
   18490       1.4616
   18491       1.4418
   18492       1.5657
   18493       1.6313
   18494       1.5051
   18495       1.6031
   18496       1.4705
   18497       1.4350
   18498       1.4643
   18499       1.5057
   18500       1.6094
   18501       1.6026
   18502       1.4675
   18503       1.2301
   18504       1.4086
   18505       1.4384
   18506       1.5555
   18507       1.6072
   18508       1.4167
   18509       1.5911
   18510       1.7378
   18511       1.6806
   18512       1.6190
   18513       1.6520
   18514       1.5803
   18515       1.5636
   18516       1.2254
   18517       1.1886
   18518       1.2981
   18519       1.3002
   18520       1.4617
   18521       1.3910
   18522       1.5558
   18523       1.3143
   18524       1.2049
   18525       1.1889
   18526       1.2481
   18527       1.1636
   18528       1.2753
   18529       1.2823
   18530       1.2235
   18531       1.4488
   18532       1.3827
   18533       1.4313
   18534       1.3418
   18535       1.3699
   18536       1.2561
   18537       1.1056
   18538       1.2695
   18539       1.2780
   18540       1.0669
   18541       1.2461
   18542       1.4117
   18543       1.4503
   18544       1.3178
   18545       1.2823
   18546       1.1643
   18547       1.2107
   18548       1.3144
   18549       1.2667
   18550       1.3492
   18551       1.1515
   18552       1.2013
   18553       1.3936
   18554       1.4358
   18555       1.2958
   18556       1.1478
   18557       1.1753
   18558       1.2209
   18559       1.0886
   18560       1.0592
   18561       1.1243
   18562       0.9880
   18563       0.9876
   18564       1.0825
   18565       1.1011
   18566       1.0262
   18567       0.9625
   18568       1.1117
   18569       1.0154
   18570       1.0092
   18571       1.1456
   18572       1.3247
   18573       1.4261
   18574       1.4070
   18575       1.2126
   18576       1.1840
   18577       1.0914
   18578       1.0802
   18579       1.0562
   18580       1.0976
   18581       1.2139
   18582       1.2189
   18583       1.1122
   18584       0.9985
   18585       1.0529
   18586       1.0670
   18587       1.1042
   18588       1.1957
   18589       1.3245
   18590       1.3326
   18591       1.4963
   18592       1.4850
   18593       1.3726
   18594       1.4885
   18595       1.2967
   18596       1.3718
   18597       1.1544
   18598       1.0860
   18599       1.3103
   18600       1.1317
   18601       1.2184
   18602       1.2215
   18603       1.2329
   18604       1.2819
   18605       1.1952
   18606       1.1187
   18607       1.2614
   18608       1.2753
   18609       1.3740
   18610       1.1987
   18611       1.3076
   18612       1.1965
   18613       1.2568
   18614       1.1720
   18615       1.2101
   18616       1.2840
   18617       1.3419
   18618       1.2380
   18619       1.3850
   18620       1.3326
   18621       1.3615
   18622       1.5823
   18623       1.5226
   18624       1.2186
   18625       1.2499
   18626       1.4474
   18627       1.3657
   18628       1.2917
   18629       1.2986
   18630       1.1558
   18631       1.2407
   18632       1.1717
   18633       1.1922
   18634       1.1089
   18635       1.2729
   18636       1.2958
   18637       1.2691
   18638       1.1628
   18639       1.1041
   18640       1.0026
   18641       1.1370
   18642       1.1859
   18643       1.1829
   18644       1.1608
   18645       1.0647
   18646       1.2353
   18647       1.2974
   18648       1.1374
   18649       1.3317
   18650       1.2374
   18651       1.1873
   18652       1.0845
   18653       1.1342
   18654       1.1419
   18655       1.0786
   18656       1.0503
   18657       1.2131
   18658       1.3180
   18659       1.1874
   18660       1.1343
   18661       1.1592
   18662       1.2401
   18663       1.2944
   18664       1.2315
   18665       1.1186
   18666       1.0581
   18667       1.0009
   18668       0.9538
   18669       1.1778
   18670       1.1226
   18671       1.3030
   18672       1.2923
   18673       1.2103
   18674       1.2991
   18675       1.1507
   18676       1.2485
   18677       1.3938
   18678       1.3990
   18679       1.1630
   18680       1.1608
   18681       1.1965
   18682       1.1937
   18683       1.2010
   18684       1.2593
   18685       1.1576
   18686       1.1920
   18687       1.3179
   18688       1.1551
   18689       1.0896
   18690       1.2562
   18691       1.1194
   18692       1.2540
   18693       1.3418
   18694       1.4024
   18695       1.4551
   18696       1.3612
   18697       1.2084
   18698       1.2586
   18699       1.1800
   18700       1.3018
   18701       1.2027
   18702       1.2509
   18703       1.3250
   18704       1.2635
   18705       1.2469
   18706       1.2106
   18707       1.1282
   18708       1.1005
   18709       1.1579
   18710       1.1894
   18711       1.2613
   18712       1.2142
   18713       1.1808
   18714       1.1195
   18715       1.2009
   18716       1.2612
   18717       1.3260
   18718       1.2034
   18719       1.2579
   18720       1.3916
   18721       1.2663
   18722       1.3464
   18723       1.2564
   18724       1.1557
   18725       1.1554
   18726       1.1989
   18727       1.1681
   18728       1.4118
   18729       1.4982
   18730       1.5142
   18731       1.5660
   18732       1.4318
   18733       1.3853
   18734       1.2594
   18735       1.2535
   18736       1.2368
   18737       1.3016
   18738       1.5488
   18739       1.5780
   18740       1.4922
   18741       1.3857
   18742       1.2994
   18743       1.3051
   18744       1.2162
   18745       1.2005
   18746       1.2862
   18747       1.2179
   18748       1.3498
   18749       1.4498
   18750       1.4194
   18751       1.4456
   18752       1.2473
   18753       1.5216
   18754       1.7041
   18755       1.4792
   18756       1.3813
   18757       1.4283
   18758       1.5048
   18759       1.4458
   18760       1.4875
   18761       1.1498
   18762       1.2315
   18763       1.1899
   18764       1.3285
   18765       1.2259
   18766       1.1382
   18767       1.2326
   18768       1.1722
   18769       1.3439
   18770       1.1825
   18771       1.2122
   18772       1.1766
   18773       1.3109
   18774       1.1994
   18775       1.2287
   18776       1.2954
   18777       1.1175
   18778       1.1932
   18779       1.3064
   18780       1.3382
   18781       1.3034
   18782       1.3266
   18783       1.3075
   18784       1.3000
   18785       1.2797
   18786       1.3070
   18787       1.4291
   18788       1.4317
   18789       1.3527
   18790       1.3318
   18791       1.2754
   18792       1.2874
   18793       1.3350
   18794       1.2522
   18795       1.2433
   18796       1.3081
   18797       1.3119
   18798       1.4012
   18799       1.4267
   18800       1.4291
   18801       1.4370
   18802       1.4729
   18803       1.4347
   18804       1.4949
   18805       1.3759
   18806       1.2537
   18807       1.3964
   18808       1.4553
   18809       1.6055
   18810       1.5700
   18811       1.6986
   18812       1.5422
   18813       1.5876
   18814       1.7204
   18815       1.5974
   18816       1.3488
   18817       1.4825
   18818       1.3953
   18819       1.2636
   18820       1.2911
   18821       1.5683
   18822       1.5234
   18823       1.3734
   18824       1.5065
   18825       1.5206
   18826       1.5888
   18827       1.6080
   18828       1.5372
   18829       1.6967
   18830       1.6614
   18831       1.7069
   18832       1.8124
   18833       1.7157
   18834       1.8665
   18835       1.6966
   18836       1.7443
   18837       1.7230
   18838       1.6715
   18839       1.7292
   18840       1.6821
   18841       1.5183
   18842       1.4974
   18843       1.6593
   18844       1.6498
   18845       1.7211
   18846       1.6982
   18847       1.8120
   18848       1.6587
   18849       1.5938
   18850       1.4068
   18851       1.3637
   18852       1.4557
   18853       1.3933
   18854       1.5085
   18855       1.4503
   18856       1.4980
   18857       1.5318
   18858       1.4122
   18859       1.4432
   18860       1.4526
   18861       1.4290
   18862       1.4469
   18863       1.2643
   18864       1.5148
   18865       1.4671
   18866       1.4193
   18867       1.3145
   18868       1.3626
   18869       1.3560
   18870       1.3578
   18871       1.2559
   18872       1.2106
   18873       1.2087
   18874       1.2512
   18875       1.4310
   18876       1.4501
   18877       1.4413
   18878       1.3446
   18879       1.4679
   18880       1.3770
   18881       1.4626
   18882       1.3780
   18883       1.4248
   18884       1.4702
   18885       1.3348
   18886       1.4369
   18887       1.4977
   18888       1.5280
   18889       1.4887
   18890       1.5236
   18891       1.4611
   18892       1.1796
   18893       1.2542
   18894       1.4161
   18895       1.5573
   18896       1.5192
   18897       1.5388
   18898       1.3982
   18899       1.4612
   18900       1.3382
   18901       1.2346
   18902       1.3087
   18903       1.2501
   18904       1.3080
   18905       1.3853
   18906       1.2556
   18907       1.2096
   18908       1.2092
   18909       1.2017
   18910       1.1309
   18911       1.3040
   18912       1.2144
   18913       1.2885
   18914       1.4610
   18915       1.4501
   18916       1.7070
   18917       1.6306
   18918       1.3700
   18919       1.3952
   18920       1.4302
   18921       1.2904
   18922       1.2691
   18923       1.1995
   18924       1.1808
   18925       1.2111
   18926       1.2656
   18927       1.4005
   18928       1.3834
   18929       1.2515
   18930       1.4202
   18931       1.4915
   18932       1.4486
   18933       1.4216
   18934       1.5576
   18935       1.6691
   18936       1.7481
   18937       1.6026
   18938       1.3432
   18939       1.2341
   18940       1.3057
   18941       1.3707
   18942       1.4861
   18943       1.3602
   18944       1.2395
   18945       1.3393
   18946       1.3534
   18947       1.3124
   18948       1.2938
   18949       1.3712
   18950       1.2745
   18951       1.2527
   18952       1.3364
   18953       1.1817
   18954       1.1495
   18955       1.1202
   18956       1.1573
   18957       1.2294
   18958       1.1438
   18959       1.1625
   18960       1.1522
   18961       1.1109
   18962       1.3496
   18963       1.2032
   18964       1.2038
   18965       1.2211
   18966       1.1868
   18967       1.2883
   18968       1.3947
   18969       1.2250
   18970       1.3229
   18971       1.4478
   18972       1.3283
   18973       1.3092
   18974       1.2745
   18975       1.3288
   18976       1.1931
   18977       1.2837
   18978       1.4394
   18979       1.3558
   18980       1.3771
   18981       1.3129
   18982       1.3793
   18983       1.4319
   18984       1.3297
   18985       1.3244
   18986       1.2774
   18987       1.2915
   18988       1.2881
   18989       1.2906
   18990       1.4425
   18991       1.4465
   18992       1.2651
   18993       1.3850
   18994       1.3677
   18995       1.4241
   18996       1.1739
   18997       1.2442
   18998       1.1688
   18999       1.1340
   19000       1.1995
   19001       1.2080
   19002       1.3213
   19003       1.3894
   19004       1.4386
   19005       1.3597
   19006       1.2743
   19007       1.3699
   19008       1.2461
   19009       1.1248
   19010       1.2426
   19011       1.2633
   19012       1.2087
   19013       1.2486
   19014       1.2120
   19015       1.1882
   19016       1.1645
   19017       1.1550
   19018       1.2750
   19019       1.1588
   19020       1.1919
   19021       1.2180
   19022       1.2748
   19023       1.2252
   19024       1.3169
   19025       1.2375
   19026       1.3394
   19027       1.3223
   19028       1.2480
   19029       1.1053
   19030       1.2229
   19031       1.2261
   19032       1.3389
   19033       1.3714
   19034       1.3022
   19035       1.1935
   19036       1.1389
   19037       1.3155
   19038       1.1753
   19039       1.2838
   19040       1.2159
   19041       1.2127
   19042       1.1940
   19043       1.2241
   19044       1.1907
   19045       1.3144
   19046       1.3116
   19047       1.2399
   19048       1.2578
   19049       1.2058
   19050       1.1758
   19051       1.3052
   19052       1.2179
   19053       1.2587
   19054       1.2926
   19055       1.2199
   19056       1.3201
   19057       1.3462
   19058       1.2601
   19059       1.1621
   19060       1.4394
   19061       1.1293
   19062       1.1913
   19063       1.1650
   19064       1.2104
   19065       1.1689
   19066       1.2779
   19067       1.3789
   19068       1.3634
   19069       1.4171
   19070       1.2428
   19071       1.1502
   19072       1.1207
   19073       1.1986
   19074       1.3052
   19075       1.2535
   19076       1.1311
   19077       1.3652
   19078       1.3380
   19079       1.2523
   19080       1.2726
   19081       1.2593
   19082       1.2432
   19083       1.3187
   19084       1.3151
   19085       1.3828
   19086       1.3005
   19087       1.1964
   19088       1.2391
   19089       1.2645
   19090       1.3462
   19091       1.2994
   19092       1.1255
   19093       1.2577
   19094       1.1739
   19095       1.3529
   19096       1.3940
   19097       1.2795
   19098       1.1146
   19099       1.3191
   19100       1.3688
   19101       1.3270
   19102       1.4498
   19103       1.3224
   19104       1.3781
   19105       1.2748
   19106       1.4324
   19107       1.2619
   19108       1.4785
   19109       1.4710
   19110       1.5995
   19111       1.4574
   19112       1.4878
   19113       1.4539
   19114       1.4389
   19115       1.4087
   19116       1.5659
   19117       1.4733
   19118       1.4914
   19119       1.3867
   19120       1.4420
   19121       1.4075
   19122       1.4267
   19123       1.3997
   19124       1.2186
   19125       1.2819
   19126       1.1385
   19127       1.2575
   19128       1.3184
   19129       1.4221
   19130       1.3148
   19131       1.2076
   19132       1.1521
   19133       1.1093
   19134       1.3003
   19135       1.4037
   19136       1.3267
   19137       1.1817
   19138       1.2607
   19139       1.1949
   19140       1.2878
   19141       1.2499
   19142       1.2850
   19143       1.2352
   19144       1.1227
   19145       1.1256
   19146       1.0321
   19147       1.1997
   19148       1.1939
   19149       1.2402
   19150       1.3470
   19151       1.3125
   19152       1.0232
   19153       1.0013
   19154       1.0672
   19155       1.0701
   19156       0.9710
   19157       1.0553
   19158       1.0458
   19159       1.1701
   19160       1.1538
   19161       1.2121
   19162       1.4131
   19163       1.2469
   19164       1.1049
   19165       1.1422
   19166       1.1681
   19167       1.0884
   19168       1.2197
   19169       1.1350
   19170       1.0544
   19171       1.0587
   19172       0.9981
   19173       1.1576
   19174       1.1602
   19175       1.1041
   19176       1.0484
   19177       1.0658
   19178       1.0856
   19179       1.1834
   19180       1.3074
   19181       1.3625
   19182       1.3859
   19183       1.2626
   19184       1.2955
   19185       1.3656
   19186       1.3116
   19187       1.3397
   19188       1.3668
   19189       1.3530
   19190       1.3552
   19191       1.2182
   19192       1.1025
   19193       1.3954
   19194       1.2248
   19195       1.1468
   19196       1.3094
   19197       1.4083
   19198       1.2527
   19199       1.1688
   19200       1.0419
   19201       1.2115
   19202       1.0677
   19203       1.1094
   19204       0.9679
   19205       1.1403
   19206       1.1909
   19207       1.1033
   19208       1.1630
   19209       1.1345
   19210       1.1399
   19211       1.1661
   19212       1.1238
   19213       0.9971
   19214       0.9708
   19215       1.0825
   19216       1.0126
   19217       1.2051
   19218       1.0194
   19219       0.9696
   19220       0.9828
   19221       0.8792
   19222       1.0584
   19223       0.9967
   19224       0.9931
   19225       1.0798
   19226       1.0437
   19227       1.0883
   19228       1.1013
   19229       1.1190
   19230       0.9922
   19231       1.0444
   19232       0.9869
   19233       0.9183
   19234       1.0471
   19235       1.0553
   19236       1.0609
   19237       1.0996
   19238       1.2395
   19239       1.1527
   19240       1.0596
   19241       1.2022
   19242       1.0602
   19243       1.1269
   19244       1.1652
   19245       1.0769
   19246       1.1815
   19247       1.0618
   19248       1.0258
   19249       1.1526
   19250       1.1044
   19251       1.1522
   19252       1.0846
   19253       1.0062
   19254       1.1064
   19255       1.1669
   19256       1.1726
   19257       1.1351
   19258       1.1764
   19259       1.0743
   19260       1.1304
   19261       0.9870
   19262       1.1757
   19263       1.0609
   19264       1.2769
   19265       1.2040
   19266       1.4659
   19267       1.3491
   19268       1.2051
   19269       1.3485
   19270       1.1546
   19271       1.1291
   19272       1.0857
   19273       1.2194
   19274       1.0963
   19275       1.0820
   19276       1.1022
   19277       0.9881
   19278       0.9509
   19279       0.9066
   19280       1.1174
   19281       1.0917
   19282       0.9859
   19283       1.0749
   19284       0.9025
   19285       1.0096
   19286       0.9828
   19287       1.0938
   19288       1.0778
   19289       1.0653
   19290       1.0716
   19291       1.1411
   19292       1.1597
   19293       1.0355
   19294       1.1556
   19295       1.0176
   19296       0.9020
   19297       0.9070
   19298       0.9036
   19299       0.9625
   19300       1.0167
   19301       1.0118
   19302       0.9483
   19303       1.2179
   19304       1.1639
   19305       1.1285
   19306       0.9693
   19307       1.0172
   19308       0.9911
   19309       1.0078
   19310       0.9860
   19311       1.1681
   19312       1.1955
   19313       1.2688
   19314       1.2899
   19315       1.2461
   19316       1.1371
   19317       1.3540
   19318       1.1640
   19319       1.1773
   19320       1.1575
   19321       1.1954
   19322       1.2635
   19323       1.0116
   19324       1.0534
   19325       1.0907
   19326       1.2239
   19327       1.1597
   19328       1.1589
   19329       1.2263
   19330       1.2712
   19331       1.1998
   19332       1.2162
   19333       1.1422
   19334       1.1559
   19335       1.1564
   19336       1.0901
   19337       1.0674
   19338       0.9574
   19339       1.0548
   19340       1.1383
   19341       1.0358
   19342       1.0173
   19343       1.1537
   19344       1.2227
   19345       1.0802
   19346       1.0895
   19347       1.1400
   19348       1.3156
   19349       1.3385
   19350       1.3449
   19351       1.2051
   19352       1.3173
   19353       1.0248
   19354       1.2140
   19355       1.3144
   19356       1.0354
   19357       1.0322
   19358       1.1452
   19359       1.2233
   19360       1.1676
   19361       1.1595
   19362       1.1651
   19363       1.2710
   19364       1.3511
   19365       1.2903
   19366       1.4162
   19367       1.4264
   19368       1.4701
   19369       1.3775
   19370       1.6722
   19371       1.7817
   19372       1.8863
   19373       1.7740
   19374       1.8863
   19375       1.9199
   19376       1.8750
   19377       1.7588
   19378       1.8229
   19379       1.5618
   19380       1.5500
   19381       1.3765
   19382       1.5129
   19383       1.4736
   19384       1.5948
   19385       1.3686
   19386       1.3568
   19387       1.3417
   19388       1.2918
   19389       1.2568
   19390       1.2688
   19391       1.5236
   19392       1.4694
   19393       1.6066
   19394       1.6134
   19395       1.5249
   19396       1.4289
   19397       1.4753
   19398       1.3983
   19399       1.2170
   19400       1.1091
   19401       1.1579
   19402       1.2267
   19403       1.3497
   19404       1.3774
   19405       1.2016
   19406       1.2850
   19407       1.1267
   19408       1.2173
   19409       1.2982
   19410       1.2439
   19411       1.2379
   19412       1.2732
   19413       1.2858
   19414       1.3657
   19415       1.4784
   19416       1.3642
   19417       1.2916
   19418       1.3040
   19419       1.1658
   19420       1.0738
   19421       1.2798
   19422       1.1930
   19423       1.2724
   19424       1.2126
   19425       1.1703
   19426       1.3315
   19427       1.1249
   19428       1.1567
   19429       1.1477
   19430       1.0334
   19431       1.1051
   19432       1.1431
   19433       1.1850
   19434       1.1617
   19435       1.2075
   19436       1.2047
   19437       1.2097
   19438       1.1992
   19439       1.1602
   19440       0.9958
   19441       1.0261
   19442       1.1020
   19443       1.2558
   19444       1.1980
   19445       0.9789
   19446       0.9931
   19447       1.0994
   19448       1.0137
   19449       0.9409
   19450       1.1637
   19451       1.2303
   19452       1.1447
   19453       1.1567
   19454       1.1153
   19455       1.2094
   19456       1.4147
   19457       1.1144
   19458       0.9968
   19459       1.0489
   19460       1.0724
   19461       0.9779
   19462       1.1456
   19463       1.3236
   19464       1.1427
   19465       1.2216
   19466       1.0817
   19467       1.0762
   19468       0.9856
   19469       1.2304
   19470       1.0313
   19471       1.0651
   19472       0.9473
   19473       1.0508
   19474       0.9400
   19475       0.9552
   19476       1.0401
   19477       1.0780
   19478       1.2774
   19479       1.1309
   19480       1.0012
   19481       1.0458
   19482       1.2279
   19483       1.2023
   19484       1.1774
   19485       1.2767
   19486       1.2213
   19487       1.1232
   19488       1.1007
   19489       1.0474
   19490       0.9615
   19491       1.1339
   19492       1.1377
   19493       1.0760
   19494       1.0568
   19495       1.0204
   19496       1.0947
   19497       1.0394
   19498       1.1469
   19499       1.1647
   19500       1.2212
   19501       1.4069
   19502       1.3062
   19503       1.2527
   19504       1.2808
   19505       1.4248
   19506       1.3759
   19507       1.4599
   19508       1.2611
   19509       1.3301
   19510       1.3917
   19511       1.3574
   19512       1.2729
   19513       1.4114
   19514       1.4271
   19515       1.3773
   19516       1.4633
   19517       1.4118
   19518       1.2284
   19519       1.2215
   19520       1.1766
   19521       1.3172
   19522       1.2621
   19523       1.2268
   19524       1.0289
   19525       1.0283
   19526       1.1839
   19527       1.2105
   19528       1.2507
   19529       1.2737
   19530       1.1613
   19531       1.1042
   19532       1.2644
   19533       1.2831
   19534       1.3423
   19535       1.2531
   19536       1.2953
   19537       1.0949
   19538       0.9136
   19539       1.0498
   19540       1.1961
   19541       1.1396
   19542       1.2798
   19543       1.1144
   19544       1.2148
   19545       1.2254
   19546       1.3457
   19547       1.3111
   19548       1.2777
   19549       1.2490
   19550       1.2730
   19551       1.2891
   19552       1.3118
   19553       1.3483
   19554       1.4537
   19555       1.3303
   19556       1.3793
   19557       1.6064
   19558       1.7295
   19559       1.4647
   19560       1.4034
   19561       1.4018
   19562       1.4391
   19563       1.4435
   19564       1.3744
   19565       1.3929
   19566       1.6103
   19567       1.4016
   19568       1.3537
   19569       1.2683
   19570       1.2168
   19571       1.2786
   19572       1.2599
   19573       1.1983
   19574       1.1833
   19575       1.2239
   19576       1.3227
   19577       1.3517
   19578       1.2474
   19579       1.3953
   19580       1.5903
   19581       1.5621
   19582       1.5499
   19583       1.4277
   19584       1.3483
   19585       1.4413
   19586       1.3510
   19587       1.5098
   19588       1.3392
   19589       1.3515
   19590       1.3525
   19591       1.3683
   19592       1.3131
   19593       1.3163
   19594       1.2612
   19595       1.2144
   19596       1.2488
   19597       1.2187
   19598       1.1219
   19599       1.2131
   19600       1.1647
   19601       1.1622
   19602       1.1719
   19603       1.2006
   19604       1.1403
   19605       0.9843
   19606       1.0666
   19607       1.1191
   19608       1.0662
   19609       1.2405
   19610       1.3493
   19611       1.1981
   19612       1.1677
   19613       1.1740
   19614       1.2266
   19615       1.1936
   19616       1.3314
   19617       1.3318
   19618       1.2443
   19619       1.2464
   19620       1.3553
   19621       1.2800
   19622       1.3030
   19623       1.3710
   19624       1.2378
   19625       1.2294
   19626       1.2431
   19627       1.3039
   19628       1.0934
   19629       1.1817
   19630       1.2130
   19631       1.2403
   19632       1.2675
   19633       1.1747
   19634       1.0893
   19635       1.0054
   19636       1.1514
   19637       1.2628
   19638       1.2375
   19639       1.3954
   19640       1.1918
   19641       1.2409
   19642       1.2796
   19643       1.1953
   19644       1.1784
   19645       1.1820
   19646       1.2554
   19647       1.3004
   19648       1.4328
   19649       1.3029
   19650       1.4368
   19651       1.2738
   19652       1.4155
   19653       1.3385
   19654       1.2346
   19655       1.2632
   19656       1.3168
   19657       1.2175
   19658       1.3005
   19659       1.3158
   19660       1.3148
   19661       1.2642
   19662       1.3078
   19663       1.1778
   19664       1.2723
   19665       1.3028
   19666       1.2704
   19667       1.2069
   19668       1.2279
   19669       1.2915
   19670       1.2768
   19671       1.1744
   19672       1.2329
   19673       1.4640
   19674       1.3679
   19675       1.2807
   19676       1.2001
   19677       1.1343
   19678       1.2198
   19679       1.3009
   19680       1.3246
   19681       1.3036
   19682       1.3564
   19683       1.2782
   19684       1.2014
   19685       1.1434
   19686       1.0578
   19687       1.1383
   19688       1.3063
   19689       1.2722
   19690       1.2658
   19691       1.2653
   19692       1.2736
   19693       1.2652
   19694       1.1932
   19695       1.2250
   19696       1.1601
   19697       1.2373
   19698       1.2179
   19699       1.2511
   19700       1.3448
   19701       1.1987
   19702       1.1304
   19703       1.2500
   19704       1.4772
   19705       1.3050
   19706       1.1550
   19707       1.2744
   19708       1.2898
   19709       1.2417
   19710       1.1138
   19711       1.1331
   19712       1.2128
   19713       1.2695
   19714       1.2820
   19715       1.1831
   19716       1.0774
   19717       1.2206
   19718       1.2745
   19719       1.2732
   19720       1.0805
   19721       1.1115
   19722       1.0423
   19723       1.0608
   19724       1.1632
   19725       1.1653
   19726       1.1552
   19727       1.1131
   19728       1.0568
   19729       1.0040
   19730       1.0742
   19731       1.2093
   19732       1.1330
   19733       1.1125
   19734       1.2165
   19735       1.1579
   19736       1.1778
   19737       1.2276
   19738       1.2305
   19739       1.2907
   19740       1.2403
   19741       1.2861
   19742       1.4343
   19743       1.3957
   19744       1.2666
   19745       1.3167
   19746       1.4907
   19747       1.3375
   19748       1.4677
   19749       1.2687
   19750       1.4700
   19751       1.3708
   19752       1.1971
   19753       1.2802
   19754       1.4005
   19755       1.2740
   19756       1.1620
   19757       1.2241
   19758       1.3682
   19759       1.3382
   19760       1.1639
   19761       1.2482
   19762       1.4113
   19763       1.2970
   19764       1.2869
   19765       1.2663
   19766       1.1943
   19767       1.0856
   19768       1.1931
   19769       1.1837
   19770       1.1213
   19771       1.1152
   19772       1.1316
   19773       1.0599
   19774       1.0677
   19775       1.0233
   19776       1.0097
   19777       1.0011
   19778       1.0863
   19779       1.0696
   19780       1.1594
   19781       1.1929
   19782       1.1310
   19783       1.1649
   19784       1.0394
   19785       1.0380
   19786       1.1993
   19787       1.2095
   19788       1.1398
   19789       1.2365
   19790       1.3733
   19791       1.2634
   19792       1.1706
   19793       1.1641
   19794       1.0681
   19795       1.2053
   19796       1.0605
   19797       0.9733
   19798       0.9863
   19799       0.9552
   19800       1.0113
   19801       1.0131
   19802       1.1629
   19803       1.1560
   19804       1.1878
   19805       1.3061
   19806       1.1924
   19807       1.3782
   19808       1.3183
   19809       1.1600
   19810       1.3197
   19811       1.2433
   19812       1.2504
   19813       1.2953
   19814       1.2312
   19815       1.3320
   19816       1.2553
   19817       1.1216
   19818       1.0777
   19819       1.2084
   19820       1.2706
   19821       1.2587
   19822       1.1551
   19823       1.1404
   19824       1.0492
   19825       1.1612
   19826       1.1358
   19827       1.0872
   19828       1.1447
   19829       1.1047
   19830       1.0716
   19831       1.2085
   19832       1.2291
   19833       1.2870
   19834       1.0506
   19835       1.1863
   19836       1.1280
   19837       1.1616
   19838       1.1102
   19839       1.0877
   19840       1.0675
   19841       1.0725
   19842       1.2097
   19843       1.0703
   19844       1.1514
   19845       1.1972
   19846       1.1136
   19847       1.1101
   19848       1.0149
   19849       0.9699
   19850       1.0811
   19851       1.1460
   19852       1.2216
   19853       1.2513
   19854       1.1025
   19855       1.1553
   19856       1.0820
   19857       1.2720
   19858       1.1223
   19859       1.1064
   19860       1.1228
   19861       1.1853
   19862       1.1230
   19863       1.0605
   19864       1.1104
   19865       1.0325
   19866       1.1656
   19867       1.0739
   19868       1.1576
   19869       1.1414
   19870       1.1279
   19871       1.1561
   19872       0.9306
   19873       1.1528
   19874       1.1202
   19875       1.2190
   19876       1.2760
   19877       1.1742
   19878       1.1370
   19879       1.0119
   19880       0.9073
   19881       0.9728
   19882       1.2478
   19883       1.1712
   19884       1.3142
   19885       1.0214
   19886       1.0993
   19887       0.9758
   19888       1.1098
   19889       1.1178
   19890       0.9901
   19891       1.0432
   19892       1.0724
   19893       1.0475
   19894       0.9664
   19895       1.1283
   19896       1.2237
   19897       1.1833
   19898       1.1080
   19899       1.2379
   19900       1.2791
   19901       1.2377
   19902       0.9368
   19903       0.9644
   19904       1.0316
   19905       0.9436
   19906       1.1094
   19907       1.0979
   19908       1.2087
   19909       1.1578
   19910       1.3730
   19911       1.3273
   19912       1.3561
   19913       1.2258
   19914       1.2543
   19915       1.1491
   19916       1.2213
   19917       1.0277
   19918       1.2197
   19919       1.1059
   19920       1.4001
   19921       1.4100
   19922       1.3321
   19923       1.1762
   19924       1.0940
   19925       1.0749
   19926       1.0877
   19927       1.0163
   19928       1.0574
   19929       1.0673
   19930       1.0839
   19931       1.0758
   19932       1.1650
   19933       1.0094
   19934       1.2221
   19935       1.3424
   19936       1.2220
   19937       1.3538
   19938       1.0959
   19939       1.0856
   19940       0.9097
   19941       1.0863
   19942       1.1012
   19943       1.0584
   19944       0.9099
   19945       1.1174
   19946       0.9890
   19947       1.0200
   19948       0.9838
   19949       0.9554
   19950       1.0918
   19951       1.0277
   19952       1.0899
   19953       1.1082
   19954       1.0488
   19955       0.9904
   19956       1.0404
   19957       0.8940
   19958       1.0586
   19959       1.1545
   19960       1.1105
   19961       1.2615
   19962       1.2771
   19963       1.3078
   19964       1.2686
   19965       1.1753
   19966       1.0859
   19967       1.0924
   19968       1.0819
   19969       0.9721
   19970       1.0965
   19971       0.9430
   19972       1.1353
   19973       0.9479
   19974       0.8829
   19975       0.9271
   19976       0.8952
   19977       0.9126
   19978       0.9082
   19979       0.9198
   19980       1.0936
   19981       1.1574
   19982       1.0350
   19983       1.1900
   19984       1.2025
   19985       1.1462
   19986       1.1014
   19987       1.0177
   19988       0.9564
   19989       1.0312
   19990       0.9388
   19991       1.0193
   19992       0.9748
   19993       1.0625
   19994       1.0474
   19995       1.0756
   19996       0.9540
   19997       1.1244
   19998       1.2458
   19999       1.2135
   20000       1.1848
   20001       1.1450
   20002       1.0618
   20003       1.0574
   20004       0.9948
   20005       1.1175
   20006       1.0090
   20007       1.0832
   20008       1.1511
   20009       1.1370
   20010       1.1614
   20011       1.2530
   20012       1.3023
   20013       1.2650
   20014       1.2508
   20015       1.1355
   20016       1.1633
   20017       1.2401
   20018       1.2288
   20019       1.1534
   20020       1.1920
   20021       1.1795
   20022       1.2583
   20023       1.2420
   20024       1.2089
   20025       1.2044
   20026       1.2426
   20027       1.2647
   20028       1.1818
   20029       1.2042
   20030       1.3235
   20031       1.3620
   20032       1.2636
   20033       1.2464
   20034       1.1822
   20035       1.2342
   20036       1.2181
   20037       1.1497
   20038       1.1390
   20039       1.1339
   20040       1.0736
   20041       1.1821
   20042       1.1729
   20043       1.1555
   20044       1.1490
   20045       1.0894
   20046       1.0911
   20047       1.1685
   20048       1.0957
   20049       1.2169
   20050       1.2226
   20051       1.1042
   20052       1.0735
   20053       1.2103
   20054       1.2995
   20055       1.4094
   20056       1.2841
   20057       1.3615
   20058       1.3623
   20059       1.3403
   20060       1.2234
   20061       1.3393
   20062       1.2672
   20063       1.2877
   20064       1.2128
   20065       1.2485
   20066       1.1721
   20067       1.3405
   20068       1.3465
   20069       1.2241
   20070       1.1734
   20071       1.1988
   20072       1.2517
   20073       1.2313
   20074       1.1641
   20075       1.1973
   20076       1.1722
   20077       1.1261
   20078       1.1918
   20079       1.0898
   20080       1.0391
   20081       1.1363
   20082       1.1668
   20083       1.2917
   20084       1.2987
   20085       1.1750
   20086       1.1794
   20087       1.2268
   20088       1.1204
   20089       1.1555
   20090       0.9623
   20091       0.9862
   20092       1.1291
   20093       0.9849
   20094       1.1341
   20095       1.0919
   20096       0.9752
   20097       1.2189
   20098       1.0722
   20099       1.1032
   20100       0.9745
   20101       1.0201
   20102       0.9954
   20103       1.0526
   20104       0.8284
   20105       0.9401
   20106       0.9387
   20107       0.9075
   20108       1.0175
   20109       0.8548
   20110       1.0882
   20111       1.1462
   20112       1.1823
   20113       1.0541
   20114       1.0713
   20115       1.2875
   20116       1.1073
   20117       1.0831
   20118       1.0044
   20119       0.9530
   20120       0.9913
   20121       1.0174
   20122       1.0281
   20123       1.1539
   20124       1.1246
   20125       1.0172
   20126       1.0177
   20127       1.1687
   20128       1.1217
   20129       1.1354
   20130       1.1847
   20131       1.2308
   20132       1.1686
   20133       1.2244
   20134       1.0502
   20135       1.0932
   20136       0.9877
   20137       1.0481
   20138       0.9916
   20139       0.9955
   20140       1.0377
   20141       1.0148
   20142       1.0348
   20143       1.0321
   20144       1.1099
   20145       1.0570
   20146       1.0404
   20147       1.0025
   20148       1.1437
   20149       1.1850
   20150       1.0463
   20151       1.0539
   20152       0.8950
   20153       1.0698
   20154       1.0703
   20155       1.1288
   20156       1.3148
   20157       1.2300
   20158       1.2347
   20159       1.0541
   20160       1.1732
   20161       1.2246
   20162       1.2508
   20163       1.3771
   20164       1.5690
   20165       1.3151
   20166       1.2820
   20167       1.3161
   20168       1.2762
   20169       1.1619
   20170       1.0980
   20171       1.0025
   20172       1.0846
   20173       1.2392
   20174       1.1655
   20175       1.1847
   20176       1.2798
   20177       1.2017
   20178       1.1712
   20179       1.2235
   20180       1.2192
   20181       1.1652
   20182       1.2204
   20183       1.2008
   20184       1.1887
   20185       1.1613
   20186       1.0544
   20187       1.0356
   20188       1.1842
   20189       1.2159
   20190       1.2690
   20191       1.2099
   20192       1.1169
   20193       1.2309
   20194       1.2600
   20195       1.2461
   20196       1.0873
   20197       1.0860
   20198       1.1854
   20199       1.1013
   20200       1.1224
   20201       1.0378
   20202       1.2368
   20203       1.0561
   20204       1.3764
   20205       1.0996
   20206       1.0517
   20207       1.1293
   20208       1.1042
   20209       1.0128
   20210       1.0309
   20211       1.0444
   20212       1.0074
   20213       1.0508
   20214       1.0185
   20215       1.1690
   20216       1.2102
   20217       1.3015
   20218       1.3819
   20219       1.2394
   20220       1.2130
   20221       1.2202
   20222       1.2091
   20223       1.2366
   20224       1.2110
   20225       1.2031
   20226       1.1631
   20227       1.2713
   20228       1.2171
   20229       1.2667
   20230       1.2907
   20231       1.1249
   20232       1.2408
   20233       1.3112
   20234       1.2514
   20235       1.0645
   20236       1.0693
   20237       1.1654
   20238       1.1364
   20239       1.0756
   20240       1.1354
   20241       1.1732
   20242       1.1893
   20243       1.1114
   20244       1.1473
   20245       1.1713
   20246       1.2935
   20247       1.1700
   20248       1.1695
   20249       1.2110
   20250       1.2892
   20251       1.2245
   20252       1.1559
   20253       1.2010
   20254       1.1453
   20255       1.2007
   20256       1.1362
   20257       1.1648
   20258       1.0985
   20259       1.0137
   20260       1.0728
   20261       1.0340
   20262       1.1109
   20263       1.1223
   20264       1.1136
   20265       1.0831
   20266       0.9945
   20267       0.9492
   20268       0.9980
   20269       1.0742
   20270       1.0468
   20271       0.9641
   20272       0.9403
   20273       1.0951
   20274       1.2093
   20275       1.1837
   20276       1.0753
   20277       0.9939
   20278       1.1721
   20279       1.0971
   20280       1.0329
   20281       1.0741
   20282       0.9556
   20283       1.0460
   20284       0.9689
   20285       0.9503
   20286       0.9082
   20287       0.9184
   20288       0.9604
   20289       0.9248
   20290       0.9383
   20291       0.9282
   20292       1.0188
   20293       1.0150
   20294       0.9558
   20295       1.0416
   20296       0.9707
   20297       0.9033
   20298       1.0149
   20299       0.8881
   20300       0.8939
   20301       0.9387
   20302       0.9405
   20303       0.9243
   20304       0.9030
   20305       1.0200
   20306       0.9914
   20307       1.0082
   20308       1.0057
   20309       0.9548
   20310       1.0286
   20311       1.0841
   20312       0.8684
   20313       0.9945
   20314       1.0626
   20315       1.0162
   20316       1.0526
   20317       1.1088
   20318       1.0535
   20319       1.0594
   20320       0.9356
   20321       0.9316
   20322       1.0401
   20323       0.9508
   20324       0.9267
   20325       0.9849
   20326       1.0040
   20327       1.0037
   20328       0.9718
   20329       0.8207
   20330       0.9953
   20331       0.9953
   20332       1.0215
   20333       1.0713
   20334       1.0047
   20335       0.8986
   20336       0.8617
   20337       0.9676
   20338       1.0370
   20339       0.9484
   20340       0.9075
   20341       0.8517
   20342       0.9167
   20343       1.0015
   20344       1.0837
   20345       0.9362
   20346       0.9933
   20347       0.8755
   20348       0.8633
   20349       0.8917
   20350       0.9379
   20351       1.1143
   20352       1.0239
   20353       0.9264
   20354       0.9662
   20355       1.0554
   20356       1.0401
   20357       1.0022
   20358       1.0666
   20359       0.9713
   20360       0.9059
   20361       0.8905
   20362       0.8584
   20363       0.8164
   20364       0.9179
   20365       0.9413
   20366       0.9891
   20367       0.9518
   20368       1.0686
   20369       1.0432
   20370       0.9821
   20371       0.9908
   20372       0.9449
   20373       1.0526
   20374       1.0144
   20375       1.0288
   20376       1.1791
   20377       1.1475
   20378       1.1377
   20379       1.1423
   20380       1.0843
   20381       1.0062
   20382       0.8842
   20383       0.9964
   20384       0.9460
   20385       1.0011
   20386       1.1465
   20387       1.0175
   20388       1.0008
   20389       1.0222
   20390       1.2021
   20391       1.1271
   20392       1.0389
   20393       1.0828
   20394       1.0707
   20395       1.1279
   20396       0.9654
   20397       1.0525
   20398       0.9234
   20399       0.9971
   20400       1.1058
   20401       1.0440
   20402       1.1644
   20403       1.0342
   20404       0.9039
   20405       0.9777
   20406       0.9597
   20407       1.0222
   20408       1.0261
   20409       0.9432
   20410       1.1237
   20411       1.1378
   20412       1.1316
   20413       1.2157
   20414       1.1519
   20415       1.0062
   20416       1.2472
   20417       1.0525
   20418       1.1054
   20419       0.9856
   20420       1.0398
   20421       1.0695
   20422       1.0022
   20423       1.0870
   20424       1.1237
   20425       1.0631
   20426       1.1789
   20427       1.1937
   20428       1.0201
   20429       0.9891
   20430       1.0833
   20431       1.1131
   20432       1.1265
   20433       0.9189
   20434       0.9855
   20435       0.8757
   20436       0.8984
   20437       0.9215
   20438       1.0340
   20439       0.9940
   20440       1.0534
   20441       1.0336
   20442       1.0342
   20443       1.0411
   20444       0.9540
   20445       0.9975
   20446       1.0057
   20447       0.9985
   20448       1.0137
   20449       1.0226
   20450       0.9103
   20451       1.0019
   20452       0.9887
   20453       0.9684
   20454       0.9901
   20455       1.1741
   20456       0.9941
   20457       1.0350
   20458       1.0176
   20459       1.1249
   20460       1.0941
   20461       0.9863
   20462       1.1804
   20463       1.2145
   20464       1.1881
   20465       1.2375
   20466       1.1798
   20467       1.0430
   20468       0.9970
   20469       1.0479
   20470       1.0891
   20471       1.1074
   20472       1.0702
   20473       1.1273
   20474       0.9570
   20475       1.1438
   20476       1.1933
   20477       1.2598
   20478       1.1531
   20479       1.1007
   20480       1.1474
   20481       1.2672
   20482       1.3639
   20483       1.2803
   20484       1.1342
   20485       1.2863
   20486       1.2015
   20487       1.0946
   20488       1.0568
   20489       1.0518
   20490       1.0302
   20491       0.9811
   20492       1.0153
   20493       1.0859
   20494       1.1576
   20495       1.1937
   20496       1.1179
   20497       1.1082
   20498       1.0996
   20499       1.1567
   20500       1.2740
   20501       1.3257
   20502       1.2558
   20503       1.1985
   20504       0.9676
   20505       0.9904
   20506       1.0239
   20507       1.1169
   20508       1.0117
   20509       1.0119
   20510       1.0157
   20511       1.0933
   20512       1.0275
   20513       1.0903
   20514       0.9805
   20515       1.0006
   20516       0.9562
   20517       1.1226
   20518       1.0408
   20519       1.0831
   20520       1.1286
   20521       1.1332
   20522       1.0812
   20523       1.1889
   20524       1.0943
   20525       1.2872
   20526       1.0125
   20527       1.1520
   20528       1.1709
   20529       1.2053
   20530       1.0714
   20531       1.0637
   20532       1.0012
   20533       1.1054
   20534       0.9745
   20535       1.0693
   20536       1.1484
   20537       1.1390
   20538       1.0964
   20539       1.0305
   20540       1.0825
   20541       1.1185
   20542       1.2614
   20543       1.2346
   20544       1.0980
   20545       1.1311
   20546       1.0738
   20547       0.9942
   20548       1.0378
   20549       1.1057
   20550       1.1137
   20551       1.1124
   20552       1.3089
   20553       1.0651
   20554       1.3544
   20555       1.3347
   20556       1.2225
   20557       1.2387
   20558       1.1430
   20559       1.2731
   20560       1.2668
   20561       1.1487
   20562       1.1033
   20563       1.1400
   20564       1.1450
   20565       1.0489
   20566       1.0104
   20567       1.0159
   20568       1.0695
   20569       1.0833
   20570       1.0759
   20571       0.9731
   20572       0.9874
   20573       1.0540
   20574       1.0029
   20575       1.2153
   20576       1.1404
   20577       1.1999
   20578       1.2002
   20579       1.1971
   20580       1.1940
   20581       1.1377
   20582       1.1420
   20583       1.0986
   20584       1.3185
   20585       1.2951
   20586       1.3378
   20587       1.1919
   20588       1.2624
   20589       1.2044
   20590       1.2468
   20591       1.2586
   20592       1.2192
   20593       1.2098
   20594       1.1698
   20595       1.3125
   20596       1.1985
   20597       1.1874
   20598       1.1606
   20599       1.2734
   20600       1.2755
   20601       1.3077
   20602       1.2448
   20603       1.3102
   20604       1.1226
   20605       1.0812
   20606       1.2127
   20607       1.1771
   20608       1.1493
   20609       1.4081
   20610       1.5676
   20611       1.4716
   20612       1.3428
   20613       1.3428
   20614       1.2314
   20615       1.2102
   20616       1.2778
   20617       1.2019
   20618       1.3544
   20619       1.1715
   20620       1.2081
   20621       1.2317
   20622       1.1005
   20623       1.2078
   20624       1.1061
   20625       1.1169
   20626       1.1983
   20627       1.1487
   20628       1.2037
   20629       1.2219
   20630       1.1698
   20631       1.2696
   20632       1.2239
   20633       1.1375
   20634       1.1668
   20635       1.0579
   20636       1.3170
   20637       1.1603
   20638       1.0120
   20639       1.1386
   20640       1.1626
   20641       1.1480
   20642       1.0738
   20643       1.0647
   20644       1.0697
   20645       1.0869
   20646       1.0698
   20647       1.1455
   20648       1.2506
   20649       1.0380
   20650       1.1058
   20651       1.0751
   20652       0.9861
   20653       1.1717
   20654       1.0245
   20655       1.0031
   20656       0.9980
   20657       1.0007
   20658       1.0720
   20659       1.0952
   20660       0.9634
   20661       1.0196
   20662       1.0726
   20663       1.1368
   20664       1.0620
   20665       1.1086
   20666       1.0575
   20667       1.0401
   20668       1.0803
   20669       1.1272
   20670       1.1319
   20671       1.0594
   20672       0.9811
   20673       1.0326
   20674       1.0919
   20675       0.9770
   20676       0.9365
   20677       1.0349
   20678       1.1117
   20679       1.1424
   20680       1.1238
   20681       1.0859
   20682       1.1115
   20683       1.2518
   20684       1.1021
   20685       1.1350
   20686       1.2782
   20687       1.1555
   20688       1.1324
   20689       1.1119
   20690       1.0565
   20691       1.0359
   20692       1.1731
   20693       1.2106
   20694       1.1413
   20695       1.0774
   20696       0.9382
   20697       0.9879
   20698       1.1196
   20699       1.0908
   20700       1.0298
   20701       1.0825
   20702       1.2003
   20703       1.2644
   20704       1.0137
   20705       1.0440
   20706       1.0429
   20707       1.0072
   20708       1.0121
   20709       0.9968
   20710       0.9748
   20711       0.9884
   20712       0.9874
   20713       0.9952
   20714       1.0536
   20715       1.0761
   20716       1.0400
   20717       1.0010
   20718       1.0872
   20719       1.1149
   20720       1.0494
   20721       1.0703
   20722       1.0849
   20723       1.1776
   20724       1.1857
   20725       1.1485
   20726       1.0607
   20727       1.1787
   20728       1.1641
   20729       1.1981
   20730       1.1353
   20731       1.1467
   20732       1.0975
   20733       0.8953
   20734       1.0681
   20735       1.1001
   20736       1.1319
   20737       1.0568
   20738       1.1161
   20739       1.1377
   20740       0.9914
   20741       0.8752
   20742       0.9916
   20743       0.8307
   20744       0.8971
   20745       1.0184
   20746       0.9553
   20747       1.0492
   20748       0.9796
   20749       0.9965
   20750       0.9764
   20751       0.9175
   20752       0.9247
   20753       1.0757
   20754       0.9617
   20755       0.9822
   20756       0.9326
   20757       0.9323
   20758       1.0145
   20759       0.9813
   20760       0.9574
   20761       1.0101
   20762       1.0294
   20763       1.0920
   20764       1.0477
   20765       0.9833
   20766       0.9412
   20767       0.9722
   20768       0.8956
   20769       0.9297
   20770       0.9690
   20771       0.9964
   20772       0.9835
   20773       1.0262
   20774       1.0775
   20775       1.0995
   20776       0.9765
   20777       0.9576
   20778       0.9492
   20779       1.0358
   20780       1.0030
   20781       1.0670
   20782       1.0434
   20783       1.1246
   20784       0.9938
   20785       1.0221
   20786       1.1098
   20787       1.0925
   20788       1.0582
   20789       1.0149
   20790       1.0474
   20791       1.0738
   20792       0.9639
   20793       0.9397
   20794       0.8674
   20795       1.0314
   20796       0.8932
   20797       0.8921
   20798       1.0301
   20799       0.9512
   20800       0.9078
   20801       0.8747
   20802       0.9936
   20803       1.0440
   20804       1.0622
   20805       1.1280
   20806       1.0513
   20807       1.0402
   20808       1.1532
   20809       1.1597
   20810       1.2666
   20811       1.0006
   20812       1.0252
   20813       0.9903
   20814       0.9790
   20815       1.0644
   20816       1.0956
   20817       0.9993
   20818       1.0603
   20819       1.2069
   20820       1.1883
   20821       1.1721
   20822       1.2328
   20823       1.1260
   20824       1.1652
   20825       1.0568
   20826       1.0114
   20827       1.0895
   20828       1.1123
   20829       1.1290
   20830       1.0802
   20831       1.1877
   20832       1.1990
   20833       1.2072
   20834       1.2582
   20835       1.3219
   20836       1.2420
   20837       1.2796
   20838       1.1320
   20839       1.1783
   20840       1.1920
   20841       1.1789
   20842       1.0591
   20843       0.9504
   20844       1.0568
   20845       1.0036
   20846       0.9767
   20847       0.9338
   20848       1.0459
   20849       1.1251
   20850       1.0987
   20851       0.9984
   20852       1.0254
   20853       1.0875
   20854       1.0016
   20855       1.1930
   20856       1.1823
   20857       1.1102
   20858       1.0962
   20859       1.0050
   20860       1.0086
   20861       1.1265
   20862       1.2011
   20863       1.1527
   20864       1.1387
   20865       1.1113
   20866       1.1249
   20867       0.9772
   20868       1.0960
   20869       1.1700
   20870       1.0353
   20871       1.1952
   20872       1.2801
   20873       1.1418
   20874       1.0837
   20875       0.9765
   20876       1.0473
   20877       0.9086
   20878       1.0083
   20879       0.9476
   20880       1.0123
   20881       0.9418
   20882       0.9796
   20883       1.0420
   20884       1.1220
   20885       1.0671
   20886       1.1713
   20887       1.0225
   20888       1.1386
   20889       1.0310
   20890       1.0165
   20891       1.1690
   20892       1.1306
   20893       1.2559
   20894       1.1292
   20895       1.0366
   20896       1.1958
   20897       1.2239
   20898       1.1335
   20899       1.2455
   20900       1.2430
   20901       1.2086
   20902       1.1738
   20903       1.1026
   20904       1.1560
   20905       1.1391
   20906       1.1680
   20907       1.1395
   20908       1.2215
   20909       1.1037
   20910       1.1631
   20911       1.0420
   20912       0.9889
   20913       1.0360
   20914       0.9302
   20915       1.0663
   20916       1.0817
   20917       1.1090
   20918       1.1643
   20919       1.1659
   20920       1.1137
   20921       0.9855
   20922       0.9000
   20923       0.9811
   20924       0.9803
   20925       1.0810
   20926       1.0416
   20927       1.0383
   20928       1.1898
   20929       1.0315
   20930       0.9821
   20931       0.9613
   20932       0.9958
   20933       1.0695
   20934       1.1431
   20935       1.0603
   20936       1.2217
   20937       1.2478
   20938       1.1505
   20939       1.1987
   20940       1.2868
   20941       1.1811
   20942       1.1513
   20943       1.1527
   20944       1.1904
   20945       1.1645
   20946       1.2760
   20947       1.2154
   20948       1.3092
   20949       1.3657
   20950       1.3750
   20951       1.4064
   20952       1.3529
   20953       1.4210
   20954       1.2013
   20955       1.2781
   20956       1.2455
   20957       1.2152
   20958       1.1254
   20959       1.2962
   20960       1.1077
   20961       1.0742
   20962       1.0464
   20963       1.0958
   20964       0.9558
   20965       1.0199
   20966       1.0061
   20967       1.0819
   20968       1.1130
   20969       1.1468
   20970       1.1355
   20971       1.1785
   20972       1.1651
   20973       1.1735
   20974       1.1530
   20975       1.0760
   20976       1.0240
   20977       1.0439
   20978       1.0551
   20979       0.9248
   20980       0.9557
   20981       1.0364
   20982       1.1435
   20983       1.0176
   20984       1.0801
   20985       1.0405
   20986       1.0348
   20987       0.9789
   20988       0.9927
   20989       1.1460
   20990       1.0599
   20991       1.0486
   20992       1.0298
   20993       1.0674
   20994       0.9908
   20995       0.9039
   20996       0.9304
   20997       1.0884
   20998       1.0524
   20999       0.9687
   21000       1.0436
   21001       1.0415
   21002       1.0448
   21003       1.1065
   21004       0.9997
   21005       1.0167
   21006       1.1576
   21007       1.1812
   21008       1.2105
   21009       1.2121
   21010       1.2085
   21011       1.1309
   21012       1.1631
   21013       1.2147
   21014       1.0238
   21015       1.0843
   21016       1.1183
   21017       1.2295
   21018       1.2837
   21019       1.2942
   21020       1.3783
   21021       1.3374
   21022       1.3406
   21023       1.4964
   21024       1.4984
   21025       1.4673
   21026       1.5085
   21027       1.4458
   21028       1.2531
   21029       1.2720
   21030       1.1309
   21031       1.2737
   21032       1.1928
   21033       1.3313
   21034       1.2032
   21035       1.1575
   21036       1.0791
   21037       1.1604
   21038       1.1849
   21039       1.1918
   21040       1.0294
   21041       1.1492
   21042       1.3475
   21043       1.3800
   21044       1.2179
   21045       1.2207
   21046       1.0920
   21047       1.2012
   21048       1.2240
   21049       1.0640
   21050       1.0517
   21051       1.0788
   21052       1.1959
   21053       1.2751
   21054       1.1975
   21055       1.1097
   21056       1.2773
   21057       1.0894
   21058       1.2148
   21059       1.2051
   21060       1.2765
   21061       1.2491
   21062       1.2902
   21063       1.2018
   21064       1.3971
   21065       1.4067
   21066       1.4936
   21067       1.2816
   21068       1.2693
   21069       1.2278
   21070       1.0938
   21071       1.1060
   21072       1.0147
   21073       1.0723
   21074       1.0326
   21075       1.0148
   21076       1.1605
   21077       1.1681
   21078       1.1661
   21079       0.9575
   21080       1.0148
   21081       1.1061
   21082       1.1664
   21083       1.0274
   21084       0.9660
   21085       1.0818
   21086       0.9721
   21087       1.0180
   21088       1.0245
   21089       0.9685
   21090       0.9589
   21091       0.9841
   21092       0.9969
   21093       1.2164
   21094       1.2064
   21095       1.2441
   21096       1.3208
   21097       1.3462
   21098       1.2715
   21099       1.2885
   21100       1.3026
   21101       1.4201
   21102       1.1805
   21103       1.0718
   21104       1.0358
   21105       1.0516
   21106       1.1195
   21107       1.1879
   21108       1.2216
   21109       1.1210
   21110       1.1122
   21111       1.0932
   21112       1.0763
   21113       1.1258
   21114       1.1108
   21115       1.0668
   21116       1.1493
   21117       1.1700
   21118       1.1968
   21119       1.0902
   21120       1.1285
   21121       1.1416
   21122       1.2144
   21123       1.1926
   21124       1.1149
   21125       1.1314
   21126       1.1031
   21127       1.0205
   21128       1.0298
   21129       1.0529
   21130       1.0870
   21131       1.0118
   21132       0.9519
   21133       1.1392
   21134       1.2396
   21135       1.3451
   21136       1.3233
   21137       1.2367
   21138       1.1932
   21139       1.3635
   21140       1.1902
   21141       1.0788
   21142       1.1221
   21143       1.1105
   21144       1.0874
   21145       1.1053
   21146       1.2118
   21147       1.1828
   21148       1.1100
   21149       1.1224
   21150       1.1240
   21151       1.0439
   21152       0.9839
   21153       0.8842
   21154       0.9533
   21155       0.9669
   21156       0.9443
   21157       0.9691
   21158       1.0249
   21159       1.0672
   21160       1.0875
   21161       1.1079
   21162       1.0170
   21163       1.1087
   21164       1.0745
   21165       1.1194
   21166       1.1048
   21167       1.1918
   21168       1.1617
   21169       1.1732
   21170       1.1521
   21171       1.2802
   21172       1.2440
   21173       1.2666
   21174       1.1412
   21175       1.1325
   21176       1.2344
   21177       1.3160
   21178       1.1745
   21179       1.0901
   21180       1.1927
   21181       1.1131
   21182       1.0475
   21183       1.0534
   21184       1.1570
   21185       1.0264
   21186       0.9910
   21187       1.0414
   21188       1.0868
   21189       1.1463
   21190       1.0515
   21191       1.0329
   21192       0.9479
   21193       1.0793
   21194       1.0887
   21195       1.1793
   21196       1.2051
   21197       1.2630
   21198       1.1647
   21199       1.1487
   21200       1.1127
   21201       1.1055
   21202       1.0312
   21203       1.0097
   21204       0.9794
   21205       1.0373
   21206       1.0276
   21207       1.0704
   21208       0.9644
   21209       1.0435
   21210       1.0502
   21211       1.0235
   21212       0.9732
   21213       1.0402
   21214       1.1958
   21215       1.1125
   21216       1.2268
   21217       1.1525
   21218       1.1827
   21219       1.2059
   21220       1.0574
   21221       1.1831
   21222       1.2193
   21223       1.4317
   21224       1.3383
   21225       1.2324
   21226       1.0502
   21227       1.0554
   21228       1.0949
   21229       1.1813
   21230       1.1552
   21231       1.1862
   21232       1.1639
   21233       1.1617
   21234       1.3060
   21235       1.2613
   21236       1.2891
   21237       1.3403
   21238       1.3134
   21239       1.3085
   21240       1.2591
   21241       1.2309
   21242       1.3166
   21243       1.1579
   21244       1.1984
   21245       1.4162
   21246       1.3949
   21247       1.2234
   21248       1.1857
   21249       1.1711
   21250       1.1824
   21251       1.1172
   21252       1.1556
   21253       1.1944
   21254       1.2263
   21255       1.2491
   21256       1.0264
   21257       1.0723
   21258       1.0356
   21259       1.0541
   21260       1.0627
   21261       1.1843
   21262       1.1039
   21263       1.1520
   21264       1.1442
   21265       1.0443
   21266       1.2849
   21267       1.1522
   21268       1.2273
   21269       1.3123
   21270       1.2630
   21271       1.2189
   21272       1.2051
   21273       1.2608
   21274       1.1797
   21275       1.2184
   21276       1.2211
   21277       1.2168
   21278       1.1400
   21279       1.0525
   21280       1.2651
   21281       1.3360
   21282       1.3109
   21283       1.3092
   21284       1.2802
   21285       1.1827
   21286       1.1940
   21287       1.1141
   21288       0.9541
   21289       1.0434
   21290       0.9441
   21291       0.9055
   21292       0.9616
   21293       0.8935
   21294       0.9269
   21295       0.8986
   21296       1.0126
   21297       1.0654
   21298       0.8896
   21299       0.8438
   21300       0.9462
   21301       0.8723
   21302       0.9602
   21303       0.9830
   21304       1.0465
   21305       1.0249
   21306       1.0852
   21307       1.0157
   21308       1.0847
   21309       1.2301
   21310       1.0364
   21311       0.9088
   21312       1.0881
   21313       1.0889
   21314       0.9512
   21315       1.0742
   21316       1.1121
   21317       1.2509
   21318       1.1879
   21319       1.2907
   21320       1.2243
   21321       1.2135
   21322       1.1439
   21323       0.9963
   21324       0.9208
   21325       0.9832
   21326       0.9791
   21327       0.8922
   21328       0.9441
   21329       1.1205
   21330       1.2652
   21331       1.2752
   21332       1.2303
   21333       1.2800
   21334       1.2433
   21335       1.0979
   21336       1.1491
   21337       1.3233
   21338       1.2849
   21339       1.0928
   21340       1.0799
   21341       1.2709
   21342       1.1643
   21343       1.0710
   21344       1.0264
   21345       0.9534
   21346       1.0019
   21347       1.0230
   21348       1.0236
   21349       0.9683
   21350       0.9101
   21351       0.9286
   21352       0.9443
   21353       0.9227
   21354       0.9278
   21355       1.0522
   21356       0.9595
   21357       1.0935
   21358       1.1371
   21359       1.2751
   21360       1.2853
   21361       1.1603
   21362       1.2689
   21363       1.2187
   21364       1.0581
   21365       1.0632
   21366       0.9606
   21367       0.9258
   21368       0.9850
   21369       0.9552
   21370       0.9360
   21371       0.8548
   21372       0.9739
   21373       0.9343
   21374       0.9487
   21375       0.9993
   21376       1.0159
   21377       1.2102
   21378       1.3264
   21379       1.2855
   21380       1.1947
   21381       1.1841
   21382       1.1723
   21383       1.2170
   21384       1.2271
   21385       1.2535
   21386       1.0680
   21387       1.0264
   21388       1.0581
   21389       1.1368
   21390       1.0562
   21391       1.1018
   21392       1.1063
   21393       1.0170
   21394       1.0391
   21395       1.2074
   21396       1.1976
   21397       1.1000
   21398       0.9919
   21399       1.1141
   21400       1.0446
   21401       1.0822
   21402       1.1804
   21403       1.1761
   21404       1.0442
   21405       1.0960
   21406       1.0834
   21407       1.0454
   21408       1.1043
   21409       1.1735
   21410       1.1643
   21411       1.2138
   21412       1.2795
   21413       1.1235
   21414       1.0574
   21415       1.1236
   21416       1.0912
   21417       1.2253
   21418       1.4312
   21419       1.2032
   21420       1.2379
   21421       1.1185
   21422       1.3665
   21423       1.2136
   21424       1.2591
   21425       1.2517
   21426       1.1012
   21427       1.2413
   21428       1.2392
   21429       1.2408
   21430       1.1611
   21431       1.1548
   21432       1.1830
   21433       1.2621
   21434       1.2718
   21435       1.2834
   21436       1.2485
   21437       1.2254
   21438       1.2943
   21439       1.2889
   21440       1.4499
   21441       1.2923
   21442       1.2233
   21443       1.2090
   21444       1.1743
   21445       1.1944
   21446       1.1930
   21447       1.2076
   21448       1.1669
   21449       1.0929
   21450       1.2147
   21451       1.2696
   21452       1.4048
   21453       1.2981
   21454       1.3574
   21455       1.3416
   21456       1.3481
   21457       1.2397
   21458       1.2822
   21459       1.2183
   21460       1.1438
   21461       1.1852
   21462       1.1222
   21463       1.0743
   21464       1.1722
   21465       1.1843
   21466       1.2121
   21467       1.0832
   21468       1.0049
   21469       0.9360
   21470       1.0005
   21471       1.0054
   21472       1.0353
   21473       1.0917
   21474       1.0617
   21475       1.0264
   21476       1.1744
   21477       1.1292
   21478       0.9424
   21479       1.1143
   21480       1.1786
   21481       1.2148
   21482       1.1544
   21483       1.3083
   21484       1.1855
   21485       1.0202
   21486       0.9640
   21487       1.0166
   21488       1.0814
   21489       1.0261
   21490       0.8967
   21491       1.0466
   21492       1.1021
   21493       1.2516
   21494       1.2371
   21495       1.1968
   21496       1.1278
   21497       1.1896
   21498       1.1612
   21499       1.1869
   21500       1.0852
   21501       1.1561
   21502       1.1775
   21503       1.1703
   21504       1.2189
   21505       0.9929
   21506       1.0129
   21507       0.9710
   21508       0.9341
   21509       1.1147
   21510       0.9924
   21511       0.9475
   21512       0.9754
   21513       0.9804
   21514       1.0978
   21515       1.0333
   21516       1.0424
   21517       1.1615
   21518       0.9836
   21519       1.1391
   21520       1.2018
   21521       1.1271
   21522       1.0895
   21523       1.0956
   21524       0.9371
   21525       0.9845
   21526       0.9621
   21527       1.0078
   21528       1.0171
   21529       1.1793
   21530       1.1771
   21531       1.1735
   21532       1.1586
   21533       1.1805
   21534       1.2501
   21535       1.1521
   21536       1.3029
   21537       1.2379
   21538       1.2591
   21539       1.2209
   21540       1.1349
   21541       1.2575
   21542       1.2396
   21543       1.2931
   21544       1.2471
   21545       1.2691
   21546       1.3027
   21547       1.2622
   21548       1.1215
   21549       1.2214
   21550       1.0620
   21551       1.1308
   21552       1.0666
   21553       1.1598
   21554       1.0642
   21555       1.1707
   21556       1.2422
   21557       1.3675
   21558       1.2901
   21559       1.3812
   21560       1.1168
   21561       1.1671
   21562       1.2529
   21563       1.0675
   21564       1.0100
   21565       1.1105
   21566       1.0681
   21567       1.0729
   21568       1.0451
   21569       1.1506
   21570       1.1909
   21571       1.1904
   21572       1.2844
   21573       1.2838
   21574       1.2694
   21575       1.3222
   21576       1.2592
   21577       1.3029
   21578       1.3609
   21579       1.3606
   21580       1.2544
   21581       1.3884
   21582       1.4100
   21583       1.2381
   21584       1.3124
   21585       1.3310
   21586       1.2246
   21587       1.2806
   21588       1.0926
   21589       1.2151
   21590       1.2590
   21591       1.1565
   21592       1.3255
   21593       1.2635
   21594       1.3022
   21595       1.4091
   21596       1.3469
   21597       1.3632
   21598       1.4059
   21599       1.5856
   21600       1.3685
   21601       1.2154
   21602       1.2086
   21603       1.0960
   21604       1.1476
   21605       1.3029
   21606       1.3029
   21607       1.2272
   21608       1.1251
   21609       1.2950
   21610       1.1868
   21611       1.1985
   21612       1.1551
   21613       1.1464
   21614       1.2588
   21615       1.1548
   21616       1.1341
   21617       1.2095
   21618       1.2310
   21619       1.3825
   21620       1.2950
   21621       1.3701
   21622       1.4495
   21623       1.5339
   21624       1.3459
   21625       1.3651
   21626       1.2946
   21627       1.2412
   21628       1.2483
   21629       1.1714
   21630       1.3869
   21631       1.4230
   21632       1.2949
   21633       1.3650
   21634       1.2029
   21635       1.1956
   21636       1.3704
   21637       1.2728
   21638       1.3578
   21639       1.3323
   21640       1.3371
   21641       1.3272
   21642       1.4567
   21643       1.4500
   21644       1.5137
   21645       1.5673
   21646       1.5880
   21647       1.3739
   21648       1.4168
   21649       1.3921
   21650       1.4010
   21651       1.3849
   21652       1.4659
   21653       1.5190
   21654       1.6525
   21655       1.5677
   21656       1.3321
   21657       1.4537
   21658       1.5140
   21659       1.3654
   21660       1.3454
   21661       1.3105
   21662       1.4004
   21663       1.3989
   21664       1.3164
   21665       1.4340
   21666       1.4966
   21667       1.4120
   21668       1.4873
   21669       1.4243
   21670       1.5267
   21671       1.4543
   21672       1.2282
   21673       1.2191
   21674       1.2003
   21675       1.3407
   21676       1.3425
   21677       1.2475
   21678       1.3836
   21679       1.3042
   21680       1.3852
   21681       1.3920
   21682       1.3481
   21683       1.2490
   21684       1.2443
   21685       1.4868
   21686       1.3540
   21687       1.4050
   21688       1.4166
   21689       1.6139
   21690       1.4022
   21691       1.3563
   21692       1.2867
   21693       1.2751
   21694       1.2648
   21695       1.2241
   21696       1.4209
   21697       1.3622
   21698       1.5351
   21699       1.5301
   21700       1.5802
   21701       1.6724
   21702       1.7399
   21703       1.5368
   21704       1.4857
   21705       1.2983
   21706       1.2694
   21707       1.1720
   21708       1.2632
   21709       1.1466
   21710       1.0866
   21711       1.0933
   21712       1.2261
   21713       1.0157
   21714       1.0241
   21715       1.1087
   21716       1.0942
   21717       1.0595
   21718       1.2492
   21719       1.2257
   21720       1.2207
   21721       1.1909
   21722       1.2430
   21723       1.2302
   21724       1.1987
   21725       1.3546
   21726       1.4387
   21727       1.1959
   21728       1.1718
   21729       1.3475
   21730       1.2006
   21731       1.4011
   21732       1.2346
   21733       1.3854
   21734       1.1447
   21735       1.1364
   21736       1.2558
   21737       1.2499
   21738       1.2354
   21739       1.2107
   21740       1.0697
   21741       1.1829
   21742       1.2425
   21743       1.2735
   21744       1.1599
   21745       1.1552
   21746       1.1353
   21747       1.2821
   21748       1.3121
   21749       1.5481
   21750       1.4801
   21751       1.6739
   21752       1.5055
   21753       1.4143
   21754       1.2077
   21755       1.3467
   21756       1.3161
   21757       1.3758
   21758       1.3144
   21759       1.2220
   21760       1.2725
   21761       1.2924
   21762       1.0026
   21763       0.9506
   21764       0.9214
   21765       0.9508
   21766       1.1063
   21767       1.1975
   21768       1.1297
   21769       1.2942
   21770       1.2600
   21771       1.3121
   21772       1.2454
   21773       1.1969
   21774       1.1945
   21775       1.4020
   21776       1.2664
   21777       1.3239
   21778       1.3116
   21779       1.2143
   21780       1.2061
   21781       1.2043
   21782       1.3610
   21783       1.3455
   21784       1.3794
   21785       1.2995
   21786       1.1272
   21787       1.2733
   21788       1.2252
   21789       1.1922
   21790       1.2274
   21791       1.3466
   21792       1.1616
   21793       1.0540
   21794       1.1808
   21795       1.3482
   21796       1.2582
   21797       1.2585
   21798       1.1992
   21799       1.2899
   21800       1.1766
   21801       1.1326
   21802       1.0702
   21803       1.1568
   21804       1.2244
   21805       1.3056
   21806       1.2051
   21807       1.0613
   21808       1.0229
   21809       1.1886
   21810       1.1842
   21811       1.1059
   21812       1.0986
   21813       1.1316
   21814       1.2210
   21815       1.3233
   21816       1.1965
   21817       1.1928
   21818       1.0884
   21819       1.1585
   21820       1.1743
   21821       1.3859
   21822       1.2689
   21823       1.3205
   21824       1.1720
   21825       1.3038
   21826       1.3008
   21827       1.2174
   21828       1.0854
   21829       1.2422
   21830       1.1651
   21831       1.2382
   21832       1.1612
   21833       1.2708
   21834       1.1102
   21835       1.2601
   21836       1.2974
   21837       1.3935
   21838       1.4115
   21839       1.2753
   21840       1.2101
   21841       1.1721
   21842       1.1589
   21843       1.2227
   21844       1.2051
   21845       1.2176
   21846       1.2099
   21847       1.3274
   21848       1.3875
   21849       1.2268
   21850       1.1428
   21851       1.1884
   21852       1.0763
   21853       1.1713
   21854       1.2991
   21855       1.3111
   21856       1.1682
   21857       1.1218
   21858       1.2199
   21859       1.1502
   21860       1.2119
   21861       1.1656
   21862       1.0973
   21863       1.0860
   21864       1.1303
   21865       1.2117
   21866       1.1870
   21867       1.1656
   21868       1.1319
   21869       1.3340
   21870       1.2351
   21871       1.3100
   21872       1.3725
   21873       1.1859
   21874       1.2564
   21875       1.3017
   21876       1.0649
   21877       1.1327
   21878       1.2294
   21879       1.2570
   21880       1.3185
   21881       1.3645
   21882       1.3317
   21883       1.3277
   21884       1.2710
   21885       1.3353
   21886       1.4352
   21887       1.2230
   21888       1.1372
   21889       1.1249
   21890       1.0249
   21891       1.0798
   21892       1.2013
   21893       1.0721
   21894       1.1339
   21895       1.1876
   21896       1.2004
   21897       1.3827
   21898       1.3395
   21899       1.2932
   21900       1.2203
   21901       1.1647
   21902       1.1713
   21903       1.2956
   21904       1.1867
   21905       1.0634
   21906       1.1116
   21907       1.2328
   21908       1.1877
   21909       1.1290
   21910       1.1513
   21911       1.1410
   21912       1.1521
   21913       1.2666
   21914       1.0765
   21915       1.0440
   21916       1.0594
   21917       1.1018
   21918       1.0844
   21919       1.1619
   21920       1.1296
   21921       1.1160
   21922       1.1537
   21923       1.2795
   21924       1.2140
   21925       1.2441
   21926       1.3283
   21927       1.2610
   21928       1.1694
   21929       1.1170
   21930       1.2086
   21931       1.1298
   21932       1.2567
   21933       1.1766
   21934       1.0001
   21935       1.0197
   21936       1.1414
   21937       1.0139
   21938       1.0734
   21939       1.1694
   21940       1.1232
   21941       1.2174
   21942       1.2948
   21943       1.2762
   21944       1.1378
   21945       0.9917
   21946       1.0003
   21947       0.9606
   21948       0.9139
   21949       1.0557
   21950       1.0499
   21951       1.1486
   21952       1.1764
   21953       1.1457
   21954       1.1272
   21955       1.2028
   21956       1.0323
   21957       1.0118
   21958       1.0055
   21959       0.9481
   21960       1.1236
   21961       1.2243
   21962       1.1589
   21963       1.0985
   21964       1.0517
   21965       1.0078
   21966       1.0978
   21967       1.2708
   21968       1.0475
   21969       1.2065
   21970       1.3142
   21971       1.2171
   21972       1.2030
   21973       1.0656
   21974       1.0920
   21975       1.1382
   21976       1.2387
   21977       1.2812
   21978       1.2796
   21979       1.1536
   21980       1.1271
   21981       1.0922
   21982       1.2098
   21983       1.2439
   21984       1.2268
   21985       1.3532
   21986       1.3039
   21987       1.2322
   21988       1.2464
   21989       1.2042
   21990       1.3778
   21991       1.4819
   21992       1.2309
   21993       1.2359
   21994       1.1652
   21995       1.1737
   21996       1.1312
   21997       0.9885
   21998       1.0051
   21999       1.0918
   22000       1.0244
   22001       1.0476
   22002       1.0452
   22003       0.9873
   22004       1.0325
   22005       0.9565
   22006       0.9898
   22007       0.9280
   22008       1.0138
   22009       1.0530
   22010       1.0336
   22011       1.0423
   22012       1.0341
   22013       1.1478
   22014       1.1566
   22015       1.1141
   22016       1.1467
   22017       1.0764
   22018       1.2063
   22019       1.2457
   22020       1.2905
   22021       1.2137
   22022       1.2180
   22023       1.2879
   22024       1.1776
   22025       1.1764
   22026       1.2526
   22027       1.2633
   22028       1.0970
   22029       1.2005
   22030       1.1735
   22031       1.2113
   22032       1.0721
   22033       1.1911
   22034       1.3069
   22035       1.2673
   22036       1.1678
   22037       1.2270
   22038       1.1473
   22039       1.1666
   22040       1.0747
   22041       1.0606
   22042       1.0713
   22043       1.1439
   22044       0.9971
   22045       1.0048
   22046       1.1941
   22047       1.3622
   22048       1.2380
   22049       1.1199
   22050       1.1735
   22051       1.1200
   22052       1.2427
   22053       1.3217
   22054       1.2077
   22055       1.3720
   22056       1.2977
   22057       1.1741
   22058       1.2365
   22059       1.1559
   22060       1.1351
   22061       1.1139
   22062       1.2065
   22063       1.1816
   22064       1.1620
   22065       1.1769
   22066       1.1254
   22067       1.2168
   22068       1.1325
   22069       1.0775
   22070       1.1864
   22071       1.1278
   22072       1.1703
   22073       1.2871
   22074       1.2457
   22075       1.1914
   22076       1.2179
   22077       1.2908
   22078       1.2863
   22079       1.3246
   22080       1.3132
   22081       1.3289
   22082       1.2396
   22083       1.2822
   22084       1.3311
   22085       1.2998
   22086       1.2596
   22087       1.2035
   22088       1.0530
   22089       1.1122
   22090       1.1608
   22091       1.2834
   22092       1.2859
   22093       1.2948
   22094       1.4613
   22095       1.4279
   22096       1.5033
   22097       1.4186
   22098       1.3303
   22099       1.3499
   22100       1.5026
   22101       1.4499
   22102       1.4521
   22103       1.4781
   22104       1.3682
   22105       1.4040
   22106       1.2891
   22107       1.1850
   22108       1.2352
   22109       1.2265
   22110       1.3433
   22111       1.2700
   22112       1.3993
   22113       1.3629
   22114       1.5518
   22115       1.5583
   22116       1.5329
   22117       1.4088
   22118       1.4748
   22119       1.5720
   22120       1.5262
   22121       1.4368
   22122       1.4456
   22123       1.3333
   22124       1.3314
   22125       1.3583
   22126       1.4453
   22127       1.4789
   22128       1.4280
   22129       1.4127
   22130       1.4980
   22131       1.4937
   22132       1.3591
   22133       1.4544
   22134       1.3810
   22135       1.4717
   22136       1.5045
   22137       1.5823
   22138       1.5106
   22139       1.4835
   22140       1.5134
   22141       1.4213
   22142       1.4514
   22143       1.2607
   22144       1.3611
   22145       1.3405
   22146       1.3803
   22147       1.4522
   22148       1.5573
   22149       1.4233
   22150       1.4020
   22151       1.4186
   22152       1.3835
   22153       1.3442
   22154       1.4635
   22155       1.3667
   22156       1.2793
   22157       1.2846
   22158       1.1899
   22159       1.2569
   22160       1.2883
   22161       1.1481
   22162       1.0412
   22163       1.0796
   22164       1.1419
   22165       1.0253
   22166       1.2151
   22167       1.0995
   22168       1.1711
   22169       1.1478
   22170       1.2613
   22171       1.1431
   22172       1.2445
   22173       1.4765
   22174       1.3637
   22175       1.2356
   22176       1.3076
   22177       1.3131
   22178       1.2414
   22179       1.2551
   22180       1.3723
   22181       1.2694
   22182       1.4318
   22183       1.3313
   22184       1.1369
   22185       1.1975
   22186       1.1526
   22187       1.1661
   22188       1.2855
   22189       1.2220
   22190       1.1584
   22191       1.1790
   22192       1.2678
   22193       1.2886
   22194       1.3488
   22195       1.3759
   22196       1.3900
   22197       1.3114
   22198       1.1951
   22199       1.1500
   22200       1.2548
   22201       1.2519
   22202       1.2417
   22203       1.2322
   22204       1.3558
   22205       1.4589
   22206       1.3247
   22207       1.3785
   22208       1.3240
   22209       1.4618
   22210       1.5411
   22211       1.4380
   22212       1.4820
   22213       1.3562
   22214       1.1722
   22215       1.2275
   22216       1.2606
   22217       1.1466
   22218       1.2644
   22219       1.3368
   22220       1.3253
   22221       1.2773
   22222       1.3237
   22223       1.2216
   22224       1.3635
   22225       1.3391
   22226       1.4405
   22227       1.2462
   22228       1.2555
   22229       1.4080
   22230       1.4070
   22231       1.3711
   22232       1.2611
   22233       1.3986
   22234       1.3539
   22235       1.3708
   22236       1.4093
   22237       1.3694
   22238       1.2116
   22239       1.3004
   22240       1.0931
   22241       1.1916
   22242       1.1131
   22243       1.2248
   22244       1.1829
   22245       1.2812
   22246       1.2526
   22247       1.2399
   22248       1.3404
   22249       1.3940
   22250       1.4251
   22251       1.4627
   22252       1.3107
   22253       1.3963
   22254       1.4498
   22255       1.5553
   22256       1.6914
   22257       1.5983
   22258       1.5152
   22259       1.4225
   22260       1.4539
   22261       1.3727
   22262       1.2930
   22263       1.1507
   22264       1.3060
   22265       1.3841
   22266       1.5037
   22267       1.6855
   22268       1.4756
   22269       1.4234
   22270       1.5202
   22271       1.4474
   22272       1.3429
   22273       1.3941
   22274       1.4090
   22275       1.1795
   22276       1.2241
   22277       1.1721
   22278       1.2601
   22279       1.3984
   22280       1.4303
   22281       1.3346
   22282       1.3317
   22283       1.5666
   22284       1.5419
   22285       1.5520
   22286       1.5383
   22287       1.6888
   22288       1.4482
   22289       1.5402
   22290       1.4592
   22291       1.4868
   22292       1.6212
   22293       1.5359
   22294       1.4755
   22295       1.4596
   22296       1.3042
   22297       1.1738
   22298       1.2529
   22299       1.2072
   22300       1.1423
   22301       1.1821
   22302       1.2432
   22303       1.0141
   22304       1.0923
   22305       1.1224
   22306       1.0171
   22307       1.0934
   22308       1.2404
   22309       1.0683
   22310       1.0641
   22311       1.0235
   22312       0.9823
   22313       1.0774
   22314       1.3473
   22315       1.2354
   22316       1.2317
   22317       1.3428
   22318       1.4152
   22319       1.3048
   22320       1.3321
   22321       1.2954
   22322       1.3875
   22323       1.4513
   22324       1.3441
   22325       1.2979
   22326       1.3346
   22327       1.2984
   22328       1.3773
   22329       1.4461
   22330       1.2672
   22331       1.2719
   22332       1.1849
   22333       1.3593
   22334       1.4070
   22335       1.5205
   22336       1.6060
   22337       1.3947
   22338       1.2421
   22339       1.4369
   22340       1.4692
   22341       1.2049
   22342       1.2401
   22343       1.4160
   22344       1.4837
   22345       1.5999
   22346       1.3932
   22347       1.4403
   22348       1.5049
   22349       1.3366
   22350       1.3101
   22351       1.2287
   22352       1.3702
   22353       1.2915
   22354       1.2738
   22355       1.4207
   22356       1.4772
   22357       1.4403
   22358       1.4188
   22359       1.3636
   22360       1.3510
   22361       1.4523
   22362       1.5853
   22363       1.3836
   22364       1.5818
   22365       1.4685
   22366       1.5730
   22367       1.5272
   22368       1.3566
   22369       1.2786
   22370       1.1118
   22371       1.2316
   22372       1.3503
   22373       1.2904
   22374       1.4326
   22375       1.4339
   22376       1.5179
   22377       1.5211
   22378       1.5292
   22379       1.4656
   22380       1.3909
   22381       1.2673
   22382       1.2981
   22383       1.2360
   22384       1.1887
   22385       1.1259
   22386       1.2297
   22387       1.2681
   22388       1.2291
   22389       1.0839
   22390       1.1401
   22391       1.1962
   22392       1.1773
   22393       1.3304
   22394       1.2485
   22395       1.2384
   22396       1.3554
   22397       1.2121
   22398       1.1987
   22399       1.2084
   22400       1.3352
   22401       1.1040
   22402       1.1054
   22403       1.2125
   22404       1.3010
   22405       1.3862
   22406       1.2153
   22407       1.1523
   22408       1.0073
   22409       1.0455
   22410       1.1271
   22411       1.1942
   22412       1.1592
   22413       1.1694
   22414       1.1445
   22415       1.2260
   22416       1.1655
   22417       1.2159
   22418       1.1276
   22419       1.1309
   22420       1.1125
   22421       1.1601
   22422       1.0636
   22423       1.1365
   22424       1.1334
   22425       1.0957
   22426       1.1773
   22427       1.1504
   22428       1.1250
   22429       1.3089
   22430       1.1989
   22431       1.2861
   22432       1.2737
   22433       1.2220
   22434       1.1553
   22435       1.0279
   22436       1.0991
   22437       1.1168
   22438       1.1721
   22439       1.1058
   22440       1.1299
   22441       1.0948
   22442       1.1315
   22443       1.1126
   22444       1.1074
   22445       1.1485
   22446       1.1786
   22447       1.1017
   22448       1.1082
   22449       1.1561
   22450       1.2411
   22451       1.2437
   22452       1.1374
   22453       1.1412
   22454       1.1795
   22455       1.0972
   22456       1.2933
   22457       1.3552
   22458       1.3699
   22459       1.3927
   22460       1.3691
   22461       1.3233
   22462       1.3790
   22463       1.3682
   22464       1.3744
   22465       1.4046
   22466       1.3154
   22467       1.3814
   22468       1.3218
   22469       1.3416
   22470       1.3318
   22471       1.1819
   22472       1.1735
   22473       1.1219
   22474       1.1683
   22475       1.1584
   22476       1.1358
   22477       1.2695
   22478       1.2319
   22479       1.3311
   22480       1.2588
   22481       1.4152
   22482       1.4437
   22483       1.5664
   22484       1.6056
   22485       1.4742
   22486       1.4472
   22487       1.3871
   22488       1.3678
   22489       1.2050
   22490       1.2053
   22491       1.2796
   22492       1.1153
   22493       1.3514
   22494       1.3796
   22495       1.5361
   22496       1.3661
   22497       1.4073
   22498       1.4534
   22499       1.5269
   22500       1.5026
   22501       1.6610
   22502       1.6098
   22503       1.6069
   22504       1.8359
   22505       1.7065
   22506       1.7328
   22507       1.6578
   22508       1.4789
   22509       1.4612
   22510       1.5192
   22511       1.4291
   22512       1.5382
   22513       1.3957
   22514       1.3388
   22515       1.3525
   22516       1.4235
   22517       1.3923
   22518       1.5077
   22519       1.5265
   22520       1.5681
   22521       1.5724
   22522       1.4111
   22523       1.4106
   22524       1.2552
   22525       1.5545
   22526       1.5339
   22527       1.4323
   22528       1.5925
   22529       1.4405
   22530       1.5254
   22531       1.4502
   22532       1.2958
   22533       1.2584
   22534       1.3370
   22535       1.3982
   22536       1.5536
   22537       1.3941
   22538       1.3579
   22539       1.4540
   22540       1.5436
   22541       1.5352
   22542       1.4247
   22543       1.3845
   22544       1.4280
   22545       1.4775
   22546       1.4438
   22547       1.4557
   22548       1.4674
   22549       1.4242
   22550       1.2588
   22551       1.3712
   22552       1.3509
   22553       1.3411
   22554       1.3910
   22555       1.4030
   22556       1.5774
   22557       1.4475
   22558       1.6252
   22559       1.4163
   22560       1.4359
   22561       1.4117
   22562       1.2663
   22563       1.4512
   22564       1.5120
   22565       1.4018
   22566       1.4223
   22567       1.5871
   22568       1.4057
   22569       1.3846
   22570       1.5917
   22571       1.6107
   22572       1.7558
   22573       1.7440
   22574       1.6703
   22575       1.8228
   22576       1.7900
   22577       1.7985
   22578       1.9053
   22579       1.6365
   22580       1.3958
   22581       1.4623
   22582       1.5246
   22583       1.6885
   22584       1.6137
   22585       1.5742
   22586       1.4010
   22587       1.4509
   22588       1.4613
   22589       1.6108
   22590       1.6598
   22591       1.6836
   22592       1.4633
   22593       1.5934
   22594       1.5625
   22595       1.4105
   22596       1.4400
   22597       1.2913
   22598       1.3471
   22599       1.3658
   22600       1.5269
   22601       1.5123
   22602       1.4003
   22603       1.5315
   22604       1.4966
   22605       1.5644
   22606       1.4383
   22607       1.4789
   22608       1.3643
   22609       1.5619
   22610       1.6247
   22611       1.6487
   22612       1.4955
   22613       1.4133
   22614       1.3434
   22615       1.3622
   22616       1.2612
   22617       1.4832
   22618       1.4875
   22619       1.4850
   22620       1.3544
   22621       1.3807
   22622       1.4811
   22623       1.3090
   22624       1.2087
   22625       1.2498
   22626       1.1502
   22627       1.2647
   22628       1.3042
   22629       1.2655
   22630       1.3122
   22631       1.2335
   22632       1.3567
   22633       1.2486
   22634       1.4284
   22635       1.4099
   22636       1.2328
   22637       1.4031
   22638       1.4878
   22639       1.3943
   22640       1.2490
   22641       1.2968
   22642       1.2614
   22643       1.4341
   22644       1.3165
   22645       1.4613
   22646       1.3547
   22647       1.5337
   22648       1.3424
   22649       1.4493
   22650       1.4348
   22651       1.3366
   22652       1.3623
   22653       1.3412
   22654       1.3416
   22655       1.3246
   22656       1.3604
   22657       1.2716
   22658       1.2758
   22659       1.1025
   22660       1.0514
   22661       1.0148
   22662       1.0310
   22663       1.1268
   22664       1.1224
   22665       1.0959
   22666       1.1579
   22667       1.0653
   22668       1.1052
   22669       1.0353
   22670       1.0881
   22671       1.2184
   22672       1.1169
   22673       1.0758
   22674       1.0299
   22675       1.0992
   22676       1.1299
   22677       1.1971
   22678       1.1785
   22679       1.1116
   22680       1.1354
   22681       1.1185
   22682       1.1082
   22683       1.1387
   22684       1.0967
   22685       1.1690
   22686       1.1378
   22687       1.0431
   22688       1.0850
   22689       1.1112
   22690       1.1484
   22691       1.1853
   22692       1.2388
   22693       1.1770
   22694       1.0951
   22695       1.1094
   22696       1.0936
   22697       1.1260
   22698       1.0945
   22699       0.9996
   22700       1.0928
   22701       1.1334
   22702       1.1214
   22703       1.0535
   22704       1.0278
   22705       1.1126
   22706       1.0457
   22707       1.0724
   22708       0.9973
   22709       0.9702
   22710       1.1775
   22711       1.1518
   22712       1.0827
   22713       1.1570
   22714       1.0528
   22715       1.1163
   22716       1.1473
   22717       1.1557
   22718       1.1695
   22719       1.1607
   22720       1.3311
   22721       1.5053
   22722       1.4385
   22723       1.1353
   22724       1.1637
   22725       1.0340
   22726       1.1239
   22727       1.1450
   22728       1.2260
   22729       1.2663
   22730       1.2636
   22731       1.1447
   22732       1.1937
   22733       1.0709
   22734       1.0236
   22735       1.1701
   22736       1.0971
   22737       1.0034
   22738       1.0896
   22739       1.0266
   22740       1.0437
   22741       1.0468
   22742       0.9856
   22743       0.9865
   22744       0.9702
   22745       1.0568
   22746       1.0842
   22747       1.0857
   22748       1.1449
   22749       1.0284
   22750       1.1180
   22751       1.2167
   22752       1.1464
   22753       1.1662
   22754       1.2192
   22755       1.2119
   22756       1.3217
   22757       1.3321
   22758       1.1787
   22759       1.2587
   22760       1.2150
   22761       1.3697
   22762       1.4147
   22763       1.3131
   22764       1.3456
   22765       1.2772
   22766       1.1982
   22767       1.3158
   22768       1.2975
   22769       1.2556
   22770       1.0995
   22771       1.2184
   22772       1.1479
   22773       1.2687
   22774       1.2127
   22775       1.1970
   22776       1.2348
   22777       1.2892
   22778       1.2878
   22779       1.0767
   22780       1.3029
   22781       1.1619
   22782       1.3354
   22783       1.3672
   22784       1.1689
   22785       1.2090
   22786       1.2139
   22787       1.1474
   22788       1.2658
   22789       1.2374
   22790       1.1156
   22791       1.1755
   22792       1.1179
   22793       1.3205
   22794       1.3358
   22795       1.1955
   22796       1.1477
   22797       1.2634
   22798       1.1607
   22799       1.2343
   22800       1.2032
   22801       1.1417
   22802       1.3299
   22803       1.2662
   22804       1.2686
   22805       1.1155
   22806       1.1921
   22807       1.3012
   22808       1.1816
   22809       1.1325
   22810       1.2457
   22811       1.3090
   22812       1.2308
   22813       1.2529
   22814       1.4167
   22815       1.5551
   22816       1.4372
   22817       1.3159
   22818       1.2357
   22819       1.1559
   22820       1.1600
   22821       1.0818
   22822       1.0745
   22823       1.0389
   22824       1.2437
   22825       1.3098
   22826       1.2812
   22827       1.3174
   22828       1.2024
   22829       1.1979
   22830       1.4080
   22831       1.2551
   22832       1.2804
   22833       1.3414
   22834       1.2949
   22835       1.3595
   22836       1.4339
   22837       1.3978
   22838       1.3549
   22839       1.3777
   22840       1.2866
   22841       1.4462
   22842       1.4309
   22843       1.3490
   22844       1.2014
   22845       1.2157
   22846       1.2358
   22847       1.2649
   22848       1.2751
   22849       1.3256
   22850       1.2446
   22851       1.3171
   22852       1.2486
   22853       1.1611
   22854       1.2310
   22855       1.1913
   22856       1.0270
   22857       1.0313
   22858       1.0872
   22859       1.1188
   22860       1.1011
   22861       1.2590
   22862       1.1716
   22863       1.1638
   22864       1.1834
   22865       1.2439
   22866       1.2375
   22867       1.2668
   22868       1.2666
   22869       1.2220
   22870       1.1580
   22871       1.4118
   22872       1.3575
   22873       1.2591
   22874       1.3551
   22875       1.3173
   22876       1.2239
   22877       1.1865
   22878       1.0678
   22879       1.1564
   22880       1.1996
   22881       1.1500
   22882       1.1053
   22883       1.0679
   22884       1.1332
   22885       1.1331
   22886       1.1386
   22887       1.2611
   22888       1.3017
   22889       1.3524
   22890       1.1377
   22891       1.1638
   22892       1.0820
   22893       1.1495
   22894       1.0612
   22895       1.0348
   22896       1.0967
   22897       1.0340
   22898       1.1550
   22899       1.2430
   22900       1.1630
   22901       1.1366
   22902       1.2990
   22903       1.4293
   22904       1.3935
   22905       1.2665
   22906       1.1785
   22907       1.1418
   22908       1.1672
   22909       1.1270
   22910       1.2015
   22911       1.1682
   22912       1.1249
   22913       1.1343
   22914       1.0585
   22915       1.0548
   22916       1.1511
   22917       1.2216
   22918       1.2125
   22919       1.2712
   22920       1.3368
   22921       1.2573
   22922       1.1613
   22923       1.2671
   22924       1.3139
   22925       1.3746
   22926       1.2215
   22927       1.1334
   22928       1.1320
   22929       1.1051
   22930       1.1523
   22931       1.0359
   22932       1.1850
   22933       1.2534
   22934       1.2845
   22935       1.2741
   22936       1.3890
   22937       1.2566
   22938       1.2132
   22939       1.1261
   22940       1.1500
   22941       1.1955
   22942       1.1682
   22943       1.1802
   22944       1.2107
   22945       1.1096
   22946       1.2737
   22947       1.2330
   22948       1.1933
   22949       1.2664
   22950       1.1906
   22951       1.3202
   22952       1.3437
   22953       1.2944
   22954       1.2387
   22955       1.1486
   22956       1.1174
   22957       1.1724
   22958       1.2047
   22959       1.2197
   22960       1.2161
   22961       1.2727
   22962       1.2856
   22963       1.1171
   22964       1.0641
   22965       1.1896
   22966       1.1398
   22967       1.1727
   22968       1.1137
   22969       1.0845
   22970       1.0989
   22971       1.1642
   22972       1.1107
   22973       1.0719
   22974       1.2253
   22975       1.1806
   22976       1.0786
   22977       1.1864
   22978       1.1557
   22979       1.1342
   22980       1.1111
   22981       1.0824
   22982       1.0376
   22983       1.1908
   22984       1.1108
   22985       1.0085
   22986       1.0908
   22987       1.0508
   22988       1.0657
   22989       1.0191
   22990       1.0784
   22991       1.0895
   22992       1.0576
   22993       1.2121
   22994       1.0450
   22995       1.1906
   22996       1.1955
   22997       1.2585
   22998       1.0890
   22999       1.1631
   23000       1.2895
   23001       1.1876
   23002       1.1343
   23003       1.1721
   23004       1.1380
   23005       1.1288
   23006       1.1377
   23007       1.1548
   23008       1.2017
   23009       1.1014
   23010       1.1652
   23011       1.1840
   23012       1.1607
   23013       1.2863
   23014       1.2480
   23015       1.2434
   23016       1.2601
   23017       1.1741
   23018       1.1789
   23019       1.2480
   23020       1.2184
   23021       1.3077
   23022       1.2586
   23023       1.1311
   23024       1.2823
   23025       1.3360
   23026       1.3648
   23027       1.1688
   23028       1.3040
   23029       1.1691
   23030       1.3399
   23031       1.2657
   23032       1.2086
   23033       1.0440
   23034       1.1254
   23035       1.2147
   23036       1.1997
   23037       1.3277
   23038       1.3257
   23039       1.2549
   23040       1.2903
   23041       1.2520
   23042       1.0855
   23043       1.1850
   23044       1.2276
   23045       1.1727
   23046       1.2845
   23047       1.2399
   23048       1.3097
   23049       1.4522
   23050       1.2849
   23051       1.4652
   23052       1.3173
   23053       1.3531
   23054       1.2972
   23055       1.2745
   23056       1.2265
   23057       1.3055
   23058       1.2471
   23059       1.1978
   23060       1.3768
   23061       1.3629
   23062       1.3677
   23063       1.4299
   23064       1.2752
   23065       1.2793
   23066       1.4141
   23067       1.4397
   23068       1.3650
   23069       1.5283
   23070       1.3724
   23071       1.3778
   23072       1.2269
   23073       1.2709
   23074       1.3056
   23075       1.3019
   23076       1.3266
   23077       1.1420
   23078       1.1694
   23079       1.3222
   23080       1.3937
   23081       1.3431
   23082       1.3599
   23083       1.2633
   23084       1.3179
   23085       1.3762
   23086       1.3986
   23087       1.3945
   23088       1.4581
   23089       1.5209
   23090       1.3616
   23091       1.3661
   23092       1.3921
   23093       1.2754
   23094       1.3221
   23095       1.3822
   23096       1.5083
   23097       1.4222
   23098       1.3780
   23099       1.2390
   23100       1.2079
   23101       1.3058
   23102       1.3288
   23103       1.2990
   23104       1.2788
   23105       1.2715
   23106       1.2968
   23107       1.3105
   23108       1.1978
   23109       1.3104
   23110       1.2210
   23111       1.1560
   23112       1.2952
   23113       1.2075
   23114       1.0880
   23115       1.1283
   23116       1.3195
   23117       1.3249
   23118       1.2234
   23119       1.1962
   23120       1.2691
   23121       1.2367
   23122       1.3110
   23123       1.3693
   23124       1.3521
   23125       1.1510
   23126       1.1872
   23127       1.2609
   23128       1.3911
   23129       1.4049
   23130       1.2153
   23131       1.1703
   23132       1.1623
   23133       1.1254
   23134       1.0036
   23135       1.0723
   23136       1.0653
   23137       1.3493
   23138       1.3076
   23139       1.2658
   23140       1.2424
   23141       1.2073
   23142       1.2382
   23143       1.3292
   23144       1.3650
   23145       1.3889
   23146       1.3168
   23147       1.2444
   23148       1.3202
   23149       1.2959
   23150       1.4571
   23151       1.4659
   23152       1.4735
   23153       1.4193
   23154       1.6423
   23155       1.4728
   23156       1.5080
   23157       1.5024
   23158       1.4793
   23159       1.2782
   23160       1.2209
   23161       1.2362
   23162       1.1163
   23163       1.1832
   23164       1.3439
   23165       1.2786
   23166       1.2684
   23167       1.2663
   23168       1.1897
   23169       1.3003
   23170       1.1578
   23171       1.2274
   23172       1.1710
   23173       1.2390
   23174       1.2622
   23175       1.3044
   23176       1.3436
   23177       1.2735
   23178       1.2672
   23179       1.2284
   23180       1.2994
   23181       1.3041
   23182       1.2315
   23183       1.2451
   23184       1.2246
   23185       1.3626
   23186       1.3477
   23187       1.3303
   23188       1.1398
   23189       1.1982
   23190       1.1480
   23191       1.1550
   23192       1.1039
   23193       1.1395
   23194       1.1185
   23195       1.1998
   23196       1.1861
   23197       1.1631
   23198       1.1973
   23199       1.2135
   23200       1.1706
   23201       1.1484
   23202       1.1463
   23203       1.2340
   23204       1.2488
   23205       1.3604
   23206       1.3080
   23207       1.4354
   23208       1.2967
   23209       1.3667
   23210       1.2883
   23211       1.2957
   23212       1.2030
   23213       1.1262
   23214       1.3445
   23215       1.2012
   23216       1.1884
   23217       1.1700
   23218       1.1164
   23219       1.1321
   23220       1.0817
   23221       1.1381
   23222       1.1128
   23223       1.0991
   23224       1.0484
   23225       1.1302
   23226       1.1641
   23227       1.2111
   23228       1.1337
   23229       1.1463
   23230       1.1384
   23231       1.1102
   23232       1.0786
   23233       1.1399
   23234       1.1532
   23235       1.1368
   23236       1.2195
   23237       1.1337
   23238       1.0913
   23239       1.1713
   23240       1.1767
   23241       1.1824
   23242       1.1600
   23243       1.1281
   23244       1.1459
   23245       1.2083
   23246       1.1995
   23247       1.1667
   23248       1.3118
   23249       1.3829
   23250       1.2142
   23251       1.2443
   23252       1.3550
   23253       1.3639
   23254       1.2034
   23255       1.2392
   23256       1.1844
   23257       1.1984
   23258       1.1081
   23259       1.2159
   23260       1.2387
   23261       1.3102
   23262       1.3068
   23263       1.3314
   23264       1.2973
   23265       1.3198
   23266       1.2932
   23267       1.3443
   23268       1.4220
   23269       1.3548
   23270       1.3749
   23271       1.3214
   23272       1.3441
   23273       1.1794
   23274       1.1806
   23275       1.2109
   23276       1.1538
   23277       1.0641
   23278       1.2774
   23279       1.2291
   23280       1.1774
   23281       1.1151
   23282       1.2427
   23283       1.1983
   23284       1.1883
   23285       1.2355
   23286       1.1181
   23287       1.2435
   23288       1.2127
   23289       1.2156
   23290       1.3134
   23291       1.3475
   23292       1.3419
   23293       1.3001
   23294       1.3014
   23295       1.4055
   23296       1.3810
   23297       1.5288
   23298       1.5317
   23299       1.5078
   23300       1.5732
   23301       1.4454
   23302       1.4344
   23303       1.4240
   23304       1.5625
   23305       1.5251
   23306       1.5989
   23307       1.5269
   23308       1.7001
   23309       1.4543
   23310       1.3351
   23311       1.4112
   23312       1.3456
   23313       1.3974
   23314       1.4492
   23315       1.3212
   23316       1.2969
   23317       1.3278
   23318       1.3590
   23319       1.4014
   23320       1.3390
   23321       1.3210
   23322       1.3756
   23323       1.1895
   23324       1.3298
   23325       1.1619
   23326       1.2063
   23327       1.3741
   23328       1.2519
   23329       1.1885
   23330       1.3340
   23331       1.2887
   23332       1.1719
   23333       1.3296
   23334       1.5001
   23335       1.4769
   23336       1.7015
   23337       1.5279
   23338       1.5422
   23339       1.4270
   23340       1.4045
   23341       1.2079
   23342       1.1753
   23343       1.1972
   23344       1.3006
   23345       1.3431
   23346       1.3481
   23347       1.3518
   23348       1.3002
   23349       1.3100
   23350       1.3838
   23351       1.4320
   23352       1.2055
   23353       1.2871
   23354       1.2894
   23355       1.2943
   23356       1.3183
   23357       1.2867
   23358       1.2125
   23359       1.2184
   23360       1.1186
   23361       1.1782
   23362       1.2023
   23363       1.1995
   23364       1.1830
   23365       1.1657
   23366       1.1278
   23367       1.2430
   23368       1.3225
   23369       1.1243
   23370       1.0727
   23371       1.2101
   23372       1.2155
   23373       1.2073
   23374       1.2213
   23375       1.3034
   23376       1.3473
   23377       1.3541
   23378       1.1000
   23379       1.1359
   23380       1.1357
   23381       1.1245
   23382       1.1287
   23383       1.1342
   23384       1.1190
   23385       1.1163
   23386       1.1485
   23387       1.2298
   23388       1.2531
   23389       1.1361
   23390       1.1873
   23391       1.1680
   23392       1.1839
   23393       1.1972
   23394       1.2010
   23395       1.1617
   23396       1.0640
   23397       1.0948
   23398       1.1462
   23399       1.1615
   23400       1.2294
   23401       1.2862
   23402       1.2392
   23403       1.4075
   23404       1.2717
   23405       1.3858
   23406       1.2828
   23407       1.1367
   23408       1.1162
   23409       1.0524
   23410       1.2236
   23411       1.2557
   23412       1.2414
   23413       1.2110
   23414       1.2555
   23415       1.1579
   23416       1.1534
   23417       1.0397
   23418       1.1040
   23419       1.2528
   23420       1.1565
   23421       1.2221
   23422       1.2147
   23423       1.3539
   23424       1.2957
   23425       1.1880
   23426       1.1702
   23427       1.1584
   23428       1.1571
   23429       1.2372
   23430       1.2108
   23431       1.1913
   23432       1.1055
   23433       1.0925
   23434       1.1499
   23435       1.1709
   23436       1.0988
   23437       1.1463
   23438       1.4078
   23439       1.0914
   23440       1.3145
   23441       1.2726
   23442       1.1243
   23443       1.2951
   23444       1.2575
   23445       1.2980
   23446       1.2445
   23447       1.2651
   23448       1.1947
   23449       1.2092
   23450       1.2008
   23451       1.3308
   23452       1.3456
   23453       1.3007
   23454       1.2163
   23455       1.2493
   23456       1.1874
   23457       1.1717
   23458       1.2171
   23459       1.0609
   23460       1.0869
   23461       1.1842
   23462       1.1979
   23463       1.1370
   23464       1.2092
   23465       1.1352
   23466       1.1647
   23467       1.2438
   23468       1.3223
   23469       1.2725
   23470       1.1893
   23471       1.1724
   23472       1.1659
   23473       1.2344
   23474       1.2522
   23475       1.1033
   23476       1.1681
   23477       1.0578
   23478       1.2000
   23479       1.1370
   23480       1.0706
   23481       1.2204
   23482       1.1149
   23483       1.0571
   23484       1.1572
   23485       1.0938
   23486       1.0379
   23487       1.0129
   23488       1.0196
   23489       1.0802
   23490       1.1680
   23491       1.1685
   23492       1.1474
   23493       1.1138
   23494       1.1401
   23495       1.0759
   23496       1.0287
   23497       1.1252
   23498       1.0451
   23499       1.1334
   23500       1.3112
   23501       1.1313
   23502       1.2081
   23503       1.1560
   23504       1.1726
   23505       1.1642
   23506       1.2094
   23507       1.2977
   23508       1.1956
   23509       1.2211
   23510       1.3012
   23511       1.2480
   23512       1.2914
   23513       1.2074
   23514       1.2430
   23515       1.3894
   23516       1.5267
   23517       1.4820
   23518       1.5549
   23519       1.3243
   23520       1.1672
   23521       1.1836
   23522       1.1638
   23523       1.2336
   23524       1.2018
   23525       1.1660
   23526       1.2837
   23527       1.3108
   23528       1.2896
   23529       1.1473
   23530       1.0972
   23531       1.1939
   23532       1.2944
   23533       1.2934
   23534       1.2997
   23535       1.1806
   23536       1.2556
   23537       1.1810
   23538       1.2134
   23539       1.3290
   23540       1.2691
   23541       1.0976
   23542       1.0646
   23543       1.0479
   23544       1.1018
   23545       1.2246
   23546       1.2321
   23547       1.2784
   23548       1.1593
   23549       1.1855
   23550       1.2729
   23551       1.2986
   23552       1.1512
   23553       1.1020
   23554       1.1447
   23555       1.0832
   23556       1.1223
   23557       1.1387
   23558       1.0398
   23559       1.1396
   23560       1.2034
   23561       1.0767
   23562       1.1761
   23563       1.1770
   23564       1.1821
   23565       1.1204
   23566       1.2050
   23567       1.1844
   23568       1.0783
   23569       1.1415
   23570       1.1336
   23571       1.2006
   23572       1.1378
   23573       1.2747
   23574       1.2487
   23575       1.2660
   23576       1.1586
   23577       1.1754
   23578       1.2909
   23579       1.2249
   23580       1.1465
   23581       1.1073
   23582       1.2002
   23583       1.2707
   23584       1.1637
   23585       1.1693
   23586       1.0884
   23587       1.0902
   23588       1.2075
   23589       1.3028
   23590       1.2794
   23591       1.2515
   23592       1.4055
   23593       1.3749
   23594       1.2777
   23595       1.1239
   23596       1.3694
   23597       1.2627
   23598       1.1992
   23599       1.2301
   23600       1.3188
   23601       1.2801
   23602       1.1582
   23603       1.1958
   23604       1.3034
   23605       1.2390
   23606       1.4013
   23607       1.3141
   23608       1.2487
   23609       1.3318
   23610       1.2097
   23611       1.2392
   23612       1.3484
   23613       1.2071
   23614       1.3066
   23615       1.4141
   23616       1.3420
   23617       1.4260
   23618       1.4388
   23619       1.4268
   23620       1.5208
   23621       1.4955
   23622       1.5471
   23623       1.4781
   23624       1.5678
   23625       1.4391
   23626       1.4820
   23627       1.3588
   23628       1.3297
   23629       1.4550
   23630       1.5801
   23631       1.4428
   23632       1.4599
   23633       1.4699
   23634       1.3854
   23635       1.3518
   23636       1.3933
   23637       1.2526
   23638       1.2610
   23639       1.4414
   23640       1.3277
   23641       1.4888
   23642       1.5367
   23643       1.4829
   23644       1.4905
   23645       1.4374
   23646       1.3471
   23647       1.5091
   23648       1.3898
   23649       1.2808
   23650       1.2493
   23651       1.2634
   23652       1.2222
   23653       1.2059
   23654       1.2204
   23655       1.1633
   23656       1.3219
   23657       1.4813
   23658       1.5412
   23659       1.4369
   23660       1.1886
   23661       1.2769
   23662       1.3373
   23663       1.3564
   23664       1.5792
   23665       1.3993
   23666       1.3380
   23667       1.4089
   23668       1.4675
   23669       1.3817
   23670       1.1590
   23671       1.2881
   23672       1.4157
   23673       1.4706
   23674       1.4955
   23675       1.3986
   23676       1.3904
   23677       1.4321
   23678       1.3888
   23679       1.2727
   23680       1.2516
   23681       1.2339
   23682       1.1964
   23683       1.1383
   23684       1.3225
   23685       1.1611
   23686       1.1982
   23687       1.3238
   23688       1.2287
   23689       1.2234
   23690       1.3669
   23691       1.2621
   23692       1.2386
   23693       1.2216
   23694       1.2932
   23695       1.2638
   23696       1.2263
   23697       1.1400
   23698       1.2542
   23699       1.2182
   23700       1.3311
   23701       1.2823
   23702       1.0735
   23703       1.1505
   23704       1.1054
   23705       0.9850
   23706       1.1760
   23707       1.1969
   23708       1.1218
   23709       1.1322
   23710       1.1633
   23711       1.0601
   23712       1.2104
   23713       1.1898
   23714       1.2466
   23715       1.1208
   23716       1.1434
   23717       1.1117
   23718       1.1092
   23719       1.1677
   23720       1.1073
   23721       1.2186
   23722       1.2757
   23723       1.3844
   23724       1.3996
   23725       1.3601
   23726       1.3378
   23727       1.3515
   23728       1.2923
   23729       1.2565
   23730       1.2050
   23731       1.2060
   23732       1.1502
   23733       1.1508
   23734       1.1744
   23735       1.1666
   23736       1.0639
   23737       1.0298
   23738       0.9652
   23739       1.0264
   23740       1.0872
   23741       1.2142
   23742       1.2260
   23743       1.2392
   23744       1.0582
   23745       1.0460
   23746       1.1481
   23747       1.1433
   23748       1.0954
   23749       1.0565
   23750       1.1542
   23751       1.2319
   23752       1.0580
   23753       1.1218
   23754       1.0860
   23755       1.0930
   23756       1.2162
   23757       1.0331
   23758       1.0793
   23759       1.1813
   23760       1.2008
   23761       1.3742
   23762       1.5616
   23763       1.4460
   23764       1.3146
   23765       1.2295
   23766       1.1742
   23767       1.1388
   23768       1.1060
   23769       1.2432
   23770       1.1621
   23771       1.1434
   23772       1.0543
   23773       1.1106
   23774       1.1905
   23775       1.0510
   23776       1.0969
   23777       1.2239
   23778       1.2101
   23779       1.1902
   23780       1.1159
   23781       1.2083
   23782       1.1195
   23783       1.0938
   23784       1.1561
   23785       1.1101
   23786       1.1481
   23787       1.1887
   23788       1.0818
   23789       1.1948
   23790       1.2257
   23791       1.1450
   23792       1.2096
   23793       1.2134
   23794       1.2286
   23795       1.2355
   23796       1.3434
   23797       1.2347
   23798       1.2286
   23799       1.1358
   23800       1.0713
   23801       1.1099
   23802       1.1618
   23803       1.0571
   23804       1.0239
   23805       1.0528
   23806       1.0769
   23807       1.0231
   23808       1.0118
   23809       1.0506
   23810       1.0354
   23811       1.1114
   23812       1.0814
   23813       1.0429
   23814       0.9718
   23815       1.0419
   23816       1.0557
   23817       1.0459
   23818       1.0365
   23819       1.2089
   23820       1.1520
   23821       1.1461
   23822       1.1839
   23823       1.0832
   23824       1.1400
   23825       1.0689
   23826       1.3041
   23827       1.1933
   23828       1.2347
   23829       1.2168
   23830       1.2921
   23831       1.3389
   23832       1.2767
   23833       1.1968
   23834       1.2728
   23835       1.1799
   23836       1.1886
   23837       1.1620
   23838       1.2072
   23839       1.1586
   23840       1.2067
   23841       1.1696
   23842       1.1613
   23843       1.1372
   23844       1.1523
   23845       1.1396
   23846       1.0486
   23847       1.1619
   23848       1.0455
   23849       1.1734
   23850       1.0914
   23851       1.0528
   23852       1.1628
   23853       1.2151
   23854       1.2210
   23855       1.1265
   23856       1.1169
   23857       1.2735
   23858       1.0176
   23859       1.1480
   23860       1.1366
   23861       1.1541
   23862       1.0838
   23863       1.0515
   23864       1.0442
   23865       1.2297
   23866       1.3631
   23867       1.3008
   23868       1.2810
   23869       1.2377
   23870       1.1748
   23871       1.3189
   23872       1.3072
   23873       1.1488
   23874       1.2000
   23875       1.2749
   23876       1.2539
   23877       1.2479
   23878       1.4197
   23879       1.4465
   23880       1.2475
   23881       1.2042
   23882       1.1342
   23883       1.0745
   23884       1.1779
   23885       1.0951
   23886       1.1208
   23887       1.0784
   23888       1.0549
   23889       1.1621
   23890       1.1377
   23891       1.1717
   23892       1.0751
   23893       1.0528
   23894       0.9984
   23895       1.0671
   23896       1.2011
   23897       1.3554
   23898       1.3154
   23899       1.2633
   23900       1.3772
   23901       1.2760
   23902       1.1980
   23903       1.2113
   23904       1.4113
   23905       1.4661
   23906       1.3271
   23907       1.2780
   23908       1.2105
   23909       1.2097
   23910       1.2878
   23911       1.3209
   23912       1.3656
   23913       1.4555
   23914       1.2461
   23915       1.3435
   23916       1.4459
   23917       1.5651
   23918       1.5917
   23919       1.2884
   23920       1.4006
   23921       1.5110
   23922       1.4243
   23923       1.3478
   23924       1.6135
   23925       1.6393
   23926       1.5907
   23927       1.5793
   23928       1.4574
   23929       1.4130
   23930       1.4483
   23931       1.4662
   23932       1.5116
   23933       1.5630
   23934       1.5482
   23935       1.6472
   23936       1.5803
   23937       1.5776
   23938       1.4392
   23939       1.5132
   23940       1.4204
   23941       1.2897
   23942       1.2280
   23943       1.3079
   23944       1.3591
   23945       1.4524
   23946       1.3004
   23947       1.4796
   23948       1.4760
   23949       1.3006
   23950       1.2778
   23951       1.3817
   23952       1.4362
   23953       1.4112
   23954       1.2905
   23955       1.4007
   23956       1.4499
   23957       1.6377
   23958       1.4459
   23959       1.4371
   23960       1.4345
   23961       1.4157
   23962       1.3687
   23963       1.4070
   23964       1.3464
   23965       1.3986
   23966       1.3636
   23967       1.2720
   23968       1.2638
   23969       1.3891
   23970       1.3444
   23971       1.1798
   23972       1.2306
   23973       1.2810
   23974       1.3483
   23975       1.3686
   23976       1.4216
   23977       1.3730
   23978       1.3783
   23979       1.4899
   23980       1.3673
   23981       1.2723
   23982       1.3214
   23983       1.2964
   23984       1.3888
   23985       1.5644
   23986       1.3680
   23987       1.4250
   23988       1.3876
   23989       1.2891
   23990       1.3025
   23991       1.3932
   23992       1.2336
   23993       1.2835
   23994       1.2941
   23995       1.2197
   23996       1.3281
   23997       1.2899
   23998       1.2996
   23999       1.2398
   24000       1.3680
   24001       1.3149
   24002       1.2544
   24003       1.4061
   24004       1.2258
   24005       1.1396
   24006       1.1780
   24007       1.2303
   24008       1.3639
   24009       1.3388
   24010       1.3959
   24011       1.3940
   24012       1.2885
   24013       1.2291
   24014       1.2725
   24015       1.3418
   24016       1.2493
   24017       1.3075
   24018       1.2988
   24019       1.4802
   24020       1.3312
   24021       1.4426
   24022       1.3526
   24023       1.3705
   24024       1.3596
   24025       1.1835
   24026       1.2519
   24027       1.0790
   24028       1.0964
   24029       1.1060
   24030       1.1522
   24031       1.0034
   24032       1.0486
   24033       1.1574
   24034       1.1398
   24035       1.1854
   24036       1.1239
   24037       1.2138
   24038       1.1784
   24039       1.2896
   24040       1.2040
   24041       1.3035
   24042       1.1756
   24043       1.2708
   24044       1.2801
   24045       1.2880
   24046       1.3110
   24047       1.4289
   24048       1.6159
   24049       1.5285
   24050       1.4639
   24051       1.3750
   24052       1.3759
   24053       1.2902
   24054       1.5077
   24055       1.5683
   24056       1.4373
   24057       1.3534
   24058       1.4556
   24059       1.4931
   24060       1.4419
   24061       1.3829
   24062       1.3692
   24063       1.3832
   24064       1.4507
   24065       1.5927
   24066       1.5150
   24067       1.2658
   24068       1.3187
   24069       1.3088
   24070       1.3325
   24071       1.3801
   24072       1.5076
   24073       1.4929
   24074       1.3299
   24075       1.1800
   24076       1.2379
   24077       1.2166
   24078       1.2878
   24079       1.3612
   24080       1.4433
   24081       1.3455
   24082       1.2633
   24083       1.2530
   24084       1.2697
   24085       1.3006
   24086       1.3935
   24087       1.4541
   24088       1.4794
   24089       1.4741
   24090       1.3550
   24091       1.3579
   24092       1.3645
   24093       1.5129
   24094       1.4239
   24095       1.2861
   24096       1.3761
   24097       1.2448
   24098       1.2052
   24099       1.3149
   24100       1.4753
   24101       1.3700
   24102       1.1752
   24103       1.2173
   24104       1.1815
   24105       1.2416
   24106       1.1836
   24107       1.2449
   24108       1.2854
   24109       1.1842
   24110       1.1773
   24111       1.2338
   24112       1.3145
   24113       1.2721
   24114       1.3783
   24115       1.4701
   24116       1.4714
   24117       1.3773
   24118       1.4196
   24119       1.4921
   24120       1.6349
   24121       1.6366
   24122       1.5401
   24123       1.5816
   24124       1.4405
   24125       1.2496
   24126       1.3633
   24127       1.2931
   24128       1.2340
   24129       1.2976
   24130       1.4190
   24131       1.3320
   24132       1.2824
   24133       1.2669
   24134       1.1958
   24135       1.3420
   24136       1.3831
   24137       1.3366
   24138       1.3244
   24139       1.1567
   24140       1.2255
   24141       1.3426
   24142       1.4064
   24143       1.5210
   24144       1.3773
   24145       1.5217
   24146       1.4958
   24147       1.2239
   24148       1.3244
   24149       1.3964
   24150       1.3656
   24151       1.4638
   24152       1.7317
   24153       1.4736
   24154       1.4329
   24155       1.5075
   24156       1.4541
   24157       1.2953
   24158       1.3578
   24159       1.2245
   24160       1.3958
   24161       1.3695
   24162       1.3211
   24163       1.3560
   24164       1.2277
   24165       1.2676
   24166       1.2684
   24167       1.2245
   24168       1.1796
   24169       1.1027
   24170       1.2175
   24171       1.0932
   24172       1.1498
   24173       1.3145
   24174       1.2626
   24175       1.3124
   24176       1.3864
   24177       1.2122
   24178       1.1749
   24179       1.1566
   24180       1.0628
   24181       1.1444
   24182       1.0389
   24183       1.0298
   24184       1.1175
   24185       1.1411
   24186       1.1899
   24187       1.2045
   24188       1.1817
   24189       1.3715
   24190       1.4021
   24191       1.4416
   24192       1.4414
   24193       1.3417
   24194       1.2038
   24195       1.3242
   24196       1.2617
   24197       1.1719
   24198       1.2143
   24199       1.1825
   24200       1.1421
   24201       1.2891
   24202       1.2207
   24203       1.1325
   24204       1.2028
   24205       1.2244
   24206       1.2566
   24207       1.2451
   24208       1.3384
   24209       1.3807
   24210       1.3794
   24211       1.2430
   24212       1.2812
   24213       1.2354
   24214       1.3824
   24215       1.3826
   24216       1.4094
   24217       1.3137
   24218       1.4078
   24219       1.2341
   24220       1.2701
   24221       1.3815
   24222       1.1897
   24223       1.3968
   24224       1.2649
   24225       1.2933
   24226       1.2753
   24227       1.2675
   24228       1.4613
   24229       1.3147
   24230       1.4205
   24231       1.2421
   24232       1.2790
   24233       1.2200
   24234       1.2472
   24235       1.3197
   24236       1.3875
   24237       1.3089
   24238       1.2245
   24239       1.2317
   24240       1.1628
   24241       1.1546
   24242       1.1777
   24243       1.0920
   24244       1.1000
   24245       1.1155
   24246       0.9817
   24247       1.0773
   24248       1.1536
   24249       1.0456
   24250       1.1249
   24251       1.2093
   24252       1.2526
   24253       1.3108
   24254       1.2216
   24255       1.1608
   24256       1.1291
   24257       1.1836
   24258       1.0226
   24259       1.0066
   24260       0.9939
   24261       1.0605
   24262       1.1383
   24263       1.2064
   24264       1.0502
   24265       1.0704
   24266       1.0140
   24267       1.0493
   24268       0.9634
   24269       1.0921
   24270       1.1111
   24271       0.9786
   24272       0.9308
   24273       1.0191
   24274       1.1359
   24275       1.0454
   24276       1.0424
   24277       0.9767
   24278       1.0729
   24279       1.1431
   24280       1.1723
   24281       1.1740
   24282       1.1858
   24283       1.2666
   24284       1.1652
   24285       1.1102
   24286       0.9846
   24287       1.0181
   24288       1.0533
   24289       1.1606
   24290       1.1937
   24291       1.3132
   24292       1.1114
   24293       1.1383
   24294       1.0182
   24295       1.1129
   24296       1.2743
   24297       1.1699
   24298       1.3172
   24299       1.0632
   24300       1.1339
   24301       1.0529
   24302       1.1531
   24303       1.1204
   24304       1.1089
   24305       1.1729
   24306       1.1290
   24307       1.1572
   24308       1.2370
   24309       1.2315
   24310       1.1920
   24311       1.0874
   24312       1.1110
   24313       1.1661
   24314       1.0691
   24315       1.0286
   24316       1.2221
   24317       1.1629
   24318       1.1008
   24319       1.0226
   24320       1.1501
   24321       1.0967
   24322       1.0911
   24323       1.1091
   24324       1.1499
   24325       1.1012
   24326       1.0654
   24327       1.0125
   24328       1.0333
   24329       1.0842
   24330       1.2100
   24331       1.0816
   24332       0.9683
   24333       0.9705
   24334       1.0145
   24335       1.0214
   24336       1.0752
   24337       1.1358
   24338       1.0525
   24339       1.0341
   24340       0.9485
   24341       0.9552
   24342       1.0052
   24343       1.0910
   24344       1.0117
   24345       0.9206
   24346       0.8950
   24347       0.9490
   24348       0.9672
   24349       1.1032
   24350       1.1085
   24351       1.1451
   24352       1.0422
   24353       0.9915
   24354       1.0418
   24355       0.9134
   24356       1.0170
   24357       1.1268
   24358       1.1652
   24359       1.2550
   24360       1.2949
   24361       1.1870
   24362       1.2152
   24363       1.1512
   24364       1.1451
   24365       1.0777
   24366       1.0959
   24367       1.2064
   24368       1.2251
   24369       1.2413
   24370       1.3670
   24371       1.3966
   24372       1.3659
   24373       1.3390
   24374       1.2197
   24375       1.1853
   24376       1.2009
   24377       1.0784
   24378       1.0208
   24379       1.0097
   24380       0.9770
   24381       1.0515
   24382       1.1221
   24383       1.0680
   24384       1.1477
   24385       1.1147
   24386       1.1271
   24387       1.0884
   24388       1.1465
   24389       1.1279
   24390       1.1825
   24391       1.0858
   24392       0.9786
   24393       1.0852
   24394       1.1173
   24395       1.1406
   24396       1.1409
   24397       1.1341
   24398       1.2064
   24399       1.2045
   24400       1.1146
   24401       1.1272
   24402       1.2009
   24403       1.1091
   24404       1.0538
   24405       1.1374
   24406       1.2747
   24407       1.0346
   24408       1.2955
   24409       1.3358
   24410       1.2439
   24411       1.2682
   24412       1.1097
   24413       1.1889
   24414       1.1844
   24415       1.1991
   24416       1.0975
   24417       1.1653
   24418       1.2378
   24419       1.1658
   24420       1.3284
   24421       1.2563
   24422       1.0699
   24423       1.2129
   24424       1.2707
   24425       1.2629
   24426       1.1954
   24427       1.1923
   24428       1.2131
   24429       1.2408
   24430       1.0742
   24431       1.0428
   24432       1.0959
   24433       1.0289
   24434       1.1072
   24435       1.2030
   24436       1.2370
   24437       1.2386
   24438       1.2959
   24439       1.2581
   24440       1.0983
   24441       1.0821
   24442       1.1274
   24443       1.1285
   24444       1.1644
   24445       1.1639
   24446       1.0990
   24447       1.2079
   24448       1.1529
   24449       1.0910
   24450       0.9977
   24451       0.9961
   24452       1.0345
   24453       1.1084
   24454       1.1108
   24455       1.0842
   24456       0.9995
   24457       0.9372
   24458       0.9944
   24459       1.1591
   24460       1.0647
   24461       1.0988
   24462       1.0610
   24463       1.0451
   24464       1.0076
   24465       1.0333
   24466       1.0529
   24467       1.0064
   24468       1.0841
   24469       1.0176
   24470       0.9431
   24471       0.9389
   24472       0.9446
   24473       0.9930
   24474       0.9886
   24475       0.9986
   24476       1.0457
   24477       0.9773
   24478       1.0050
   24479       1.0362
   24480       1.0456
   24481       1.0316
   24482       1.0248
   24483       1.0589
   24484       1.1204
   24485       1.0407
   24486       1.0640
   24487       0.9897
   24488       0.9707
   24489       0.9711
   24490       1.0570
   24491       0.9895
   24492       0.9323
   24493       0.9779
   24494       0.9309
   24495       0.9328
   24496       0.8805
   24497       0.8966
   24498       0.9757
   24499       1.1171
   24500       1.0994
   24501       1.0810
   24502       0.9662
   24503       0.9316
   24504       0.9744
   24505       1.0197
   24506       1.0042
   24507       1.0552
   24508       0.9821
   24509       1.1800
   24510       1.2872
   24511       1.2798
   24512       1.1840
   24513       1.2824
   24514       1.1850
   24515       1.2025
   24516       1.2443
   24517       1.2230
   24518       1.2191
   24519       1.4664
   24520       1.5381
   24521       1.5509
   24522       1.5447
   24523       1.3835
   24524       1.2110
   24525       1.2229
   24526       1.0742
   24527       1.0090
   24528       1.1032
   24529       1.2534
   24530       1.2130
   24531       1.1308
   24532       1.2403
   24533       1.1983
   24534       1.0645
   24535       1.1522
   24536       1.2340
   24537       1.2006
   24538       1.2046
   24539       1.0721
   24540       1.1680
   24541       1.0658
   24542       1.0340
   24543       1.0329
   24544       1.0802
   24545       1.0544
   24546       1.0553
   24547       0.9702
   24548       1.0298
   24549       1.0252
   24550       1.1309
   24551       1.0876
   24552       1.2675
   24553       1.3097
   24554       1.1107
   24555       1.1607
   24556       1.2034
   24557       1.2081
   24558       1.3165
   24559       1.1771
   24560       1.2180
   24561       1.1324
   24562       1.1620
   24563       1.0784
   24564       1.1082
   24565       1.1611
   24566       0.9756
   24567       1.0375
   24568       1.0547
   24569       0.9842
   24570       1.1223
   24571       1.0170
   24572       1.0091
   24573       1.0147
   24574       1.0618
   24575       1.0722
   24576       1.0873
   24577       0.9959
   24578       1.0370
   24579       0.9893
   24580       1.0486
   24581       1.0904
   24582       0.9027
   24583       1.1440
   24584       1.1114
   24585       1.0679
   24586       1.0951
   24587       1.0415
   24588       1.1863
   24589       1.0336
   24590       0.9754
   24591       0.9928
   24592       0.9190
   24593       1.0007
   24594       1.0200
   24595       1.1533
   24596       1.1443
   24597       1.1360
   24598       1.0133
   24599       1.0382
   24600       1.0858
   24601       1.0575
   24602       1.0228
   24603       1.0921
   24604       1.0660
   24605       1.0644
   24606       1.1277
   24607       1.0373
   24608       1.0668
   24609       1.1199
   24610       1.0296
   24611       0.9798
   24612       1.1611
   24613       1.2181
   24614       1.0949
   24615       0.9848
   24616       0.9670
   24617       1.0879
   24618       1.0159
   24619       0.9735
   24620       0.9102
   24621       0.9311
   24622       0.9584
   24623       0.9775
   24624       1.0169
   24625       1.0246
   24626       1.0072
   24627       0.9992
   24628       0.9648
   24629       0.9963
   24630       1.0687
   24631       1.2151
   24632       1.1594
   24633       1.1231
   24634       1.1638
   24635       1.1796
   24636       1.0664
   24637       1.1957
   24638       1.2459
   24639       1.1850
   24640       1.1746
   24641       1.1438
   24642       1.1884
   24643       1.1371
   24644       1.0987
   24645       1.2137
   24646       1.2352
   24647       1.1257
   24648       1.0942
   24649       1.1052
   24650       0.9617
   24651       1.0353
   24652       0.9582
   24653       0.9678
   24654       1.1036
   24655       1.1116
   24656       1.2020
   24657       1.1311
   24658       1.2330
   24659       1.2500
   24660       1.1630
   24661       1.0588
   24662       1.1370
   24663       1.1033
   24664       1.1368
   24665       1.0405
   24666       1.0194
   24667       0.9922
   24668       1.0250
   24669       1.0878
   24670       1.0274
   24671       1.0740
   24672       0.9802
   24673       1.0210
   24674       1.0533
   24675       0.9983
   24676       1.1341
   24677       1.0513
   24678       1.1566
   24679       1.2773
   24680       1.1373
   24681       1.2012
   24682       1.1614
   24683       1.2022
   24684       1.0831
   24685       1.0205
   24686       1.2925
   24687       1.2457
   24688       1.2726
   24689       1.1994
   24690       1.2021
   24691       1.1681
   24692       1.0686
   24693       1.1071
   24694       1.0634
   24695       1.1008
   24696       1.0741
   24697       1.0746
   24698       0.9979
   24699       1.0051
   24700       1.0201
   24701       1.0873
   24702       1.0172
   24703       1.0603
   24704       0.9658
   24705       1.1358
   24706       1.0152
   24707       0.9741
   24708       1.0244
   24709       1.0970
   24710       1.2152
   24711       1.0058
   24712       0.9428
   24713       1.0449
   24714       1.1266
   24715       0.9889
   24716       1.0565
   24717       1.0452
   24718       0.9788
   24719       0.9652
   24720       0.9696
   24721       1.0785
   24722       0.9662
   24723       0.9525
   24724       0.9286
   24725       1.0382
   24726       1.0024
   24727       0.9720
   24728       1.0622
   24729       1.0785
   24730       1.0508
   24731       1.0563
   24732       1.0780
   24733       1.0704
   24734       1.0121
   24735       1.0868
   24736       0.9795
   24737       0.9789
   24738       0.8999
   24739       0.9234
   24740       0.9816
   24741       1.1420
   24742       1.0230
   24743       1.1148
   24744       1.0491
   24745       1.1501
   24746       1.1993
   24747       1.2281
   24748       1.3147
   24749       1.2880
   24750       1.3145
   24751       1.2909
   24752       1.2270
   24753       1.2467
   24754       1.2637
   24755       1.3357
   24756       1.2694
   24757       1.4020
   24758       1.3552
   24759       1.3261
   24760       1.4144
   24761       1.4253
   24762       1.3642
   24763       1.4781
   24764       1.5124
   24765       1.2761
   24766       1.3238
   24767       1.4075
   24768       1.5235
   24769       1.5765
   24770       1.4894
   24771       1.4739
   24772       1.4138
   24773       1.5169
   24774       1.3476
   24775       1.2771
   24776       1.2028
   24777       1.3366
   24778       1.2797
   24779       1.2962
   24780       1.2862
   24781       1.3338
   24782       1.3447
   24783       1.4829
   24784       1.4079
   24785       1.4352
   24786       1.4454
   24787       1.4178
   24788       1.3827
   24789       1.5223
   24790       1.3559
   24791       1.1937
   24792       1.3067
   24793       1.1711
   24794       1.0398
   24795       1.1057
   24796       1.0674
   24797       0.9565
   24798       1.1740
   24799       1.1121
   24800       1.1764
   24801       1.1319
   24802       1.2233
   24803       1.1857
   24804       1.0338
   24805       1.0696
   24806       0.9682
   24807       0.9561
   24808       1.0169
   24809       1.0852
   24810       1.0485
   24811       1.0175
   24812       0.9660
   24813       1.0535
   24814       1.1008
   24815       0.9439
   24816       0.9741
   24817       1.0688
   24818       1.0621
   24819       1.0032
   24820       0.9930
   24821       1.0341
   24822       0.9835
   24823       1.0470
   24824       1.0904
   24825       1.0409
   24826       1.0882
   24827       1.0890
   24828       1.1061
   24829       1.1538
   24830       1.1108
   24831       1.1650
   24832       1.2603
   24833       1.2476
   24834       1.2088
   24835       1.2295
   24836       1.3318
   24837       1.2899
   24838       1.2409
   24839       1.3123
   24840       1.2268
   24841       1.1939
   24842       1.2387
   24843       1.3146
   24844       1.2083
   24845       1.2671
   24846       1.2280
   24847       1.3961
   24848       1.3613
   24849       1.4067
   24850       1.3624
   24851       1.4354
   24852       1.4032
   24853       1.4398
   24854       1.4014
   24855       1.3609
   24856       1.3981
   24857       1.3780
   24858       1.4405
   24859       1.4525
   24860       1.4249
   24861       1.3694
   24862       1.4437
   24863       1.4533
   24864       1.3877
   24865       1.3968
   24866       1.3273
   24867       1.2271
   24868       1.1490
   24869       1.1425
   24870       1.1243
   24871       1.2693
   24872       1.3869
   24873       1.4276
   24874       1.5614
   24875       1.4696
   24876       1.3784
   24877       1.5316
   24878       1.4101
   24879       1.4089
   24880       1.3301
   24881       1.3188
   24882       1.1345
   24883       1.2971
   24884       1.2665
   24885       1.2213
   24886       1.2938
   24887       1.0790
   24888       1.1338
   24889       1.0949
   24890       1.0576
   24891       1.1244
   24892       1.1480
   24893       1.1248
   24894       1.0321
   24895       1.0319
   24896       1.0201
   24897       1.0877
   24898       1.1844
   24899       1.1698
   24900       1.1236
   24901       1.1797
   24902       1.2631
   24903       1.2222
   24904       1.1450
   24905       1.1233
   24906       1.0153
   24907       1.0817
   24908       1.0700
   24909       1.0454
   24910       1.1873
   24911       1.0735
   24912       1.2226
   24913       1.0280
   24914       1.1885
   24915       1.0409
   24916       1.1822
   24917       1.0896
   24918       1.1680
   24919       1.3091
   24920       1.0922
   24921       1.1093
   24922       1.1684
   24923       1.0550
   24924       1.0914
   24925       1.0744
   24926       1.0677
   24927       1.0758
   24928       1.0996
   24929       1.0640
   24930       1.1036
   24931       1.0990
   24932       1.1067
   24933       1.0429
   24934       0.9853
   24935       0.9679
   24936       1.0929
   24937       1.1039
   24938       1.0741
   24939       1.1248
   24940       1.1278
   24941       1.1012
   24942       1.1898
   24943       1.1120
   24944       1.1159
   24945       1.1585
   24946       1.2123
   24947       1.1381
   24948       1.2536
   24949       1.3146
   24950       1.3632
   24951       1.4165
   24952       1.2130
   24953       1.2303
   24954       1.1185
   24955       1.2912
   24956       1.2504
   24957       1.2258
   24958       1.1621
   24959       1.1598
   24960       1.1890
   24961       1.2799
   24962       1.2027
   24963       1.1271
   24964       1.1742
   24965       1.2031
   24966       1.2460
   24967       1.2803
   24968       1.2032
   24969       1.2365
   24970       1.2261
   24971       1.2694
   24972       1.2285
   24973       1.3601
   24974       1.2552
   24975       1.1975
   24976       1.2422
   24977       1.2319
   24978       1.2044
   24979       1.2937
   24980       1.3413
   24981       1.2131
   24982       1.2492
   24983       1.2377
   24984       1.1225
   24985       1.1306
   24986       1.0932
   24987       1.0850
   24988       1.0407
   24989       1.0019
   24990       1.0718
   24991       1.0510
   24992       1.0295
   24993       1.1894
   24994       1.2181
   24995       1.2201
   24996       1.2394
   24997       1.3672
   24998       1.3480
   24999       1.2284
   25000       1.1197
