#Frame     RMSD_00002
       1       1.2516
       2       1.2327
       3       1.2478
       4       1.3410
       5       1.0509
       6       1.0142
       7       1.0893
       8       1.0601
       9       1.1140
      10       1.1333
      11       1.0829
      12       1.1420
      13       1.2067
      14       1.2970
      15       1.2158
      16       1.1666
      17       1.2280
      18       1.2280
      19       1.2079
      20       1.1270
      21       1.2776
      22       1.1716
      23       1.3382
      24       1.3294
      25       1.3309
      26       1.3552
      27       1.2629
      28       1.2292
      29       1.2865
      30       1.2524
      31       1.2327
      32       1.3515
      33       1.2912
      34       1.4455
      35       1.3465
      36       1.2462
      37       1.2064
      38       1.2291
      39       1.3255
      40       1.2269
      41       1.2748
      42       1.3550
      43       1.2976
      44       1.3466
      45       1.3601
      46       1.2555
      47       1.2856
      48       1.2676
      49       1.3067
      50       1.2327
      51       1.1904
      52       1.2300
      53       1.1382
      54       1.1259
      55       1.1987
      56       1.1302
      57       1.2407
      58       1.1518
      59       1.2786
      60       1.2763
      61       1.3028
      62       1.3153
      63       1.2478
      64       1.3750
      65       1.3352
      66       1.3113
      67       1.2842
      68       1.3144
      69       1.1823
      70       1.3443
      71       1.3527
      72       1.3664
      73       1.5181
      74       1.3161
      75       1.3543
      76       1.2116
      77       1.2975
      78       1.3714
      79       1.3483
      80       1.3691
      81       1.3966
      82       1.4047
      83       1.4940
      84       1.3581
      85       1.4091
      86       1.4331
      87       1.2567
      88       1.1322
      89       1.2808
      90       1.3829
      91       1.3707
      92       1.2329
      93       1.2402
      94       1.3044
      95       1.2618
      96       1.3365
      97       1.2233
      98       1.2940
      99       1.3762
     100       1.4261
     101       1.3377
     102       1.3511
     103       1.3116
     104       1.3864
     105       1.4840
     106       1.3847
     107       1.3904
     108       1.4240
     109       1.3408
     110       1.3606
     111       1.3856
     112       1.3861
     113       1.5118
     114       1.4627
     115       1.5785
     116       1.5773
     117       1.7396
     118       1.7182
     119       1.5991
     120       1.6364
     121       1.5028
     122       1.2582
     123       1.3879
     124       1.3614
     125       1.4923
     126       1.3013
     127       1.3157
     128       1.3775
     129       1.3709
     130       1.2624
     131       1.3462
     132       1.5484
     133       1.6117
     134       1.4341
     135       1.5822
     136       1.5385
     137       1.7233
     138       1.4165
     139       1.5541
     140       1.4997
     141       1.5188
     142       1.4493
     143       1.4958
     144       1.3942
     145       1.2960
     146       1.2577
     147       1.2715
     148       1.1303
     149       1.2550
     150       1.2721
     151       1.1069
     152       1.1630
     153       1.2220
     154       1.3245
     155       1.3116
     156       1.1363
     157       1.1134
     158       1.1032
     159       1.0059
     160       1.1620
     161       1.1707
     162       1.0784
     163       1.0492
     164       1.1599
     165       1.1699
     166       1.2068
     167       1.1867
     168       1.1880
     169       1.1059
     170       1.0553
     171       1.0428
     172       1.1824
     173       1.1382
     174       1.1878
     175       1.2064
     176       1.1775
     177       1.1468
     178       1.0677
     179       1.0966
     180       1.0881
     181       1.0771
     182       1.1946
     183       1.3503
     184       1.2302
     185       1.3503
     186       1.3310
     187       1.1778
     188       1.2361
     189       1.2728
     190       1.2354
     191       1.1198
     192       1.3356
     193       1.2891
     194       1.2971
     195       1.2426
     196       1.2706
     197       1.1808
     198       1.1768
     199       1.2880
     200       1.2520
     201       1.1892
     202       1.1454
     203       1.1004
     204       1.1385
     205       0.9592
     206       1.0221
     207       1.0513
     208       1.1395
     209       1.1276
     210       1.2576
     211       1.4906
     212       1.4362
     213       1.5182
     214       1.5423
     215       1.3376
     216       1.2183
     217       1.2977
     218       1.3664
     219       1.5914
     220       1.3767
     221       1.3342
     222       1.3657
     223       1.1230
     224       1.2394
     225       1.0573
     226       1.1548
     227       1.2621
     228       1.0175
     229       1.0905
     230       1.0420
     231       1.1777
     232       1.3112
     233       1.2087
     234       1.0028
     235       1.1607
     236       1.1574
     237       0.9738
     238       1.0835
     239       1.2665
     240       1.2241
     241       1.2737
     242       1.2950
     243       1.4048
     244       1.2358
     245       1.3282
     246       1.1386
     247       1.1360
     248       1.1709
     249       1.0914
     250       1.2960
     251       1.2055
     252       1.3291
     253       1.2577
     254       1.1380
     255       1.1199
     256       0.9307
     257       0.9883
     258       1.1075
     259       1.1720
     260       1.3170
     261       1.2867
     262       1.2907
     263       1.1487
     264       1.4303
     265       1.3220
     266       1.1751
     267       1.3941
     268       1.3692
     269       1.3902
     270       1.2614
     271       1.2626
     272       1.3206
     273       1.1899
     274       1.1140
     275       1.2935
     276       1.2891
     277       1.4521
     278       1.5045
     279       1.6725
     280       1.6028
     281       1.5149
     282       1.4722
     283       1.3542
     284       1.3691
     285       1.4219
     286       1.5065
     287       1.4615
     288       1.5111
     289       1.6281
     290       1.7138
     291       1.6678
     292       1.5731
     293       1.5940
     294       1.4766
     295       1.3591
     296       1.1607
     297       1.2461
     298       1.2577
     299       1.0196
     300       1.0475
     301       1.0769
     302       1.1530
     303       0.9815
     304       1.0180
     305       1.0686
     306       1.0500
     307       1.0739
     308       1.0194
     309       1.0491
     310       1.0512
     311       1.0469
     312       1.0707
     313       1.1156
     314       1.0499
     315       1.0784
     316       1.1746
     317       1.2582
     318       1.3300
     319       1.1158
     320       1.3186
     321       1.2699
     322       1.1027
     323       1.1992
     324       1.2502
     325       1.2584
     326       1.2483
     327       1.2398
     328       1.2832
     329       1.2527
     330       1.2159
     331       1.1780
     332       1.2684
     333       1.1641
     334       1.1743
     335       1.2543
     336       1.3844
     337       1.3361
     338       1.3780
     339       1.3255
     340       1.2790
     341       1.1799
     342       1.1882
     343       1.2044
     344       1.2761
     345       1.2221
     346       1.2998
     347       1.3896
     348       1.4863
     349       1.3975
     350       1.2590
     351       1.3333
     352       1.3395
     353       1.3061
     354       1.4239
     355       1.4772
     356       1.5500
     357       1.5247
     358       1.3462
     359       1.2632
     360       1.2350
     361       1.3858
     362       1.4300
     363       1.4381
     364       1.3840
     365       1.5168
     366       1.4269
     367       1.4514
     368       1.4526
     369       1.3955
     370       1.4384
     371       1.2986
     372       1.2312
     373       1.2605
     374       1.0498
     375       1.1821
     376       1.0621
     377       1.2082
     378       1.1212
     379       1.2080
     380       1.1776
     381       1.1655
     382       1.1855
     383       1.1302
     384       1.1506
     385       1.1696
     386       1.2810
     387       1.0071
     388       1.0551
     389       1.1712
     390       1.0995
     391       1.0773
     392       1.1356
     393       1.1803
     394       1.2394
     395       1.2187
     396       1.1023
     397       1.0657
     398       1.0800
     399       1.1852
     400       1.0166
     401       1.1043
     402       1.1976
     403       1.1995
     404       1.1348
     405       1.1345
     406       0.9960
     407       1.0814
     408       1.0849
     409       1.1273
     410       1.0770
     411       0.9852
     412       1.0149
     413       1.1559
     414       1.2081
     415       1.2547
     416       1.2046
     417       1.1870
     418       1.2504
     419       1.0997
     420       1.2390
     421       1.1404
     422       1.3221
     423       1.3055
     424       1.5011
     425       1.3937
     426       1.5244
     427       1.3132
     428       1.2391
     429       1.2488
     430       1.2453
     431       1.4909
     432       1.6054
     433       1.6036
     434       1.5530
     435       1.4037
     436       1.5338
     437       1.5884
     438       1.4507
     439       1.5714
     440       1.6460
     441       1.6124
     442       1.4977
     443       1.4493
     444       1.5235
     445       1.4188
     446       1.4415
     447       1.5972
     448       1.3877
     449       1.2358
     450       1.3649
     451       1.3928
     452       1.5357
     453       1.4279
     454       1.4881
     455       1.3673
     456       1.4322
     457       1.3987
     458       1.3846
     459       1.3861
     460       1.3994
     461       1.5780
     462       1.4340
     463       1.4499
     464       1.4151
     465       1.4947
     466       1.4191
     467       1.4555
     468       1.5480
     469       1.4441
     470       1.5638
     471       1.5342
     472       1.4810
     473       1.3909
     474       1.4580
     475       1.3549
     476       1.4012
     477       1.3009
     478       1.5656
     479       1.5536
     480       1.6227
     481       1.4624
     482       1.4679
     483       1.5205
     484       1.4240
     485       1.4748
     486       1.4582
     487       1.5057
     488       1.5103
     489       1.5815
     490       1.6421
     491       1.4125
     492       1.2755
     493       1.2747
     494       1.3922
     495       1.2818
     496       1.3271
     497       1.2381
     498       1.2364
     499       1.4008
     500       1.2169
     501       1.2709
     502       1.3356
     503       1.2542
     504       1.3128
     505       1.3198
     506       1.3315
     507       1.3780
     508       1.3737
     509       1.3413
     510       1.4104
     511       1.2871
     512       1.1565
     513       1.2024
     514       1.2519
     515       1.2063
     516       1.2851
     517       1.3048
     518       1.2902
     519       1.5193
     520       1.5586
     521       1.4159
     522       1.3477
     523       1.2932
     524       1.2815
     525       1.2845
     526       1.4010
     527       1.3608
     528       1.4646
     529       1.4830
     530       1.4306
     531       1.4250
     532       1.5514
     533       1.4431
     534       1.3763
     535       1.4133
     536       1.5060
     537       1.2784
     538       1.3872
     539       1.5527
     540       1.5150
     541       1.4671
     542       1.4339
     543       1.4259
     544       1.5555
     545       1.4768
     546       1.4104
     547       1.4846
     548       1.4536
     549       1.4769
     550       1.3942
     551       1.4518
     552       1.3399
     553       1.4327
     554       1.5435
     555       1.4168
     556       1.4593
     557       1.3420
     558       1.2626
     559       1.2979
     560       1.3830
     561       1.5618
     562       1.3908
     563       1.1816
     564       1.3880
     565       1.4263
     566       1.5672
     567       1.4756
     568       1.4910
     569       1.5486
     570       1.3630
     571       1.4942
     572       1.3422
     573       1.4051
     574       1.4066
     575       1.4326
     576       1.3735
     577       1.4835
     578       1.4434
     579       1.3877
     580       1.3274
     581       1.5303
     582       1.5450
     583       1.3357
     584       1.4348
     585       1.5645
     586       1.4853
     587       1.3577
     588       1.4005
     589       1.4052
     590       1.4923
     591       1.5790
     592       1.3684
     593       1.3362
     594       1.4169
     595       1.4705
     596       1.4899
     597       1.3269
     598       1.3730
     599       1.6118
     600       1.5380
     601       1.4242
     602       1.4284
     603       1.3124
     604       1.4377
     605       1.4576
     606       1.2861
     607       1.4224
     608       1.2942
     609       1.2832
     610       1.3015
     611       1.3517
     612       1.5930
     613       1.5189
     614       1.4211
     615       1.4166
     616       1.3771
     617       1.4507
     618       1.4488
     619       1.4387
     620       1.3350
     621       1.4093
     622       1.4759
     623       1.5370
     624       1.4562
     625       1.5027
     626       1.4671
     627       1.4186
     628       1.3365
     629       1.3922
     630       1.4566
     631       1.4823
     632       1.5644
     633       1.4780
     634       1.5162
     635       1.3529
     636       1.2854
     637       1.3272
     638       1.1625
     639       1.1565
     640       1.3527
     641       1.1691
     642       1.3955
     643       1.2555
     644       1.2926
     645       1.2337
     646       1.2663
     647       1.2264
     648       1.1528
     649       1.0754
     650       1.1089
     651       1.1224
     652       1.1793
     653       1.2437
     654       1.0962
     655       1.1900
     656       1.1014
     657       1.0686
     658       1.1523
     659       1.1852
     660       1.1903
     661       1.1946
     662       1.0691
     663       1.1577
     664       1.2548
     665       1.2202
     666       1.2463
     667       1.2878
     668       1.0698
     669       0.9240
     670       1.1391
     671       1.0707
     672       1.0609
     673       1.0804
     674       0.9491
     675       1.1013
     676       1.0457
     677       1.0551
     678       1.0456
     679       1.1326
     680       1.0877
     681       1.1120
     682       1.0706
     683       1.0836
     684       1.2170
     685       1.2226
     686       1.1057
     687       1.2159
     688       1.1441
     689       1.0759
     690       1.0801
     691       1.0694
     692       1.0258
     693       1.0292
     694       1.0976
     695       1.1199
     696       1.1975
     697       1.1667
     698       1.0507
     699       1.0278
     700       1.1082
     701       1.1708
     702       1.1198
     703       1.0129
     704       0.9932
     705       1.0493
     706       0.9628
     707       0.9445
     708       1.0794
     709       0.9407
     710       0.9534
     711       1.1252
     712       1.0735
     713       0.9792
     714       0.9648
     715       0.8878
     716       0.8857
     717       1.0098
     718       0.9719
     719       0.9592
     720       1.0394
     721       0.8840
     722       0.8920
     723       1.0325
     724       0.9432
     725       0.9490
     726       0.9404
     727       0.8337
     728       0.8283
     729       0.7799
     730       0.8269
     731       1.0494
     732       1.1268
     733       1.1496
     734       1.1239
     735       0.9580
     736       1.1299
     737       1.1362
     738       1.1606
     739       1.0155
     740       0.9597
     741       0.9825
     742       1.2168
     743       1.1153
     744       1.1428
     745       1.0448
     746       1.0470
     747       1.1032
     748       1.0376
     749       1.0326
     750       0.9489
     751       1.0353
     752       1.0233
     753       0.9182
     754       1.0745
     755       0.8917
     756       0.9313
     757       0.9898
     758       0.9525
     759       0.9264
     760       1.0023
     761       1.0406
     762       1.0555
     763       1.0099
     764       1.1312
     765       1.1688
     766       1.0067
     767       1.1801
     768       1.1431
     769       0.9691
     770       0.9600
     771       1.0690
     772       1.0732
     773       1.0707
     774       1.1807
     775       1.1823
     776       1.1664
     777       1.1226
     778       1.1437
     779       1.2489
     780       1.2744
     781       1.2257
     782       1.1515
     783       1.0071
     784       0.9302
     785       0.9453
     786       0.9464
     787       0.9024
     788       0.9116
     789       0.9532
     790       1.0761
     791       0.9612
     792       1.0575
     793       1.3463
     794       1.1066
     795       1.1887
     796       1.0327
     797       1.0383
     798       1.0187
     799       1.0779
     800       0.9880
     801       0.9995
     802       1.0567
     803       1.0538
     804       1.0742
     805       0.9990
     806       0.9870
     807       0.9698
     808       1.0399
     809       1.0828
     810       1.0791
     811       0.9124
     812       1.0523
     813       1.0636
     814       1.0324
     815       1.0097
     816       1.0604
     817       1.0814
     818       1.1000
     819       1.0735
     820       1.0127
     821       1.0646
     822       1.2453
     823       1.2438
     824       1.2542
     825       1.3318
     826       1.0654
     827       1.0660
     828       1.0129
     829       1.0735
     830       1.0311
     831       1.1713
     832       1.0154
     833       1.0112
     834       0.9445
     835       0.8630
     836       0.9390
     837       0.9242
     838       0.9423
     839       0.9441
     840       1.0501
     841       0.9867
     842       0.9796
     843       1.1473
     844       1.0194
     845       0.9250
     846       0.8337
     847       0.9472
     848       0.9227
     849       0.8600
     850       0.9635
     851       0.9195
     852       0.9682
     853       1.0424
     854       1.1618
     855       1.0714
     856       1.0509
     857       0.9741
     858       0.9779
     859       0.8945
     860       0.8777
     861       0.8857
     862       0.8465
     863       0.9624
     864       1.0710
     865       1.0883
     866       1.0531
     867       1.0718
     868       0.8997
     869       0.9808
     870       0.9647
     871       1.1168
     872       1.0662
     873       1.0245
     874       1.0886
     875       1.0330
     876       1.0108
     877       1.0103
     878       0.8687
     879       0.8167
     880       1.0409
     881       0.9900
     882       0.8817
     883       1.0279
     884       1.0080
     885       0.8792
     886       1.0577
     887       0.9735
     888       0.9731
     889       0.9815
     890       1.0670
     891       0.9407
     892       0.8659
     893       0.9615
     894       0.8611
     895       0.9117
     896       0.9179
     897       0.9677
     898       1.0400
     899       0.8815
     900       1.0543
     901       1.0627
     902       0.9954
     903       1.0040
     904       1.0347
     905       1.0390
     906       0.9631
     907       1.0303
     908       0.9583
     909       0.8603
     910       0.9949
     911       0.9391
     912       1.0162
     913       1.0821
     914       0.8962
     915       0.8501
     916       1.0266
     917       0.9656
     918       0.9907
     919       0.9674
     920       1.0609
     921       1.1053
     922       0.9886
     923       0.9594
     924       1.0580
     925       1.0458
     926       1.0229
     927       1.0115
     928       0.9195
     929       0.8995
     930       0.9855
     931       0.8705
     932       1.0113
     933       0.9050
     934       1.0113
     935       1.0318
     936       1.2086
     937       1.1698
     938       1.1056
     939       1.1102
     940       0.9679
     941       0.9313
     942       1.0273
     943       0.8761
     944       1.0117
     945       0.9288
     946       1.0568
     947       0.9337
     948       0.9963
     949       1.0373
     950       1.1749
     951       1.0758
     952       1.0809
     953       1.1678
     954       0.9869
     955       1.0952
     956       1.0938
     957       1.0831
     958       0.9632
     959       0.9611
     960       1.0048
     961       0.9600
     962       0.9073
     963       0.9413
     964       1.0306
     965       0.9691
     966       1.0649
     967       1.1042
     968       1.1166
     969       1.0254
     970       1.0277
     971       1.1356
     972       0.9700
     973       1.0385
     974       1.0807
     975       1.0103
     976       1.1048
     977       0.9970
     978       1.1294
     979       1.1199
     980       1.1270
     981       1.0578
     982       0.9851
     983       1.0906
     984       1.0675
     985       1.0818
     986       1.1275
     987       1.1282
     988       1.1377
     989       1.1466
     990       1.0221
     991       1.0043
     992       1.0657
     993       1.0457
     994       1.0415
     995       1.0822
     996       1.1068
     997       1.1312
     998       1.0811
     999       1.1178
    1000       1.0910
    1001       1.0827
    1002       0.9872
    1003       0.9629
    1004       0.9953
    1005       1.0531
    1006       1.0121
    1007       0.8837
    1008       0.9929
    1009       0.9214
    1010       0.9633
    1011       0.9994
    1012       1.0386
    1013       0.9665
    1014       1.0285
    1015       1.0001
    1016       0.9606
    1017       1.0003
    1018       1.0433
    1019       1.1004
    1020       1.0087
    1021       1.0740
    1022       1.1306
    1023       1.1634
    1024       1.0700
    1025       1.0487
    1026       1.0139
    1027       1.0956
    1028       1.0235
    1029       1.0397
    1030       0.9691
    1031       1.0121
    1032       1.0625
    1033       0.8650
    1034       0.8543
    1035       1.0324
    1036       1.0115
    1037       0.9517
    1038       0.9445
    1039       0.9226
    1040       0.9361
    1041       0.9787
    1042       0.9292
    1043       1.0001
    1044       0.9891
    1045       1.0126
    1046       0.9205
    1047       0.8251
    1048       0.8602
    1049       0.9022
    1050       0.9069
    1051       0.9256
    1052       0.9552
    1053       0.9249
    1054       0.9128
    1055       0.9944
    1056       1.0513
    1057       1.0269
    1058       0.9573
    1059       0.9726
    1060       0.8731
    1061       0.8921
    1062       0.8838
    1063       0.8344
    1064       0.9451
    1065       0.8838
    1066       0.9975
    1067       0.9700
    1068       0.9020
    1069       0.9305
    1070       0.9626
    1071       0.8549
    1072       1.0062
    1073       0.9116
    1074       0.9638
    1075       0.8851
    1076       0.8704
    1077       1.0233
    1078       0.9415
    1079       0.8783
    1080       0.9613
    1081       1.0433
    1082       1.0531
    1083       1.0112
    1084       0.9899
    1085       0.8849
    1086       0.8809
    1087       0.8667
    1088       0.8867
    1089       0.8934
    1090       0.9785
    1091       0.8676
    1092       0.9545
    1093       1.0036
    1094       0.9825
    1095       0.9938
    1096       1.0186
    1097       1.0946
    1098       1.1038
    1099       1.0447
    1100       0.9252
    1101       0.8525
    1102       0.7983
    1103       0.7414
    1104       0.8434
    1105       0.8379
    1106       0.8822
    1107       0.8972
    1108       0.8822
    1109       1.0090
    1110       0.9940
    1111       1.0430
    1112       1.1046
    1113       0.9657
    1114       0.9154
    1115       0.8384
    1116       0.9520
    1117       0.9863
    1118       0.8766
    1119       0.8884
    1120       1.0054
    1121       0.9380
    1122       0.8975
    1123       0.8326
    1124       0.9625
    1125       0.8864
    1126       0.9396
    1127       0.8326
    1128       0.7888
    1129       0.9048
    1130       0.8358
    1131       0.8376
    1132       0.8935
    1133       0.9353
    1134       0.9550
    1135       0.9237
    1136       0.9335
    1137       1.0726
    1138       0.9225
    1139       0.9099
    1140       0.9977
    1141       0.9138
    1142       0.8432
    1143       0.8995
    1144       0.9748
    1145       1.0633
    1146       0.9839
    1147       0.9183
    1148       0.8578
    1149       0.9914
    1150       1.0112
    1151       1.1530
    1152       1.0855
    1153       1.0221
    1154       1.2000
    1155       1.0563
    1156       1.1095
    1157       1.0671
    1158       0.9350
    1159       0.9661
    1160       0.9387
    1161       0.8481
    1162       0.9620
    1163       0.8299
    1164       0.9732
    1165       0.8572
    1166       0.8277
    1167       0.8588
    1168       0.8262
    1169       0.9096
    1170       0.8476
    1171       1.1487
    1172       1.0833
    1173       0.9884
    1174       0.9338
    1175       0.8985
    1176       0.7880
    1177       0.8110
    1178       0.8850
    1179       0.9166
    1180       0.9230
    1181       1.0055
    1182       1.1603
    1183       0.9324
    1184       0.9674
    1185       0.9676
    1186       1.0252
    1187       1.0443
    1188       0.9156
    1189       0.9658
    1190       1.0594
    1191       0.9909
    1192       0.9304
    1193       0.9231
    1194       0.8373
    1195       0.8815
    1196       0.8958
    1197       0.8551
    1198       0.9905
    1199       0.8123
    1200       0.8690
    1201       0.7926
    1202       0.9088
    1203       0.8301
    1204       0.8087
    1205       0.8891
    1206       0.8361
    1207       0.9038
    1208       0.8244
    1209       0.7918
    1210       0.8549
    1211       0.8155
    1212       0.9226
    1213       1.0247
    1214       1.1656
    1215       0.9870
    1216       0.9741
    1217       0.9698
    1218       1.0921
    1219       1.0829
    1220       1.0991
    1221       1.0688
    1222       1.0693
    1223       1.0414
    1224       0.9873
    1225       0.9416
    1226       1.0543
    1227       0.8943
    1228       0.9046
    1229       0.8358
    1230       0.8296
    1231       0.8498
    1232       0.8255
    1233       0.8627
    1234       0.8843
    1235       0.9237
    1236       0.8884
    1237       0.9245
    1238       0.9329
    1239       0.8461
    1240       0.8538
    1241       0.9069
    1242       0.9829
    1243       1.0438
    1244       1.0313
    1245       1.0441
    1246       0.8894
    1247       0.9928
    1248       0.8576
    1249       0.8029
    1250       0.8460
    1251       0.9214
    1252       0.8157
    1253       0.8888
    1254       0.8124
    1255       0.9038
    1256       0.8817
    1257       0.9514
    1258       0.8715
    1259       0.8268
    1260       0.9321
    1261       0.9661
    1262       0.8617
    1263       0.9043
    1264       0.8269
    1265       0.8371
    1266       0.9037
    1267       0.8789
    1268       0.9236
    1269       0.9797
    1270       1.0124
    1271       1.0043
    1272       0.8707
    1273       0.7517
    1274       0.9590
    1275       0.9344
    1276       0.9350
    1277       0.8590
    1278       0.8663
    1279       0.8644
    1280       0.7998
    1281       0.8660
    1282       0.8760
    1283       0.7972
    1284       0.8266
    1285       0.8508
    1286       0.8215
    1287       0.7719
    1288       0.8236
    1289       0.8219
    1290       0.8548
    1291       0.7954
    1292       0.8135
    1293       0.9119
    1294       0.8680
    1295       0.9072
    1296       1.1162
    1297       1.2502
    1298       1.0013
    1299       0.9759
    1300       0.9625
    1301       0.9939
    1302       0.8785
    1303       0.8599
    1304       0.8788
    1305       0.9989
    1306       0.9449
    1307       0.8582
    1308       0.9454
    1309       0.9848
    1310       1.0663
    1311       0.9155
    1312       0.8532
    1313       0.8995
    1314       0.8960
    1315       0.8833
    1316       0.7946
    1317       0.7832
    1318       0.7380
    1319       0.8308
    1320       0.8230
    1321       0.8244
    1322       0.9440
    1323       0.8087
    1324       0.8475
    1325       0.9461
    1326       0.8102
    1327       0.8638
    1328       0.7547
    1329       0.8640
    1330       0.7136
    1331       0.7578
    1332       0.7807
    1333       0.7986
    1334       0.8568
    1335       0.8086
    1336       0.9732
    1337       0.9212
    1338       0.9966
    1339       1.0355
    1340       0.9935
    1341       0.9304
    1342       0.9744
    1343       1.0601
    1344       0.9764
    1345       0.9207
    1346       0.8209
    1347       0.8453
    1348       0.9029
    1349       0.9033
    1350       0.8771
    1351       0.9028
    1352       0.9362
    1353       0.8591
    1354       1.0013
    1355       1.0120
    1356       1.1555
    1357       1.0518
    1358       1.0239
    1359       1.0704
    1360       1.0201
    1361       0.9700
    1362       0.9948
    1363       0.8171
    1364       1.0043
    1365       0.8806
    1366       0.9384
    1367       1.0260
    1368       1.1674
    1369       1.0504
    1370       1.0027
    1371       1.0348
    1372       1.0380
    1373       1.0681
    1374       1.0548
    1375       1.0555
    1376       1.0899
    1377       1.0404
    1378       1.0454
    1379       1.1855
    1380       1.1036
    1381       1.1471
    1382       1.0642
    1383       0.9296
    1384       0.9828
    1385       0.9915
    1386       1.2006
    1387       0.9936
    1388       0.9679
    1389       0.9980
    1390       0.9355
    1391       0.9858
    1392       0.9614
    1393       1.0498
    1394       0.9605
    1395       1.2608
    1396       1.2624
    1397       0.9637
    1398       1.0292
    1399       1.0028
    1400       0.9919
    1401       0.9294
    1402       1.0515
    1403       1.0297
    1404       0.9638
    1405       0.9064
    1406       0.9615
    1407       0.9243
    1408       0.9659
    1409       0.9002
    1410       0.8710
    1411       1.0002
    1412       0.9820
    1413       0.8867
    1414       0.8415
    1415       0.8380
    1416       0.8640
    1417       0.9264
    1418       0.9444
    1419       0.9366
    1420       0.9430
    1421       0.8374
    1422       0.8971
    1423       0.9502
    1424       0.8330
    1425       1.1439
    1426       0.9976
    1427       1.0110
    1428       0.8963
    1429       1.0362
    1430       1.0482
    1431       1.0028
    1432       0.9406
    1433       0.9008
    1434       0.9466
    1435       0.9384
    1436       0.8921
    1437       0.8744
    1438       0.9544
    1439       0.9946
    1440       0.8668
    1441       0.9582
    1442       0.8949
    1443       1.1309
    1444       1.1443
    1445       1.2192
    1446       1.2716
    1447       1.0928
    1448       1.0981
    1449       1.1819
    1450       1.1621
    1451       1.0612
    1452       1.1962
    1453       1.0384
    1454       1.0416
    1455       1.1408
    1456       1.1430
    1457       1.1597
    1458       1.1029
    1459       1.1685
    1460       1.0681
    1461       1.0927
    1462       1.0455
    1463       1.0679
    1464       1.0411
    1465       0.9919
    1466       1.0677
    1467       1.0433
    1468       1.0508
    1469       1.0361
    1470       1.0620
    1471       1.0298
    1472       1.1500
    1473       1.1192
    1474       1.1454
    1475       1.0577
    1476       1.1497
    1477       1.0130
    1478       1.0345
    1479       0.9987
    1480       0.9131
    1481       0.9672
    1482       0.9887
    1483       0.9491
    1484       0.8946
    1485       1.0305
    1486       0.9961
    1487       0.9746
    1488       0.9437
    1489       1.2206
    1490       1.1005
    1491       1.0535
    1492       1.0092
    1493       0.9493
    1494       0.9406
    1495       0.8843
    1496       0.8897
    1497       1.0397
    1498       1.0642
    1499       1.1874
    1500       1.1708
    1501       1.1888
    1502       1.1124
    1503       1.0154
    1504       1.0102
    1505       1.0784
    1506       1.0664
    1507       1.0285
    1508       0.9513
    1509       0.9451
    1510       0.9983
    1511       1.0444
    1512       1.0816
    1513       1.0486
    1514       1.2170
    1515       1.3313
    1516       1.3486
    1517       1.2881
    1518       1.3947
    1519       1.3495
    1520       1.1365
    1521       1.2065
    1522       1.1705
    1523       1.2089
    1524       1.2365
    1525       1.2902
    1526       1.2413
    1527       1.2224
    1528       1.1907
    1529       1.2001
    1530       1.1661
    1531       1.1556
    1532       1.0141
    1533       0.9598
    1534       1.0471
    1535       1.1086
    1536       1.1031
    1537       1.0835
    1538       0.9704
    1539       1.0315
    1540       1.1495
    1541       1.1707
    1542       1.1288
    1543       1.0309
    1544       0.9872
    1545       1.0048
    1546       1.0724
    1547       1.1179
    1548       1.0711
    1549       1.2323
    1550       1.0454
    1551       1.0363
    1552       0.9979
    1553       1.2650
    1554       1.2826
    1555       1.2795
    1556       1.1972
    1557       1.2890
    1558       1.3521
    1559       1.2744
    1560       1.1530
    1561       1.3057
    1562       1.2312
    1563       1.2290
    1564       1.2326
    1565       1.3161
    1566       1.4475
    1567       1.4543
    1568       1.4228
    1569       1.6541
    1570       1.5553
    1571       1.6134
    1572       1.5482
    1573       1.4512
    1574       1.3934
    1575       1.3348
    1576       1.3135
    1577       1.2847
    1578       1.3241
    1579       1.1639
    1580       1.2978
    1581       1.2647
    1582       1.3232
    1583       1.4272
    1584       1.2653
    1585       1.2384
    1586       1.2332
    1587       1.2754
    1588       1.3769
    1589       1.4406
    1590       1.4594
    1591       1.3942
    1592       1.5246
    1593       1.5488
    1594       1.5367
    1595       1.5036
    1596       1.4715
    1597       1.5686
    1598       1.5597
    1599       1.3633
    1600       1.3458
    1601       1.2125
    1602       1.3958
    1603       1.3535
    1604       1.4671
    1605       1.5490
    1606       1.6915
    1607       1.7464
    1608       1.6585
    1609       1.6826
    1610       1.6878
    1611       1.5452
    1612       1.5117
    1613       1.4474
    1614       1.4596
    1615       1.6230
    1616       1.4997
    1617       1.4330
    1618       1.4695
    1619       1.4425
    1620       1.2714
    1621       1.2601
    1622       1.2724
    1623       1.2580
    1624       1.1099
    1625       1.0070
    1626       0.9812
    1627       1.0357
    1628       1.0874
    1629       0.8855
    1630       0.9312
    1631       1.0519
    1632       1.0099
    1633       0.9543
    1634       1.0044
    1635       1.0378
    1636       1.1029
    1637       1.1569
    1638       1.2541
    1639       1.0796
    1640       1.1947
    1641       1.1937
    1642       1.0738
    1643       1.1133
    1644       0.9844
    1645       1.0507
    1646       1.0847
    1647       1.1506
    1648       1.0363
    1649       1.1364
    1650       1.0686
    1651       1.0690
    1652       1.0497
    1653       1.0243
    1654       1.2401
    1655       1.2483
    1656       1.2024
    1657       1.3286
    1658       1.4396
    1659       1.5055
    1660       1.3517
    1661       1.2785
    1662       1.3274
    1663       1.2062
    1664       1.2146
    1665       1.2946
    1666       1.1089
    1667       1.2042
    1668       1.2057
    1669       1.1332
    1670       1.2362
    1671       1.1475
    1672       1.1715
    1673       1.1089
    1674       1.0844
    1675       1.1057
    1676       1.2758
    1677       1.4111
    1678       1.3431
    1679       1.2817
    1680       1.2660
    1681       1.0844
    1682       1.2470
    1683       1.2923
    1684       1.3881
    1685       1.1917
    1686       1.2061
    1687       1.0901
    1688       1.2898
    1689       1.3357
    1690       1.3581
    1691       1.1892
    1692       1.3094
    1693       1.2997
    1694       1.3247
    1695       1.3760
    1696       1.2696
    1697       1.2214
    1698       1.1211
    1699       1.0722
    1700       1.1317
    1701       1.1631
    1702       1.1181
    1703       1.0652
    1704       1.1978
    1705       1.2913
    1706       1.2326
    1707       1.1016
    1708       1.2942
    1709       1.2322
    1710       1.2594
    1711       1.2709
    1712       1.1938
    1713       1.2601
    1714       1.2367
    1715       1.3151
    1716       1.0638
    1717       1.0824
    1718       0.9193
    1719       1.0876
    1720       0.9815
    1721       1.0274
    1722       1.0201
    1723       1.0245
    1724       0.9809
    1725       0.9774
    1726       1.0281
    1727       1.0858
    1728       0.9483
    1729       0.9232
    1730       1.0358
    1731       1.0150
    1732       0.9660
    1733       1.0132
    1734       1.0567
    1735       1.0148
    1736       0.8851
    1737       0.9439
    1738       0.8870
    1739       1.0373
    1740       0.9367
    1741       0.8647
    1742       1.0030
    1743       0.9246
    1744       0.9899
    1745       1.1336
    1746       1.0228
    1747       1.0534
    1748       1.0953
    1749       1.0546
    1750       1.1083
    1751       1.0274
    1752       0.9963
    1753       0.9956
    1754       1.1022
    1755       1.1279
    1756       1.1368
    1757       1.0751
    1758       1.1254
    1759       1.0458
    1760       1.1598
    1761       0.9676
    1762       1.0141
    1763       0.9443
    1764       1.1080
    1765       1.0099
    1766       1.0183
    1767       1.0581
    1768       1.0012
    1769       1.0186
    1770       1.0429
    1771       1.0417
    1772       0.9883
    1773       1.0402
    1774       1.0314
    1775       1.0286
    1776       1.0230
    1777       1.0423
    1778       1.1125
    1779       1.0196
    1780       1.0690
    1781       1.0455
    1782       0.9753
    1783       0.9650
    1784       1.0673
    1785       1.0509
    1786       1.0282
    1787       0.9642
    1788       0.9564
    1789       1.0266
    1790       1.0067
    1791       1.0409
    1792       1.0163
    1793       0.9778
    1794       0.8568
    1795       0.9295
    1796       0.8177
    1797       0.9719
    1798       0.9777
    1799       0.9199
    1800       0.8542
    1801       0.9902
    1802       0.9601
    1803       0.9341
    1804       0.9130
    1805       0.9632
    1806       1.0170
    1807       1.1345
    1808       1.0581
    1809       0.9879
    1810       0.9408
    1811       1.0639
    1812       0.9368
    1813       1.0172
    1814       1.0881
    1815       0.9815
    1816       0.9839
    1817       0.8804
    1818       1.0077
    1819       1.0898
    1820       0.9269
    1821       0.9833
    1822       0.9076
    1823       0.9091
    1824       1.0150
    1825       0.9231
    1826       0.9564
    1827       0.9502
    1828       0.9202
    1829       0.8823
    1830       0.9767
    1831       0.9204
    1832       0.9085
    1833       0.9808
    1834       0.9062
    1835       1.0180
    1836       1.0132
    1837       1.0908
    1838       0.9679
    1839       0.9359
    1840       0.9952
    1841       1.0357
    1842       1.0289
    1843       1.0090
    1844       1.0897
    1845       1.0414
    1846       0.9792
    1847       0.8933
    1848       1.0177
    1849       0.9628
    1850       0.9655
    1851       0.8675
    1852       0.9931
    1853       1.1079
    1854       1.0367
    1855       1.0287
    1856       1.0096
    1857       1.0420
    1858       1.0158
    1859       1.1866
    1860       1.1101
    1861       1.0518
    1862       1.0767
    1863       1.0839
    1864       0.9913
    1865       1.0056
    1866       0.9939
    1867       0.9854
    1868       1.2314
    1869       1.1711
    1870       1.1713
    1871       1.0097
    1872       1.0308
    1873       1.0298
    1874       0.9257
    1875       0.9548
    1876       0.9532
    1877       1.0612
    1878       0.9265
    1879       0.9466
    1880       1.0158
    1881       1.1551
    1882       1.0566
    1883       0.9700
    1884       0.9054
    1885       0.9295
    1886       1.0682
    1887       1.1469
    1888       1.0041
    1889       1.0348
    1890       0.9767
    1891       0.9544
    1892       0.9908
    1893       1.0760
    1894       1.0669
    1895       1.0319
    1896       1.0662
    1897       1.1514
    1898       0.9841
    1899       1.0406
    1900       1.0154
    1901       1.0521
    1902       0.9491
    1903       0.9556
    1904       1.0479
    1905       1.1281
    1906       1.0172
    1907       1.1085
    1908       0.9711
    1909       1.1035
    1910       1.0877
    1911       1.0361
    1912       0.9894
    1913       1.0140
    1914       1.0819
    1915       0.9936
    1916       0.9820
    1917       0.9762
    1918       1.0881
    1919       1.0072
    1920       1.3355
    1921       1.1937
    1922       1.1012
    1923       1.0594
    1924       0.9245
    1925       0.9668
    1926       0.9603
    1927       1.0302
    1928       1.0142
    1929       0.9939
    1930       0.8711
    1931       1.0084
    1932       0.9567
    1933       0.9865
    1934       0.8740
    1935       0.8968
    1936       0.8886
    1937       1.0732
    1938       0.9561
    1939       1.0432
    1940       1.0153
    1941       0.9691
    1942       0.9318
    1943       0.9050
    1944       0.9176
    1945       0.8816
    1946       0.9344
    1947       1.0267
    1948       0.9420
    1949       1.0360
    1950       0.9659
    1951       0.9197
    1952       0.9052
    1953       0.9007
    1954       0.9149
    1955       0.8355
    1956       0.9515
    1957       0.8128
    1958       0.8185
    1959       0.8872
    1960       0.9722
    1961       0.9074
    1962       0.9825
    1963       1.0397
    1964       1.0540
    1965       0.9978
    1966       1.0425
    1967       1.0966
    1968       1.0622
    1969       0.9680
    1970       0.8699
    1971       0.8588
    1972       0.9363
    1973       0.9058
    1974       0.8756
    1975       0.9863
    1976       1.0246
    1977       0.9770
    1978       0.9864
    1979       0.9821
    1980       1.0154
    1981       1.1008
    1982       1.0748
    1983       1.0077
    1984       0.9919
    1985       0.9124
    1986       0.9318
    1987       1.0753
    1988       0.9659
    1989       0.9305
    1990       0.8781
    1991       0.9197
    1992       0.9162
    1993       1.0720
    1994       0.9314
    1995       0.9286
    1996       0.9689
    1997       0.9663
    1998       1.0408
    1999       1.0551
    2000       0.9746
    2001       1.1255
    2002       1.2226
    2003       1.1706
    2004       1.2040
    2005       1.1898
    2006       1.1588
    2007       1.3986
    2008       1.2929
    2009       1.3876
    2010       1.2752
    2011       1.2739
    2012       1.1708
    2013       1.0449
    2014       1.2156
    2015       1.1271
    2016       1.0691
    2017       1.1633
    2018       1.0580
    2019       1.1109
    2020       1.0762
    2021       1.1038
    2022       1.2055
    2023       1.2777
    2024       1.2115
    2025       1.2701
    2026       1.2254
    2027       1.1965
    2028       1.2692
    2029       1.4381
    2030       1.3344
    2031       1.3131
    2032       1.2775
    2033       1.5112
    2034       1.4903
    2035       1.4568
    2036       1.4564
    2037       1.3847
    2038       1.4036
    2039       1.4611
    2040       1.6878
    2041       1.5699
    2042       1.5087
    2043       1.4047
    2044       1.3572
    2045       1.3495
    2046       1.3881
    2047       1.3322
    2048       1.4270
    2049       1.3226
    2050       1.4747
    2051       1.3966
    2052       1.4163
    2053       1.3414
    2054       1.3138
    2055       1.1044
    2056       1.1112
    2057       1.0994
    2058       1.0367
    2059       1.2328
    2060       1.0067
    2061       0.9789
    2062       1.0778
    2063       1.1564
    2064       1.1324
    2065       1.1740
    2066       1.0908
    2067       1.1650
    2068       1.0646
    2069       1.1416
    2070       0.9999
    2071       0.9038
    2072       1.0746
    2073       0.9268
    2074       0.9208
    2075       0.8956
    2076       0.9878
    2077       1.0000
    2078       1.1272
    2079       1.0421
    2080       1.0382
    2081       1.0536
    2082       1.1914
    2083       1.0177
    2084       1.1056
    2085       1.0358
    2086       1.0438
    2087       1.0099
    2088       1.0390
    2089       0.9515
    2090       0.9937
    2091       0.9800
    2092       1.0663
    2093       0.9762
    2094       1.0752
    2095       1.0577
    2096       1.0959
    2097       1.0163
    2098       0.9835
    2099       0.9487
    2100       0.8308
    2101       0.9361
    2102       0.9727
    2103       0.8969
    2104       1.0978
    2105       1.0275
    2106       0.9736
    2107       0.9500
    2108       0.9861
    2109       0.8545
    2110       0.8141
    2111       0.9218
    2112       0.9428
    2113       0.8603
    2114       0.9129
    2115       0.8509
    2116       0.8882
    2117       0.9284
    2118       0.9720
    2119       0.9721
    2120       0.9606
    2121       0.9811
    2122       0.9342
    2123       0.9759
    2124       0.9977
    2125       0.9618
    2126       0.9613
    2127       1.0483
    2128       1.0248
    2129       0.9837
    2130       1.0908
    2131       1.0188
    2132       1.0422
    2133       1.1039
    2134       1.0931
    2135       1.0513
    2136       0.9137
    2137       1.0073
    2138       1.1521
    2139       1.0133
    2140       1.0725
    2141       0.9755
    2142       0.9716
    2143       1.1306
    2144       0.9824
    2145       1.0416
    2146       0.9812
    2147       0.9006
    2148       0.9657
    2149       1.0047
    2150       1.0367
    2151       1.0846
    2152       1.0924
    2153       1.0804
    2154       1.0907
    2155       1.0267
    2156       0.9285
    2157       1.1467
    2158       1.2494
    2159       1.0984
    2160       1.1032
    2161       1.0241
    2162       1.0344
    2163       1.1381
    2164       1.0290
    2165       1.0208
    2166       0.9750
    2167       0.9541
    2168       0.9686
    2169       1.0110
    2170       1.0195
    2171       0.9983
    2172       1.0496
    2173       1.0799
    2174       0.9920
    2175       0.9099
    2176       1.0573
    2177       0.9672
    2178       0.9121
    2179       0.8487
    2180       0.7936
    2181       0.8423
    2182       0.8980
    2183       0.8686
    2184       0.8763
    2185       0.8557
    2186       0.8746
    2187       0.8382
    2188       0.8416
    2189       0.8408
    2190       0.8416
    2191       0.8437
    2192       0.9569
    2193       0.9548
    2194       0.9520
    2195       0.8936
    2196       1.0940
    2197       1.0755
    2198       1.0230
    2199       1.0641
    2200       0.9651
    2201       0.9101
    2202       0.9436
    2203       0.9794
    2204       1.0464
    2205       1.0974
    2206       1.0361
    2207       1.0192
    2208       0.9428
    2209       0.9812
    2210       0.8328
    2211       0.9602
    2212       1.0001
    2213       0.9716
    2214       0.9858
    2215       0.9656
    2216       1.1242
    2217       1.0333
    2218       0.9524
    2219       0.8771
    2220       0.9144
    2221       0.9413
    2222       0.8965
    2223       1.1619
    2224       1.0107
    2225       0.8992
    2226       1.0743
    2227       0.9912
    2228       0.9726
    2229       0.8669
    2230       0.9510
    2231       1.1047
    2232       1.0112
    2233       1.0050
    2234       0.9896
    2235       1.0307
    2236       0.9206
    2237       0.9734
    2238       0.9053
    2239       0.9007
    2240       1.0179
    2241       1.1795
    2242       1.1104
    2243       1.0449
    2244       1.0761
    2245       0.9957
    2246       1.0514
    2247       1.0730
    2248       1.0175
    2249       0.9340
    2250       0.9514
    2251       1.0243
    2252       0.9552
    2253       0.9519
    2254       1.0710
    2255       1.0505
    2256       1.0404
    2257       1.0432
    2258       1.0002
    2259       0.9472
    2260       0.9963
    2261       1.0313
    2262       0.9675
    2263       1.0193
    2264       0.9248
    2265       1.0231
    2266       1.0304
    2267       1.0372
    2268       1.1082
    2269       0.9635
    2270       1.0707
    2271       0.9681
    2272       1.0117
    2273       0.9278
    2274       1.0452
    2275       0.9129
    2276       1.0745
    2277       0.9907
    2278       1.0839
    2279       0.9949
    2280       0.9755
    2281       0.9147
    2282       0.9234
    2283       0.9686
    2284       1.0223
    2285       0.9539
    2286       0.8809
    2287       0.9070
    2288       0.9560
    2289       1.0848
    2290       0.9561
    2291       1.0045
    2292       1.0325
    2293       1.0042
    2294       0.9334
    2295       0.9319
    2296       1.0096
    2297       1.0218
    2298       1.0165
    2299       1.1495
    2300       1.0870
    2301       1.0898
    2302       0.9907
    2303       0.9023
    2304       0.9372
    2305       1.0062
    2306       0.9704
    2307       1.0827
    2308       1.0387
    2309       0.9933
    2310       0.8817
    2311       0.9021
    2312       0.9861
    2313       0.9310
    2314       0.8687
    2315       0.9669
    2316       0.8970
    2317       0.8749
    2318       0.8743
    2319       0.9667
    2320       0.9338
    2321       0.9371
    2322       1.0002
    2323       0.8752
    2324       0.9152
    2325       0.9339
    2326       1.0076
    2327       0.8891
    2328       0.8655
    2329       0.9200
    2330       0.8577
    2331       0.9465
    2332       0.8820
    2333       0.9657
    2334       0.9253
    2335       0.9262
    2336       0.8805
    2337       0.9840
    2338       0.9121
    2339       0.9889
    2340       1.0357
    2341       0.9671
    2342       1.0019
    2343       0.8991
    2344       0.9335
    2345       0.9035
    2346       0.9310
    2347       0.9381
    2348       0.9994
    2349       0.9008
    2350       0.8556
    2351       0.9095
    2352       0.8719
    2353       0.8825
    2354       0.8001
    2355       0.8627
    2356       0.9081
    2357       0.9069
    2358       0.9077
    2359       0.8428
    2360       0.8956
    2361       0.9350
    2362       0.9993
    2363       1.0055
    2364       0.9294
    2365       0.8709
    2366       0.9164
    2367       0.9879
    2368       0.8547
    2369       0.9296
    2370       0.9654
    2371       0.8588
    2372       0.8645
    2373       0.9515
    2374       1.0079
    2375       1.0120
    2376       0.9955
    2377       0.9987
    2378       0.9878
    2379       0.9773
    2380       1.0398
    2381       0.9787
    2382       1.1599
    2383       1.0358
    2384       1.2439
    2385       0.9295
    2386       0.9817
    2387       0.9857
    2388       1.0401
    2389       0.9349
    2390       1.0047
    2391       0.8801
    2392       0.9212
    2393       0.9467
    2394       0.8785
    2395       0.9289
    2396       0.9530
    2397       0.9310
    2398       0.9443
    2399       1.0007
    2400       0.9102
    2401       0.9070
    2402       0.9022
    2403       0.9807
    2404       1.0432
    2405       0.9834
    2406       1.0302
    2407       1.0524
    2408       1.0656
    2409       1.0633
    2410       1.0188
    2411       1.0096
    2412       0.9580
    2413       1.0596
    2414       0.9445
    2415       0.9874
    2416       1.0533
    2417       0.9404
    2418       1.0752
    2419       1.2187
    2420       1.0651
    2421       0.9835
    2422       0.9418
    2423       0.8487
    2424       0.9495
    2425       0.9673
    2426       0.9086
    2427       0.8688
    2428       0.9874
    2429       0.8456
    2430       0.9437
    2431       0.9688
    2432       0.9272
    2433       0.8587
    2434       0.8913
    2435       0.8265
    2436       0.9615
    2437       0.9990
    2438       0.9772
    2439       1.0437
    2440       1.0485
    2441       1.0710
    2442       1.0368
    2443       1.0219
    2444       0.9331
    2445       0.8478
    2446       0.9002
    2447       0.8979
    2448       0.8344
    2449       0.8862
    2450       0.8709
    2451       0.9109
    2452       0.8341
    2453       0.8909
    2454       0.8030
    2455       0.8171
    2456       0.8423
    2457       0.9657
    2458       0.9273
    2459       0.9155
    2460       0.9233
    2461       0.9664
    2462       0.9315
    2463       0.9088
    2464       0.8670
    2465       0.9146
    2466       0.8338
    2467       0.8575
    2468       0.8875
    2469       0.9519
    2470       0.9054
    2471       0.9668
    2472       0.9038
    2473       1.0200
    2474       0.8864
    2475       0.8742
    2476       0.8580
    2477       0.8484
    2478       1.0131
    2479       0.9005
    2480       0.8849
    2481       1.0172
    2482       0.9269
    2483       0.9561
    2484       0.9622
    2485       1.0162
    2486       1.0678
    2487       0.9616
    2488       0.9002
    2489       0.8987
    2490       0.9079
    2491       0.9371
    2492       0.8851
    2493       0.9462
    2494       0.9942
    2495       0.9936
    2496       0.9775
    2497       0.9199
    2498       0.8733
    2499       0.9649
    2500       1.0040
    2501       1.1431
    2502       0.9743
    2503       1.0026
    2504       0.9717
    2505       0.8948
    2506       0.9156
    2507       0.8927
    2508       0.9852
    2509       1.0011
    2510       1.0307
    2511       1.0232
    2512       0.9273
    2513       0.9056
    2514       0.9603
    2515       0.9720
    2516       0.9031
    2517       0.9562
    2518       1.0371
    2519       0.9719
    2520       1.0311
    2521       1.1458
    2522       1.1407
    2523       1.1267
    2524       0.9682
    2525       0.8700
    2526       0.9856
    2527       1.0171
    2528       0.8935
    2529       0.8918
    2530       0.9505
    2531       0.9098
    2532       0.8721
    2533       0.8898
    2534       1.0018
    2535       0.9083
    2536       0.9219
    2537       0.9677
    2538       0.9549
    2539       0.9586
    2540       0.9740
    2541       1.0337
    2542       0.9129
    2543       0.9966
    2544       1.0837
    2545       1.0278
    2546       1.0312
    2547       1.1124
    2548       1.0512
    2549       1.0866
    2550       1.0319
    2551       1.0044
    2552       1.0281
    2553       1.1625
    2554       1.0436
    2555       1.0206
    2556       1.0461
    2557       0.9568
    2558       0.9778
    2559       1.0013
    2560       1.0617
    2561       1.0075
    2562       1.0719
    2563       0.9988
    2564       1.0063
    2565       1.0988
    2566       0.9872
    2567       1.0690
    2568       1.0590
    2569       1.0802
    2570       1.0940
    2571       1.0426
    2572       1.1640
    2573       1.1033
    2574       1.1616
    2575       1.0536
    2576       0.9912
    2577       0.9950
    2578       1.0805
    2579       1.1235
    2580       1.0999
    2581       1.1414
    2582       1.0919
    2583       1.0335
    2584       1.1324
    2585       1.1228
    2586       1.0847
    2587       1.0884
    2588       0.9948
    2589       1.0083
    2590       0.9992
    2591       0.9883
    2592       0.9272
    2593       0.9850
    2594       0.9525
    2595       1.0482
    2596       1.1595
    2597       1.0254
    2598       1.1417
    2599       1.0109
    2600       1.0650
    2601       1.0336
    2602       1.1031
    2603       1.1462
    2604       1.0163
    2605       1.0724
    2606       1.0740
    2607       0.9969
    2608       0.9850
    2609       0.9732
    2610       1.0412
    2611       0.9723
    2612       0.9862
    2613       0.9290
    2614       0.9348
    2615       1.0873
    2616       1.1050
    2617       1.0422
    2618       0.9949
    2619       0.9101
    2620       0.9742
    2621       0.9974
    2622       1.0282
    2623       0.9973
    2624       0.9757
    2625       0.9687
    2626       1.0346
    2627       1.0192
    2628       1.0481
    2629       1.0762
    2630       1.1067
    2631       1.1293
    2632       1.0363
    2633       0.9901
    2634       1.0646
    2635       1.0901
    2636       1.1080
    2637       1.0412
    2638       0.9982
    2639       0.9634
    2640       1.0673
    2641       0.9800
    2642       1.0047
    2643       1.0009
    2644       1.0466
    2645       1.1716
    2646       1.0940
    2647       1.1109
    2648       1.1110
    2649       1.0554
    2650       0.9779
    2651       1.0728
    2652       1.1048
    2653       1.0621
    2654       1.0973
    2655       1.2181
    2656       1.1354
    2657       1.1413
    2658       1.1082
    2659       1.0388
    2660       1.0197
    2661       1.0147
    2662       1.0982
    2663       1.0842
    2664       1.0770
    2665       1.0555
    2666       1.0082
    2667       0.9913
    2668       1.0832
    2669       1.0756
    2670       0.9633
    2671       1.0900
    2672       0.9735
    2673       1.0309
    2674       0.9809
    2675       0.9771
    2676       1.1256
    2677       1.0764
    2678       1.0484
    2679       0.9560
    2680       1.0418
    2681       1.0141
    2682       1.0329
    2683       0.9598
    2684       0.9370
    2685       0.8940
    2686       0.9986
    2687       1.0024
    2688       0.8709
    2689       0.8208
    2690       0.8974
    2691       0.8432
    2692       0.8039
    2693       0.9002
    2694       0.8521
    2695       0.8759
    2696       0.8985
    2697       0.8703
    2698       0.8718
    2699       0.8116
    2700       0.9520
    2701       1.0514
    2702       0.9866
    2703       0.9196
    2704       0.8448
    2705       0.7551
    2706       0.9022
    2707       0.8631
    2708       0.9399
    2709       0.8855
    2710       0.7989
    2711       0.9037
    2712       0.9700
    2713       1.0149
    2714       1.0276
    2715       0.9441
    2716       0.9511
    2717       0.8608
    2718       0.8031
    2719       0.8862
    2720       0.7945
    2721       0.9110
    2722       0.8694
    2723       0.8830
    2724       0.8629
    2725       0.9113
    2726       1.0175
    2727       0.9591
    2728       0.9660
    2729       0.9621
    2730       0.9181
    2731       1.0370
    2732       1.1072
    2733       1.0972
    2734       0.8988
    2735       0.9370
    2736       0.9312
    2737       0.9276
    2738       0.9772
    2739       1.0057
    2740       1.1067
    2741       1.0905
    2742       1.1178
    2743       1.2014
    2744       1.3193
    2745       1.2864
    2746       1.3348
    2747       1.2747
    2748       0.9886
    2749       0.9887
    2750       0.9939
    2751       1.0303
    2752       1.0851
    2753       0.9458
    2754       0.9026
    2755       0.9465
    2756       0.8454
    2757       0.8115
    2758       0.9350
    2759       0.8896
    2760       0.8857
    2761       0.9883
    2762       0.9653
    2763       1.0721
    2764       1.0276
    2765       0.9251
    2766       0.9478
    2767       0.9175
    2768       0.8702
    2769       0.9871
    2770       0.8843
    2771       0.9054
    2772       0.9172
    2773       0.9348
    2774       0.9051
    2775       0.9532
    2776       1.1361
    2777       0.9477
    2778       0.9881
    2779       1.0181
    2780       0.9406
    2781       0.9254
    2782       0.9934
    2783       1.1042
    2784       1.0454
    2785       0.9787
    2786       0.9284
    2787       0.9415
    2788       0.8554
    2789       0.8884
    2790       1.0494
    2791       0.9050
    2792       0.9582
    2793       0.9281
    2794       0.9422
    2795       0.9410
    2796       1.0577
    2797       1.0274
    2798       1.0227
    2799       0.9854
    2800       0.9720
    2801       0.9418
    2802       0.8955
    2803       0.7890
    2804       0.9269
    2805       1.0044
    2806       0.9230
    2807       0.9404
    2808       0.9397
    2809       0.9341
    2810       0.8603
    2811       0.9008
    2812       0.8417
    2813       0.9104
    2814       0.8048
    2815       0.8394
    2816       0.9086
    2817       0.9351
    2818       0.9390
    2819       0.9155
    2820       0.9796
    2821       1.0322
    2822       0.9497
    2823       0.9073
    2824       0.9393
    2825       1.0085
    2826       0.9161
    2827       0.9368
    2828       0.9623
    2829       0.9003
    2830       1.0530
    2831       1.0202
    2832       1.1026
    2833       1.0561
    2834       0.9417
    2835       1.0241
    2836       1.0099
    2837       0.9813
    2838       1.0013
    2839       1.0272
    2840       1.0904
    2841       1.0955
    2842       1.0161
    2843       0.9620
    2844       0.9866
    2845       0.9416
    2846       1.0225
    2847       0.9497
    2848       0.9286
    2849       1.0080
    2850       0.9866
    2851       0.9339
    2852       0.9292
    2853       0.9125
    2854       0.9149
    2855       0.8527
    2856       0.9855
    2857       1.0400
    2858       0.9971
    2859       1.0256
    2860       0.9205
    2861       1.0069
    2862       0.8783
    2863       0.8573
    2864       0.9260
    2865       0.8650
    2866       0.9025
    2867       0.9863
    2868       0.9994
    2869       0.8950
    2870       0.9896
    2871       0.9667
    2872       0.9213
    2873       0.9365
    2874       0.9813
    2875       1.0417
    2876       0.9412
    2877       1.0333
    2878       1.0030
    2879       0.9723
    2880       0.9525
    2881       1.0267
    2882       1.0255
    2883       1.0658
    2884       1.1350
    2885       1.0075
    2886       0.9413
    2887       0.9705
    2888       0.9541
    2889       0.9312
    2890       0.9788
    2891       1.0708
    2892       1.1406
    2893       1.2717
    2894       1.0366
    2895       1.0245
    2896       1.0608
    2897       1.0407
    2898       1.0265
    2899       1.1625
    2900       0.9644
    2901       1.0441
    2902       0.9579
    2903       1.0724
    2904       1.1696
    2905       1.0990
    2906       1.0887
    2907       1.0161
    2908       1.0414
    2909       1.1648
    2910       1.0645
    2911       1.0628
    2912       0.9352
    2913       0.9537
    2914       1.0517
    2915       1.0408
    2916       0.9937
    2917       1.0333
    2918       1.1289
    2919       1.0814
    2920       1.0936
    2921       1.0859
    2922       1.0480
    2923       1.0218
    2924       0.9468
    2925       0.9914
    2926       1.0196
    2927       0.9817
    2928       1.0164
    2929       0.9387
    2930       0.9355
    2931       0.9641
    2932       0.9616
    2933       0.9619
    2934       1.0104
    2935       0.9107
    2936       0.8785
    2937       1.1121
    2938       0.9988
    2939       0.9776
    2940       0.9967
    2941       1.0468
    2942       1.1025
    2943       1.1871
    2944       1.1140
    2945       1.0441
    2946       0.9816
    2947       1.0471
    2948       0.9443
    2949       0.9996
    2950       0.9318
    2951       0.9212
    2952       0.9365
    2953       0.9406
    2954       1.0539
    2955       1.0258
    2956       0.9892
    2957       0.8921
    2958       0.8920
    2959       0.9349
    2960       0.9576
    2961       0.9884
    2962       0.8696
    2963       0.8992
    2964       0.9308
    2965       0.9646
    2966       0.9675
    2967       0.9019
    2968       0.9962
    2969       0.8783
    2970       1.0691
    2971       1.0464
    2972       0.9897
    2973       0.9958
    2974       0.9842
    2975       1.0731
    2976       1.1155
    2977       1.1317
    2978       1.0196
    2979       0.9905
    2980       1.0070
    2981       1.0274
    2982       1.0157
    2983       0.9402
    2984       1.0528
    2985       0.9589
    2986       0.9452
    2987       0.9862
    2988       0.9987
    2989       1.0488
    2990       0.9750
    2991       0.9877
    2992       0.9975
    2993       0.9522
    2994       1.0478
    2995       1.0443
    2996       1.0299
    2997       0.9894
    2998       0.9089
    2999       0.9472
    3000       0.8802
    3001       0.9149
    3002       0.9475
    3003       0.8979
    3004       0.9075
    3005       0.9752
    3006       1.0926
    3007       1.0431
    3008       1.0670
    3009       0.9889
    3010       0.9955
    3011       1.1020
    3012       1.1366
    3013       1.1007
    3014       1.1095
    3015       1.2002
    3016       1.0403
    3017       1.0599
    3018       1.2066
    3019       1.1211
    3020       1.1260
    3021       1.1058
    3022       1.1162
    3023       1.0368
    3024       1.0941
    3025       0.9678
    3026       0.8926
    3027       0.9495
    3028       0.8911
    3029       0.9186
    3030       0.8715
    3031       0.9480
    3032       0.8853
    3033       0.8781
    3034       0.9188
    3035       0.9366
    3036       0.9921
    3037       1.0871
    3038       1.0475
    3039       1.0351
    3040       0.9630
    3041       0.8991
    3042       0.8875
    3043       0.8416
    3044       0.8563
    3045       1.0459
    3046       1.0625
    3047       0.9595
    3048       1.0410
    3049       0.9906
    3050       0.9854
    3051       0.9199
    3052       0.8565
    3053       0.9084
    3054       0.9601
    3055       0.9640
    3056       0.9118
    3057       0.9750
    3058       0.8935
    3059       0.9450
    3060       0.8856
    3061       0.8157
    3062       0.8489
    3063       0.8159
    3064       0.9333
    3065       0.9364
    3066       0.8915
    3067       0.8679
    3068       0.9245
    3069       0.9890
    3070       0.8878
    3071       0.9033
    3072       0.8874
    3073       0.8820
    3074       0.9234
    3075       0.9769
    3076       1.1001
    3077       1.1102
    3078       1.0621
    3079       0.9563
    3080       0.9615
    3081       0.9981
    3082       0.9672
    3083       0.9364
    3084       0.9000
    3085       0.8813
    3086       0.9097
    3087       1.0063
    3088       1.0066
    3089       0.9826
    3090       0.9371
    3091       1.0493
    3092       0.9530
    3093       0.9828
    3094       0.9732
    3095       1.0781
    3096       1.0622
    3097       0.9321
    3098       0.9448
    3099       1.0606
    3100       1.0371
    3101       0.9350
    3102       0.9315
    3103       0.9506
    3104       0.9144
    3105       0.9564
    3106       0.9282
    3107       0.9043
    3108       0.8883
    3109       0.9381
    3110       0.9820
    3111       0.9916
    3112       1.0123
    3113       1.0028
    3114       1.0563
    3115       1.0064
    3116       0.9522
    3117       0.9578
    3118       1.0333
    3119       0.9591
    3120       0.9954
    3121       1.0547
    3122       0.9833
    3123       1.0078
    3124       0.9527
    3125       0.9823
    3126       0.9874
    3127       0.9808
    3128       0.9004
    3129       0.9146
    3130       0.8700
    3131       1.0166
    3132       0.8867
    3133       0.9105
    3134       1.0105
    3135       1.0061
    3136       1.0861
    3137       1.0505
    3138       0.9858
    3139       0.9135
    3140       1.0384
    3141       0.9914
    3142       0.8499
    3143       0.8870
    3144       1.0554
    3145       1.0955
    3146       1.0405
    3147       1.0562
    3148       1.1439
    3149       1.1374
    3150       1.3220
    3151       1.2270
    3152       1.1461
    3153       1.1366
    3154       1.1694
    3155       1.1787
    3156       1.1119
    3157       1.0977
    3158       1.2320
    3159       1.0336
    3160       1.0174
    3161       0.8797
    3162       1.0342
    3163       0.9522
    3164       0.9127
    3165       1.0154
    3166       0.9289
    3167       0.9979
    3168       0.9105
    3169       1.0031
    3170       1.0476
    3171       1.0019
    3172       1.0703
    3173       1.0382
    3174       1.1160
    3175       1.0841
    3176       0.9485
    3177       0.9774
    3178       1.0636
    3179       1.0150
    3180       0.9974
    3181       0.9556
    3182       0.9760
    3183       0.9176
    3184       0.9161
    3185       0.9157
    3186       0.9244
    3187       0.9674
    3188       0.9886
    3189       1.0188
    3190       1.0558
    3191       0.9706
    3192       0.9526
    3193       0.9976
    3194       1.0463
    3195       1.0497
    3196       1.0050
    3197       0.9578
    3198       0.9348
    3199       1.0546
    3200       1.1553
    3201       1.0734
    3202       1.1399
    3203       1.0112
    3204       1.0197
    3205       1.0146
    3206       1.1667
    3207       1.0024
    3208       0.9378
    3209       1.0209
    3210       1.0466
    3211       1.0150
    3212       1.0649
    3213       1.1345
    3214       1.2867
    3215       1.1518
    3216       1.0348
    3217       1.1208
    3218       1.1863
    3219       1.1472
    3220       1.1077
    3221       1.0939
    3222       0.9537
    3223       0.9628
    3224       0.9088
    3225       0.8741
    3226       1.0326
    3227       1.0445
    3228       1.0043
    3229       0.9706
    3230       0.9398
    3231       0.8675
    3232       0.8577
    3233       0.8176
    3234       0.7938
    3235       0.8417
    3236       0.8618
    3237       0.8539
    3238       0.8749
    3239       0.9732
    3240       0.9546
    3241       0.9377
    3242       0.9350
    3243       1.0075
    3244       1.0283
    3245       1.0639
    3246       1.1681
    3247       1.0447
    3248       1.1550
    3249       1.1769
    3250       1.0832
    3251       1.0112
    3252       0.9095
    3253       0.9561
    3254       1.0150
    3255       1.0664
    3256       0.9675
    3257       1.0600
    3258       1.1420
    3259       1.0815
    3260       1.1748
    3261       1.1861
    3262       1.1532
    3263       1.2552
    3264       1.1719
    3265       1.3623
    3266       1.3000
    3267       1.3451
    3268       1.2804
    3269       1.3160
    3270       1.2000
    3271       1.2589
    3272       1.0749
    3273       1.1739
    3274       1.0700
    3275       1.0298
    3276       1.1265
    3277       1.1065
    3278       1.0038
    3279       1.0642
    3280       1.0817
    3281       1.0008
    3282       1.0679
    3283       1.0757
    3284       1.1461
    3285       1.0635
    3286       1.0126
    3287       1.0819
    3288       0.9432
    3289       1.1129
    3290       1.0385
    3291       1.0272
    3292       1.1488
    3293       1.2217
    3294       1.0863
    3295       1.1230
    3296       1.2032
    3297       1.0854
    3298       1.0219
    3299       1.0904
    3300       1.1313
    3301       1.3486
    3302       1.2763
    3303       1.4019
    3304       1.4286
    3305       1.4145
    3306       1.2415
    3307       1.1799
    3308       1.2650
    3309       1.1311
    3310       1.1195
    3311       1.0109
    3312       0.9972
    3313       1.1638
    3314       1.2464
    3315       1.1957
    3316       1.3590
    3317       1.3600
    3318       1.3864
    3319       1.2714
    3320       1.3468
    3321       1.1324
    3322       1.0081
    3323       1.0890
    3324       1.1332
    3325       1.1510
    3326       1.1302
    3327       1.0651
    3328       1.0668
    3329       1.0408
    3330       1.0442
    3331       1.0425
    3332       1.0512
    3333       1.2006
    3334       1.2670
    3335       1.2799
    3336       1.2745
    3337       1.1571
    3338       1.1312
    3339       1.0334
    3340       1.0823
    3341       1.0384
    3342       1.0313
    3343       1.0741
    3344       1.0834
    3345       1.1434
    3346       1.0595
    3347       1.0719
    3348       1.1004
    3349       1.2032
    3350       1.2067
    3351       1.1827
    3352       1.1090
    3353       1.1876
    3354       1.1046
    3355       1.1325
    3356       1.1041
    3357       1.0444
    3358       1.0753
    3359       1.0937
    3360       1.1285
    3361       1.0089
    3362       1.0921
    3363       1.0531
    3364       1.0310
    3365       1.0749
    3366       0.9710
    3367       0.9824
    3368       1.1256
    3369       1.1218
    3370       1.2975
    3371       1.1018
    3372       1.1335
    3373       0.9846
    3374       0.9621
    3375       0.9110
    3376       0.9261
    3377       0.9460
    3378       1.0037
    3379       0.9236
    3380       0.9735
    3381       1.0885
    3382       1.0525
    3383       1.0280
    3384       1.0871
    3385       0.8888
    3386       1.0656
    3387       0.9826
    3388       1.1587
    3389       1.1384
    3390       1.1891
    3391       1.1350
    3392       1.1661
    3393       1.1144
    3394       1.2387
    3395       1.1607
    3396       1.1751
    3397       1.2713
    3398       1.2718
    3399       1.1193
    3400       1.0252
    3401       0.9802
    3402       1.0164
    3403       0.9190
    3404       1.0691
    3405       1.0182
    3406       1.0765
    3407       1.1969
    3408       1.0993
    3409       1.2162
    3410       1.0491
    3411       1.0362
    3412       1.2434
    3413       1.1969
    3414       1.0893
    3415       1.1175
    3416       1.1684
    3417       1.0093
    3418       1.0685
    3419       0.9571
    3420       0.9540
    3421       0.9996
    3422       0.9801
    3423       0.9385
    3424       1.0891
    3425       1.0613
    3426       0.9485
    3427       1.0811
    3428       1.1110
    3429       1.1812
    3430       1.1818
    3431       1.1808
    3432       1.2533
    3433       1.2713
    3434       1.1467
    3435       1.3291
    3436       1.4364
    3437       1.3200
    3438       1.2724
    3439       1.1860
    3440       1.1573
    3441       1.2032
    3442       1.0867
    3443       1.0632
    3444       1.0911
    3445       1.0264
    3446       1.1728
    3447       1.1957
    3448       1.1938
    3449       1.1790
    3450       1.0703
    3451       1.1466
    3452       1.0628
    3453       1.0174
    3454       1.0748
    3455       1.0774
    3456       1.1085
    3457       1.1130
    3458       1.0374
    3459       1.1186
    3460       1.1444
    3461       1.2398
    3462       1.0544
    3463       1.1385
    3464       1.2737
    3465       1.2178
    3466       1.2570
    3467       1.1953
    3468       1.1995
    3469       1.2072
    3470       1.2133
    3471       1.1010
    3472       1.1404
    3473       1.2437
    3474       1.2961
    3475       1.2514
    3476       1.2868
    3477       1.2914
    3478       1.2116
    3479       1.1875
    3480       1.2238
    3481       1.1419
    3482       1.2124
    3483       1.2925
    3484       1.2743
    3485       1.2153
    3486       1.1092
    3487       1.1625
    3488       1.2064
    3489       1.2840
    3490       1.2492
    3491       1.2104
    3492       1.1885
    3493       1.1022
    3494       1.2323
    3495       1.0477
    3496       1.0967
    3497       1.1746
    3498       1.0914
    3499       1.0825
    3500       1.1127
    3501       1.1095
    3502       1.1417
    3503       1.0830
    3504       1.1265
    3505       1.1244
    3506       1.1305
    3507       1.1631
    3508       1.1563
    3509       1.2608
    3510       1.1303
    3511       1.2017
    3512       1.1488
    3513       1.0680
    3514       1.0346
    3515       1.0862
    3516       1.0228
    3517       1.0449
    3518       1.0128
    3519       1.0688
    3520       1.1251
    3521       1.0030
    3522       1.0724
    3523       1.0571
    3524       0.9933
    3525       1.0279
    3526       1.0738
    3527       1.1268
    3528       1.0696
    3529       1.0394
    3530       0.9894
    3531       1.0531
    3532       1.0376
    3533       1.1954
    3534       1.1036
    3535       1.0896
    3536       1.0575
    3537       1.0769
    3538       1.1704
    3539       1.1150
    3540       1.1536
    3541       1.1541
    3542       1.1242
    3543       1.0756
    3544       1.0970
    3545       1.0347
    3546       1.0620
    3547       1.1258
    3548       1.0673
    3549       1.0871
    3550       1.0703
    3551       1.0546
    3552       1.0843
    3553       1.1185
    3554       1.1443
    3555       1.0678
    3556       1.1314
    3557       1.0778
    3558       1.1015
    3559       1.0761
    3560       1.0777
    3561       1.1049
    3562       1.1260
    3563       1.1053
    3564       1.2895
    3565       1.2277
    3566       1.2031
    3567       1.1525
    3568       1.1433
    3569       1.1160
    3570       1.0948
    3571       1.1014
    3572       1.1423
    3573       1.1244
    3574       1.1497
    3575       1.0494
    3576       1.0675
    3577       1.0606
    3578       1.0275
    3579       1.1626
    3580       1.0791
    3581       1.0965
    3582       1.0889
    3583       1.0935
    3584       1.0300
    3585       1.0470
    3586       1.1657
    3587       1.0847
    3588       1.0072
    3589       1.1605
    3590       1.0761
    3591       1.1664
    3592       1.2129
    3593       1.4220
    3594       1.4148
    3595       1.3809
    3596       1.4051
    3597       1.3034
    3598       1.2036
    3599       1.2911
    3600       1.3612
    3601       1.3685
    3602       1.3728
    3603       1.2617
    3604       1.2181
    3605       1.2383
    3606       1.1450
    3607       1.2476
    3608       1.1702
    3609       1.0872
    3610       1.0808
    3611       1.0725
    3612       1.0411
    3613       1.0233
    3614       1.0713
    3615       1.1058
    3616       1.1041
    3617       1.0419
    3618       0.9982
    3619       1.0045
    3620       1.0010
    3621       1.0906
    3622       1.1298
    3623       1.0820
    3624       1.1665
    3625       1.2982
    3626       1.3580
    3627       1.1745
    3628       1.0858
    3629       1.1060
    3630       1.0433
    3631       1.0427
    3632       1.0550
    3633       1.0541
    3634       1.0800
    3635       1.1096
    3636       1.0669
    3637       1.1396
    3638       1.0716
    3639       1.1021
    3640       1.0582
    3641       1.0474
    3642       0.9998
    3643       1.0801
    3644       1.0721
    3645       1.0314
    3646       1.0890
    3647       1.2382
    3648       1.0742
    3649       1.1983
    3650       1.1679
    3651       1.1646
    3652       1.1212
    3653       1.1964
    3654       1.2400
    3655       1.0920
    3656       1.0831
    3657       1.1157
    3658       1.0752
    3659       1.1117
    3660       1.0404
    3661       1.1241
    3662       1.0952
    3663       1.0395
    3664       1.0960
    3665       1.0449
    3666       1.0373
    3667       1.0347
    3668       1.0915
    3669       0.9908
    3670       0.9935
    3671       1.0853
    3672       1.1776
    3673       1.0902
    3674       1.1032
    3675       1.1067
    3676       1.1167
    3677       1.1579
    3678       1.1344
    3679       1.0871
    3680       1.0567
    3681       1.1046
    3682       1.1687
    3683       1.2041
    3684       1.2799
    3685       1.3577
    3686       1.2500
    3687       1.1631
    3688       1.1796
    3689       1.1092
    3690       1.1529
    3691       1.1991
    3692       1.1144
    3693       1.1379
    3694       1.0971
    3695       1.0971
    3696       1.2287
    3697       1.2539
    3698       1.3545
    3699       1.3197
    3700       1.3064
    3701       1.1663
    3702       1.1413
    3703       0.9958
    3704       1.0453
    3705       1.2260
    3706       1.1336
    3707       1.1603
    3708       1.0060
    3709       1.0070
    3710       1.0599
    3711       1.0329
    3712       0.9808
    3713       1.0366
    3714       0.9658
    3715       0.9931
    3716       1.0109
    3717       0.9805
    3718       1.0461
    3719       1.1489
    3720       0.9970
    3721       0.9855
    3722       1.0666
    3723       1.0254
    3724       1.0988
    3725       1.1139
    3726       1.0335
    3727       0.9396
    3728       0.9761
    3729       1.0368
    3730       1.1243
    3731       1.0182
    3732       1.0309
    3733       1.0710
    3734       1.1300
    3735       1.1249
    3736       1.1737
    3737       1.1916
    3738       1.2221
    3739       1.0428
    3740       0.9525
    3741       1.0449
    3742       0.9641
    3743       1.0732
    3744       1.1459
    3745       1.1771
    3746       1.0864
    3747       1.0096
    3748       1.0661
    3749       1.0923
    3750       1.0868
    3751       1.0316
    3752       1.1344
    3753       1.0847
    3754       1.0443
    3755       1.1332
    3756       1.0961
    3757       1.0816
    3758       1.0813
    3759       1.1150
    3760       1.0862
    3761       1.1119
    3762       1.1575
    3763       1.1302
    3764       0.9951
    3765       1.0995
    3766       1.1333
    3767       1.1046
    3768       1.0681
    3769       1.0582
    3770       1.0793
    3771       1.1053
    3772       1.1322
    3773       1.0980
    3774       1.1521
    3775       1.0674
    3776       1.2330
    3777       1.1413
    3778       1.1751
    3779       1.2109
    3780       1.1260
    3781       1.1451
    3782       1.0706
    3783       1.0566
    3784       1.1000
    3785       1.0356
    3786       1.0030
    3787       1.0567
    3788       1.0374
    3789       1.0979
    3790       1.1413
    3791       1.1799
    3792       1.0106
    3793       1.0530
    3794       1.1632
    3795       1.1203
    3796       1.1288
    3797       1.0703
    3798       1.0257
    3799       1.0159
    3800       1.0393
    3801       1.0328
    3802       0.9445
    3803       0.9783
    3804       1.0390
    3805       1.0291
    3806       1.0395
    3807       1.0753
    3808       1.0530
    3809       1.1704
    3810       1.2848
    3811       1.2757
    3812       1.2602
    3813       1.2249
    3814       1.1841
    3815       1.0149
    3816       1.0051
    3817       1.1116
    3818       1.0220
    3819       1.0774
    3820       1.2062
    3821       1.1774
    3822       1.0551
    3823       1.1433
    3824       1.1365
    3825       1.2004
    3826       1.2273
    3827       1.1387
    3828       1.0870
    3829       1.1267
    3830       1.1222
    3831       1.1245
    3832       1.1402
    3833       1.1972
    3834       1.1865
    3835       1.0266
    3836       1.0805
    3837       1.1238
    3838       1.0208
    3839       1.0008
    3840       1.0684
    3841       1.1351
    3842       1.1890
    3843       1.2171
    3844       1.1729
    3845       1.1933
    3846       1.1769
    3847       1.1443
    3848       1.0986
    3849       1.1020
    3850       1.1075
    3851       1.1504
    3852       1.1351
    3853       1.0591
    3854       1.0903
    3855       1.1661
    3856       1.1885
    3857       1.1170
    3858       1.1172
    3859       1.0866
    3860       1.1940
    3861       1.0863
    3862       1.1018
    3863       1.0415
    3864       1.1903
    3865       1.1580
    3866       1.0949
    3867       1.1563
    3868       1.2018
    3869       1.1644
    3870       1.1517
    3871       1.2161
    3872       1.2486
    3873       1.1413
    3874       1.0110
    3875       1.0704
    3876       1.1259
    3877       1.0996
    3878       1.1177
    3879       1.1892
    3880       1.1211
    3881       1.0464
    3882       1.2270
    3883       1.0082
    3884       1.0676
    3885       1.1632
    3886       1.1404
    3887       1.2141
    3888       1.2108
    3889       1.1755
    3890       1.0876
    3891       1.1962
    3892       1.1529
    3893       1.0978
    3894       1.0091
    3895       1.0842
    3896       1.0019
    3897       0.8867
    3898       0.9863
    3899       1.0630
    3900       1.0420
    3901       1.1473
    3902       1.0180
    3903       1.0670
    3904       1.2024
    3905       1.2000
    3906       1.0944
    3907       1.0142
    3908       0.9279
    3909       0.8857
    3910       0.9314
    3911       1.0276
    3912       1.2367
    3913       1.2340
    3914       1.1450
    3915       1.0713
    3916       1.1265
    3917       1.0610
    3918       1.1884
    3919       1.0905
    3920       1.1315
    3921       1.1172
    3922       1.1146
    3923       1.0838
    3924       1.0658
    3925       1.0406
    3926       0.9514
    3927       0.9330
    3928       1.0501
    3929       1.2070
    3930       0.9819
    3931       1.0313
    3932       0.9874
    3933       1.0935
    3934       1.1531
    3935       0.9602
    3936       1.0119
    3937       0.9488
    3938       0.9402
    3939       1.0656
    3940       1.0287
    3941       1.0219
    3942       0.9571
    3943       0.8365
    3944       0.9492
    3945       0.9354
    3946       1.0325
    3947       1.0186
    3948       0.9986
    3949       0.9612
    3950       1.0478
    3951       1.1027
    3952       1.0715
    3953       0.9995
    3954       1.0395
    3955       1.1112
    3956       1.1384
    3957       1.1252
    3958       1.0448
    3959       1.1474
    3960       1.1262
    3961       1.1495
    3962       1.2123
    3963       1.2051
    3964       1.2109
    3965       1.1619
    3966       1.1828
    3967       1.1562
    3968       1.1715
    3969       1.2306
    3970       1.2450
    3971       1.2184
    3972       1.1638
    3973       1.1501
    3974       1.1897
    3975       1.2380
    3976       1.2948
    3977       1.3533
    3978       1.2607
    3979       1.2990
    3980       1.2470
    3981       1.2380
    3982       1.1875
    3983       1.2595
    3984       1.2508
    3985       1.1669
    3986       1.2122
    3987       1.2614
    3988       1.2084
    3989       1.1788
    3990       1.1442
    3991       1.1322
    3992       1.0601
    3993       1.1359
    3994       1.1967
    3995       1.1127
    3996       1.0973
    3997       1.0867
    3998       1.2436
    3999       1.1301
    4000       1.0677
    4001       1.1034
    4002       1.0215
    4003       1.1958
    4004       1.0652
    4005       1.0670
    4006       1.0056
    4007       1.0771
    4008       1.0983
    4009       1.1597
    4010       1.0947
    4011       1.1288
    4012       1.1099
    4013       1.2555
    4014       1.1958
    4015       1.2277
    4016       1.3097
    4017       1.3781
    4018       1.3744
    4019       1.3952
    4020       1.3302
    4021       1.4249
    4022       1.4816
    4023       1.2482
    4024       1.2639
    4025       1.1665
    4026       1.1108
    4027       1.2363
    4028       1.2319
    4029       1.2183
    4030       1.1947
    4031       1.2630
    4032       1.2532
    4033       1.3690
    4034       1.3859
    4035       1.2291
    4036       1.1705
    4037       1.2194
    4038       1.2422
    4039       1.3249
    4040       1.2263
    4041       1.1406
    4042       1.1754
    4043       1.2506
    4044       1.2305
    4045       1.2453
    4046       1.2576
    4047       1.2683
    4048       1.3295
    4049       1.2158
    4050       1.4973
    4051       1.4170
    4052       1.4244
    4053       1.4419
    4054       1.4598
    4055       1.3828
    4056       1.5353
    4057       1.4766
    4058       1.4610
    4059       1.4866
    4060       1.5295
    4061       1.5714
    4062       1.5673
    4063       1.4334
    4064       1.3810
    4065       1.4928
    4066       1.5552
    4067       1.5993
    4068       1.4411
    4069       1.4278
    4070       1.4384
    4071       1.4201
    4072       1.5047
    4073       1.4548
    4074       1.5100
    4075       1.4491
    4076       1.4389
    4077       1.3659
    4078       1.3608
    4079       1.4021
    4080       1.5011
    4081       1.5925
    4082       1.5112
    4083       1.4700
    4084       1.4301
    4085       1.3466
    4086       1.3701
    4087       1.4977
    4088       1.4838
    4089       1.3662
    4090       1.3480
    4091       1.3195
    4092       1.4204
    4093       1.3891
    4094       1.4232
    4095       1.4329
    4096       1.4757
    4097       1.4295
    4098       1.4652
    4099       1.3480
    4100       1.4753
    4101       1.4251
    4102       1.5470
    4103       1.5402
    4104       1.4232
    4105       1.5069
    4106       1.4710
    4107       1.4297
    4108       1.2718
    4109       1.2943
    4110       1.3922
    4111       1.3449
    4112       1.3337
    4113       1.4204
    4114       1.4187
    4115       1.4338
    4116       1.4297
    4117       1.3952
    4118       1.3374
    4119       1.2483
    4120       1.3670
    4121       1.3975
    4122       1.3554
    4123       1.2494
    4124       1.2616
    4125       1.2793
    4126       1.4403
    4127       1.3198
    4128       1.3574
    4129       1.2873
    4130       1.2823
    4131       1.4309
    4132       1.5663
    4133       1.4102
    4134       1.3912
    4135       1.4109
    4136       1.4550
    4137       1.5147
    4138       1.3916
    4139       1.5271
    4140       1.5724
    4141       1.5007
    4142       1.3621
    4143       1.3912
    4144       1.2980
    4145       1.2630
    4146       1.3484
    4147       1.2377
    4148       1.2981
    4149       1.2806
    4150       1.2295
    4151       1.2720
    4152       1.2333
    4153       1.3483
    4154       1.2600
    4155       1.3423
    4156       1.3776
    4157       1.3326
    4158       1.4452
    4159       1.5183
    4160       1.3562
    4161       1.4236
    4162       1.5503
    4163       1.4733
    4164       1.3001
    4165       1.3256
    4166       1.3055
    4167       1.3611
    4168       1.4000
    4169       1.3875
    4170       1.2311
    4171       1.3644
    4172       1.2342
    4173       1.2883
    4174       1.3350
    4175       1.3841
    4176       1.3084
    4177       1.3219
    4178       1.2472
    4179       1.1464
    4180       1.1196
    4181       1.1479
    4182       1.1711
    4183       1.1610
    4184       1.0464
    4185       1.1036
    4186       1.1884
    4187       1.1423
    4188       1.0960
    4189       1.1795
    4190       1.0878
    4191       0.9801
    4192       0.9209
    4193       0.9409
    4194       0.8650
    4195       0.9460
    4196       0.9481
    4197       1.0130
    4198       0.9328
    4199       0.8702
    4200       1.0577
    4201       1.1401
    4202       1.0246
    4203       0.9764
    4204       1.0291
    4205       1.0650
    4206       1.1166
    4207       1.2401
    4208       1.1885
    4209       1.1499
    4210       1.1356
    4211       1.1127
    4212       1.0363
    4213       1.0425
    4214       1.1709
    4215       1.1724
    4216       1.0927
    4217       1.2038
    4218       1.0523
    4219       1.0488
    4220       1.1466
    4221       1.0531
    4222       1.0852
    4223       0.8958
    4224       0.9585
    4225       0.8326
    4226       0.9619
    4227       0.9462
    4228       0.8676
    4229       0.9305
    4230       0.9965
    4231       0.8840
    4232       0.9041
    4233       0.9551
    4234       0.9571
    4235       0.9597
    4236       0.9018
    4237       0.9127
    4238       0.7940
    4239       0.9145
    4240       1.0457
    4241       1.0001
    4242       0.9653
    4243       1.0746
    4244       1.1761
    4245       1.0373
    4246       1.1218
    4247       1.0654
    4248       1.1147
    4249       1.0057
    4250       0.9479
    4251       0.8455
    4252       0.9612
    4253       0.9003
    4254       1.0068
    4255       1.0504
    4256       1.0057
    4257       0.9916
    4258       1.1218
    4259       1.1435
    4260       1.2052
    4261       1.1164
    4262       1.1742
    4263       1.2185
    4264       1.1604
    4265       1.1578
    4266       1.1094
    4267       1.2357
    4268       1.1223
    4269       0.9194
    4270       0.9481
    4271       0.9794
    4272       1.0313
    4273       1.1104
    4274       0.9751
    4275       0.9630
    4276       0.9929
    4277       1.0263
    4278       1.1036
    4279       1.0776
    4280       1.0729
    4281       1.1008
    4282       1.0937
    4283       1.0669
    4284       1.0337
    4285       1.0590
    4286       1.0727
    4287       1.0841
    4288       1.1368
    4289       1.1085
    4290       1.0259
    4291       1.0883
    4292       1.0919
    4293       1.1412
    4294       1.2677
    4295       1.1942
    4296       1.2856
    4297       1.1971
    4298       1.2869
    4299       1.2973
    4300       1.1681
    4301       1.1486
    4302       1.0764
    4303       1.0846
    4304       1.1815
    4305       1.2593
    4306       1.0710
    4307       1.1598
    4308       1.0658
    4309       1.1100
    4310       1.1706
    4311       1.1297
    4312       1.1363
    4313       1.0499
    4314       1.0635
    4315       1.1285
    4316       1.1607
    4317       1.1856
    4318       1.1759
    4319       1.2550
    4320       1.2851
    4321       1.2914
    4322       1.2174
    4323       1.1530
    4324       1.2093
    4325       1.1538
    4326       1.1179
    4327       1.0640
    4328       1.0910
    4329       1.1228
    4330       1.0403
    4331       1.1405
    4332       1.1190
    4333       1.2094
    4334       1.2017
    4335       1.0854
    4336       1.1552
    4337       1.0355
    4338       1.0158
    4339       1.1003
    4340       1.1226
    4341       1.1108
    4342       1.1099
    4343       0.9609
    4344       0.9309
    4345       1.0234
    4346       0.8752
    4347       1.0235
    4348       1.0534
    4349       1.1157
    4350       1.0011
    4351       0.9607
    4352       1.0561
    4353       0.9844
    4354       1.0795
    4355       0.9441
    4356       0.9840
    4357       1.0509
    4358       1.0868
    4359       1.1327
    4360       1.1881
    4361       1.0162
    4362       1.1740
    4363       1.1599
    4364       1.0703
    4365       1.0316
    4366       1.1119
    4367       1.0395
    4368       0.9047
    4369       1.0095
    4370       1.0949
    4371       1.0514
    4372       0.9939
    4373       1.0979
    4374       1.0103
    4375       1.0776
    4376       1.0687
    4377       1.0186
    4378       0.9659
    4379       0.9331
    4380       1.1853
    4381       0.9871
    4382       0.9267
    4383       0.9304
    4384       0.8300
    4385       1.0229
    4386       1.0376
    4387       0.9576
    4388       0.8466
    4389       0.8378
    4390       0.7756
    4391       0.8805
    4392       1.0469
    4393       1.0603
    4394       1.1798
    4395       1.2744
    4396       0.9808
    4397       1.0440
    4398       1.0073
    4399       0.9694
    4400       0.9365
    4401       0.9946
    4402       0.8305
    4403       0.9067
    4404       1.0187
    4405       0.8557
    4406       0.9285
    4407       0.8621
    4408       0.8587
    4409       0.8174
    4410       0.8107
    4411       0.8408
    4412       0.8571
    4413       0.9675
    4414       0.8969
    4415       0.9658
    4416       0.8590
    4417       0.8886
    4418       0.9093
    4419       0.9077
    4420       1.0580
    4421       0.9149
    4422       1.0535
    4423       0.9903
    4424       0.9381
    4425       0.9569
    4426       0.9574
    4427       1.0069
    4428       0.9696
    4429       0.9831
    4430       0.8911
    4431       0.9327
    4432       1.0205
    4433       0.9845
    4434       0.8660
    4435       1.0165
    4436       0.9583
    4437       0.9605
    4438       0.9987
    4439       0.9305
    4440       0.8427
    4441       0.8872
    4442       0.8544
    4443       0.8956
    4444       1.0451
    4445       1.1283
    4446       1.0977
    4447       0.9562
    4448       0.9527
    4449       0.9930
    4450       0.8967
    4451       0.9419
    4452       0.8362
    4453       0.8893
    4454       0.8420
    4455       0.8414
    4456       0.8381
    4457       0.8821
    4458       0.8425
    4459       1.0208
    4460       0.9938
    4461       0.8463
    4462       0.9299
    4463       0.9499
    4464       0.8333
    4465       0.9067
    4466       0.9300
    4467       0.8626
    4468       0.9539
    4469       0.9536
    4470       1.0080
    4471       1.0192
    4472       1.1364
    4473       1.1247
    4474       1.1139
    4475       1.0574
    4476       0.9553
    4477       0.9107
    4478       0.8940
    4479       0.9161
    4480       0.9650
    4481       0.8623
    4482       0.8503
    4483       0.7970
    4484       0.8421
    4485       0.8792
    4486       0.9190
    4487       0.8066
    4488       0.8852
    4489       0.9064
    4490       0.9518
    4491       0.9089
    4492       0.8300
    4493       0.9425
    4494       0.9044
    4495       1.0163
    4496       0.9959
    4497       1.0145
    4498       1.2352
    4499       1.0400
    4500       1.0450
    4501       1.0506
    4502       1.0530
    4503       0.9111
    4504       1.0780
    4505       0.9786
    4506       1.1266
    4507       1.0667
    4508       0.9796
    4509       0.9383
    4510       0.9263
    4511       0.9982
    4512       1.0663
    4513       1.0136
    4514       1.1229
    4515       1.1577
    4516       1.0222
    4517       1.0115
    4518       1.0445
    4519       1.0662
    4520       1.1027
    4521       1.0051
    4522       1.1246
    4523       1.0328
    4524       0.9997
    4525       1.0366
    4526       0.9574
    4527       1.0999
    4528       1.2011
    4529       1.2398
    4530       1.3643
    4531       1.0971
    4532       1.1475
    4533       1.2303
    4534       1.1831
    4535       1.0981
    4536       1.1534
    4537       1.0619
    4538       1.0301
    4539       1.0874
    4540       1.1045
    4541       1.0576
    4542       1.1642
    4543       1.0876
    4544       1.0254
    4545       0.9936
    4546       1.0953
    4547       1.0859
    4548       1.0588
    4549       1.0452
    4550       1.0084
    4551       1.1352
    4552       1.0222
    4553       0.8824
    4554       0.9813
    4555       0.9595
    4556       0.9670
    4557       0.9235
    4558       1.1712
    4559       1.1201
    4560       1.1438
    4561       1.1485
    4562       1.1908
    4563       1.0911
    4564       1.1800
    4565       1.1996
    4566       1.1122
    4567       1.1378
    4568       1.1088
    4569       1.0301
    4570       0.9983
    4571       0.9369
    4572       1.0938
    4573       1.1189
    4574       1.0315
    4575       0.9404
    4576       0.9104
    4577       0.8739
    4578       0.8936
    4579       0.8564
    4580       0.7977
    4581       0.7999
    4582       0.7674
    4583       0.8457
    4584       0.8843
    4585       0.8423
    4586       0.8352
    4587       0.9902
    4588       1.0052
    4589       0.9958
    4590       0.9620
    4591       1.0213
    4592       1.0584
    4593       0.9943
    4594       1.0605
    4595       0.9885
    4596       0.9909
    4597       0.9726
    4598       0.8527
    4599       0.8252
    4600       0.8800
    4601       0.8887
    4602       0.8041
    4603       0.7739
    4604       0.9039
    4605       1.0062
    4606       0.9827
    4607       0.8907
    4608       1.0024
    4609       0.9742
    4610       0.8725
    4611       1.0077
    4612       0.9363
    4613       0.9964
    4614       0.8974
    4615       0.8609
    4616       0.9268
    4617       0.8328
    4618       0.8442
    4619       0.9309
    4620       0.8501
    4621       0.9080
    4622       0.9105
    4623       0.8352
    4624       0.8865
    4625       1.0174
    4626       1.0109
    4627       0.9942
    4628       1.0428
    4629       1.0046
    4630       1.0639
    4631       1.0016
    4632       1.0581
    4633       0.9864
    4634       0.9993
    4635       1.0013
    4636       0.9372
    4637       0.9138
    4638       1.0271
    4639       0.9623
    4640       0.9644
    4641       0.9845
    4642       0.9679
    4643       0.9159
    4644       0.9072
    4645       0.8445
    4646       0.9246
    4647       0.8698
    4648       0.8482
    4649       0.8668
    4650       0.8866
    4651       0.8818
    4652       0.9407
    4653       0.9022
    4654       1.0055
    4655       0.9644
    4656       1.0136
    4657       0.8986
    4658       0.8215
    4659       0.8895
    4660       0.8959
    4661       0.9529
    4662       0.9832
    4663       0.9663
    4664       0.9460
    4665       0.9022
    4666       0.8666
    4667       0.9827
    4668       0.8492
    4669       0.9630
    4670       0.9505
    4671       1.0544
    4672       0.9605
    4673       1.0638
    4674       1.1217
    4675       1.0850
    4676       1.0700
    4677       1.1045
    4678       1.0002
    4679       1.0122
    4680       1.0949
    4681       1.0601
    4682       0.9634
    4683       1.0832
    4684       1.1288
    4685       1.0243
    4686       1.0362
    4687       1.0686
    4688       0.9438
    4689       1.0572
    4690       1.0504
    4691       1.0804
    4692       1.0134
    4693       1.0296
    4694       1.1457
    4695       1.0458
    4696       1.0379
    4697       0.9148
    4698       0.9317
    4699       0.8737
    4700       0.9125
    4701       1.0240
    4702       0.8775
    4703       0.9426
    4704       0.9590
    4705       0.9957
    4706       1.0118
    4707       1.0121
    4708       1.1115
    4709       1.0428
    4710       1.1439
    4711       1.0395
    4712       1.0958
    4713       0.9977
    4714       1.1213
    4715       1.0398
    4716       1.0153
    4717       1.0888
    4718       1.1517
    4719       1.0548
    4720       1.0025
    4721       1.0053
    4722       1.0510
    4723       1.0427
    4724       0.9880
    4725       1.0656
    4726       1.0088
    4727       0.9518
    4728       0.9816
    4729       1.0110
    4730       1.0803
    4731       1.1177
    4732       1.0637
    4733       1.0342
    4734       1.1022
    4735       0.9696
    4736       1.1384
    4737       1.1886
    4738       1.1600
    4739       1.2204
    4740       1.0951
    4741       1.1641
    4742       1.1456
    4743       1.1980
    4744       1.1246
    4745       1.1084
    4746       1.0867
    4747       1.1847
    4748       1.1143
    4749       1.0540
    4750       1.0689
    4751       0.9441
    4752       0.9012
    4753       0.9537
    4754       1.1036
    4755       1.0046
    4756       0.8531
    4757       0.9448
    4758       0.9815
    4759       0.9334
    4760       0.8986
    4761       0.8098
    4762       0.8513
    4763       0.8513
    4764       0.8587
    4765       0.8670
    4766       0.8269
    4767       0.9078
    4768       0.9245
    4769       1.0450
    4770       0.9651
    4771       0.9243
    4772       0.9998
    4773       0.8829
    4774       0.9190
    4775       0.8525
    4776       0.8560
    4777       0.7789
    4778       0.7998
    4779       0.7645
    4780       0.8007
    4781       0.7468
    4782       0.8091
    4783       0.8539
    4784       0.8917
    4785       0.7556
    4786       0.7456
    4787       0.8744
    4788       0.8388
    4789       0.9578
    4790       0.8672
    4791       0.8790
    4792       0.9934
    4793       0.8359
    4794       0.8945
    4795       0.8276
    4796       0.8970
    4797       0.8540
    4798       0.8467
    4799       0.8073
    4800       0.8054
    4801       0.7908
    4802       0.8257
    4803       0.8266
    4804       0.8550
    4805       0.8773
    4806       0.9019
    4807       0.8679
    4808       0.9380
    4809       0.9107
    4810       0.9615
    4811       0.9440
    4812       0.9380
    4813       1.0371
    4814       1.0493
    4815       0.9702
    4816       0.8385
    4817       0.8501
    4818       0.9118
    4819       0.9277
    4820       0.8608
    4821       0.9181
    4822       0.8209
    4823       0.9259
    4824       0.9164
    4825       0.8568
    4826       0.8762
    4827       0.9239
    4828       0.9256
    4829       1.0073
    4830       0.9442
    4831       0.9394
    4832       0.9696
    4833       0.9481
    4834       0.9401
    4835       0.9217
    4836       0.9648
    4837       0.8607
    4838       0.8091
    4839       0.8704
    4840       0.8321
    4841       0.8083
    4842       0.8962
    4843       0.8585
    4844       0.9756
    4845       1.1040
    4846       1.1148
    4847       0.9644
    4848       1.0851
    4849       1.0528
    4850       1.1008
    4851       0.9995
    4852       0.9294
    4853       0.9480
    4854       0.9750
    4855       0.9901
    4856       1.0761
    4857       1.0582
    4858       1.0566
    4859       0.9722
    4860       1.0347
    4861       0.9942
    4862       0.9458
    4863       0.9641
    4864       0.8927
    4865       0.9577
    4866       0.9354
    4867       0.9615
    4868       1.0180
    4869       0.9910
    4870       0.9357
    4871       0.9799
    4872       0.8486
    4873       0.9310
    4874       0.8904
    4875       0.8720
    4876       0.8150
    4877       0.8130
    4878       0.8594
    4879       0.9227
    4880       0.9481
    4881       0.9902
    4882       0.9890
    4883       0.9726
    4884       0.9366
    4885       0.9717
    4886       1.0710
    4887       0.8862
    4888       0.9024
    4889       0.8374
    4890       0.7907
    4891       0.7537
    4892       0.9126
    4893       0.7849
    4894       0.8565
    4895       0.9467
    4896       0.9526
    4897       0.8628
    4898       0.8446
    4899       0.9653
    4900       0.9345
    4901       0.8641
    4902       0.8119
    4903       0.9265
    4904       0.9811
    4905       0.9141
    4906       0.8620
    4907       0.7696
    4908       0.8595
    4909       0.8208
    4910       0.8620
    4911       0.9835
    4912       0.9842
    4913       0.9459
    4914       0.9350
    4915       1.1272
    4916       1.1548
    4917       1.1035
    4918       1.0218
    4919       1.1372
    4920       1.0249
    4921       1.0025
    4922       1.0355
    4923       1.0705
    4924       1.0783
    4925       0.9248
    4926       0.9726
    4927       1.0110
    4928       1.1251
    4929       1.0501
    4930       1.0872
    4931       1.0348
    4932       1.0721
    4933       1.0868
    4934       1.1428
    4935       1.0199
    4936       1.0824
    4937       1.0096
    4938       0.9128
    4939       0.9276
    4940       0.8535
    4941       0.9325
    4942       0.9755
    4943       0.9026
    4944       0.9234
    4945       0.9720
    4946       0.8921
    4947       0.8904
    4948       0.9498
    4949       0.9694
    4950       1.0512
    4951       1.0600
    4952       1.0643
    4953       1.0445
    4954       1.1047
    4955       1.1815
    4956       1.1281
    4957       1.0336
    4958       1.1361
    4959       1.0268
    4960       0.9886
    4961       1.0227
    4962       1.1091
    4963       1.1093
    4964       1.2574
    4965       1.1311
    4966       1.1415
    4967       0.9715
    4968       0.9934
    4969       0.9113
    4970       0.9451
    4971       0.9057
    4972       0.9106
    4973       0.9125
    4974       0.9151
    4975       0.9342
    4976       0.8857
    4977       1.0038
    4978       1.0062
    4979       1.0830
    4980       1.0249
    4981       0.9748
    4982       0.9029
    4983       0.9472
    4984       0.9203
    4985       0.8219
    4986       0.9092
    4987       0.9350
    4988       0.9719
    4989       0.9685
    4990       1.0737
    4991       1.0623
    4992       1.0462
    4993       0.8942
    4994       0.9641
    4995       1.0203
    4996       1.0548
    4997       1.0672
    4998       1.0148
    4999       0.9465
    5000       0.9543
    5001       1.0061
    5002       0.9770
    5003       0.9126
    5004       1.0501
    5005       0.9102
    5006       0.8446
    5007       0.9046
    5008       0.8613
    5009       0.9110
    5010       0.8170
    5011       1.0452
    5012       1.1231
    5013       0.8968
    5014       1.0580
    5015       1.0354
    5016       0.9922
    5017       0.9743
    5018       0.9717
    5019       1.0986
    5020       1.0774
    5021       0.9973
    5022       0.9829
    5023       0.9971
    5024       0.9980
    5025       1.0420
    5026       1.0729
    5027       1.0189
    5028       1.0120
    5029       1.0671
    5030       1.0497
    5031       1.1408
    5032       1.1087
    5033       1.1458
    5034       1.0524
    5035       1.1215
    5036       1.0174
    5037       1.0585
    5038       1.0404
    5039       1.0089
    5040       0.9903
    5041       0.9558
    5042       1.0840
    5043       0.9551
    5044       0.9260
    5045       0.9785
    5046       0.9803
    5047       0.9653
    5048       0.9630
    5049       0.9763
    5050       1.0539
    5051       0.9939
    5052       1.0212
    5053       1.0911
    5054       1.1164
    5055       1.0864
    5056       1.0756
    5057       1.0440
    5058       1.1270
    5059       1.0847
    5060       1.1216
    5061       1.1342
    5062       1.2287
    5063       1.0906
    5064       1.0153
    5065       0.9726
    5066       1.0234
    5067       0.9288
    5068       0.8847
    5069       0.8816
    5070       0.8513
    5071       0.9268
    5072       0.8628
    5073       0.9766
    5074       0.9324
    5075       1.0110
    5076       1.0933
    5077       1.0281
    5078       1.0693
    5079       1.0403
    5080       0.9849
    5081       1.0940
    5082       1.0545
    5083       1.0484
    5084       1.1036
    5085       1.0504
    5086       1.0262
    5087       0.9601
    5088       1.0076
    5089       1.0235
    5090       0.9196
    5091       0.9304
    5092       0.9955
    5093       1.0227
    5094       1.1418
    5095       1.0821
    5096       1.1087
    5097       1.1742
    5098       1.1438
    5099       1.1379
    5100       1.0841
    5101       1.1218
    5102       1.0340
    5103       1.0690
    5104       1.0948
    5105       1.0356
    5106       1.0492
    5107       1.0919
    5108       0.9944
    5109       1.0768
    5110       1.0884
    5111       1.0089
    5112       0.9427
    5113       1.0260
    5114       1.0440
    5115       1.0647
    5116       1.1814
    5117       1.1418
    5118       1.1086
    5119       1.1558
    5120       1.1136
    5121       1.0451
    5122       1.0887
    5123       1.1812
    5124       1.1718
    5125       1.1712
    5126       1.0468
    5127       1.0159
    5128       1.0629
    5129       0.9359
    5130       1.0073
    5131       0.9334
    5132       1.0741
    5133       1.2307
    5134       1.1793
    5135       1.1241
    5136       1.1072
    5137       1.0518
    5138       1.0958
    5139       0.9971
    5140       1.1491
    5141       1.0644
    5142       0.9974
    5143       0.9472
    5144       1.0435
    5145       1.0993
    5146       1.1387
    5147       1.2340
    5148       1.2820
    5149       1.2996
    5150       1.1560
    5151       1.1009
    5152       1.1040
    5153       1.0571
    5154       1.0486
    5155       1.1707
    5156       1.0678
    5157       1.0521
    5158       1.0830
    5159       0.9781
    5160       0.9979
    5161       1.0075
    5162       1.0526
    5163       1.0051
    5164       0.9835
    5165       0.9975
    5166       1.0561
    5167       1.1617
    5168       1.1179
    5169       1.1819
    5170       1.1079
    5171       1.1124
    5172       1.0867
    5173       1.0579
    5174       0.9560
    5175       0.8743
    5176       0.9553
    5177       1.0075
    5178       1.0250
    5179       0.8842
    5180       0.9046
    5181       0.9822
    5182       0.8985
    5183       0.9442
    5184       0.9339
    5185       0.9547
    5186       0.9785
    5187       1.0173
    5188       0.9611
    5189       0.9244
    5190       0.9809
    5191       1.0367
    5192       1.0118
    5193       1.0629
    5194       1.0342
    5195       1.0772
    5196       1.0422
    5197       1.0863
    5198       1.1950
    5199       0.9998
    5200       1.0577
    5201       1.0196
    5202       0.9973
    5203       1.0620
    5204       1.0835
    5205       1.0887
    5206       1.0644
    5207       0.9424
    5208       1.1087
    5209       0.9173
    5210       1.0462
    5211       0.9710
    5212       1.0220
    5213       0.9104
    5214       1.0608
    5215       1.0497
    5216       1.0885
    5217       1.0836
    5218       1.0691
    5219       1.1409
    5220       1.1412
    5221       1.0173
    5222       1.0649
    5223       1.0240
    5224       1.0631
    5225       0.9306
    5226       0.9628
    5227       1.1164
    5228       1.0080
    5229       1.0168
    5230       0.9881
    5231       1.0000
    5232       0.9832
    5233       0.8465
    5234       0.9302
    5235       0.9959
    5236       0.9839
    5237       0.9233
    5238       0.9952
    5239       1.0416
    5240       1.0751
    5241       1.0359
    5242       1.1360
    5243       1.1263
    5244       1.0946
    5245       0.9950
    5246       1.0697
    5247       1.0541
    5248       1.0153
    5249       1.0178
    5250       1.0383
    5251       0.9783
    5252       1.0861
    5253       0.9962
    5254       0.8926
    5255       0.9404
    5256       0.9492
    5257       0.9581
    5258       0.9569
    5259       1.0472
    5260       0.9387
    5261       0.9853
    5262       1.0133
    5263       1.0974
    5264       1.0591
    5265       1.0144
    5266       1.1341
    5267       1.1893
    5268       1.0993
    5269       1.0317
    5270       0.9904
    5271       1.0386
    5272       0.9590
    5273       1.0293
    5274       1.0391
    5275       0.9869
    5276       1.0217
    5277       0.9661
    5278       0.8990
    5279       0.9292
    5280       0.9071
    5281       0.9249
    5282       0.9837
    5283       0.9709
    5284       0.8799
    5285       1.0064
    5286       0.9158
    5287       0.9985
    5288       0.9859
    5289       0.8757
    5290       0.9028
    5291       1.0104
    5292       0.9868
    5293       1.0475
    5294       1.0501
    5295       0.9359
    5296       0.9596
    5297       0.9784
    5298       0.9577
    5299       0.9396
    5300       0.9998
    5301       0.9427
    5302       1.0023
    5303       0.9984
    5304       1.0735
    5305       1.0530
    5306       1.0259
    5307       1.0475
    5308       1.0406
    5309       1.0981
    5310       1.0696
    5311       1.1087
    5312       1.0098
    5313       0.9695
    5314       1.0798
    5315       1.0485
    5316       1.1791
    5317       1.2243
    5318       1.0978
    5319       1.0211
    5320       1.0332
    5321       1.0364
    5322       1.0717
    5323       1.0871
    5324       1.1326
    5325       1.0117
    5326       1.0512
    5327       1.1098
    5328       0.9804
    5329       1.0875
    5330       0.9615
    5331       1.0232
    5332       0.9713
    5333       1.0137
    5334       1.0073
    5335       1.0101
    5336       1.0211
    5337       0.9964
    5338       0.9962
    5339       0.9702
    5340       0.9695
    5341       0.9686
    5342       0.9679
    5343       0.9603
    5344       0.9611
    5345       1.0108
    5346       0.9307
    5347       1.0926
    5348       1.0092
    5349       1.0655
    5350       1.0151
    5351       1.0078
    5352       1.0579
    5353       0.9824
    5354       1.1010
    5355       1.1336
    5356       1.1024
    5357       1.1511
    5358       1.2860
    5359       1.0184
    5360       1.1631
    5361       1.0930
    5362       1.0250
    5363       1.0558
    5364       1.0486
    5365       1.0718
    5366       1.0718
    5367       1.1129
    5368       1.1446
    5369       1.0376
    5370       0.9775
    5371       1.0076
    5372       0.9286
    5373       0.9912
    5374       1.0360
    5375       0.9390
    5376       0.9583
    5377       1.1089
    5378       1.1341
    5379       1.1666
    5380       1.1065
    5381       1.0787
    5382       1.0322
    5383       1.0842
    5384       1.0651
    5385       1.1594
    5386       1.2126
    5387       1.2654
    5388       1.2714
    5389       1.1842
    5390       1.0661
    5391       1.1115
    5392       1.2345
    5393       1.1094
    5394       1.2337
    5395       1.1950
    5396       1.1426
    5397       1.0727
    5398       1.1247
    5399       1.2043
    5400       1.1210
    5401       1.2621
    5402       1.1875
    5403       1.0017
    5404       0.9974
    5405       1.0606
    5406       1.0685
    5407       1.1090
    5408       1.0905
    5409       0.9493
    5410       0.9665
    5411       1.0698
    5412       0.9452
    5413       1.0776
    5414       0.9984
    5415       1.1055
    5416       1.0836
    5417       1.1140
    5418       0.9947
    5419       0.9938
    5420       1.1307
    5421       1.0591
    5422       1.0501
    5423       1.0660
    5424       1.0743
    5425       1.2083
    5426       1.0892
    5427       1.0391
    5428       0.9686
    5429       1.0270
    5430       0.9642
    5431       0.9873
    5432       0.9074
    5433       0.9961
    5434       0.9595
    5435       0.9483
    5436       0.9866
    5437       1.0316
    5438       1.0439
    5439       1.0117
    5440       1.1030
    5441       1.1277
    5442       1.0827
    5443       1.0657
    5444       0.9755
    5445       1.0542
    5446       1.0186
    5447       1.1142
    5448       1.1799
    5449       1.0575
    5450       0.9578
    5451       1.0978
    5452       1.0896
    5453       1.0315
    5454       1.1390
    5455       1.0017
    5456       1.0518
    5457       1.1138
    5458       1.0942
    5459       1.0383
    5460       0.9988
    5461       1.1177
    5462       0.9652
    5463       0.9195
    5464       0.9708
    5465       1.0504
    5466       1.0860
    5467       1.0055
    5468       1.0441
    5469       1.0536
    5470       1.0943
    5471       1.0166
    5472       0.9927
    5473       1.0069
    5474       1.0931
    5475       0.9929
    5476       1.0092
    5477       1.0862
    5478       1.0179
    5479       1.0268
    5480       0.8935
    5481       0.9252
    5482       0.9854
    5483       0.9402
    5484       1.0287
    5485       0.8960
    5486       0.9839
    5487       1.0203
    5488       1.0250
    5489       0.9904
    5490       0.9619
    5491       1.0527
    5492       1.0771
    5493       1.0651
    5494       1.0507
    5495       1.0058
    5496       1.0491
    5497       1.0555
    5498       0.8714
    5499       0.9976
    5500       0.9256
    5501       1.0333
    5502       1.0037
    5503       1.0287
    5504       1.0327
    5505       0.9970
    5506       1.0575
    5507       1.0568
    5508       0.9781
    5509       1.0968
    5510       0.9855
    5511       0.9568
    5512       1.1030
    5513       0.9515
    5514       0.9470
    5515       1.0378
    5516       1.0338
    5517       0.9356
    5518       1.0379
    5519       1.1483
    5520       1.1821
    5521       1.1133
    5522       1.1768
    5523       1.2059
    5524       1.0875
    5525       1.0257
    5526       1.1442
    5527       1.1356
    5528       1.2026
    5529       1.0754
    5530       1.1454
    5531       1.1012
    5532       1.0527
    5533       1.0662
    5534       1.1296
    5535       1.1334
    5536       1.0720
    5537       1.0914
    5538       1.1629
    5539       1.1220
    5540       1.2529
    5541       1.3437
    5542       1.1695
    5543       1.2470
    5544       1.0262
    5545       1.1225
    5546       1.2043
    5547       1.2321
    5548       1.2007
    5549       1.1227
    5550       1.1009
    5551       1.1319
    5552       1.0230
    5553       0.9821
    5554       0.9331
    5555       1.0768
    5556       1.0314
    5557       1.0746
    5558       1.1238
    5559       1.0233
    5560       1.0937
    5561       1.1174
    5562       1.1051
    5563       0.9966
    5564       1.0375
    5565       1.1191
    5566       1.0826
    5567       1.0683
    5568       1.0713
    5569       1.0497
    5570       1.0522
    5571       1.0329
    5572       0.9653
    5573       1.0460
    5574       1.0097
    5575       0.9625
    5576       1.1368
    5577       1.0126
    5578       1.0404
    5579       0.9978
    5580       1.0411
    5581       1.1690
    5582       1.0947
    5583       0.9169
    5584       1.0252
    5585       1.0145
    5586       1.0230
    5587       0.9517
    5588       1.0153
    5589       1.0135
    5590       1.0071
    5591       0.9517
    5592       0.9164
    5593       0.9838
    5594       1.0496
    5595       1.0654
    5596       1.1237
    5597       1.0175
    5598       1.0687
    5599       1.0833
    5600       1.0675
    5601       1.0052
    5602       1.1191
    5603       1.0662
    5604       1.0362
    5605       1.0841
    5606       1.0478
    5607       1.0116
    5608       0.9949
    5609       0.9434
    5610       1.0414
    5611       1.0934
    5612       1.0151
    5613       1.0484
    5614       1.0774
    5615       1.1372
    5616       1.0366
    5617       0.9888
    5618       1.0190
    5619       0.9846
    5620       0.9683
    5621       0.9900
    5622       1.0841
    5623       0.9538
    5624       0.9976
    5625       1.0075
    5626       0.9353
    5627       0.9588
    5628       0.9941
    5629       0.9856
    5630       1.0414
    5631       1.1330
    5632       0.9863
    5633       0.9591
    5634       1.0575
    5635       0.9718
    5636       1.0287
    5637       0.9597
    5638       0.9944
    5639       1.0715
    5640       1.0480
    5641       0.9966
    5642       1.1533
    5643       1.1754
    5644       1.2513
    5645       1.2462
    5646       1.1281
    5647       1.1212
    5648       1.2212
    5649       1.1608
    5650       1.2651
    5651       1.1998
    5652       1.1938
    5653       1.2578
    5654       1.2416
    5655       1.2826
    5656       1.2025
    5657       1.0836
    5658       1.0877
    5659       1.1167
    5660       1.0867
    5661       1.1936
    5662       1.1910
    5663       1.1840
    5664       1.1000
    5665       0.9535
    5666       1.0067
    5667       1.0382
    5668       1.0387
    5669       1.0305
    5670       0.9873
    5671       0.9570
    5672       1.0016
    5673       0.9539
    5674       1.0758
    5675       1.0802
    5676       0.9796
    5677       1.0281
    5678       0.9940
    5679       1.0104
    5680       1.0814
    5681       1.0282
    5682       0.9987
    5683       0.9430
    5684       0.9838
    5685       1.1031
    5686       1.0757
    5687       1.0717
    5688       0.8710
    5689       1.0516
    5690       1.0558
    5691       1.0347
    5692       1.0400
    5693       0.9756
    5694       0.9081
    5695       0.9070
    5696       0.9874
    5697       1.1495
    5698       1.0658
    5699       1.1290
    5700       1.0631
    5701       1.0360
    5702       1.0070
    5703       1.0485
    5704       1.0129
    5705       1.0467
    5706       1.0531
    5707       0.9599
    5708       1.0169
    5709       1.0296
    5710       1.0248
    5711       0.9237
    5712       0.9326
    5713       0.9997
    5714       1.0125
    5715       0.9937
    5716       1.1140
    5717       1.0428
    5718       1.0499
    5719       1.0772
    5720       0.9299
    5721       0.8747
    5722       0.9134
    5723       0.9260
    5724       0.9120
    5725       0.9723
    5726       0.9883
    5727       0.8772
    5728       1.0238
    5729       1.0313
    5730       1.0064
    5731       1.0618
    5732       1.0176
    5733       0.9029
    5734       1.0091
    5735       1.0474
    5736       0.9842
    5737       1.0392
    5738       1.1435
    5739       1.1508
    5740       1.1238
    5741       1.0955
    5742       1.1243
    5743       0.9965
    5744       1.0672
    5745       1.0359
    5746       0.9922
    5747       1.0182
    5748       0.8961
    5749       0.9138
    5750       0.9643
    5751       0.9699
    5752       1.0569
    5753       1.0216
    5754       1.0483
    5755       1.1392
    5756       1.2769
    5757       1.0471
    5758       1.1402
    5759       1.1868
    5760       1.0390
    5761       1.0234
    5762       1.0938
    5763       1.0752
    5764       1.2264
    5765       1.2460
    5766       1.1277
    5767       1.1431
    5768       1.2688
    5769       1.4173
    5770       1.3049
    5771       1.2415
    5772       1.2972
    5773       1.3112
    5774       1.3566
    5775       1.4248
    5776       1.3258
    5777       1.2953
    5778       1.2930
    5779       1.1582
    5780       1.2355
    5781       1.2750
    5782       1.2192
    5783       1.3344
    5784       1.2220
    5785       1.3742
    5786       1.1939
    5787       1.2036
    5788       1.2249
    5789       1.2311
    5790       1.0720
    5791       0.9937
    5792       1.0440
    5793       1.1109
    5794       1.2698
    5795       1.1789
    5796       1.1391
    5797       1.1534
    5798       1.1569
    5799       1.0349
    5800       1.0737
    5801       1.0573
    5802       1.1257
    5803       1.1052
    5804       1.1495
    5805       0.9508
    5806       1.0094
    5807       1.0002
    5808       1.0261
    5809       0.9742
    5810       1.1146
    5811       1.2249
    5812       1.1249
    5813       1.0704
    5814       1.0290
    5815       1.1184
    5816       1.1133
    5817       1.0657
    5818       1.0593
    5819       1.1121
    5820       1.1310
    5821       0.9926
    5822       1.0338
    5823       1.0530
    5824       1.0199
    5825       1.0303
    5826       1.1506
    5827       1.0725
    5828       1.0842
    5829       1.1249
    5830       1.1367
    5831       1.0755
    5832       1.2459
    5833       1.2610
    5834       1.2704
    5835       1.2933
    5836       1.3656
    5837       1.1800
    5838       1.1227
    5839       1.2373
    5840       1.1143
    5841       1.0893
    5842       1.0334
    5843       1.2596
    5844       1.1915
    5845       1.2030
    5846       1.0673
    5847       1.0879
    5848       1.0788
    5849       1.0599
    5850       1.1687
    5851       1.1873
    5852       1.3524
    5853       1.3812
    5854       1.2251
    5855       1.2469
    5856       1.2851
    5857       1.3317
    5858       1.4435
    5859       1.3354
    5860       1.2920
    5861       1.1811
    5862       1.1663
    5863       1.0726
    5864       1.1289
    5865       1.1889
    5866       1.2296
    5867       1.0612
    5868       1.1759
    5869       1.2042
    5870       1.2390
    5871       1.1811
    5872       1.0843
    5873       0.9870
    5874       1.1832
    5875       1.1268
    5876       1.1265
    5877       1.0992
    5878       1.1099
    5879       1.1119
    5880       1.0276
    5881       1.1990
    5882       1.1762
    5883       1.0950
    5884       1.2671
    5885       1.3737
    5886       1.2742
    5887       1.1755
    5888       1.3596
    5889       1.3491
    5890       1.2355
    5891       1.2052
    5892       1.1845
    5893       1.2498
    5894       1.2708
    5895       1.1788
    5896       1.1433
    5897       1.1977
    5898       1.1058
    5899       1.1437
    5900       1.0490
    5901       1.1181
    5902       1.1195
    5903       1.1670
    5904       1.2030
    5905       1.1841
    5906       1.2956
    5907       1.2293
    5908       1.2962
    5909       1.3595
    5910       1.1370
    5911       1.0529
    5912       1.0105
    5913       1.0336
    5914       1.0353
    5915       1.0813
    5916       1.0800
    5917       1.0419
    5918       1.1181
    5919       1.1283
    5920       1.1363
    5921       1.2036
    5922       1.1606
    5923       1.0695
    5924       1.0833
    5925       1.0384
    5926       1.0143
    5927       0.9990
    5928       0.9739
    5929       0.9979
    5930       0.9704
    5931       0.9898
    5932       1.0272
    5933       1.0615
    5934       0.9893
    5935       1.0496
    5936       1.1537
    5937       1.1698
    5938       1.0978
    5939       1.0700
    5940       1.0293
    5941       1.0203
    5942       1.0523
    5943       0.9775
    5944       1.0613
    5945       1.1146
    5946       1.0926
    5947       1.1132
    5948       1.1891
    5949       1.1134
    5950       1.0040
    5951       0.9598
    5952       0.9089
    5953       0.9516
    5954       1.0113
    5955       1.0661
    5956       1.0708
    5957       0.9838
    5958       1.0805
    5959       1.2307
    5960       1.1355
    5961       1.0826
    5962       1.1001
    5963       1.0925
    5964       1.1456
    5965       1.2692
    5966       1.2608
    5967       1.1479
    5968       1.2465
    5969       1.1637
    5970       1.1705
    5971       1.2109
    5972       1.0802
    5973       1.1194
    5974       1.0788
    5975       1.1727
    5976       1.2518
    5977       1.3875
    5978       1.3487
    5979       1.3584
    5980       1.2856
    5981       1.2561
    5982       1.3551
    5983       1.2497
    5984       1.1866
    5985       1.3417
    5986       1.1831
    5987       1.1126
    5988       1.1347
    5989       1.0636
    5990       0.9532
    5991       1.0602
    5992       1.1518
    5993       1.0660
    5994       1.0603
    5995       0.9614
    5996       1.0907
    5997       1.0456
    5998       1.1903
    5999       0.9904
    6000       0.8666
    6001       1.0255
    6002       1.0976
    6003       1.0637
    6004       0.9864
    6005       0.9919
    6006       0.9152
    6007       0.9156
    6008       1.0455
    6009       1.1785
    6010       1.1055
    6011       1.1066
    6012       1.1441
    6013       1.3864
    6014       1.3132
    6015       1.3245
    6016       1.2288
    6017       1.2167
    6018       1.1473
    6019       1.0871
    6020       1.0378
    6021       1.2005
    6022       1.1160
    6023       1.1070
    6024       1.1077
    6025       1.0902
    6026       1.2288
    6027       1.3992
    6028       1.4394
    6029       1.4538
    6030       1.5124
    6031       1.4987
    6032       1.4797
    6033       1.2305
    6034       1.4107
    6035       1.3577
    6036       1.2053
    6037       1.3263
    6038       1.3032
    6039       1.3583
    6040       1.3949
    6041       1.3874
    6042       1.4852
    6043       1.3675
    6044       1.2726
    6045       1.2529
    6046       1.3552
    6047       1.3315
    6048       1.2775
    6049       1.3050
    6050       1.2884
    6051       1.2682
    6052       1.4026
    6053       1.3135
    6054       1.2776
    6055       1.1651
    6056       1.2196
    6057       1.3979
    6058       1.3354
    6059       1.3112
    6060       1.2697
    6061       1.1692
    6062       1.1155
    6063       1.0818
    6064       1.1694
    6065       1.0179
    6066       0.9902
    6067       1.1764
    6068       1.1930
    6069       1.1251
    6070       0.9812
    6071       1.0440
    6072       1.0851
    6073       1.1539
    6074       1.2321
    6075       1.2344
    6076       1.3336
    6077       1.1910
    6078       1.2241
    6079       1.1773
    6080       1.1302
    6081       1.2206
    6082       1.1999
    6083       1.2982
    6084       1.2089
    6085       1.1722
    6086       1.2659
    6087       1.2190
    6088       1.1537
    6089       1.1384
    6090       1.1182
    6091       1.2080
    6092       1.2411
    6093       1.1982
    6094       1.0913
    6095       1.0784
    6096       1.1969
    6097       1.1319
    6098       1.2069
    6099       1.1957
    6100       1.1158
    6101       1.1933
    6102       1.1390
    6103       1.1605
    6104       1.0991
    6105       1.0975
    6106       1.0694
    6107       0.9703
    6108       0.9461
    6109       1.0107
    6110       1.0273
    6111       1.0235
    6112       0.9312
    6113       0.9856
    6114       1.0799
    6115       1.0345
    6116       1.1650
    6117       1.0869
    6118       1.0468
    6119       1.0145
    6120       1.0640
    6121       0.9814
    6122       0.8503
    6123       0.8991
    6124       1.1654
    6125       1.0780
    6126       1.1799
    6127       1.2837
    6128       1.1919
    6129       1.2131
    6130       0.9607
    6131       0.9548
    6132       0.9548
    6133       1.1185
    6134       0.9594
    6135       1.0843
    6136       1.0793
    6137       1.1174
    6138       1.1482
    6139       1.2314
    6140       1.2146
    6141       1.1701
    6142       1.1106
    6143       1.1678
    6144       1.3015
    6145       1.3869
    6146       1.2791
    6147       1.1967
    6148       1.3560
    6149       1.4168
    6150       1.4162
    6151       1.4352
    6152       1.3354
    6153       1.5177
    6154       1.3868
    6155       1.3616
    6156       1.2307
    6157       1.4327
    6158       1.3983
    6159       1.1622
    6160       1.1629
    6161       1.3864
    6162       1.0600
    6163       0.9602
    6164       0.9276
    6165       1.0280
    6166       1.0031
    6167       0.8753
    6168       1.0268
    6169       1.0840
    6170       0.9070
    6171       0.9343
    6172       1.0294
    6173       1.0740
    6174       0.9441
    6175       0.9977
    6176       1.0453
    6177       0.9967
    6178       0.9555
    6179       0.8793
    6180       0.9162
    6181       0.8743
    6182       0.9832
    6183       0.8662
    6184       0.8287
    6185       0.7931
    6186       0.9735
    6187       0.9245
    6188       0.9641
    6189       0.9466
    6190       0.8980
    6191       1.0534
    6192       0.9606
    6193       0.8649
    6194       0.9220
    6195       0.8945
    6196       0.9818
    6197       1.0527
    6198       1.1461
    6199       1.1975
    6200       1.2437
    6201       1.2281
    6202       1.3617
    6203       1.3427
    6204       1.4003
    6205       1.3897
    6206       1.6072
    6207       1.4022
    6208       1.1630
    6209       1.2921
    6210       1.3087
    6211       1.1993
    6212       1.0919
    6213       1.2429
    6214       1.2061
    6215       1.1915
    6216       1.2565
    6217       1.2691
    6218       1.3993
    6219       1.3525
    6220       1.2224
    6221       1.2103
    6222       1.2269
    6223       1.2809
    6224       1.2688
    6225       1.2284
    6226       1.2259
    6227       1.1505
    6228       1.1320
    6229       0.9654
    6230       1.1778
    6231       1.0755
    6232       1.0831
    6233       1.0497
    6234       0.9592
    6235       0.9166
    6236       0.9646
    6237       0.9134
    6238       0.9189
    6239       0.9977
    6240       1.0311
    6241       1.0768
    6242       1.1371
    6243       1.1299
    6244       1.3001
    6245       1.0768
    6246       1.1040
    6247       1.0264
    6248       0.9211
    6249       1.0969
    6250       1.0766
    6251       1.0269
    6252       1.0430
    6253       1.0588
    6254       1.0804
    6255       1.0565
    6256       0.8931
    6257       1.0736
    6258       1.1138
    6259       1.0972
    6260       1.1112
    6261       1.0688
    6262       0.9683
    6263       1.0500
    6264       0.9860
    6265       0.9519
    6266       0.9960
    6267       0.9451
    6268       0.9413
    6269       0.8796
    6270       0.9450
    6271       1.0309
    6272       0.9756
    6273       0.9784
    6274       0.9766
    6275       0.9469
    6276       1.0887
    6277       1.1805
    6278       1.0441
    6279       1.0724
    6280       1.0704
    6281       1.0643
    6282       1.1271
    6283       1.2144
    6284       1.1160
    6285       1.0022
    6286       0.9222
    6287       0.9038
    6288       0.8661
    6289       0.9178
    6290       0.9436
    6291       0.9456
    6292       1.0285
    6293       1.0579
    6294       1.0622
    6295       1.0299
    6296       1.0772
    6297       1.0287
    6298       1.1984
    6299       1.1448
    6300       1.1428
    6301       1.0712
    6302       1.0748
    6303       0.9100
    6304       0.9533
    6305       1.0963
    6306       1.1995
    6307       1.1551
    6308       1.1261
    6309       1.2672
    6310       1.0517
    6311       1.0133
    6312       1.1299
    6313       1.3027
    6314       1.2902
    6315       1.0354
    6316       1.1499
    6317       1.2593
    6318       1.1151
    6319       1.2317
    6320       1.3135
    6321       1.2450
    6322       1.3370
    6323       1.2923
    6324       1.3576
    6325       1.2887
    6326       1.1998
    6327       1.2936
    6328       1.1790
    6329       1.0676
    6330       0.9073
    6331       0.9986
    6332       1.0227
    6333       1.0762
    6334       1.1352
    6335       1.0344
    6336       0.9217
    6337       0.9702
    6338       1.0394
    6339       1.1437
    6340       1.0586
    6341       1.1087
    6342       1.1189
    6343       0.9300
    6344       0.9694
    6345       0.9883
    6346       1.0742
    6347       1.0350
    6348       1.0278
    6349       0.9767
    6350       0.9885
    6351       1.0005
    6352       1.2252
    6353       1.0694
    6354       1.0483
    6355       1.0568
    6356       1.1119
    6357       1.0308
    6358       0.9239
    6359       0.9671
    6360       0.9005
    6361       0.9414
    6362       1.0215
    6363       1.0063
    6364       1.0583
    6365       1.0451
    6366       1.0712
    6367       0.9509
    6368       0.9320
    6369       1.0044
    6370       0.9894
    6371       0.9166
    6372       1.0672
    6373       1.1180
    6374       1.0449
    6375       0.9815
    6376       1.0156
    6377       1.0760
    6378       0.9922
    6379       0.9012
    6380       0.8767
    6381       0.8983
    6382       0.9721
    6383       0.9357
    6384       1.0117
    6385       0.9372
    6386       0.9274
    6387       0.8717
    6388       0.9211
    6389       0.9949
    6390       0.9340
    6391       0.9199
    6392       0.9443
    6393       0.8471
    6394       0.9167
    6395       0.8575
    6396       0.9246
    6397       0.8498
    6398       1.0320
    6399       1.0580
    6400       1.1641
    6401       1.1025
    6402       1.1798
    6403       1.1031
    6404       0.9636
    6405       1.0765
    6406       1.0311
    6407       1.1049
    6408       1.2259
    6409       1.0340
    6410       1.3357
    6411       1.1747
    6412       1.1615
    6413       1.0670
    6414       1.0995
    6415       1.2551
    6416       1.2099
    6417       1.3277
    6418       1.1126
    6419       1.1440
    6420       1.0367
    6421       1.1591
    6422       1.0275
    6423       1.0267
    6424       0.9532
    6425       0.8254
    6426       1.0372
    6427       1.1392
    6428       1.1493
    6429       1.1430
    6430       1.1597
    6431       1.1370
    6432       1.0541
    6433       1.0970
    6434       1.0804
    6435       1.1093
    6436       1.1374
    6437       1.1507
    6438       1.0835
    6439       1.1476
    6440       1.0349
    6441       1.1293
    6442       1.1292
    6443       0.9861
    6444       1.0007
    6445       0.9404
    6446       1.0849
    6447       1.0386
    6448       1.1563
    6449       1.0392
    6450       1.0856
    6451       1.0611
    6452       1.1085
    6453       1.0480
    6454       1.0544
    6455       1.0576
    6456       0.8523
    6457       0.8951
    6458       0.8834
    6459       1.0433
    6460       0.9467
    6461       1.0943
    6462       1.2536
    6463       1.1753
    6464       1.3139
    6465       1.2917
    6466       1.3804
    6467       1.3010
    6468       1.2911
    6469       1.3033
    6470       1.2146
    6471       1.2717
    6472       1.2436
    6473       1.2719
    6474       1.3939
    6475       1.3800
    6476       1.1293
    6477       1.3647
    6478       1.2848
    6479       1.3114
    6480       1.4840
    6481       1.5122
    6482       1.4733
    6483       1.3835
    6484       1.4214
    6485       1.4722
    6486       1.2710
    6487       1.3025
    6488       1.3611
    6489       1.4603
    6490       1.3962
    6491       1.4375
    6492       1.5584
    6493       1.5988
    6494       1.6392
    6495       1.4540
    6496       1.5467
    6497       1.5929
    6498       1.4825
    6499       1.4289
    6500       1.3508
    6501       1.4289
    6502       1.4589
    6503       1.3843
    6504       1.5051
    6505       1.4937
    6506       1.4785
    6507       1.5475
    6508       1.4657
    6509       1.3562
    6510       1.4088
    6511       1.4493
    6512       1.3784
    6513       1.4997
    6514       1.5439
    6515       1.4550
    6516       1.4186
    6517       1.4154
    6518       1.4791
    6519       1.3999
    6520       1.4422
    6521       1.4571
    6522       1.5950
    6523       1.7221
    6524       1.5298
    6525       1.4577
    6526       1.4893
    6527       1.4822
    6528       1.7257
    6529       1.7232
    6530       1.6900
    6531       1.6480
    6532       1.7089
    6533       1.6187
    6534       1.6678
    6535       1.7628
    6536       1.6951
    6537       1.6857
    6538       1.6351
    6539       1.6107
    6540       1.7048
    6541       1.7387
    6542       1.7370
    6543       1.5674
    6544       1.6531
    6545       1.5883
    6546       1.5613
    6547       1.4097
    6548       1.5194
    6549       1.4997
    6550       1.4584
    6551       1.5835
    6552       1.5025
    6553       1.4661
    6554       1.5123
    6555       1.5388
    6556       1.6332
    6557       1.6014
    6558       1.5250
    6559       1.5611
    6560       1.6366
    6561       1.4920
    6562       1.5254
    6563       1.5263
    6564       1.4225
    6565       1.5371
    6566       1.5858
    6567       1.6473
    6568       1.7240
    6569       1.7537
    6570       1.7309
    6571       1.7242
    6572       1.7826
    6573       1.8566
    6574       1.8778
    6575       1.8471
    6576       1.8042
    6577       1.7472
    6578       1.7141
    6579       1.6127
    6580       1.6388
    6581       1.8057
    6582       1.7030
    6583       1.6869
    6584       1.6928
    6585       1.6174
    6586       1.7094
    6587       1.7787
    6588       1.6284
    6589       1.6604
    6590       1.7680
    6591       1.7497
    6592       1.7297
    6593       1.6052
    6594       1.5598
    6595       1.6015
    6596       1.5962
    6597       1.5359
    6598       1.5939
    6599       1.8237
    6600       1.7897
    6601       1.7043
    6602       1.6185
    6603       1.6457
    6604       1.6998
    6605       1.5300
    6606       1.4915
    6607       1.5749
    6608       1.4060
    6609       1.5794
    6610       1.6326
    6611       1.5895
    6612       1.5806
    6613       1.6218
    6614       1.5079
    6615       1.5590
    6616       1.4588
    6617       1.4405
    6618       1.4660
    6619       1.5679
    6620       1.4052
    6621       1.4232
    6622       1.5700
    6623       1.4836
    6624       1.4597
    6625       1.3922
    6626       1.4624
    6627       1.5734
    6628       1.5251
    6629       1.5184
    6630       1.5383
    6631       1.5547
    6632       1.5430
    6633       1.5088
    6634       1.5952
    6635       1.6148
    6636       1.5579
    6637       1.5353
    6638       1.6297
    6639       1.5514
    6640       1.6293
    6641       1.5392
    6642       1.5302
    6643       1.5845
    6644       1.4913
    6645       1.3393
    6646       1.4812
    6647       1.4504
    6648       1.4715
    6649       1.3903
    6650       1.2544
    6651       1.2805
    6652       1.3443
    6653       1.4434
    6654       1.4715
    6655       1.5840
    6656       1.4723
    6657       1.4801
    6658       1.5085
    6659       1.6131
    6660       1.4806
    6661       1.5197
    6662       1.5641
    6663       1.4845
    6664       1.4504
    6665       1.2396
    6666       1.3435
    6667       1.4778
    6668       1.5067
    6669       1.4203
    6670       1.5431
    6671       1.4580
    6672       1.3826
    6673       1.3957
    6674       1.3526
    6675       1.2636
    6676       1.3085
    6677       1.4714
    6678       1.5078
    6679       1.5666
    6680       1.4745
    6681       1.3818
    6682       1.5624
    6683       1.4917
    6684       1.4833
    6685       1.4245
    6686       1.3006
    6687       1.3106
    6688       1.1977
    6689       1.2011
    6690       1.4084
    6691       1.3146
    6692       1.2979
    6693       1.2710
    6694       1.3662
    6695       1.3108
    6696       1.3743
    6697       1.3821
    6698       1.4387
    6699       1.2710
    6700       1.2815
    6701       1.2349
    6702       1.3910
    6703       1.3041
    6704       1.2035
    6705       1.2206
    6706       1.3597
    6707       1.3843
    6708       1.4314
    6709       1.3232
    6710       1.4076
    6711       1.3111
    6712       1.2970
    6713       1.3387
    6714       1.3272
    6715       1.2583
    6716       1.3763
    6717       1.3575
    6718       1.3152
    6719       1.1949
    6720       1.2521
    6721       1.2690
    6722       1.4065
    6723       1.3462
    6724       1.1850
    6725       1.2073
    6726       1.1815
    6727       1.3951
    6728       1.3401
    6729       1.3611
    6730       1.4419
    6731       1.4375
    6732       1.5289
    6733       1.5486
    6734       1.4296
    6735       1.5957
    6736       1.6239
    6737       1.6365
    6738       1.5224
    6739       1.4122
    6740       1.5372
    6741       1.4028
    6742       1.4338
    6743       1.4588
    6744       1.4692
    6745       1.3765
    6746       1.4595
    6747       1.3820
    6748       1.3885
    6749       1.3318
    6750       1.4047
    6751       1.4220
    6752       1.3814
    6753       1.4164
    6754       1.3593
    6755       1.3444
    6756       1.2564
    6757       1.2458
    6758       1.3135
    6759       1.2465
    6760       1.2385
    6761       1.2834
    6762       1.5791
    6763       1.4530
    6764       1.4385
    6765       1.4432
    6766       1.3420
    6767       1.3249
    6768       1.2708
    6769       1.2710
    6770       1.1949
    6771       1.3138
    6772       1.3470
    6773       1.3253
    6774       1.3212
    6775       1.1950
    6776       1.3950
    6777       1.3808
    6778       1.3647
    6779       1.5018
    6780       1.2592
    6781       1.3871
    6782       1.3633
    6783       1.4459
    6784       1.4090
    6785       1.4034
    6786       1.2023
    6787       1.4200
    6788       1.2760
    6789       1.2488
    6790       1.2629
    6791       1.3396
    6792       1.3995
    6793       1.2957
    6794       1.3656
    6795       1.2345
    6796       1.1839
    6797       1.2483
    6798       1.1452
    6799       1.1596
    6800       1.2189
    6801       1.2663
    6802       1.3297
    6803       1.2856
    6804       1.2663
    6805       1.2329
    6806       1.3016
    6807       1.2580
    6808       1.4104
    6809       1.3492
    6810       1.2628
    6811       1.3139
    6812       1.4391
    6813       1.2593
    6814       1.2236
    6815       1.2792
    6816       1.1977
    6817       1.1485
    6818       1.2598
    6819       1.4063
    6820       1.3591
    6821       1.2736
    6822       1.2024
    6823       1.2069
    6824       1.1868
    6825       1.2411
    6826       1.2561
    6827       1.4166
    6828       1.3155
    6829       1.3918
    6830       1.3390
    6831       1.3477
    6832       1.3773
    6833       1.2825
    6834       1.1996
    6835       1.2524
    6836       1.1787
    6837       1.2839
    6838       1.2248
    6839       1.2622
    6840       1.2806
    6841       1.3409
    6842       1.3233
    6843       1.3743
    6844       1.2552
    6845       1.3349
    6846       1.2083
    6847       1.2625
    6848       1.3267
    6849       1.3490
    6850       1.3562
    6851       1.2867
    6852       1.2438
    6853       1.3221
    6854       1.1956
    6855       1.1797
    6856       1.2458
    6857       1.2586
    6858       1.3592
    6859       1.3805
    6860       1.4506
    6861       1.3434
    6862       1.3424
    6863       1.2918
    6864       1.4319
    6865       1.2990
    6866       1.2152
    6867       1.1130
    6868       1.2060
    6869       1.2610
    6870       1.2935
    6871       1.3513
    6872       1.2540
    6873       1.2555
    6874       1.2206
    6875       1.1273
    6876       1.3148
    6877       1.2309
    6878       1.1670
    6879       1.1863
    6880       1.1875
    6881       1.2943
    6882       1.2499
    6883       1.2185
    6884       1.2370
    6885       1.1731
    6886       1.2210
    6887       1.1504
    6888       1.1992
    6889       1.3141
    6890       1.2552
    6891       1.3509
    6892       1.4218
    6893       1.4045
    6894       1.4279
    6895       1.4240
    6896       1.3954
    6897       1.3663
    6898       1.3467
    6899       1.3055
    6900       1.3262
    6901       1.3014
    6902       1.3217
    6903       1.3231
    6904       1.4618
    6905       1.4025
    6906       1.2161
    6907       1.1641
    6908       1.1487
    6909       1.1479
    6910       1.2404
    6911       1.1211
    6912       1.1748
    6913       1.1968
    6914       1.2914
    6915       1.3223
    6916       1.3515
    6917       1.2335
    6918       1.2960
    6919       1.3430
    6920       1.3052
    6921       1.2814
    6922       1.2050
    6923       1.3134
    6924       1.1386
    6925       1.0850
    6926       1.2872
    6927       1.4141
    6928       1.2673
    6929       1.2829
    6930       1.2072
    6931       1.1264
    6932       1.0921
    6933       1.0650
    6934       1.0086
    6935       1.0669
    6936       1.0944
    6937       1.0109
    6938       1.0610
    6939       1.1419
    6940       1.0009
    6941       0.8341
    6942       0.8831
    6943       0.9694
    6944       1.0333
    6945       0.8844
    6946       0.8649
    6947       0.8763
    6948       0.8730
    6949       0.8573
    6950       0.8165
    6951       0.8068
    6952       0.8861
    6953       0.9107
    6954       0.8505
    6955       0.9209
    6956       0.8567
    6957       0.9034
    6958       0.8671
    6959       0.8573
    6960       0.9405
    6961       0.9409
    6962       0.8975
    6963       0.8214
    6964       0.9326
    6965       0.9658
    6966       0.9222
    6967       0.8589
    6968       0.9226
    6969       1.0349
    6970       0.9392
    6971       0.9316
    6972       0.8676
    6973       1.0130
    6974       0.8520
    6975       0.8024
    6976       0.8289
    6977       0.8303
    6978       1.0113
    6979       1.0066
    6980       1.0208
    6981       0.9925
    6982       0.9925
    6983       1.0956
    6984       0.9584
    6985       0.9320
    6986       0.9408
    6987       1.0307
    6988       1.0522
    6989       0.9986
    6990       1.0452
    6991       0.9791
    6992       1.0869
    6993       1.0654
    6994       1.0602
    6995       1.0922
    6996       1.0562
    6997       1.1057
    6998       1.0647
    6999       1.0719
    7000       0.9949
    7001       0.9776
    7002       0.9515
    7003       1.0323
    7004       0.9334
    7005       1.1243
    7006       1.0714
    7007       0.9122
    7008       0.9980
    7009       0.8964
    7010       1.0950
    7011       0.9525
    7012       1.0407
    7013       0.9943
    7014       1.0780
    7015       1.0990
    7016       1.0721
    7017       1.0048
    7018       1.0553
    7019       1.1886
    7020       1.2011
    7021       1.1541
    7022       1.0022
    7023       0.8976
    7024       0.9545
    7025       0.9276
    7026       1.1743
    7027       1.0809
    7028       1.0520
    7029       1.1399
    7030       1.0577
    7031       0.9223
    7032       0.9100
    7033       0.9142
    7034       0.8404
    7035       0.9185
    7036       0.9252
    7037       0.8845
    7038       0.8740
    7039       0.7739
    7040       0.9608
    7041       1.0363
    7042       0.9784
    7043       0.8842
    7044       0.8501
    7045       0.8958
    7046       0.8567
    7047       0.8195
    7048       0.8721
    7049       0.9525
    7050       1.0124
    7051       0.9740
    7052       0.8905
    7053       0.8823
    7054       1.0103
    7055       0.9882
    7056       0.9570
    7057       0.9567
    7058       1.0641
    7059       1.0990
    7060       0.9949
    7061       1.0810
    7062       1.1237
    7063       1.0475
    7064       1.1214
    7065       1.1132
    7066       1.0215
    7067       0.9545
    7068       0.9659
    7069       0.9983
    7070       1.1122
    7071       1.0731
    7072       1.1195
    7073       1.0621
    7074       1.1059
    7075       1.1438
    7076       1.0701
    7077       1.0786
    7078       1.1233
    7079       1.0071
    7080       0.9843
    7081       1.1339
    7082       1.2854
    7083       1.2937
    7084       1.2252
    7085       1.3029
    7086       1.2317
    7087       1.0282
    7088       1.1444
    7089       1.0889
    7090       1.1512
    7091       1.0636
    7092       0.9797
    7093       1.0470
    7094       1.0076
    7095       1.0221
    7096       1.0943
    7097       1.1813
    7098       1.1741
    7099       1.1178
    7100       1.2153
    7101       1.0906
    7102       1.0648
    7103       1.0212
    7104       0.9799
    7105       1.1088
    7106       0.9931
    7107       0.8759
    7108       0.9227
    7109       1.0314
    7110       1.0261
    7111       1.0655
    7112       1.1107
    7113       1.0704
    7114       1.2104
    7115       1.2125
    7116       1.1430
    7117       1.1033
    7118       1.1235
    7119       1.0940
    7120       1.1427
    7121       1.1261
    7122       1.3593
    7123       1.1322
    7124       1.1157
    7125       1.0302
    7126       1.1516
    7127       1.0124
    7128       1.1667
    7129       0.9301
    7130       1.0453
    7131       0.9547
    7132       0.8804
    7133       0.8723
    7134       0.9520
    7135       0.8692
    7136       0.9833
    7137       0.9955
    7138       0.9800
    7139       1.0055
    7140       1.0079
    7141       1.0676
    7142       1.0057
    7143       1.1789
    7144       1.3731
    7145       1.2759
    7146       1.1928
    7147       1.1476
    7148       1.0934
    7149       1.1814
    7150       1.2515
    7151       1.2397
    7152       1.3498
    7153       1.2981
    7154       1.1925
    7155       1.1747
    7156       1.1352
    7157       0.9971
    7158       1.1215
    7159       1.2470
    7160       1.2034
    7161       1.2242
    7162       1.1950
    7163       1.2596
    7164       1.3699
    7165       1.3543
    7166       1.3132
    7167       1.1934
    7168       1.2743
    7169       1.2752
    7170       1.0920
    7171       1.0760
    7172       0.8678
    7173       1.0085
    7174       0.9936
    7175       0.9426
    7176       0.9315
    7177       1.0939
    7178       1.0199
    7179       0.9602
    7180       1.0093
    7181       1.0395
    7182       1.0930
    7183       1.1808
    7184       1.0553
    7185       1.0358
    7186       1.0026
    7187       1.0179
    7188       1.0842
    7189       1.1221
    7190       0.9604
    7191       1.1447
    7192       1.1459
    7193       1.2217
    7194       1.0878
    7195       0.9797
    7196       1.0971
    7197       1.0521
    7198       0.9584
    7199       1.1107
    7200       1.1727
    7201       1.1643
    7202       1.1763
    7203       1.2243
    7204       1.2625
    7205       1.3627
    7206       1.3961
    7207       1.2444
    7208       1.1656
    7209       1.1774
    7210       1.2826
    7211       1.1989
    7212       1.1677
    7213       1.1520
    7214       1.1888
    7215       1.1377
    7216       1.2696
    7217       1.0791
    7218       1.0308
    7219       1.0957
    7220       1.1441
    7221       1.0291
    7222       1.0100
    7223       0.9083
    7224       0.9268
    7225       1.2290
    7226       1.0311
    7227       1.0051
    7228       1.0116
    7229       0.9473
    7230       0.9234
    7231       0.9704
    7232       1.0770
    7233       0.9041
    7234       1.0137
    7235       0.9470
    7236       0.9362
    7237       0.8970
    7238       1.0044
    7239       0.9459
    7240       0.9285
    7241       0.9909
    7242       1.0428
    7243       1.0221
    7244       0.9811
    7245       1.0393
    7246       1.0837
    7247       0.9864
    7248       0.9493
    7249       0.9882
    7250       1.0598
    7251       0.9890
    7252       0.9619
    7253       0.9952
    7254       1.0738
    7255       1.0939
    7256       1.0778
    7257       1.1022
    7258       1.0272
    7259       1.0219
    7260       1.1523
    7261       1.1283
    7262       1.0310
    7263       1.0042
    7264       1.1023
    7265       1.0550
    7266       1.0710
    7267       1.1509
    7268       1.0929
    7269       1.1049
    7270       0.9975
    7271       1.1822
    7272       1.2026
    7273       1.0684
    7274       1.1012
    7275       1.0312
    7276       1.1155
    7277       1.0465
    7278       1.1277
    7279       1.1497
    7280       1.0847
    7281       1.0450
    7282       0.9428
    7283       1.0704
    7284       1.0680
    7285       1.1018
    7286       1.1695
    7287       1.1366
    7288       1.0240
    7289       1.0928
    7290       1.0133
    7291       1.0058
    7292       1.2761
    7293       1.2534
    7294       1.1864
    7295       1.2270
    7296       1.2060
    7297       1.1036
    7298       1.0876
    7299       1.2008
    7300       1.1476
    7301       1.1295
    7302       1.2622
    7303       1.1274
    7304       1.2036
    7305       1.2408
    7306       1.2063
    7307       1.2730
    7308       1.3623
    7309       1.3187
    7310       1.2712
    7311       1.3188
    7312       1.3327
    7313       1.0943
    7314       1.1589
    7315       1.0701
    7316       0.9762
    7317       0.9934
    7318       0.9400
    7319       0.9328
    7320       0.8682
    7321       0.9964
    7322       0.9868
    7323       1.0806
    7324       0.9862
    7325       0.9872
    7326       0.9726
    7327       0.9415
    7328       0.9594
    7329       0.9563
    7330       0.9158
    7331       0.9948
    7332       0.9834
    7333       0.8944
    7334       0.9602
    7335       1.0338
    7336       1.0673
    7337       0.9868
    7338       1.0204
    7339       1.0455
    7340       1.1332
    7341       1.1695
    7342       1.0687
    7343       1.0874
    7344       1.1166
    7345       1.0011
    7346       1.0132
    7347       0.9528
    7348       0.9559
    7349       0.9594
    7350       1.0844
    7351       1.1216
    7352       1.0687
    7353       1.0632
    7354       1.1185
    7355       0.9614
    7356       1.0544
    7357       1.0462
    7358       1.0910
    7359       0.9778
    7360       1.1093
    7361       1.0093
    7362       1.1270
    7363       1.0472
    7364       0.8882
    7365       0.9961
    7366       0.9296
    7367       0.9521
    7368       0.9716
    7369       0.9947
    7370       1.0042
    7371       0.9667
    7372       1.0222
    7373       1.0424
    7374       1.0643
    7375       0.9996
    7376       1.0671
    7377       1.0772
    7378       1.0576
    7379       1.0346
    7380       1.0320
    7381       1.0407
    7382       1.1097
    7383       0.9889
    7384       1.0527
    7385       1.0094
    7386       0.9816
    7387       0.9290
    7388       0.9038
    7389       0.8787
    7390       0.7948
    7391       0.9431
    7392       0.9301
    7393       0.9776
    7394       0.9332
    7395       1.0693
    7396       1.0426
    7397       1.0729
    7398       1.0609
    7399       1.1447
    7400       1.1098
    7401       1.0731
    7402       1.2622
    7403       1.2238
    7404       1.2314
    7405       1.1745
    7406       1.0495
    7407       1.0612
    7408       0.9602
    7409       0.9950
    7410       1.2404
    7411       1.1054
    7412       1.0802
    7413       1.0921
    7414       0.8944
    7415       1.0639
    7416       1.1302
    7417       1.2338
    7418       1.2094
    7419       1.1597
    7420       1.0640
    7421       1.1711
    7422       1.0439
    7423       1.0133
    7424       1.0356
    7425       0.9893
    7426       0.9666
    7427       0.9576
    7428       1.0880
    7429       0.8800
    7430       0.9188
    7431       1.0109
    7432       0.9001
    7433       1.0544
    7434       1.0637
    7435       1.0631
    7436       0.9290
    7437       1.1086
    7438       1.1581
    7439       0.9595
    7440       0.8800
    7441       0.8584
    7442       0.9680
    7443       0.9763
    7444       0.9148
    7445       0.8868
    7446       0.9381
    7447       1.0022
    7448       0.9918
    7449       1.0505
    7450       1.0539
    7451       0.9218
    7452       0.9867
    7453       0.9891
    7454       0.9783
    7455       0.8739
    7456       1.0128
    7457       0.9556
    7458       0.9124
    7459       0.9004
    7460       0.8924
    7461       0.9324
    7462       0.9589
    7463       0.8921
    7464       1.0160
    7465       1.1166
    7466       0.9930
    7467       0.9439
    7468       0.9799
    7469       0.9739
    7470       1.0117
    7471       0.9780
    7472       0.9382
    7473       0.9653
    7474       1.1122
    7475       0.9483
    7476       1.0235
    7477       1.1087
    7478       1.0514
    7479       1.0562
    7480       1.0136
    7481       1.0643
    7482       1.0415
    7483       1.0285
    7484       0.9706
    7485       1.0160
    7486       0.8911
    7487       0.7904
    7488       0.8488
    7489       0.9756
    7490       0.9714
    7491       0.8873
    7492       0.8693
    7493       0.7484
    7494       0.9749
    7495       1.0024
    7496       0.9121
    7497       0.9352
    7498       0.9647
    7499       0.9538
    7500       0.9250
    7501       0.9265
    7502       0.8807
    7503       0.9454
    7504       0.9680
    7505       0.9241
    7506       0.8891
    7507       1.0008
    7508       1.0108
    7509       1.0372
    7510       1.0965
    7511       1.1153
    7512       1.0705
    7513       1.0257
    7514       1.0579
    7515       1.0363
    7516       1.1431
    7517       1.0442
    7518       0.9923
    7519       0.9426
    7520       1.0242
    7521       1.0700
    7522       1.0631
    7523       1.1840
    7524       1.0907
    7525       1.1109
    7526       1.1055
    7527       1.0768
    7528       1.0897
    7529       1.1589
    7530       1.2222
    7531       1.2126
    7532       1.0797
    7533       1.1054
    7534       1.0888
    7535       1.0213
    7536       1.1027
    7537       1.0566
    7538       1.0148
    7539       1.1669
    7540       1.0762
    7541       1.0262
    7542       0.9335
    7543       0.8635
    7544       0.9901
    7545       1.0469
    7546       1.0163
    7547       1.0344
    7548       0.9671
    7549       0.9640
    7550       1.1449
    7551       1.0454
    7552       0.9590
    7553       0.9419
    7554       0.9405
    7555       0.9059
    7556       0.8434
    7557       0.8356
    7558       0.9180
    7559       0.8907
    7560       0.9621
    7561       0.9658
    7562       0.9008
    7563       0.9256
    7564       0.9903
    7565       1.0387
    7566       1.0236
    7567       0.9434
    7568       0.9219
    7569       1.0015
    7570       0.9611
    7571       0.8444
    7572       0.8788
    7573       0.8582
    7574       0.9028
    7575       0.9226
    7576       0.9163
    7577       0.8900
    7578       0.9651
    7579       0.9360
    7580       0.9304
    7581       0.9057
    7582       0.9640
    7583       1.0633
    7584       1.0004
    7585       1.0659
    7586       0.9488
    7587       1.0544
    7588       1.0966
    7589       0.9156
    7590       0.8857
    7591       0.9023
    7592       0.9691
    7593       0.9612
    7594       0.8774
    7595       0.9100
    7596       0.9140
    7597       0.9394
    7598       0.8975
    7599       0.8529
    7600       0.9170
    7601       0.9158
    7602       0.8893
    7603       0.8872
    7604       0.8413
    7605       0.8021
    7606       0.8645
    7607       0.9773
    7608       0.9456
    7609       0.8270
    7610       0.8930
    7611       0.9489
    7612       0.9726
    7613       0.9272
    7614       0.9526
    7615       0.9775
    7616       0.9377
    7617       1.0696
    7618       0.9182
    7619       1.0498
    7620       0.8717
    7621       0.8846
    7622       0.9802
    7623       0.8495
    7624       0.8527
    7625       0.9252
    7626       0.8470
    7627       0.9283
    7628       0.9085
    7629       0.8452
    7630       0.9986
    7631       0.7752
    7632       0.9218
    7633       0.9904
    7634       0.8893
    7635       0.8877
    7636       1.0181
    7637       1.0038
    7638       0.8853
    7639       0.8630
    7640       0.9328
    7641       1.0225
    7642       1.1343
    7643       1.1024
    7644       0.9519
    7645       0.9309
    7646       0.8987
    7647       0.9950
    7648       0.9360
    7649       0.8786
    7650       0.9032
    7651       0.9579
    7652       0.9486
    7653       0.9668
    7654       0.9450
    7655       0.9000
    7656       1.0198
    7657       0.9481
    7658       0.9277
    7659       0.8639
    7660       1.0498
    7661       1.1082
    7662       0.9112
    7663       0.9984
    7664       0.9411
    7665       0.9528
    7666       0.9831
    7667       1.0378
    7668       0.9899
    7669       0.8917
    7670       1.0492
    7671       0.9876
    7672       0.9506
    7673       0.8984
    7674       0.9714
    7675       0.9567
    7676       0.9857
    7677       1.0293
    7678       0.9896
    7679       1.0947
    7680       0.9829
    7681       0.9599
    7682       0.9684
    7683       0.9544
    7684       1.0283
    7685       1.0404
    7686       0.9427
    7687       1.0483
    7688       1.0905
    7689       0.9783
    7690       1.0284
    7691       1.0150
    7692       1.0066
    7693       0.9387
    7694       0.8710
    7695       1.0000
    7696       0.9473
    7697       0.9893
    7698       1.0492
    7699       1.0361
    7700       1.0312
    7701       0.9762
    7702       1.0142
    7703       1.0393
    7704       0.9116
    7705       1.1324
    7706       1.0490
    7707       1.0853
    7708       1.0866
    7709       0.9456
    7710       0.9788
    7711       0.9671
    7712       0.9359
    7713       1.0348
    7714       0.9479
    7715       0.9909
    7716       1.0209
    7717       1.1713
    7718       1.1591
    7719       1.1303
    7720       1.1323
    7721       1.0868
    7722       1.0739
    7723       1.0255
    7724       0.9944
    7725       1.0628
    7726       0.9934
    7727       1.1559
    7728       1.1556
    7729       1.1720
    7730       1.1360
    7731       1.0912
    7732       0.9836
    7733       0.9097
    7734       0.8583
    7735       1.0045
    7736       0.9770
    7737       0.9667
    7738       1.0776
    7739       0.9558
    7740       0.9100
    7741       0.9569
    7742       1.0368
    7743       1.0315
    7744       0.9934
    7745       1.1107
    7746       1.0292
    7747       1.0505
    7748       1.1052
    7749       1.1057
    7750       1.0494
    7751       1.0233
    7752       0.9544
    7753       0.9355
    7754       0.9748
    7755       1.0588
    7756       1.1053
    7757       1.0909
    7758       1.0567
    7759       1.1831
    7760       1.0708
    7761       1.0823
    7762       1.1228
    7763       1.2008
    7764       1.1920
    7765       1.0505
    7766       1.1128
    7767       1.2200
    7768       1.0693
    7769       1.1113
    7770       1.0284
    7771       1.1036
    7772       1.0173
    7773       1.0975
    7774       1.2242
    7775       1.1756
    7776       0.9291
    7777       0.9909
    7778       0.9342
    7779       0.9564
    7780       1.0102
    7781       1.1379
    7782       1.0701
    7783       1.0175
    7784       0.9524
    7785       0.9114
    7786       1.0376
    7787       1.0823
    7788       1.0512
    7789       1.0185
    7790       1.0249
    7791       1.0396
    7792       1.0790
    7793       1.0829
    7794       1.0181
    7795       0.9265
    7796       1.0771
    7797       0.9872
    7798       1.0260
    7799       1.0743
    7800       1.0107
    7801       0.9640
    7802       0.9599
    7803       1.1651
    7804       1.2028
    7805       1.1516
    7806       1.0155
    7807       1.0648
    7808       1.0809
    7809       0.9458
    7810       1.0980
    7811       1.1450
    7812       1.1181
    7813       1.0490
    7814       1.0575
    7815       1.1034
    7816       1.1640
    7817       1.1523
    7818       1.1372
    7819       1.1551
    7820       1.0346
    7821       1.0567
    7822       1.0098
    7823       1.0154
    7824       1.0307
    7825       0.9995
    7826       0.9788
    7827       1.1502
    7828       1.0063
    7829       0.9777
    7830       0.9977
    7831       1.1243
    7832       1.1069
    7833       1.1641
    7834       1.1421
    7835       1.0213
    7836       1.0222
    7837       1.2831
    7838       1.2151
    7839       1.3112
    7840       1.1857
    7841       1.2072
    7842       1.1217
    7843       1.0929
    7844       1.2731
    7845       1.0111
    7846       1.0577
    7847       1.0525
    7848       1.1827
    7849       1.1167
    7850       1.1901
    7851       1.1859
    7852       1.1244
    7853       1.0317
    7854       0.9607
    7855       0.9386
    7856       0.9981
    7857       0.9400
    7858       0.9807
    7859       1.0218
    7860       1.0686
    7861       1.1779
    7862       1.1559
    7863       1.1951
    7864       1.3359
    7865       1.3004
    7866       1.2374
    7867       1.2116
    7868       1.3373
    7869       1.2315
    7870       1.2264
    7871       1.0952
    7872       1.0887
    7873       1.1176
    7874       1.0992
    7875       1.1595
    7876       1.2465
    7877       1.1119
    7878       1.1010
    7879       0.9515
    7880       1.0104
    7881       1.0627
    7882       1.1250
    7883       1.0646
    7884       1.3213
    7885       1.3208
    7886       1.2258
    7887       1.2341
    7888       1.2961
    7889       1.3400
    7890       1.3710
    7891       1.1972
    7892       1.2771
    7893       1.1592
    7894       1.1954
    7895       1.0748
    7896       1.2550
    7897       1.2335
    7898       1.3366
    7899       1.3745
    7900       1.3857
    7901       1.3244
    7902       1.2624
    7903       1.0001
    7904       1.0445
    7905       1.1422
    7906       1.1180
    7907       1.1473
    7908       1.3100
    7909       1.1314
    7910       0.9640
    7911       0.9369
    7912       0.9003
    7913       0.9337
    7914       1.0551
    7915       1.1505
    7916       1.0408
    7917       1.2842
    7918       1.1741
    7919       1.2713
    7920       1.1992
    7921       1.1307
    7922       1.0868
    7923       1.0009
    7924       1.1731
    7925       1.2561
    7926       1.2727
    7927       1.1704
    7928       1.2276
    7929       1.1915
    7930       1.1735
    7931       1.1480
    7932       1.1214
    7933       1.1368
    7934       1.1154
    7935       1.1291
    7936       1.0356
    7937       1.0403
    7938       1.0826
    7939       1.1112
    7940       1.0648
    7941       1.0472
    7942       1.1603
    7943       1.2396
    7944       1.2965
    7945       1.1849
    7946       1.1738
    7947       1.1319
    7948       1.0333
    7949       0.9670
    7950       0.9406
    7951       1.0007
    7952       0.9738
    7953       1.0370
    7954       1.0899
    7955       1.2005
    7956       1.1979
    7957       1.2557
    7958       1.2167
    7959       1.2347
    7960       1.2467
    7961       1.1726
    7962       1.1771
    7963       1.2277
    7964       1.2949
    7965       1.3039
    7966       1.2986
    7967       1.2868
    7968       1.3219
    7969       1.2983
    7970       1.3247
    7971       1.4109
    7972       1.4789
    7973       1.4189
    7974       1.4387
    7975       1.3986
    7976       1.4162
    7977       1.2837
    7978       1.3069
    7979       1.2985
    7980       1.3096
    7981       1.2770
    7982       1.1745
    7983       1.1933
    7984       1.2186
    7985       1.1815
    7986       1.2818
    7987       1.1149
    7988       1.2884
    7989       1.2996
    7990       1.3778
    7991       1.4375
    7992       1.4690
    7993       1.3419
    7994       1.4158
    7995       1.4739
    7996       1.2962
    7997       1.2510
    7998       1.2227
    7999       1.1383
    8000       1.1744
    8001       1.1268
    8002       1.1267
    8003       1.1063
    8004       1.0341
    8005       1.0939
    8006       1.1737
    8007       1.2034
    8008       1.1949
    8009       1.1951
    8010       1.1111
    8011       1.2546
    8012       1.2825
    8013       1.2661
    8014       1.3497
    8015       1.2076
    8016       1.3319
    8017       1.3955
    8018       1.2852
    8019       1.3179
    8020       1.3388
    8021       1.2802
    8022       1.3128
    8023       1.2882
    8024       1.4638
    8025       1.5030
    8026       1.4598
    8027       1.4910
    8028       1.5784
    8029       1.4177
    8030       1.3468
    8031       1.3119
    8032       1.3482
    8033       1.2772
    8034       1.3908
    8035       1.2257
    8036       1.2906
    8037       1.2678
    8038       1.3134
    8039       1.3639
    8040       1.3645
    8041       1.3345
    8042       1.2985
    8043       1.3391
    8044       1.3724
    8045       1.3270
    8046       1.3268
    8047       1.3071
    8048       1.2617
    8049       1.1891
    8050       1.2003
    8051       1.4445
    8052       1.5293
    8053       1.3741
    8054       1.4354
    8055       1.3874
    8056       1.2763
    8057       1.3904
    8058       1.5279
    8059       1.3715
    8060       1.3661
    8061       1.4796
    8062       1.3470
    8063       1.3529
    8064       1.5456
    8065       1.6139
    8066       1.4562
    8067       1.4796
    8068       1.5832
    8069       1.5995
    8070       1.6592
    8071       1.6382
    8072       1.4995
    8073       1.3839
    8074       1.3794
    8075       1.4470
    8076       1.3809
    8077       1.2048
    8078       1.2554
    8079       1.3133
    8080       1.4376
    8081       1.3955
    8082       1.3008
    8083       1.1510
    8084       1.2949
    8085       1.2325
    8086       1.2424
    8087       1.2204
    8088       1.1918
    8089       1.1787
    8090       1.1598
    8091       1.2094
    8092       1.2003
    8093       1.1948
    8094       1.1651
    8095       1.1619
    8096       1.3184
    8097       1.3804
    8098       1.3730
    8099       1.4246
    8100       1.3491
    8101       1.2429
    8102       1.4570
    8103       1.2899
    8104       1.2617
    8105       1.3959
    8106       1.4739
    8107       1.3880
    8108       1.3690
    8109       1.3537
    8110       1.3252
    8111       1.4255
    8112       1.4469
    8113       1.4947
    8114       1.6341
    8115       1.6432
    8116       1.4522
    8117       1.6075
    8118       1.5146
    8119       1.4217
    8120       1.2713
    8121       1.3755
    8122       1.4508
    8123       1.5255
    8124       1.4647
    8125       1.4993
    8126       1.3762
    8127       1.3224
    8128       1.2049
    8129       1.1129
    8130       1.1007
    8131       1.1223
    8132       1.1215
    8133       1.0139
    8134       1.0545
    8135       0.9973
    8136       1.1181
    8137       1.1278
    8138       1.2888
    8139       1.1537
    8140       1.2076
    8141       1.0606
    8142       0.9333
    8143       1.0638
    8144       1.1777
    8145       1.0701
    8146       1.0525
    8147       1.0995
    8148       1.1915
    8149       1.1871
    8150       1.1812
    8151       1.1301
    8152       1.0991
    8153       1.0688
    8154       1.1206
    8155       1.1808
    8156       1.1410
    8157       1.2165
    8158       1.2785
    8159       1.2699
    8160       1.3343
    8161       1.2252
    8162       1.1779
    8163       1.2271
    8164       1.1741
    8165       1.2227
    8166       1.1973
    8167       1.2545
    8168       1.2085
    8169       1.2026
    8170       1.1481
    8171       1.1271
    8172       1.0779
    8173       1.0441
    8174       1.0824
    8175       1.0585
    8176       0.9951
    8177       1.1123
    8178       1.2208
    8179       1.2152
    8180       1.0811
    8181       1.1148
    8182       1.2126
    8183       1.2200
    8184       1.1984
    8185       1.1463
    8186       1.2268
    8187       1.3548
    8188       1.1701
    8189       1.2610
    8190       1.2142
    8191       1.2375
    8192       1.1452
    8193       1.2654
    8194       1.1212
    8195       1.0213
    8196       1.0939
    8197       1.1037
    8198       1.1561
    8199       1.1073
    8200       1.1896
    8201       1.1830
    8202       1.2515
    8203       1.2103
    8204       1.0890
    8205       1.0132
    8206       1.0909
    8207       1.1464
    8208       1.0780
    8209       1.0820
    8210       1.1072
    8211       1.1436
    8212       1.1941
    8213       1.3197
    8214       1.1648
    8215       1.2410
    8216       1.0934
    8217       1.0959
    8218       1.1248
    8219       1.2023
    8220       1.0988
    8221       1.1964
    8222       1.2044
    8223       1.2089
    8224       1.2170
    8225       1.3178
    8226       1.3328
    8227       1.3768
    8228       1.4030
    8229       1.3083
    8230       1.3559
    8231       1.3210
    8232       1.1364
    8233       1.1853
    8234       1.1848
    8235       1.2881
    8236       1.1657
    8237       1.0314
    8238       1.0504
    8239       1.1217
    8240       1.1658
    8241       1.0351
    8242       1.0391
    8243       1.0003
    8244       1.0387
    8245       1.1745
    8246       1.0970
    8247       1.1571
    8248       1.3729
    8249       1.3501
    8250       1.2902
    8251       1.3214
    8252       1.1906
    8253       1.3019
    8254       1.3993
    8255       1.2841
    8256       1.3362
    8257       1.2525
    8258       1.1333
    8259       1.1697
    8260       1.0719
    8261       1.2306
    8262       1.2026
    8263       1.1972
    8264       1.1206
    8265       1.1862
    8266       1.1428
    8267       1.0838
    8268       1.0477
    8269       1.1985
    8270       1.1766
    8271       1.2556
    8272       1.2422
    8273       1.3350
    8274       1.4013
    8275       1.3166
    8276       1.2258
    8277       1.1854
    8278       1.3083
    8279       1.3622
    8280       1.2112
    8281       1.1995
    8282       1.2733
    8283       1.1603
    8284       1.1638
    8285       1.2144
    8286       1.1827
    8287       1.1943
    8288       1.0970
    8289       1.0799
    8290       1.1395
    8291       1.2402
    8292       1.3081
    8293       1.3310
    8294       1.3850
    8295       1.2938
    8296       1.5233
    8297       1.2388
    8298       1.2587
    8299       1.1327
    8300       1.1951
    8301       1.2552
    8302       1.0989
    8303       1.2244
    8304       1.1513
    8305       1.1709
    8306       1.1928
    8307       1.1060
    8308       1.0581
    8309       1.0636
    8310       0.9911
    8311       1.0587
    8312       1.0520
    8313       1.0304
    8314       1.0988
    8315       1.0853
    8316       1.2229
    8317       1.1661
    8318       1.1046
    8319       1.1796
    8320       1.1009
    8321       1.1704
    8322       1.2937
    8323       1.2442
    8324       1.1290
    8325       1.1407
    8326       1.2618
    8327       1.1157
    8328       1.2575
    8329       1.1536
    8330       1.1004
    8331       1.0706
    8332       1.0801
    8333       1.0812
    8334       1.1227
    8335       1.1484
    8336       1.2185
    8337       1.1822
    8338       1.2593
    8339       1.1496
    8340       1.0961
    8341       1.1386
    8342       1.1348
    8343       1.1854
    8344       1.1332
    8345       1.1276
    8346       0.9939
    8347       1.2167
    8348       1.1735
    8349       1.0478
    8350       1.0798
    8351       1.0549
    8352       1.1100
    8353       1.1851
    8354       1.0587
    8355       1.1554
    8356       1.0610
    8357       1.1532
    8358       1.0851
    8359       1.1600
    8360       1.1298
    8361       1.0737
    8362       1.0863
    8363       1.0719
    8364       1.0479
    8365       0.9760
    8366       0.9423
    8367       0.9799
    8368       1.1032
    8369       1.0157
    8370       0.9701
    8371       0.9580
    8372       0.9402
    8373       0.9390
    8374       1.0399
    8375       1.0181
    8376       1.0183
    8377       1.0171
    8378       0.9859
    8379       1.0488
    8380       1.1171
    8381       1.0838
    8382       1.0644
    8383       1.0268
    8384       0.9692
    8385       1.0368
    8386       1.1214
    8387       1.1343
    8388       1.1009
    8389       1.1523
    8390       1.1082
    8391       1.0624
    8392       0.9162
    8393       1.0267
    8394       0.9725
    8395       1.1895
    8396       1.1193
    8397       1.1614
    8398       1.0916
    8399       1.0472
    8400       0.9546
    8401       1.0033
    8402       1.0340
    8403       0.9852
    8404       1.0882
    8405       1.1967
    8406       1.1023
    8407       1.0911
    8408       1.0001
    8409       1.0180
    8410       1.0721
    8411       1.1539
    8412       1.1328
    8413       1.1302
    8414       1.0837
    8415       1.0644
    8416       1.1424
    8417       1.0314
    8418       1.2128
    8419       1.1468
    8420       1.1413
    8421       1.3396
    8422       1.3426
    8423       1.4690
    8424       1.5525
    8425       1.4006
    8426       1.3850
    8427       1.5030
    8428       1.4859
    8429       1.6368
    8430       1.5682
    8431       1.3930
    8432       1.4896
    8433       1.6181
    8434       1.4810
    8435       1.4380
    8436       1.4070
    8437       1.4076
    8438       1.4702
    8439       1.3471
    8440       1.3502
    8441       1.3016
    8442       1.2351
    8443       1.1610
    8444       1.1212
    8445       1.1995
    8446       1.3225
    8447       1.3235
    8448       1.2898
    8449       1.2891
    8450       1.1664
    8451       1.1927
    8452       1.2324
    8453       1.2154
    8454       1.2782
    8455       1.2987
    8456       1.2711
    8457       1.1580
    8458       1.0919
    8459       1.1332
    8460       1.0411
    8461       1.1741
    8462       1.2330
    8463       1.0993
    8464       1.2175
    8465       1.1599
    8466       1.0756
    8467       1.0851
    8468       0.9710
    8469       1.0889
    8470       1.0057
    8471       1.0187
    8472       1.1152
    8473       1.1096
    8474       1.2777
    8475       1.2470
    8476       1.1118
    8477       1.0877
    8478       1.1530
    8479       1.1139
    8480       1.1434
    8481       1.2888
    8482       1.1547
    8483       1.2412
    8484       1.2125
    8485       1.1455
    8486       1.3257
    8487       1.1928
    8488       1.0003
    8489       0.9987
    8490       1.0567
    8491       0.9817
    8492       0.9436
    8493       1.0534
    8494       1.0429
    8495       1.0877
    8496       1.0498
    8497       1.0114
    8498       1.0171
    8499       1.1460
    8500       1.0489
    8501       1.0938
    8502       1.1814
    8503       1.1214
    8504       1.2317
    8505       1.2450
    8506       1.1826
    8507       1.0488
    8508       1.0340
    8509       1.0695
    8510       1.0854
    8511       1.1085
    8512       0.9847
    8513       0.9243
    8514       1.0610
    8515       1.0251
    8516       1.1690
    8517       1.1137
    8518       1.1647
    8519       1.1743
    8520       1.1860
    8521       1.1662
    8522       1.1692
    8523       1.1392
    8524       1.2547
    8525       1.1290
    8526       1.1568
    8527       1.2946
    8528       1.1868
    8529       1.2345
    8530       1.1364
    8531       1.1871
    8532       1.0809
    8533       0.9500
    8534       1.0615
    8535       1.1222
    8536       1.0395
    8537       0.9889
    8538       1.1038
    8539       0.9551
    8540       1.0801
    8541       0.9733
    8542       0.9677
    8543       1.0135
    8544       1.1593
    8545       1.2009
    8546       1.0391
    8547       1.1595
    8548       1.0400
    8549       1.2027
    8550       0.9648
    8551       1.0032
    8552       1.0113
    8553       1.1868
    8554       1.1003
    8555       1.1412
    8556       1.0467
    8557       1.1898
    8558       1.1144
    8559       1.1333
    8560       1.1287
    8561       1.2107
    8562       1.3013
    8563       1.1501
    8564       1.0412
    8565       1.2351
    8566       1.3086
    8567       1.1222
    8568       1.1943
    8569       1.1234
    8570       1.1454
    8571       1.1492
    8572       1.2063
    8573       1.0329
    8574       1.0304
    8575       1.0710
    8576       1.0853
    8577       1.1779
    8578       1.2727
    8579       1.2802
    8580       1.2662
    8581       1.0797
    8582       1.1147
    8583       1.0858
    8584       1.1004
    8585       1.2079
    8586       1.2080
    8587       1.1888
    8588       1.1878
    8589       1.2634
    8590       1.2483
    8591       1.1880
    8592       1.0954
    8593       1.0803
    8594       1.1405
    8595       1.2236
    8596       1.0489
    8597       1.1976
    8598       1.1695
    8599       1.0593
    8600       1.1919
    8601       1.1497
    8602       1.1820
    8603       1.1452
    8604       1.0882
    8605       1.1328
    8606       1.1006
    8607       1.2058
    8608       1.3360
    8609       1.2751
    8610       1.3346
    8611       1.1626
    8612       1.0842
    8613       1.1100
    8614       1.0767
    8615       1.1232
    8616       1.0968
    8617       1.0309
    8618       1.1230
    8619       1.1193
    8620       1.2020
    8621       1.2344
    8622       1.2678
    8623       1.3057
    8624       1.2728
    8625       1.4191
    8626       1.4276
    8627       1.3459
    8628       1.2979
    8629       1.2088
    8630       1.2321
    8631       1.2660
    8632       1.3571
    8633       1.2890
    8634       1.1439
    8635       1.2050
    8636       1.2086
    8637       1.1030
    8638       1.0774
    8639       0.9699
    8640       0.9605
    8641       1.0602
    8642       1.0323
    8643       1.0435
    8644       0.9545
    8645       1.0513
    8646       1.0618
    8647       1.0803
    8648       1.0719
    8649       0.9537
    8650       0.8629
    8651       0.9436
    8652       1.0290
    8653       0.9431
    8654       1.0027
    8655       1.0859
    8656       1.0667
    8657       1.1401
    8658       1.0850
    8659       1.1238
    8660       1.1547
    8661       1.1509
    8662       1.1426
    8663       1.1761
    8664       1.1267
    8665       1.2343
    8666       1.1358
    8667       1.1719
    8668       1.2084
    8669       1.0474
    8670       0.9981
    8671       1.0343
    8672       0.9600
    8673       1.1515
    8674       1.2871
    8675       1.2886
    8676       1.2658
    8677       1.2628
    8678       1.1368
    8679       1.2305
    8680       1.1087
    8681       1.2981
    8682       1.1324
    8683       1.0972
    8684       1.2489
    8685       1.1599
    8686       1.2220
    8687       1.1101
    8688       1.1512
    8689       1.1753
    8690       1.0641
    8691       1.0593
    8692       1.0330
    8693       1.0425
    8694       1.1624
    8695       1.1145
    8696       1.0411
    8697       1.0743
    8698       1.0716
    8699       1.0176
    8700       1.0531
    8701       1.0611
    8702       1.2058
    8703       1.0785
    8704       1.2226
    8705       1.2677
    8706       1.1918
    8707       1.0483
    8708       1.0241
    8709       1.0946
    8710       1.0384
    8711       1.1773
    8712       1.2074
    8713       1.2602
    8714       1.2186
    8715       1.1149
    8716       1.0891
    8717       1.0198
    8718       1.1931
    8719       1.0635
    8720       1.2275
    8721       1.2574
    8722       1.1549
    8723       1.2210
    8724       1.1403
    8725       1.2021
    8726       1.2135
    8727       1.1399
    8728       1.1283
    8729       1.0768
    8730       1.0833
    8731       0.9992
    8732       1.0171
    8733       1.1685
    8734       1.0865
    8735       1.0993
    8736       1.1273
    8737       1.1325
    8738       1.1723
    8739       1.2055
    8740       1.1267
    8741       1.0484
    8742       1.0408
    8743       0.9875
    8744       1.0673
    8745       1.0351
    8746       1.0519
    8747       1.0135
    8748       1.0596
    8749       0.8951
    8750       0.9895
    8751       0.9886
    8752       1.0274
    8753       0.9838
    8754       0.9815
    8755       1.0652
    8756       1.0496
    8757       0.9464
    8758       0.9221
    8759       0.9455
    8760       1.0533
    8761       0.9621
    8762       1.0312
    8763       1.0581
    8764       0.9752
    8765       1.0481
    8766       1.0625
    8767       1.0931
    8768       1.1506
    8769       1.1830
    8770       1.0708
    8771       1.0884
    8772       1.0435
    8773       1.1091
    8774       1.1110
    8775       1.0894
    8776       1.2025
    8777       1.0999
    8778       1.0649
    8779       1.0771
    8780       1.0758
    8781       1.0568
    8782       0.9614
    8783       1.0512
    8784       0.9490
    8785       0.8676
    8786       1.0157
    8787       1.0260
    8788       1.0175
    8789       1.0345
    8790       0.9581
    8791       0.9593
    8792       0.9472
    8793       1.0304
    8794       0.9741
    8795       0.9712
    8796       0.8497
    8797       0.9121
    8798       0.8867
    8799       0.8647
    8800       0.9499
    8801       0.9396
    8802       1.0457
    8803       0.8972
    8804       0.8485
    8805       0.8432
    8806       0.9846
    8807       0.9305
    8808       1.0554
    8809       1.0026
    8810       1.0078
    8811       1.0257
    8812       0.9633
    8813       1.0253
    8814       0.9796
    8815       1.0465
    8816       1.1224
    8817       0.9613
    8818       0.8710
    8819       0.9087
    8820       0.9414
    8821       0.9186
    8822       0.9246
    8823       0.9655
    8824       0.9782
    8825       0.9421
    8826       1.0436
    8827       0.9474
    8828       0.9628
    8829       0.8943
    8830       0.9308
    8831       0.8619
    8832       0.9390
    8833       0.8757
    8834       0.8749
    8835       0.9840
    8836       1.0269
    8837       0.9652
    8838       0.8813
    8839       0.8931
    8840       0.8814
    8841       0.8933
    8842       0.9444
    8843       0.8978
    8844       0.9593
    8845       0.8889
    8846       0.8274
    8847       0.9067
    8848       0.9598
    8849       0.8673
    8850       1.0305
    8851       0.9470
    8852       1.0457
    8853       0.9601
    8854       0.9159
    8855       0.8988
    8856       0.9120
    8857       0.7989
    8858       0.8840
    8859       0.8325
    8860       0.8691
    8861       0.8401
    8862       0.9186
    8863       1.0139
    8864       1.0515
    8865       0.9630
    8866       1.0589
    8867       1.0323
    8868       1.0795
    8869       1.0833
    8870       1.0179
    8871       1.0215
    8872       1.1424
    8873       1.1645
    8874       1.2674
    8875       1.3435
    8876       1.2998
    8877       1.3746
    8878       1.4129
    8879       1.3121
    8880       1.2336
    8881       1.2911
    8882       1.3106
    8883       1.2943
    8884       1.2778
    8885       1.3164
    8886       1.3444
    8887       1.2839
    8888       1.2733
    8889       1.3105
    8890       1.2056
    8891       1.1864
    8892       1.2359
    8893       1.3190
    8894       1.3242
    8895       1.1321
    8896       1.2526
    8897       1.3105
    8898       1.1941
    8899       1.2845
    8900       1.3683
    8901       1.1939
    8902       1.2770
    8903       1.1922
    8904       1.0979
    8905       1.2506
    8906       1.1549
    8907       1.2184
    8908       1.2345
    8909       1.2136
    8910       1.1801
    8911       1.2829
    8912       1.2947
    8913       1.1640
    8914       1.3278
    8915       1.3082
    8916       1.3845
    8917       1.3102
    8918       1.4384
    8919       1.3804
    8920       1.4600
    8921       1.4067
    8922       1.3008
    8923       1.3736
    8924       1.2987
    8925       1.2969
    8926       1.3574
    8927       1.2159
    8928       1.2675
    8929       1.2017
    8930       1.2067
    8931       1.1484
    8932       1.1364
    8933       0.9854
    8934       1.0542
    8935       0.9401
    8936       1.1118
    8937       1.1779
    8938       1.2219
    8939       1.2202
    8940       1.1374
    8941       1.1018
    8942       1.1430
    8943       1.2639
    8944       1.2943
    8945       1.3096
    8946       1.2042
    8947       1.2051
    8948       1.2452
    8949       1.1428
    8950       1.0829
    8951       1.2076
    8952       1.3346
    8953       1.1897
    8954       1.1246
    8955       1.1949
    8956       1.2470
    8957       1.1409
    8958       1.1677
    8959       1.1444
    8960       1.0696
    8961       1.2534
    8962       1.1247
    8963       1.1007
    8964       1.1330
    8965       1.0993
    8966       1.1105
    8967       1.1427
    8968       1.2801
    8969       1.1729
    8970       1.1476
    8971       1.1114
    8972       1.2578
    8973       1.2490
    8974       1.2362
    8975       1.1880
    8976       1.2165
    8977       1.1699
    8978       1.2196
    8979       1.2584
    8980       1.1277
    8981       1.2062
    8982       1.1855
    8983       1.1113
    8984       1.1672
    8985       1.2188
    8986       1.2344
    8987       1.1353
    8988       1.2712
    8989       1.3378
    8990       1.2942
    8991       1.2109
    8992       1.1154
    8993       1.2688
    8994       1.3141
    8995       1.3346
    8996       1.3381
    8997       1.3133
    8998       1.1587
    8999       1.1411
    9000       1.2685
    9001       1.3801
    9002       1.4427
    9003       1.3154
    9004       1.3526
    9005       1.4454
    9006       1.2926
    9007       1.3110
    9008       1.2523
    9009       1.3584
    9010       1.3522
    9011       1.2630
    9012       1.1799
    9013       1.1823
    9014       1.1608
    9015       1.1727
    9016       1.2260
    9017       1.2321
    9018       1.2180
    9019       1.1466
    9020       1.2852
    9021       1.2269
    9022       1.2477
    9023       1.1686
    9024       1.2700
    9025       1.1702
    9026       1.2523
    9027       1.2910
    9028       1.1730
    9029       1.1281
    9030       1.0975
    9031       1.2974
    9032       1.3067
    9033       1.2644
    9034       1.3170
    9035       1.2423
    9036       1.3253
    9037       1.3182
    9038       1.3519
    9039       1.4358
    9040       1.5218
    9041       1.3573
    9042       1.2934
    9043       1.2447
    9044       1.3083
    9045       1.2334
    9046       1.3129
    9047       1.2351
    9048       1.2866
    9049       1.2420
    9050       1.2600
    9051       1.1727
    9052       1.2206
    9053       1.3512
    9054       1.4092
    9055       1.3422
    9056       1.2968
    9057       1.3268
    9058       1.3518
    9059       1.2622
    9060       1.2576
    9061       1.2887
    9062       1.2982
    9063       1.1772
    9064       1.1424
    9065       1.0718
    9066       1.2497
    9067       1.0795
    9068       1.0349
    9069       1.0820
    9070       1.1585
    9071       1.1439
    9072       1.1551
    9073       1.1935
    9074       1.1650
    9075       1.2002
    9076       1.1617
    9077       1.2565
    9078       1.2014
    9079       1.2012
    9080       1.2538
    9081       1.1347
    9082       1.3107
    9083       1.3172
    9084       1.2017
    9085       1.2190
    9086       1.1709
    9087       1.2143
    9088       1.1484
    9089       1.2650
    9090       1.2353
    9091       1.2132
    9092       1.1611
    9093       1.3396
    9094       1.2309
    9095       1.2478
    9096       1.0649
    9097       1.2544
    9098       1.3185
    9099       1.3185
    9100       1.2623
    9101       1.2630
    9102       1.3532
    9103       1.2204
    9104       1.2959
    9105       1.3397
    9106       1.3929
    9107       1.2606
    9108       1.1261
    9109       1.1862
    9110       1.3266
    9111       1.2949
    9112       1.3414
    9113       1.3231
    9114       1.2999
    9115       1.2167
    9116       1.3857
    9117       1.3171
    9118       1.1609
    9119       1.1660
    9120       1.1962
    9121       1.2561
    9122       1.1787
    9123       1.2168
    9124       1.2191
    9125       1.2657
    9126       1.2278
    9127       1.3617
    9128       1.3226
    9129       1.2232
    9130       1.2893
    9131       1.1625
    9132       1.3903
    9133       1.3147
    9134       1.3618
    9135       1.5246
    9136       1.5484
    9137       1.5073
    9138       1.5521
    9139       1.4287
    9140       1.3158
    9141       1.2733
    9142       1.1780
    9143       1.2692
    9144       1.2797
    9145       1.2915
    9146       1.3589
    9147       1.3870
    9148       1.2582
    9149       1.3535
    9150       1.3178
    9151       1.1443
    9152       1.1527
    9153       1.2492
    9154       1.3132
    9155       1.4057
    9156       1.3776
    9157       1.3832
    9158       1.4098
    9159       1.4159
    9160       1.5077
    9161       1.5221
    9162       1.4781
    9163       1.4956
    9164       1.2946
    9165       1.4534
    9166       1.4164
    9167       1.4335
    9168       1.4627
    9169       1.5225
    9170       1.3968
    9171       1.4952
    9172       1.5195
    9173       1.3774
    9174       1.5115
    9175       1.5666
    9176       1.5218
    9177       1.4649
    9178       1.4330
    9179       1.4849
    9180       1.5143
    9181       1.4293
    9182       1.3523
    9183       1.2303
    9184       1.2593
    9185       1.0424
    9186       1.1328
    9187       1.0246
    9188       1.0708
    9189       1.0382
    9190       1.1232
    9191       1.1516
    9192       1.0138
    9193       1.0274
    9194       1.1832
    9195       1.1335
    9196       1.2500
    9197       1.1322
    9198       1.2899
    9199       1.2618
    9200       1.2497
    9201       1.2360
    9202       1.3959
    9203       1.3545
    9204       1.2333
    9205       1.4888
    9206       1.3895
    9207       1.3822
    9208       1.4807
    9209       1.4425
    9210       1.4041
    9211       1.4776
    9212       1.3157
    9213       1.2580
    9214       1.2059
    9215       1.1673
    9216       1.0273
    9217       0.9986
    9218       1.0919
    9219       1.0661
    9220       0.9788
    9221       0.9925
    9222       0.9227
    9223       1.0663
    9224       1.0007
    9225       1.1543
    9226       1.1800
    9227       1.2712
    9228       1.3783
    9229       1.4261
    9230       1.3469
    9231       1.3343
    9232       1.3080
    9233       1.4031
    9234       1.2525
    9235       1.1499
    9236       1.1870
    9237       1.2769
    9238       1.3429
    9239       1.3266
    9240       1.2390
    9241       1.3955
    9242       1.4032
    9243       1.3308
    9244       1.5599
    9245       1.5049
    9246       1.5365
    9247       1.3478
    9248       1.2923
    9249       1.3274
    9250       1.3340
    9251       1.2997
    9252       1.3034
    9253       1.3257
    9254       1.2407
    9255       1.3005
    9256       1.2892
    9257       1.3893
    9258       1.2785
    9259       1.3352
    9260       1.3549
    9261       1.2808
    9262       1.3099
    9263       1.3890
    9264       1.3895
    9265       1.2950
    9266       1.2285
    9267       1.4383
    9268       1.4432
    9269       1.4990
    9270       1.5497
    9271       1.6170
    9272       1.4505
    9273       1.3317
    9274       1.4614
    9275       1.4033
    9276       1.3995
    9277       1.2135
    9278       1.3421
    9279       1.5206
    9280       1.3622
    9281       1.2012
    9282       1.2030
    9283       1.1977
    9284       1.1777
    9285       1.1610
    9286       1.0192
    9287       0.9707
    9288       1.1173
    9289       0.9558
    9290       0.9695
    9291       1.0009
    9292       1.0448
    9293       1.1277
    9294       1.2038
    9295       1.1148
    9296       1.1317
    9297       1.0292
    9298       1.1730
    9299       1.1617
    9300       1.0857
    9301       1.1253
    9302       1.1106
    9303       1.1612
    9304       1.3186
    9305       1.1679
    9306       1.1762
    9307       1.0705
    9308       1.1080
    9309       0.9731
    9310       1.0315
    9311       0.9570
    9312       0.9574
    9313       1.0970
    9314       1.0431
    9315       1.1132
    9316       1.0385
    9317       1.0455
    9318       1.0166
    9319       1.0022
    9320       1.1526
    9321       1.0171
    9322       1.0012
    9323       1.2373
    9324       1.1373
    9325       1.0471
    9326       1.0925
    9327       1.1514
    9328       1.1660
    9329       1.0266
    9330       0.9768
    9331       0.8838
    9332       0.9861
    9333       1.0203
    9334       0.8859
    9335       0.9209
    9336       1.0364
    9337       0.8925
    9338       0.9901
    9339       0.9839
    9340       1.0545
    9341       0.9825
    9342       1.0196
    9343       0.9050
    9344       0.9720
    9345       1.0041
    9346       1.0283
    9347       0.9938
    9348       1.0327
    9349       0.9871
    9350       0.9760
    9351       1.0972
    9352       1.0666
    9353       1.0156
    9354       1.0364
    9355       1.0260
    9356       1.0363
    9357       0.9629
    9358       1.0519
    9359       1.1182
    9360       0.9655
    9361       1.0447
    9362       1.0179
    9363       1.1729
    9364       1.1517
    9365       1.1762
    9366       1.0088
    9367       1.0938
    9368       1.0091
    9369       1.0344
    9370       1.1385
    9371       1.1410
    9372       1.0349
    9373       1.0257
    9374       1.0022
    9375       1.0599
    9376       1.1448
    9377       1.0142
    9378       1.0909
    9379       1.0872
    9380       1.1719
    9381       1.1634
    9382       1.0551
    9383       1.1493
    9384       1.2047
    9385       1.1645
    9386       1.2272
    9387       1.4445
    9388       1.4318
    9389       1.3418
    9390       1.2663
    9391       1.2097
    9392       1.3419
    9393       1.4674
    9394       1.4189
    9395       1.4497
    9396       1.3200
    9397       1.3387
    9398       1.3037
    9399       1.3641
    9400       1.2657
    9401       1.2697
    9402       1.3161
    9403       1.1785
    9404       1.1753
    9405       1.0872
    9406       1.0356
    9407       1.0482
    9408       1.1926
    9409       1.0807
    9410       1.0597
    9411       1.2159
    9412       1.1723
    9413       1.2065
    9414       1.3012
    9415       1.0971
    9416       1.1101
    9417       1.2090
    9418       1.1324
    9419       1.0469
    9420       1.1288
    9421       1.1217
    9422       1.0998
    9423       1.1147
    9424       0.9869
    9425       0.9740
    9426       1.0816
    9427       1.0431
    9428       1.0841
    9429       1.1284
    9430       1.1010
    9431       1.1069
    9432       1.0879
    9433       1.0832
    9434       0.9827
    9435       1.0335
    9436       1.0337
    9437       1.0848
    9438       0.9799
    9439       0.9633
    9440       0.9888
    9441       1.0041
    9442       0.9687
    9443       1.1841
    9444       1.1308
    9445       1.1202
    9446       1.1505
    9447       1.0941
    9448       0.9966
    9449       0.9890
    9450       1.0468
    9451       1.0520
    9452       1.0915
    9453       1.0337
    9454       1.0511
    9455       1.0433
    9456       1.0218
    9457       1.0302
    9458       1.0800
    9459       1.1557
    9460       1.0749
    9461       1.0234
    9462       1.0963
    9463       1.1524
    9464       1.1706
    9465       1.0060
    9466       1.0231
    9467       1.0128
    9468       0.9868
    9469       1.0925
    9470       1.0455
    9471       1.0544
    9472       0.9445
    9473       0.9452
    9474       0.9088
    9475       1.0302
    9476       0.9305
    9477       0.9672
    9478       0.8972
    9479       0.9715
    9480       0.8317
    9481       0.8961
    9482       0.9249
    9483       0.8413
    9484       0.9746
    9485       0.8578
    9486       0.8910
    9487       1.0416
    9488       0.9388
    9489       0.9337
    9490       1.0989
    9491       0.9717
    9492       0.9390
    9493       0.9711
    9494       0.9314
    9495       0.9680
    9496       1.0533
    9497       1.0737
    9498       1.0785
    9499       1.0273
    9500       1.0508
    9501       1.1928
    9502       1.1254
    9503       1.1371
    9504       1.2119
    9505       1.0650
    9506       1.0715
    9507       1.0241
    9508       0.9517
    9509       0.9452
    9510       1.0642
    9511       0.8943
    9512       0.9215
    9513       1.1709
    9514       1.0481
    9515       1.0132
    9516       1.0041
    9517       0.9800
    9518       0.9748
    9519       0.8888
    9520       0.9155
    9521       0.9373
    9522       0.8963
    9523       0.8701
    9524       0.9434
    9525       0.8766
    9526       0.8829
    9527       0.8670
    9528       0.8534
    9529       0.9050
    9530       0.8821
    9531       1.0043
    9532       0.9585
    9533       1.1067
    9534       1.0404
    9535       0.9967
    9536       1.1469
    9537       1.0135
    9538       0.9627
    9539       0.9257
    9540       0.9546
    9541       0.8778
    9542       0.9742
    9543       1.0344
    9544       0.9713
    9545       0.9646
    9546       0.8474
    9547       0.9734
    9548       0.9197
    9549       0.8998
    9550       1.0130
    9551       1.1061
    9552       1.0486
    9553       1.0649
    9554       0.9359
    9555       0.8803
    9556       0.8106
    9557       0.8795
    9558       0.8741
    9559       1.0648
    9560       1.0898
    9561       1.2348
    9562       1.0788
    9563       1.0800
    9564       1.0911
    9565       1.1964
    9566       1.1566
    9567       1.0442
    9568       1.0959
    9569       1.2049
    9570       1.1442
    9571       1.2021
    9572       1.0722
    9573       1.1220
    9574       1.0805
    9575       1.1038
    9576       1.1226
    9577       1.2278
    9578       1.0923
    9579       1.2347
    9580       1.2361
    9581       1.2682
    9582       1.3463
    9583       1.3022
    9584       1.2085
    9585       0.9739
    9586       0.9373
    9587       0.9215
    9588       1.0333
    9589       1.0465
    9590       1.0164
    9591       1.0104
    9592       1.0377
    9593       1.2170
    9594       1.1052
    9595       1.1516
    9596       0.9955
    9597       0.9385
    9598       1.0348
    9599       0.9023
    9600       0.9502
    9601       0.9327
    9602       0.9358
    9603       1.0478
    9604       1.1338
    9605       1.0566
    9606       1.0701
    9607       0.9756
    9608       0.9798
    9609       0.8624
    9610       0.8468
    9611       0.8526
    9612       0.9387
    9613       0.8470
    9614       0.9341
    9615       0.9368
    9616       0.9958
    9617       0.9291
    9618       1.1118
    9619       0.9318
    9620       0.8392
    9621       0.8674
    9622       0.9300
    9623       1.0171
    9624       0.8970
    9625       0.9808
    9626       1.0760
    9627       0.9571
    9628       1.0094
    9629       0.9800
    9630       1.1090
    9631       0.9627
    9632       0.9821
    9633       1.0862
    9634       1.0098
    9635       1.1126
    9636       0.8720
    9637       0.9379
    9638       0.9375
    9639       0.9877
    9640       1.0346
    9641       0.8758
    9642       0.9646
    9643       0.8637
    9644       0.9560
    9645       0.9481
    9646       0.9052
    9647       0.9507
    9648       1.0219
    9649       0.9942
    9650       0.9063
    9651       0.9313
    9652       1.0060
    9653       0.9148
    9654       1.0653
    9655       1.0546
    9656       1.0299
    9657       0.9819
    9658       0.9175
    9659       0.9761
    9660       1.0127
    9661       0.9631
    9662       1.0274
    9663       1.0223
    9664       1.0342
    9665       0.8855
    9666       1.0249
    9667       1.0774
    9668       1.0848
    9669       0.9306
    9670       1.0215
    9671       0.9657
    9672       1.0865
    9673       1.1648
    9674       1.0108
    9675       1.0036
    9676       1.0208
    9677       0.9316
    9678       1.1160
    9679       1.0123
    9680       1.0258
    9681       1.0036
    9682       1.2380
    9683       1.0420
    9684       1.0133
    9685       0.9877
    9686       1.0927
    9687       1.1640
    9688       1.0807
    9689       1.1969
    9690       1.1142
    9691       1.2430
    9692       1.2481
    9693       1.1295
    9694       1.0395
    9695       1.1138
    9696       1.0339
    9697       0.9382
    9698       0.9976
    9699       0.9637
    9700       0.9786
    9701       0.9919
    9702       1.1313
    9703       1.1183
    9704       1.0570
    9705       1.0151
    9706       1.1552
    9707       0.9895
    9708       1.1405
    9709       1.0586
    9710       1.0297
    9711       1.1288
    9712       1.0173
    9713       1.0720
    9714       1.2192
    9715       1.1693
    9716       1.2087
    9717       1.2359
    9718       1.2468
    9719       1.1200
    9720       1.0679
    9721       1.2118
    9722       1.2479
    9723       1.1851
    9724       1.1133
    9725       1.0051
    9726       1.0732
    9727       1.2427
    9728       1.1869
    9729       1.1245
    9730       1.0843
    9731       1.1569
    9732       1.1875
    9733       1.1255
    9734       0.9467
    9735       0.9891
    9736       0.9739
    9737       0.9700
    9738       0.9539
    9739       0.9389
    9740       0.8660
    9741       0.8456
    9742       0.9455
    9743       0.9024
    9744       1.0117
    9745       0.8558
    9746       1.0080
    9747       0.8873
    9748       0.9387
    9749       1.0687
    9750       1.0955
    9751       1.2425
    9752       1.1328
    9753       1.1623
    9754       1.2449
    9755       0.9933
    9756       1.1331
    9757       1.0819
    9758       0.9877
    9759       0.9877
    9760       1.0554
    9761       1.2007
    9762       1.0422
    9763       0.9427
    9764       1.1005
    9765       1.0171
    9766       0.9811
    9767       0.9962
    9768       1.0864
    9769       1.0766
    9770       1.1632
    9771       0.9584
    9772       1.1901
    9773       1.1390
    9774       1.2064
    9775       1.2614
    9776       1.2776
    9777       1.2050
    9778       1.2562
    9779       1.2768
    9780       1.3203
    9781       1.2576
    9782       1.2191
    9783       1.2926
    9784       1.1933
    9785       1.1586
    9786       1.3861
    9787       1.3595
    9788       1.3794
    9789       1.3470
    9790       1.3525
    9791       1.3963
    9792       1.3938
    9793       1.3899
    9794       1.3589
    9795       1.2960
    9796       1.2802
    9797       1.1314
    9798       1.0880
    9799       1.0966
    9800       1.0420
    9801       1.1112
    9802       1.1972
    9803       1.1334
    9804       0.9469
    9805       1.0885
    9806       1.2105
    9807       1.2032
    9808       1.1756
    9809       1.0020
    9810       1.1989
    9811       1.1371
    9812       1.1508
    9813       1.2076
    9814       1.1411
    9815       1.1823
    9816       1.2388
    9817       1.1806
    9818       1.2285
    9819       1.3381
    9820       1.2772
    9821       1.4099
    9822       1.5038
    9823       1.3631
    9824       1.3481
    9825       1.2176
    9826       1.3321
    9827       1.2977
    9828       1.3247
    9829       1.3166
    9830       1.3521
    9831       1.2908
    9832       1.2658
    9833       1.2444
    9834       1.3436
    9835       1.3248
    9836       1.3364
    9837       1.1495
    9838       1.2244
    9839       1.2852
    9840       1.4417
    9841       1.3150
    9842       1.1642
    9843       1.1854
    9844       1.1537
    9845       1.1928
    9846       1.1040
    9847       1.1674
    9848       1.3027
    9849       1.1543
    9850       1.0795
    9851       1.1215
    9852       1.0192
    9853       1.1076
    9854       1.1022
    9855       1.1869
    9856       1.2095
    9857       1.1249
    9858       1.1835
    9859       1.1819
    9860       1.2585
    9861       1.1928
    9862       1.1412
    9863       1.1950
    9864       1.2181
    9865       1.3191
    9866       1.2473
    9867       1.3351
    9868       1.2515
    9869       1.2198
    9870       1.2231
    9871       1.3253
    9872       1.2468
    9873       1.0748
    9874       1.1856
    9875       1.3983
    9876       1.3065
    9877       1.1798
    9878       1.1544
    9879       1.1269
    9880       1.2151
    9881       1.2380
    9882       1.3075
    9883       1.2837
    9884       1.2943
    9885       1.3011
    9886       1.3270
    9887       1.1870
    9888       1.3834
    9889       1.4634
    9890       1.4095
    9891       1.4071
    9892       1.5717
    9893       1.5454
    9894       1.4519
    9895       1.2884
    9896       1.2869
    9897       1.2406
    9898       1.3717
    9899       1.4485
    9900       1.5386
    9901       1.4162
    9902       1.4498
    9903       1.5350
    9904       1.5164
    9905       1.4200
    9906       1.5699
    9907       1.7428
    9908       1.4357
    9909       1.4903
    9910       1.4691
    9911       1.4270
    9912       1.5381
    9913       1.5409
    9914       1.4678
    9915       1.3499
    9916       1.3418
    9917       1.1564
    9918       1.4687
    9919       1.4186
    9920       1.4286
    9921       1.3548
    9922       1.3380
    9923       1.3157
    9924       1.3389
    9925       1.3112
    9926       1.4006
    9927       1.2959
    9928       1.3924
    9929       1.3596
    9930       1.2850
    9931       1.2615
    9932       1.3291
    9933       1.2283
    9934       1.3169
    9935       1.3705
    9936       1.4073
    9937       1.4533
    9938       1.3714
    9939       1.3104
    9940       1.3599
    9941       1.3528
    9942       1.3938
    9943       1.3762
    9944       1.3741
    9945       1.4004
    9946       1.4457
    9947       1.3920
    9948       1.3813
    9949       1.4902
    9950       1.4135
    9951       1.4996
    9952       1.5878
    9953       1.3491
    9954       1.4031
    9955       1.3362
    9956       1.3960
    9957       1.3111
    9958       1.2994
    9959       1.3426
    9960       1.3186
    9961       1.2156
    9962       1.1764
    9963       1.1697
    9964       1.2424
    9965       1.2831
    9966       1.2719
    9967       1.2206
    9968       1.4451
    9969       1.3610
    9970       1.2462
    9971       1.3743
    9972       1.2373
    9973       1.3281
    9974       1.2175
    9975       1.1911
    9976       1.2548
    9977       1.1432
    9978       1.0154
    9979       0.9383
    9980       0.8856
    9981       0.8883
    9982       0.9686
    9983       1.0318
    9984       1.0573
    9985       0.9981
    9986       1.0713
    9987       0.9675
    9988       1.0091
    9989       0.9434
    9990       0.9024
    9991       0.9092
    9992       0.8633
    9993       0.9196
    9994       1.0908
    9995       0.8282
    9996       1.0671
    9997       1.0416
    9998       1.0984
    9999       1.0615
   10000       0.9465
   10001       1.0589
   10002       1.0539
   10003       1.1714
   10004       1.1227
   10005       1.1035
   10006       1.1678
   10007       1.1229
   10008       1.0029
   10009       0.9909
   10010       0.9814
   10011       1.0967
   10012       1.0689
   10013       1.0655
   10014       0.8551
   10015       0.8347
   10016       1.0647
   10017       0.9813
   10018       0.8959
   10019       0.9374
   10020       0.9948
   10021       0.9366
   10022       0.9251
   10023       0.8680
   10024       0.9326
   10025       0.9220
   10026       1.1532
   10027       1.1199
   10028       1.0563
   10029       1.0162
   10030       1.1273
   10031       0.9595
   10032       1.0651
   10033       1.0579
   10034       1.0370
   10035       1.0563
   10036       1.1045
   10037       1.1666
   10038       1.0705
   10039       1.0461
   10040       1.1134
   10041       1.0643
   10042       1.2190
   10043       1.2778
   10044       1.2081
   10045       1.1091
   10046       1.1991
   10047       1.2218
   10048       1.2623
   10049       1.2234
   10050       1.4100
   10051       1.4945
   10052       1.3096
   10053       1.4892
   10054       1.4172
   10055       1.2859
   10056       1.3671
   10057       1.3166
   10058       1.3839
   10059       1.1879
   10060       1.2577
   10061       1.2970
   10062       1.0173
   10063       1.0937
   10064       1.2658
   10065       1.1675
   10066       1.0876
   10067       0.9615
   10068       0.9175
   10069       1.1454
   10070       0.9945
   10071       0.9862
   10072       1.1162
   10073       1.0436
   10074       1.0900
   10075       1.2087
   10076       1.0324
   10077       1.2844
   10078       1.4790
   10079       1.3586
   10080       1.3078
   10081       1.3402
   10082       1.3987
   10083       1.3030
   10084       1.2131
   10085       1.0887
   10086       1.0473
   10087       0.9702
   10088       1.0905
   10089       1.0168
   10090       0.9930
   10091       1.0696
   10092       1.0774
   10093       1.0905
   10094       1.0756
   10095       0.9920
   10096       1.0774
   10097       1.0833
   10098       1.0941
   10099       1.1107
   10100       1.2208
   10101       1.2174
   10102       1.2370
   10103       1.1653
   10104       1.0640
   10105       1.1710
   10106       1.0830
   10107       1.0684
   10108       1.2564
   10109       1.2268
   10110       1.1215
   10111       1.1097
   10112       1.1151
   10113       1.1023
   10114       1.0408
   10115       1.1264
   10116       1.1362
   10117       1.0700
   10118       1.1994
   10119       1.1585
   10120       1.2231
   10121       1.2026
   10122       1.0846
   10123       1.2183
   10124       1.0805
   10125       1.0852
   10126       1.1657
   10127       0.9413
   10128       0.9885
   10129       1.0255
   10130       1.0037
   10131       1.0453
   10132       0.9379
   10133       0.9293
   10134       1.0613
   10135       1.0942
   10136       1.2608
   10137       1.0990
   10138       1.1327
   10139       1.1265
   10140       1.1054
   10141       1.1571
   10142       1.0680
   10143       0.9417
   10144       1.0629
   10145       1.0044
   10146       1.0733
   10147       1.2757
   10148       1.2852
   10149       1.2051
   10150       1.2325
   10151       1.0917
   10152       1.0535
   10153       0.9973
   10154       0.9820
   10155       1.0119
   10156       0.8615
   10157       0.9794
   10158       1.0017
   10159       0.9480
   10160       1.0930
   10161       1.0158
   10162       0.9738
   10163       1.0089
   10164       0.9025
   10165       0.9362
   10166       0.8080
   10167       0.8915
   10168       0.8977
   10169       0.9326
   10170       0.9349
   10171       0.9473
   10172       0.9266
   10173       0.9581
   10174       0.8473
   10175       0.8740
   10176       0.9509
   10177       0.9437
   10178       0.9236
   10179       0.9198
   10180       0.9217
   10181       0.8254
   10182       0.9530
   10183       0.8659
   10184       0.9249
   10185       0.8654
   10186       0.9978
   10187       1.1666
   10188       1.2033
   10189       1.0196
   10190       1.1255
   10191       1.1447
   10192       0.9974
   10193       1.1016
   10194       1.0120
   10195       1.0476
   10196       0.9711
   10197       1.0859
   10198       1.0929
   10199       1.0481
   10200       1.0589
   10201       0.9562
   10202       0.9841
   10203       0.9197
   10204       0.8859
   10205       0.8772
   10206       0.9380
   10207       0.8909
   10208       0.9571
   10209       1.0538
   10210       1.0161
   10211       1.0567
   10212       1.0619
   10213       0.8984
   10214       1.0004
   10215       1.0117
   10216       0.9995
   10217       1.0754
   10218       1.1243
   10219       1.0305
   10220       1.1829
   10221       1.1832
   10222       1.2400
   10223       1.2656
   10224       1.0969
   10225       1.1457
   10226       1.0796
   10227       1.1033
   10228       1.0472
   10229       1.0899
   10230       1.0137
   10231       1.1345
   10232       1.1560
   10233       1.2151
   10234       1.1196
   10235       1.1115
   10236       1.2320
   10237       1.2993
   10238       1.3186
   10239       1.2943
   10240       1.3274
   10241       1.1829
   10242       1.1634
   10243       1.1742
   10244       1.0726
   10245       1.0408
   10246       1.0690
   10247       1.1575
   10248       1.1256
   10249       1.0706
   10250       1.1074
   10251       1.0652
   10252       1.0658
   10253       1.1052
   10254       1.0177
   10255       1.1795
   10256       1.0737
   10257       1.0146
   10258       0.9707
   10259       1.0249
   10260       0.9037
   10261       1.1785
   10262       1.3072
   10263       1.1534
   10264       1.4315
   10265       1.3229
   10266       1.2050
   10267       1.1171
   10268       1.1217
   10269       1.0874
   10270       1.0299
   10271       1.0981
   10272       1.0671
   10273       1.1494
   10274       1.0805
   10275       1.0543
   10276       1.0985
   10277       1.0343
   10278       1.0666
   10279       1.0694
   10280       1.0672
   10281       1.0458
   10282       1.0718
   10283       1.1598
   10284       1.1361
   10285       1.0638
   10286       1.1219
   10287       1.1104
   10288       1.1524
   10289       1.0357
   10290       0.9741
   10291       0.9922
   10292       1.1191
   10293       0.9324
   10294       0.8704
   10295       0.8070
   10296       0.8695
   10297       0.8755
   10298       0.8976
   10299       0.9234
   10300       0.8642
   10301       0.7643
   10302       0.8953
   10303       0.9993
   10304       1.0756
   10305       0.9538
   10306       1.0261
   10307       1.1481
   10308       1.0817
   10309       1.1475
   10310       1.1089
   10311       1.2338
   10312       1.1723
   10313       1.1534
   10314       1.0913
   10315       1.0185
   10316       0.9684
   10317       1.1707
   10318       1.2330
   10319       1.0192
   10320       1.0859
   10321       1.0918
   10322       1.2014
   10323       1.2503
   10324       1.2059
   10325       1.3497
   10326       1.2258
   10327       1.2382
   10328       1.1168
   10329       1.1158
   10330       0.9506
   10331       0.8344
   10332       1.0601
   10333       1.1420
   10334       1.1689
   10335       1.0102
   10336       1.1163
   10337       1.1178
   10338       1.1732
   10339       1.0875
   10340       1.1600
   10341       1.2961
   10342       1.2618
   10343       1.2221
   10344       1.1648
   10345       1.0038
   10346       1.0504
   10347       1.1546
   10348       0.9728
   10349       0.9869
   10350       0.8985
   10351       0.8649
   10352       0.9639
   10353       0.9768
   10354       0.9800
   10355       1.0012
   10356       0.8755
   10357       1.0167
   10358       0.9474
   10359       0.8851
   10360       0.8551
   10361       0.7940
   10362       0.9243
   10363       0.9070
   10364       0.8189
   10365       0.8074
   10366       0.8637
   10367       0.8338
   10368       0.9805
   10369       0.8673
   10370       0.8166
   10371       0.7718
   10372       0.9592
   10373       0.9575
   10374       0.9184
   10375       1.1076
   10376       1.1499
   10377       1.1387
   10378       1.1307
   10379       1.0238
   10380       1.1590
   10381       1.0096
   10382       1.0923
   10383       1.0123
   10384       1.0021
   10385       1.0188
   10386       1.0312
   10387       1.0873
   10388       1.0015
   10389       1.1229
   10390       0.9188
   10391       0.8133
   10392       0.9044
   10393       0.8487
   10394       0.9048
   10395       0.9646
   10396       0.9204
   10397       0.9813
   10398       0.9917
   10399       0.9164
   10400       0.9196
   10401       0.9636
   10402       0.8956
   10403       0.8775
   10404       0.8312
   10405       0.8849
   10406       0.9178
   10407       0.8614
   10408       0.8266
   10409       0.9296
   10410       0.7966
   10411       0.8126
   10412       0.8642
   10413       0.7861
   10414       0.8878
   10415       0.8838
   10416       0.9132
   10417       0.8644
   10418       0.9560
   10419       0.9147
   10420       0.9075
   10421       0.8032
   10422       0.8182
   10423       0.7786
   10424       0.7988
   10425       0.8655
   10426       0.8943
   10427       0.8613
   10428       0.7978
   10429       0.8458
   10430       0.7811
   10431       0.7445
   10432       0.8368
   10433       0.8677
   10434       0.8064
   10435       0.9502
   10436       0.8464
   10437       0.8525
   10438       0.8396
   10439       0.9582
   10440       1.0509
   10441       0.9508
   10442       0.9648
   10443       0.9819
   10444       0.9816
   10445       0.8793
   10446       0.9070
   10447       0.9067
   10448       1.0191
   10449       0.9271
   10450       0.9598
   10451       1.0104
   10452       0.9655
   10453       0.8960
   10454       0.9098
   10455       0.9568
   10456       0.9625
   10457       0.9675
   10458       1.0593
   10459       0.9873
   10460       1.0120
   10461       0.9233
   10462       0.7735
   10463       0.7631
   10464       0.7926
   10465       0.8925
   10466       0.9449
   10467       1.0518
   10468       0.9244
   10469       0.9545
   10470       0.9795
   10471       0.8709
   10472       0.8680
   10473       0.9585
   10474       0.8949
   10475       0.9659
   10476       0.9786
   10477       1.0526
   10478       1.1979
   10479       1.2213
   10480       1.1328
   10481       1.2406
   10482       1.2674
   10483       1.0771
   10484       1.1310
   10485       1.1309
   10486       0.9280
   10487       0.9921
   10488       1.0063
   10489       1.0150
   10490       0.9783
   10491       0.8800
   10492       1.0150
   10493       0.8930
   10494       0.8381
   10495       0.8423
   10496       0.8913
   10497       0.9427
   10498       0.9690
   10499       1.0786
   10500       1.0879
   10501       1.2770
   10502       1.1881
   10503       1.1728
   10504       1.1368
   10505       1.0985
   10506       1.1364
   10507       1.1282
   10508       1.0907
   10509       0.9853
   10510       1.0658
   10511       1.0411
   10512       0.9849
   10513       1.0496
   10514       1.1974
   10515       1.1129
   10516       1.1311
   10517       1.1742
   10518       1.1949
   10519       1.2932
   10520       1.2535
   10521       1.2437
   10522       1.2622
   10523       1.1865
   10524       1.1921
   10525       1.1948
   10526       1.3214
   10527       1.3055
   10528       1.0997
   10529       1.1616
   10530       1.0890
   10531       1.1308
   10532       1.0554
   10533       1.0558
   10534       1.0919
   10535       1.0630
   10536       1.0054
   10537       0.9303
   10538       0.9425
   10539       1.0040
   10540       1.0436
   10541       1.1011
   10542       1.1682
   10543       1.2313
   10544       1.3200
   10545       1.3313
   10546       1.4298
   10547       1.1991
   10548       1.1393
   10549       0.9899
   10550       1.0534
   10551       1.0357
   10552       1.0003
   10553       1.0559
   10554       1.0786
   10555       0.9922
   10556       1.0062
   10557       0.9502
   10558       0.8283
   10559       0.8126
   10560       0.8963
   10561       0.9787
   10562       1.0979
   10563       1.0407
   10564       1.0023
   10565       0.9946
   10566       0.9497
   10567       0.8554
   10568       0.9427
   10569       1.0453
   10570       1.0083
   10571       1.0137
   10572       1.0928
   10573       0.9211
   10574       1.1028
   10575       1.0464
   10576       0.9639
   10577       1.0427
   10578       1.0945
   10579       0.9543
   10580       0.9157
   10581       0.9422
   10582       0.9338
   10583       0.8719
   10584       0.8642
   10585       0.8601
   10586       0.8941
   10587       0.9537
   10588       0.9314
   10589       0.9364
   10590       0.8585
   10591       0.9654
   10592       0.9485
   10593       0.9047
   10594       0.8481
   10595       0.8389
   10596       0.8338
   10597       0.9132
   10598       1.0113
   10599       0.9660
   10600       0.9328
   10601       0.9080
   10602       0.9921
   10603       1.0004
   10604       0.9633
   10605       1.0822
   10606       0.9946
   10607       0.9888
   10608       1.0247
   10609       0.9187
   10610       0.9836
   10611       0.9872
   10612       0.9190
   10613       0.8469
   10614       0.8950
   10615       0.8526
   10616       0.8745
   10617       0.8403
   10618       0.8404
   10619       0.8230
   10620       0.8160
   10621       0.9702
   10622       0.9116
   10623       0.8684
   10624       0.9184
   10625       0.8712
   10626       0.8608
   10627       0.9142
   10628       0.8630
   10629       0.8968
   10630       0.9265
   10631       0.9970
   10632       1.0127
   10633       0.9913
   10634       0.9778
   10635       1.1041
   10636       1.1167
   10637       1.0257
   10638       1.2120
   10639       1.1143
   10640       1.0642
   10641       1.0497
   10642       0.9917
   10643       1.0283
   10644       1.0579
   10645       0.9476
   10646       0.9448
   10647       0.9646
   10648       0.9205
   10649       0.9886
   10650       0.9634
   10651       0.8150
   10652       0.8763
   10653       0.8760
   10654       0.9520
   10655       0.8417
   10656       0.8282
   10657       0.8957
   10658       0.8872
   10659       0.8746
   10660       0.9928
   10661       0.8883
   10662       0.8169
   10663       0.9086
   10664       0.8935
   10665       0.8184
   10666       0.8490
   10667       1.0710
   10668       1.0245
   10669       0.9389
   10670       0.9727
   10671       0.8687
   10672       0.9490
   10673       0.9280
   10674       0.9408
   10675       1.0624
   10676       1.1250
   10677       1.0918
   10678       1.0390
   10679       0.9705
   10680       0.9660
   10681       1.1046
   10682       0.9084
   10683       0.9553
   10684       1.0971
   10685       1.0791
   10686       1.2289
   10687       1.1292
   10688       1.0258
   10689       0.9675
   10690       1.0006
   10691       0.9987
   10692       0.9338
   10693       0.8916
   10694       0.8200
   10695       0.8147
   10696       0.9677
   10697       0.8336
   10698       0.8203
   10699       0.8217
   10700       0.8406
   10701       0.9048
   10702       1.0168
   10703       0.9094
   10704       0.8287
   10705       0.8275
   10706       0.8514
   10707       0.8224
   10708       0.9661
   10709       0.9486
   10710       0.8884
   10711       0.7939
   10712       0.8000
   10713       0.8005
   10714       0.8850
   10715       0.8874
   10716       0.9037
   10717       0.9282
   10718       0.8576
   10719       0.9961
   10720       0.8680
   10721       0.7485
   10722       0.7238
   10723       0.9100
   10724       0.8704
   10725       0.8989
   10726       0.8694
   10727       0.9411
   10728       0.8525
   10729       0.8462
   10730       0.8561
   10731       0.9726
   10732       1.0605
   10733       1.0339
   10734       1.0787
   10735       1.0016
   10736       1.0205
   10737       1.1005
   10738       0.9872
   10739       0.9623
   10740       0.8218
   10741       0.8212
   10742       0.8883
   10743       0.8384
   10744       0.8646
   10745       0.8810
   10746       0.8468
   10747       0.9057
   10748       1.0118
   10749       0.9085
   10750       0.9935
   10751       0.8367
   10752       0.9901
   10753       0.9990
   10754       0.9870
   10755       0.9884
   10756       1.1284
   10757       1.2022
   10758       1.0684
   10759       1.0508
   10760       0.9931
   10761       0.9482
   10762       0.9752
   10763       1.0115
   10764       0.9979
   10765       1.0174
   10766       1.1312
   10767       1.1158
   10768       0.9191
   10769       0.9291
   10770       0.9209
   10771       0.8471
   10772       0.8949
   10773       1.0397
   10774       0.9805
   10775       0.9559
   10776       0.9668
   10777       1.0882
   10778       0.8857
   10779       1.0107
   10780       0.8774
   10781       0.9266
   10782       0.8113
   10783       0.9028
   10784       0.9323
   10785       0.9466
   10786       1.0123
   10787       1.0645
   10788       0.9786
   10789       1.1088
   10790       1.1490
   10791       0.9724
   10792       1.0995
   10793       1.0412
   10794       1.0669
   10795       1.0333
   10796       0.9896
   10797       0.9754
   10798       1.0302
   10799       1.0730
   10800       1.1149
   10801       0.9975
   10802       1.1362
   10803       1.0093
   10804       1.0125
   10805       1.1007
   10806       0.9521
   10807       0.9854
   10808       0.8925
   10809       0.8957
   10810       0.9040
   10811       0.8613
   10812       0.9798
   10813       1.0903
   10814       1.0289
   10815       1.1000
   10816       1.0381
   10817       0.9259
   10818       0.9321
   10819       0.9164
   10820       0.9862
   10821       0.9421
   10822       1.0362
   10823       1.0306
   10824       0.9113
   10825       0.9480
   10826       0.8762
   10827       0.7649
   10828       0.8789
   10829       0.8945
   10830       0.9139
   10831       0.8454
   10832       1.0241
   10833       1.0642
   10834       1.0906
   10835       0.9247
   10836       0.9689
   10837       0.9959
   10838       0.9275
   10839       0.8755
   10840       0.9677
   10841       0.9319
   10842       0.9006
   10843       0.9979
   10844       0.9456
   10845       0.9870
   10846       0.9405
   10847       0.9261
   10848       0.8902
   10849       0.9349
   10850       0.9860
   10851       0.9776
   10852       0.9234
   10853       0.9731
   10854       1.0137
   10855       1.0442
   10856       1.0312
   10857       1.0841
   10858       1.1698
   10859       0.9989
   10860       1.0808
   10861       1.0030
   10862       1.0028
   10863       0.9979
   10864       1.0714
   10865       1.1886
   10866       1.0430
   10867       0.9996
   10868       0.9845
   10869       0.9062
   10870       0.9565
   10871       0.9398
   10872       0.8224
   10873       0.7776
   10874       0.9789
   10875       0.9850
   10876       0.8228
   10877       0.8735
   10878       0.9154
   10879       0.8742
   10880       0.8376
   10881       0.8572
   10882       0.8651
   10883       0.8688
   10884       0.8883
   10885       0.9193
   10886       0.9110
   10887       0.9480
   10888       0.8753
   10889       0.8241
   10890       0.8038
   10891       0.9017
   10892       0.8383
   10893       0.8610
   10894       0.8899
   10895       0.8960
   10896       0.9050
   10897       1.0200
   10898       0.8612
   10899       1.1290
   10900       1.1558
   10901       1.1552
   10902       1.0617
   10903       1.0301
   10904       1.0155
   10905       0.9823
   10906       0.8512
   10907       0.9131
   10908       0.8198
   10909       1.0696
   10910       1.0482
   10911       0.9289
   10912       0.9523
   10913       1.1045
   10914       0.8492
   10915       0.7818
   10916       0.7811
   10917       0.7821
   10918       0.8121
   10919       0.8195
   10920       0.8693
   10921       0.8869
   10922       0.8831
   10923       0.8090
   10924       0.8673
   10925       0.8696
   10926       0.9608
   10927       0.8580
   10928       0.9535
   10929       0.9229
   10930       1.0011
   10931       1.0697
   10932       0.8960
   10933       0.9003
   10934       1.0591
   10935       1.0363
   10936       0.9833
   10937       1.0983
   10938       1.1448
   10939       1.0035
   10940       0.9074
   10941       0.8883
   10942       0.9730
   10943       0.9965
   10944       0.9971
   10945       0.8777
   10946       0.8800
   10947       0.9605
   10948       0.9935
   10949       0.9201
   10950       0.8932
   10951       0.8705
   10952       1.0252
   10953       1.0155
   10954       0.9595
   10955       0.8896
   10956       0.9616
   10957       0.8800
   10958       0.8420
   10959       0.7898
   10960       0.8612
   10961       1.0142
   10962       0.9388
   10963       0.9185
   10964       0.9080
   10965       0.7845
   10966       0.8624
   10967       0.9084
   10968       0.9117
   10969       0.8137
   10970       0.7816
   10971       0.8487
   10972       0.7342
   10973       0.8752
   10974       0.8991
   10975       0.9008
   10976       0.9439
   10977       0.8754
   10978       0.8048
   10979       0.7500
   10980       0.7450
   10981       0.7211
   10982       0.7840
   10983       0.8215
   10984       0.8556
   10985       0.7963
   10986       0.8568
   10987       0.9622
   10988       0.8575
   10989       0.8169
   10990       0.9367
   10991       0.8066
   10992       0.9275
   10993       1.0014
   10994       1.1293
   10995       1.1424
   10996       1.0758
   10997       1.0654
   10998       0.9933
   10999       1.0677
   11000       1.0695
   11001       1.0484
   11002       0.9975
   11003       0.9654
   11004       0.9285
   11005       0.9084
   11006       0.8819
   11007       0.8918
   11008       0.8448
   11009       0.9339
   11010       0.9932
   11011       0.9198
   11012       0.9635
   11013       1.0106
   11014       0.9937
   11015       0.9192
   11016       0.9330
   11017       1.0995
   11018       1.0318
   11019       1.0698
   11020       1.0263
   11021       1.2106
   11022       1.1438
   11023       1.3227
   11024       1.2981
   11025       1.2800
   11026       1.1340
   11027       1.1900
   11028       0.9535
   11029       1.0821
   11030       0.9590
   11031       0.9713
   11032       0.9776
   11033       1.0434
   11034       1.1413
   11035       1.2017
   11036       1.2587
   11037       1.1585
   11038       1.1589
   11039       1.1724
   11040       1.3927
   11041       1.2006
   11042       1.2841
   11043       1.1639
   11044       1.2670
   11045       1.0936
   11046       1.2879
   11047       1.1904
   11048       1.2121
   11049       1.1584
   11050       1.0892
   11051       1.1824
   11052       1.2365
   11053       1.2313
   11054       1.2340
   11055       1.2854
   11056       1.3226
   11057       1.3216
   11058       1.3763
   11059       1.3566
   11060       1.2757
   11061       1.2885
   11062       1.1960
   11063       1.2678
   11064       1.2335
   11065       1.1448
   11066       1.2219
   11067       1.3251
   11068       1.3450
   11069       1.3462
   11070       1.3170
   11071       1.2664
   11072       1.1599
   11073       1.3105
   11074       1.3167
   11075       1.3019
   11076       1.3195
   11077       1.3518
   11078       1.4513
   11079       1.4693
   11080       1.3198
   11081       1.3182
   11082       1.2736
   11083       1.1931
   11084       1.3152
   11085       1.1293
   11086       1.2079
   11087       1.2197
   11088       1.2253
   11089       1.1869
   11090       1.2298
   11091       1.1900
   11092       1.0906
   11093       1.0502
   11094       1.0175
   11095       1.0892
   11096       1.1172
   11097       1.1878
   11098       1.1025
   11099       1.2058
   11100       1.1109
   11101       1.2206
   11102       1.1452
   11103       1.2758
   11104       1.5475
   11105       1.3036
   11106       1.0533
   11107       1.1302
   11108       1.1325
   11109       1.0851
   11110       1.1397
   11111       1.2064
   11112       1.1738
   11113       1.1633
   11114       1.1004
   11115       1.1365
   11116       1.0985
   11117       1.0872
   11118       0.9532
   11119       0.9845
   11120       0.8879
   11121       0.9504
   11122       0.9369
   11123       0.9900
   11124       1.0831
   11125       1.0835
   11126       1.0453
   11127       0.9363
   11128       0.9784
   11129       0.9424
   11130       0.8756
   11131       0.8661
   11132       0.9523
   11133       0.8895
   11134       0.9153
   11135       0.9539
   11136       0.9554
   11137       0.9495
   11138       0.9959
   11139       0.8996
   11140       0.8518
   11141       0.8914
   11142       0.8658
   11143       0.8876
   11144       0.8934
   11145       0.9547
   11146       1.0967
   11147       0.9818
   11148       0.9098
   11149       0.8883
   11150       0.9129
   11151       0.9072
   11152       0.9602
   11153       0.9085
   11154       1.0204
   11155       1.0040
   11156       1.1681
   11157       1.1174
   11158       0.9811
   11159       1.1769
   11160       1.0822
   11161       1.0728
   11162       1.0544
   11163       0.9587
   11164       0.9483
   11165       0.9620
   11166       0.8351
   11167       0.9085
   11168       0.8562
   11169       1.0261
   11170       0.9522
   11171       1.0454
   11172       0.9729
   11173       0.9857
   11174       0.8182
   11175       0.8747
   11176       0.7365
   11177       0.7365
   11178       0.7874
   11179       0.9422
   11180       0.8288
   11181       0.8326
   11182       0.9053
   11183       0.9230
   11184       0.9812
   11185       0.9144
   11186       1.0286
   11187       1.0672
   11188       0.9987
   11189       0.9111
   11190       0.9734
   11191       0.9883
   11192       0.8574
   11193       0.9959
   11194       0.8573
   11195       0.9510
   11196       0.9180
   11197       1.0107
   11198       0.9593
   11199       0.8113
   11200       0.8860
   11201       0.9317
   11202       1.0295
   11203       1.0612
   11204       1.0272
   11205       1.0669
   11206       0.9038
   11207       0.9687
   11208       0.9675
   11209       1.0251
   11210       1.1189
   11211       1.0749
   11212       1.1049
   11213       1.1797
   11214       1.1750
   11215       1.1236
   11216       1.0820
   11217       0.9949
   11218       1.0157
   11219       1.0120
   11220       1.1005
   11221       1.0427
   11222       1.0266
   11223       1.0715
   11224       1.1386
   11225       1.0118
   11226       1.2142
   11227       1.1426
   11228       1.1180
   11229       1.0015
   11230       1.2118
   11231       1.2332
   11232       1.0060
   11233       1.0950
   11234       1.0460
   11235       1.1081
   11236       1.0903
   11237       1.1364
   11238       1.0567
   11239       1.0687
   11240       1.0035
   11241       1.1748
   11242       0.9910
   11243       0.9838
   11244       0.9388
   11245       0.9949
   11246       1.0972
   11247       1.0148
   11248       1.0480
   11249       1.0181
   11250       1.0676
   11251       1.0551
   11252       1.1212
   11253       1.1441
   11254       1.2260
   11255       1.2935
   11256       1.1845
   11257       1.2077
   11258       1.0446
   11259       1.0048
   11260       0.9701
   11261       1.1438
   11262       1.1271
   11263       1.2184
   11264       1.2148
   11265       1.1430
   11266       1.0211
   11267       1.0432
   11268       1.0648
   11269       1.0296
   11270       1.0895
   11271       0.9180
   11272       0.9884
   11273       0.8945
   11274       0.8517
   11275       0.8721
   11276       0.9176
   11277       0.8371
   11278       0.8223
   11279       0.8870
   11280       0.9658
   11281       0.9880
   11282       0.9332
   11283       0.9821
   11284       0.8713
   11285       0.9709
   11286       0.9124
   11287       0.8757
   11288       0.7874
   11289       0.8790
   11290       0.9597
   11291       0.9303
   11292       0.8667
   11293       1.0349
   11294       0.9579
   11295       1.0043
   11296       0.9163
   11297       0.8818
   11298       0.7819
   11299       0.9426
   11300       0.9951
   11301       1.0151
   11302       0.9020
   11303       1.0171
   11304       0.9364
   11305       0.8267
   11306       0.8164
   11307       0.8005
   11308       0.8382
   11309       0.7838
   11310       0.8564
   11311       0.8412
   11312       0.9080
   11313       0.8424
   11314       0.8657
   11315       1.0150
   11316       0.9056
   11317       0.9034
   11318       0.8456
   11319       0.8474
   11320       0.9297
   11321       1.0716
   11322       0.9932
   11323       1.0340
   11324       0.9719
   11325       0.9480
   11326       0.9894
   11327       0.9480
   11328       0.9392
   11329       1.0081
   11330       1.0103
   11331       1.0178
   11332       0.9026
   11333       0.9323
   11334       1.0659
   11335       1.0257
   11336       1.0479
   11337       1.0766
   11338       1.1466
   11339       1.0367
   11340       0.9217
   11341       0.9647
   11342       1.0235
   11343       0.9350
   11344       0.9892
   11345       1.0445
   11346       0.9709
   11347       0.8572
   11348       0.9555
   11349       1.0280
   11350       0.9673
   11351       1.0413
   11352       0.8968
   11353       0.9343
   11354       0.8565
   11355       0.9203
   11356       0.8775
   11357       0.8556
   11358       0.9350
   11359       0.9046
   11360       0.9996
   11361       0.9131
   11362       1.0223
   11363       1.0332
   11364       1.0475
   11365       1.1150
   11366       0.9471
   11367       0.9869
   11368       0.9461
   11369       0.9473
   11370       0.9080
   11371       0.8921
   11372       0.9011
   11373       1.0061
   11374       0.9203
   11375       1.0159
   11376       0.9498
   11377       0.9561
   11378       0.9900
   11379       1.0783
   11380       0.9557
   11381       0.9288
   11382       0.9327
   11383       0.9050
   11384       0.8626
   11385       0.8899
   11386       0.8255
   11387       0.9082
   11388       0.9822
   11389       0.9134
   11390       0.9542
   11391       0.9194
   11392       0.8266
   11393       0.8551
   11394       0.8882
   11395       1.0350
   11396       1.0288
   11397       1.0143
   11398       1.0941
   11399       1.0008
   11400       0.9973
   11401       1.0717
   11402       0.9400
   11403       0.8982
   11404       0.9709
   11405       1.0927
   11406       1.0477
   11407       1.1284
   11408       1.0842
   11409       1.1388
   11410       1.0822
   11411       1.0222
   11412       1.0022
   11413       1.0094
   11414       1.1701
   11415       1.1569
   11416       1.1382
   11417       1.0826
   11418       0.9748
   11419       1.1057
   11420       0.8833
   11421       0.9068
   11422       0.8541
   11423       0.9421
   11424       0.9434
   11425       1.0836
   11426       1.1217
   11427       1.0279
   11428       1.0433
   11429       1.0225
   11430       1.0139
   11431       1.2768
   11432       1.2911
   11433       1.2599
   11434       1.2419
   11435       1.3548
   11436       1.1921
   11437       1.2446
   11438       1.1848
   11439       1.2044
   11440       1.3217
   11441       1.1377
   11442       1.1366
   11443       1.1843
   11444       1.1714
   11445       1.2388
   11446       1.1352
   11447       1.0403
   11448       1.1077
   11449       1.0073
   11450       1.0540
   11451       1.1600
   11452       1.1521
   11453       1.0968
   11454       1.1179
   11455       1.0443
   11456       1.0325
   11457       0.8368
   11458       1.0241
   11459       1.1055
   11460       1.0776
   11461       1.1695
   11462       1.1371
   11463       0.9832
   11464       1.0886
   11465       1.3446
   11466       1.3328
   11467       1.2211
   11468       1.1940
   11469       1.2427
   11470       1.3566
   11471       1.2860
   11472       1.2954
   11473       1.3702
   11474       1.4619
   11475       1.2796
   11476       1.3152
   11477       1.3097
   11478       1.4296
   11479       1.3098
   11480       1.2563
   11481       1.1799
   11482       1.2833
   11483       1.2789
   11484       1.2601
   11485       1.2363
   11486       1.2675
   11487       1.3197
   11488       1.2748
   11489       1.2846
   11490       1.2599
   11491       1.4388
   11492       1.3963
   11493       1.3802
   11494       1.4953
   11495       1.3995
   11496       1.4153
   11497       1.5592
   11498       1.4379
   11499       1.3580
   11500       1.6078
   11501       1.4342
   11502       1.4452
   11503       1.4221
   11504       1.2832
   11505       1.1478
   11506       1.4142
   11507       1.3233
   11508       1.2854
   11509       1.1723
   11510       1.2678
   11511       1.2191
   11512       1.2412
   11513       1.1840
   11514       1.0018
   11515       0.9982
   11516       1.0723
   11517       1.0857
   11518       1.0989
   11519       1.2326
   11520       1.1584
   11521       1.2416
   11522       1.3064
   11523       1.2490
   11524       1.2506
   11525       1.2229
   11526       1.0881
   11527       1.1622
   11528       1.0991
   11529       1.1184
   11530       1.1787
   11531       1.0899
   11532       0.9791
   11533       0.9270
   11534       0.8419
   11535       0.8980
   11536       0.8267
   11537       0.9931
   11538       1.0647
   11539       0.9581
   11540       0.9653
   11541       0.9502
   11542       0.9811
   11543       0.9950
   11544       0.9997
   11545       1.0774
   11546       1.1767
   11547       1.2634
   11548       1.2953
   11549       1.2671
   11550       1.1767
   11551       1.2533
   11552       1.2130
   11553       1.3646
   11554       1.4629
   11555       1.4581
   11556       1.3807
   11557       1.5483
   11558       1.4103
   11559       1.2378
   11560       1.2923
   11561       1.1389
   11562       1.2402
   11563       1.2386
   11564       1.3386
   11565       1.2643
   11566       1.4498
   11567       1.3749
   11568       1.3839
   11569       1.2769
   11570       1.1759
   11571       1.2007
   11572       1.1716
   11573       1.0798
   11574       0.9916
   11575       1.1061
   11576       1.1742
   11577       1.1125
   11578       1.0434
   11579       1.0254
   11580       1.0095
   11581       1.1275
   11582       1.1197
   11583       1.1549
   11584       1.0721
   11585       1.0192
   11586       1.0838
   11587       1.2871
   11588       1.1069
   11589       1.1038
   11590       1.1148
   11591       1.0141
   11592       1.1183
   11593       1.0263
   11594       0.9759
   11595       1.0306
   11596       0.9561
   11597       0.8548
   11598       0.8596
   11599       0.8189
   11600       0.9056
   11601       0.9489
   11602       0.9717
   11603       1.0313
   11604       1.1471
   11605       0.9763
   11606       0.9557
   11607       0.9759
   11608       0.9163
   11609       0.9743
   11610       0.9306
   11611       0.9543
   11612       0.8926
   11613       1.0130
   11614       1.0310
   11615       0.9767
   11616       0.9902
   11617       1.0368
   11618       0.8749
   11619       0.9118
   11620       0.9322
   11621       1.0450
   11622       1.0532
   11623       1.0093
   11624       0.9810
   11625       0.9004
   11626       0.9453
   11627       0.9889
   11628       1.0387
   11629       1.0219
   11630       1.0656
   11631       1.0048
   11632       0.8604
   11633       0.8722
   11634       1.0220
   11635       0.9394
   11636       0.8470
   11637       0.7886
   11638       0.8212
   11639       0.9324
   11640       0.9144
   11641       0.8196
   11642       0.8125
   11643       0.8717
   11644       0.8847
   11645       0.7629
   11646       0.7588
   11647       0.8415
   11648       0.8477
   11649       1.0059
   11650       1.0241
   11651       1.1131
   11652       0.9493
   11653       0.9262
   11654       0.9097
   11655       1.0067
   11656       0.9451
   11657       1.0500
   11658       1.0549
   11659       0.9734
   11660       1.0108
   11661       1.0637
   11662       0.9657
   11663       0.9053
   11664       0.9132
   11665       1.0316
   11666       0.9746
   11667       0.8829
   11668       0.9321
   11669       1.0369
   11670       0.9834
   11671       0.9812
   11672       1.0325
   11673       1.0091
   11674       0.9846
   11675       0.9930
   11676       0.9504
   11677       0.8688
   11678       0.9210
   11679       0.9749
   11680       0.9357
   11681       0.9305
   11682       0.9755
   11683       0.9454
   11684       0.9419
   11685       0.8826
   11686       0.9083
   11687       0.8802
   11688       0.9391
   11689       0.8958
   11690       0.9347
   11691       0.8358
   11692       0.9933
   11693       0.9889
   11694       0.9615
   11695       0.9394
   11696       1.0114
   11697       1.0734
   11698       1.0765
   11699       0.9760
   11700       1.1241
   11701       1.1261
   11702       0.9106
   11703       1.0203
   11704       0.9731
   11705       0.8810
   11706       1.0772
   11707       1.1986
   11708       1.0140
   11709       1.1032
   11710       1.0002
   11711       1.0490
   11712       0.9963
   11713       1.0366
   11714       1.0071
   11715       0.9308
   11716       1.0114
   11717       0.9973
   11718       1.0765
   11719       1.0298
   11720       1.0050
   11721       1.0134
   11722       0.9778
   11723       0.8757
   11724       0.9674
   11725       0.8438
   11726       0.9654
   11727       0.8100
   11728       0.7988
   11729       0.8930
   11730       0.8354
   11731       0.8232
   11732       0.8809
   11733       0.7747
   11734       0.8665
   11735       0.8531
   11736       0.8856
   11737       0.8347
   11738       0.8014
   11739       1.0310
   11740       1.0672
   11741       1.0181
   11742       0.9282
   11743       1.0424
   11744       1.0264
   11745       1.0472
   11746       1.1369
   11747       1.1366
   11748       0.9367
   11749       0.9584
   11750       0.8889
   11751       0.8139
   11752       0.8915
   11753       0.8867
   11754       0.9043
   11755       0.8762
   11756       0.9216
   11757       0.9840
   11758       0.9918
   11759       1.0523
   11760       1.0736
   11761       0.9820
   11762       1.0090
   11763       0.9736
   11764       0.8126
   11765       0.8757
   11766       0.8636
   11767       0.8987
   11768       0.8946
   11769       0.9971
   11770       0.9879
   11771       0.9031
   11772       0.8457
   11773       0.9109
   11774       0.8607
   11775       0.8463
   11776       0.8540
   11777       0.7895
   11778       0.8904
   11779       0.8601
   11780       0.8273
   11781       0.8171
   11782       0.8649
   11783       0.8265
   11784       0.9572
   11785       0.9232
   11786       1.0184
   11787       0.9325
   11788       0.8823
   11789       0.8881
   11790       1.0236
   11791       1.0025
   11792       0.8639
   11793       0.8463
   11794       0.8453
   11795       0.9708
   11796       0.8527
   11797       0.8463
   11798       0.8705
   11799       0.9306
   11800       0.8715
   11801       0.8345
   11802       0.8710
   11803       0.9719
   11804       0.9363
   11805       0.8089
   11806       0.8247
   11807       0.8791
   11808       0.8662
   11809       0.9158
   11810       0.8863
   11811       0.8331
   11812       0.8880
   11813       0.8371
   11814       0.8814
   11815       0.8024
   11816       0.8886
   11817       0.8507
   11818       0.8557
   11819       0.8982
   11820       0.9700
   11821       0.9441
   11822       0.8240
   11823       0.8015
   11824       0.9137
   11825       0.9477
   11826       0.9123
   11827       0.9767
   11828       0.8328
   11829       1.0394
   11830       0.9650
   11831       0.9637
   11832       1.0681
   11833       0.9321
   11834       0.9800
   11835       0.8192
   11836       0.8721
   11837       0.8679
   11838       0.9224
   11839       0.9076
   11840       1.1134
   11841       0.9404
   11842       0.8848
   11843       0.8872
   11844       0.8542
   11845       0.8311
   11846       0.8929
   11847       0.9220
   11848       0.9912
   11849       1.0571
   11850       1.0673
   11851       1.0053
   11852       1.0446
   11853       1.0267
   11854       1.2274
   11855       1.0060
   11856       1.1345
   11857       1.0207
   11858       0.9607
   11859       1.0464
   11860       1.1333
   11861       1.1055
   11862       1.1197
   11863       1.1352
   11864       1.0133
   11865       1.1373
   11866       1.2610
   11867       1.2189
   11868       1.0869
   11869       1.0776
   11870       1.1105
   11871       1.2146
   11872       1.0417
   11873       1.0732
   11874       0.9893
   11875       1.0625
   11876       1.0746
   11877       1.0514
   11878       0.9344
   11879       1.0101
   11880       0.9859
   11881       1.0402
   11882       1.0342
   11883       0.9814
   11884       1.0627
   11885       1.1236
   11886       1.0894
   11887       1.0456
   11888       1.0132
   11889       0.9618
   11890       1.0483
   11891       1.0753
   11892       1.0064
   11893       0.9068
   11894       0.8420
   11895       1.0637
   11896       0.9865
   11897       0.9875
   11898       0.9190
   11899       1.0536
   11900       0.9377
   11901       0.8667
   11902       0.8727
   11903       1.0504
   11904       0.9231
   11905       0.9921
   11906       0.9121
   11907       1.0400
   11908       0.9983
   11909       0.8325
   11910       0.8656
   11911       0.9420
   11912       0.9277
   11913       1.0750
   11914       0.9232
   11915       1.0373
   11916       1.0096
   11917       1.1271
   11918       0.9065
   11919       0.8982
   11920       0.8846
   11921       0.8699
   11922       0.8237
   11923       0.9154
   11924       0.9402
   11925       0.9587
   11926       1.0147
   11927       0.9498
   11928       0.9995
   11929       1.0222
   11930       0.9387
   11931       0.8853
   11932       1.0736
   11933       0.9931
   11934       0.8379
   11935       0.8406
   11936       0.8179
   11937       0.8794
   11938       0.9123
   11939       0.9491
   11940       0.8410
   11941       0.8054
   11942       0.8912
   11943       0.8317
   11944       0.9580
   11945       0.9431
   11946       1.0081
   11947       0.9527
   11948       0.9542
   11949       0.8232
   11950       0.9147
   11951       0.9464
   11952       0.8798
   11953       0.8765
   11954       0.9984
   11955       0.9831
   11956       1.1260
   11957       1.0454
   11958       1.0596
   11959       0.9211
   11960       1.0912
   11961       1.0584
   11962       0.9795
   11963       0.9238
   11964       0.9626
   11965       1.0793
   11966       0.9499
   11967       0.9660
   11968       1.0269
   11969       0.9947
   11970       0.9357
   11971       0.9389
   11972       0.9345
   11973       0.9971
   11974       0.9417
   11975       1.0228
   11976       1.0014
   11977       0.9656
   11978       1.1591
   11979       1.0831
   11980       0.9183
   11981       0.9592
   11982       0.9753
   11983       0.9042
   11984       1.1821
   11985       1.1362
   11986       1.0632
   11987       1.0189
   11988       1.0020
   11989       1.0426
   11990       1.0366
   11991       0.9412
   11992       0.9456
   11993       1.0178
   11994       1.0767
   11995       1.1975
   11996       1.0995
   11997       1.0995
   11998       1.0477
   11999       1.0239
   12000       1.1378
   12001       1.1556
   12002       1.0480
   12003       0.9538
   12004       1.1427
   12005       1.1609
   12006       1.0380
   12007       1.0357
   12008       1.0407
   12009       1.0860
   12010       1.1189
   12011       1.3015
   12012       1.3527
   12013       1.2715
   12014       1.1553
   12015       1.1880
   12016       1.1636
   12017       1.0884
   12018       0.9752
   12019       1.1359
   12020       1.2946
   12021       1.1203
   12022       1.1764
   12023       1.1752
   12024       1.1057
   12025       1.0889
   12026       1.0447
   12027       0.9870
   12028       0.9741
   12029       1.0144
   12030       1.0439
   12031       1.1073
   12032       1.0897
   12033       1.0837
   12034       1.0163
   12035       1.0033
   12036       1.0100
   12037       1.1335
   12038       1.0128
   12039       0.9192
   12040       0.9487
   12041       1.0277
   12042       0.9816
   12043       1.0946
   12044       1.0377
   12045       0.9965
   12046       0.9953
   12047       0.9072
   12048       0.8900
   12049       1.0094
   12050       0.9642
   12051       1.0652
   12052       1.0925
   12053       1.0543
   12054       1.0908
   12055       1.1114
   12056       0.9626
   12057       1.0336
   12058       0.9160
   12059       1.0113
   12060       1.1325
   12061       1.2186
   12062       1.0826
   12063       1.2695
   12064       1.1338
   12065       1.0009
   12066       1.0203
   12067       1.1202
   12068       1.0088
   12069       0.9662
   12070       0.8884
   12071       0.9729
   12072       1.1116
   12073       1.1214
   12074       1.0920
   12075       1.1883
   12076       1.1265
   12077       1.2116
   12078       1.1782
   12079       1.0515
   12080       1.1875
   12081       1.2149
   12082       1.1392
   12083       1.0245
   12084       1.0382
   12085       1.0356
   12086       1.1286
   12087       1.0998
   12088       1.0270
   12089       1.0488
   12090       1.0970
   12091       1.1967
   12092       1.1682
   12093       1.3461
   12094       1.3167
   12095       1.1374
   12096       1.0362
   12097       1.1314
   12098       0.8843
   12099       0.8937
   12100       0.9601
   12101       1.1047
   12102       0.9982
   12103       1.0207
   12104       1.0314
   12105       0.9447
   12106       0.8886
   12107       0.8637
   12108       0.8225
   12109       0.7702
   12110       0.7408
   12111       0.8470
   12112       0.8557
   12113       0.8421
   12114       0.8395
   12115       0.8212
   12116       0.8218
   12117       0.9318
   12118       0.8727
   12119       0.8955
   12120       0.8964
   12121       0.9297
   12122       1.0390
   12123       0.9610
   12124       0.9208
   12125       0.9772
   12126       0.9657
   12127       1.0199
   12128       0.9250
   12129       0.8917
   12130       0.8984
   12131       0.9222
   12132       0.8292
   12133       0.8720
   12134       0.7949
   12135       0.9426
   12136       0.8387
   12137       0.9810
   12138       0.9271
   12139       0.8109
   12140       0.8026
   12141       0.8821
   12142       0.9181
   12143       0.9261
   12144       0.8624
   12145       0.8289
   12146       0.8725
   12147       1.0477
   12148       0.9760
   12149       0.8967
   12150       0.7746
   12151       0.8525
   12152       1.0591
   12153       0.9586
   12154       0.7269
   12155       0.7830
   12156       0.9086
   12157       0.9153
   12158       1.0178
   12159       0.9086
   12160       0.9015
   12161       0.9004
   12162       0.8195
   12163       0.8691
   12164       0.8130
   12165       0.7950
   12166       0.8198
   12167       0.8531
   12168       0.8768
   12169       0.8685
   12170       0.9454
   12171       0.9280
   12172       0.9449
   12173       1.0415
   12174       0.9324
   12175       0.8678
   12176       0.8525
   12177       0.9438
   12178       1.0708
   12179       1.0771
   12180       1.0593
   12181       1.1045
   12182       1.0732
   12183       1.0161
   12184       1.1572
   12185       0.9879
   12186       1.0387
   12187       1.0195
   12188       1.1109
   12189       1.0299
   12190       1.0193
   12191       1.0196
   12192       1.0047
   12193       1.1337
   12194       1.1940
   12195       1.1603
   12196       0.9898
   12197       1.0635
   12198       1.0702
   12199       1.1090
   12200       1.0622
   12201       1.0356
   12202       0.9488
   12203       0.9567
   12204       0.9126
   12205       0.9985
   12206       0.9171
   12207       0.8164
   12208       0.8560
   12209       0.9482
   12210       0.8902
   12211       0.9329
   12212       0.9898
   12213       1.0178
   12214       0.9728
   12215       0.9544
   12216       0.8472
   12217       0.9238
   12218       0.9445
   12219       0.9960
   12220       1.0169
   12221       0.9050
   12222       0.9186
   12223       0.9678
   12224       0.9859
   12225       0.8930
   12226       0.9526
   12227       0.9766
   12228       0.9735
   12229       1.0430
   12230       0.9407
   12231       0.8448
   12232       0.9237
   12233       0.9741
   12234       0.9739
   12235       0.8390
   12236       0.8475
   12237       0.9686
   12238       1.0143
   12239       1.0292
   12240       1.1692
   12241       1.1079
   12242       1.1145
   12243       1.0889
   12244       1.0754
   12245       1.1716
   12246       1.1766
   12247       1.0232
   12248       1.1168
   12249       1.0366
   12250       1.0688
   12251       0.9609
   12252       0.9139
   12253       0.7981
   12254       0.7895
   12255       0.9398
   12256       0.7664
   12257       0.7991
   12258       0.8384
   12259       0.9362
   12260       0.9555
   12261       0.8919
   12262       0.9314
   12263       0.9912
   12264       0.9915
   12265       0.8994
   12266       0.9004
   12267       0.8912
   12268       0.8670
   12269       1.0577
   12270       1.0431
   12271       0.9741
   12272       1.0152
   12273       1.0079
   12274       0.9116
   12275       0.9352
   12276       1.0045
   12277       0.9752
   12278       0.9874
   12279       1.0155
   12280       1.1231
   12281       0.9533
   12282       1.0275
   12283       0.9062
   12284       1.0237
   12285       0.9771
   12286       1.1417
   12287       1.1076
   12288       0.9368
   12289       1.0666
   12290       1.1295
   12291       1.0593
   12292       1.0823
   12293       1.0917
   12294       1.0072
   12295       0.9477
   12296       1.0079
   12297       0.9983
   12298       1.0322
   12299       1.0956
   12300       1.1866
   12301       1.0961
   12302       1.0002
   12303       1.1680
   12304       1.3229
   12305       1.3588
   12306       1.1662
   12307       1.1035
   12308       1.0592
   12309       1.1709
   12310       1.1632
   12311       1.1180
   12312       1.0974
   12313       1.0145
   12314       1.1239
   12315       1.1330
   12316       0.9754
   12317       1.0863
   12318       0.9098
   12319       1.0186
   12320       1.0156
   12321       1.0607
   12322       1.0167
   12323       0.9786
   12324       0.9525
   12325       0.9830
   12326       1.1465
   12327       1.0291
   12328       1.0261
   12329       1.1006
   12330       1.1019
   12331       1.0539
   12332       1.0774
   12333       1.0211
   12334       1.0954
   12335       0.9925
   12336       0.9967
   12337       0.9939
   12338       1.0565
   12339       1.0257
   12340       1.0543
   12341       1.0030
   12342       1.0863
   12343       1.0383
   12344       0.8192
   12345       0.9076
   12346       0.9637
   12347       1.0535
   12348       1.0466
   12349       1.0072
   12350       1.0395
   12351       1.0127
   12352       1.0720
   12353       1.0040
   12354       1.0840
   12355       1.0600
   12356       1.1503
   12357       1.1460
   12358       1.1885
   12359       1.1295
   12360       1.1437
   12361       1.0947
   12362       1.1939
   12363       1.0619
   12364       1.1340
   12365       1.0048
   12366       1.3299
   12367       1.2477
   12368       1.2801
   12369       1.2562
   12370       1.4066
   12371       1.2582
   12372       1.1697
   12373       1.2432
   12374       1.1729
   12375       1.1913
   12376       1.1522
   12377       1.0648
   12378       1.1642
   12379       1.1988
   12380       1.1157
   12381       1.0744
   12382       1.1050
   12383       1.0202
   12384       1.0195
   12385       1.0464
   12386       1.1127
   12387       1.0697
   12388       1.0404
   12389       0.9864
   12390       0.9876
   12391       1.0592
   12392       1.1705
   12393       1.2506
   12394       1.2561
   12395       1.0910
   12396       1.1110
   12397       1.1986
   12398       1.0915
   12399       1.1743
   12400       1.2368
   12401       1.3254
   12402       1.3651
   12403       1.1760
   12404       1.0586
   12405       1.0375
   12406       1.1768
   12407       1.1308
   12408       1.1998
   12409       1.2266
   12410       1.1568
   12411       1.1124
   12412       1.1694
   12413       1.1295
   12414       1.0974
   12415       1.2120
   12416       1.2368
   12417       1.2536
   12418       1.3435
   12419       1.3533
   12420       1.3290
   12421       1.2954
   12422       1.2402
   12423       1.2228
   12424       1.1527
   12425       1.1780
   12426       1.1554
   12427       1.0509
   12428       1.0427
   12429       1.0804
   12430       1.1237
   12431       1.1518
   12432       1.3289
   12433       1.1409
   12434       1.1668
   12435       1.2397
   12436       1.2631
   12437       1.2571
   12438       1.2056
   12439       1.1682
   12440       1.1427
   12441       1.0899
   12442       1.1131
   12443       1.0207
   12444       1.1245
   12445       1.1068
   12446       1.2293
   12447       1.1998
   12448       1.1711
   12449       1.1848
   12450       1.2840
   12451       1.1918
   12452       1.0336
   12453       1.0470
   12454       1.1137
   12455       1.1971
   12456       1.0622
   12457       1.1046
   12458       1.1283
   12459       1.0191
   12460       0.9705
   12461       0.8793
   12462       0.9030
   12463       0.9514
   12464       1.0198
   12465       1.0123
   12466       1.0163
   12467       0.9153
   12468       0.9765
   12469       1.0472
   12470       0.9810
   12471       0.9606
   12472       1.0176
   12473       1.0642
   12474       0.9606
   12475       1.0015
   12476       0.9989
   12477       1.0145
   12478       1.0894
   12479       1.1355
   12480       1.1521
   12481       1.3069
   12482       1.1417
   12483       1.2507
   12484       1.2614
   12485       1.1611
   12486       1.2143
   12487       1.2593
   12488       1.1530
   12489       1.1599
   12490       1.1424
   12491       1.0981
   12492       1.2210
   12493       1.1681
   12494       1.0684
   12495       1.2407
   12496       1.1776
   12497       1.2582
   12498       1.1781
   12499       1.0921
   12500       1.1428
   12501       1.2140
   12502       1.1348
   12503       1.0744
   12504       1.1333
   12505       1.1292
   12506       1.1277
   12507       1.0825
   12508       1.0293
   12509       0.9979
   12510       1.1383
   12511       1.1074
   12512       0.9393
   12513       1.0586
   12514       1.1281
   12515       1.1043
   12516       1.1021
   12517       1.1224
   12518       1.0389
   12519       1.0836
   12520       1.0041
   12521       1.0624
   12522       0.9756
   12523       0.9459
   12524       1.0316
   12525       1.0994
   12526       1.0858
   12527       1.0720
   12528       1.1468
   12529       1.1333
   12530       1.0941
   12531       1.0852
   12532       1.0529
   12533       1.0653
   12534       1.0287
   12535       1.0595
   12536       1.1459
   12537       1.1673
   12538       1.0886
   12539       1.2387
   12540       1.1861
   12541       1.2509
   12542       1.0849
   12543       1.0106
   12544       1.0045
   12545       1.0820
   12546       1.0351
   12547       1.0549
   12548       0.9995
   12549       0.8714
   12550       1.0235
   12551       0.9245
   12552       0.9362
   12553       0.9065
   12554       1.0427
   12555       0.9299
   12556       0.8933
   12557       0.8850
   12558       1.0095
   12559       0.9601
   12560       0.9467
   12561       0.9788
   12562       0.9566
   12563       0.9751
   12564       0.8944
   12565       0.8876
   12566       0.9591
   12567       1.0266
   12568       1.0401
   12569       0.9282
   12570       1.0408
   12571       0.9405
   12572       0.9357
   12573       0.9167
   12574       0.9414
   12575       0.9783
   12576       0.9456
   12577       1.0732
   12578       1.0470
   12579       1.0178
   12580       1.1538
   12581       1.0254
   12582       0.9335
   12583       1.1159
   12584       1.2048
   12585       1.0596
   12586       1.0867
   12587       1.0535
   12588       1.1603
   12589       1.1254
   12590       1.1127
   12591       1.0659
   12592       1.2541
   12593       1.2154
   12594       1.1181
   12595       0.9879
   12596       0.9543
   12597       0.9210
   12598       0.9197
   12599       0.9093
   12600       0.9212
   12601       1.0472
   12602       1.0958
   12603       0.9710
   12604       1.0543
   12605       1.1406
   12606       1.1201
   12607       1.1371
   12608       1.0386
   12609       1.0150
   12610       1.1326
   12611       1.0534
   12612       1.0536
   12613       1.0212
   12614       1.0045
   12615       0.9855
   12616       0.9277
   12617       0.9185
   12618       0.9991
   12619       0.9349
   12620       0.9459
   12621       1.0181
   12622       0.8977
   12623       1.1167
   12624       1.0869
   12625       1.1539
   12626       1.2117
   12627       1.2071
   12628       1.0196
   12629       0.9912
   12630       1.0384
   12631       1.0040
   12632       0.9282
   12633       1.0712
   12634       0.9552
   12635       0.9627
   12636       0.9060
   12637       1.0053
   12638       1.1499
   12639       1.1029
   12640       1.0712
   12641       1.1023
   12642       1.1082
   12643       1.0309
   12644       1.1643
   12645       1.1964
   12646       1.2707
   12647       1.1909
   12648       1.1203
   12649       1.1189
   12650       1.1199
   12651       1.1291
   12652       1.0614
   12653       1.0263
   12654       1.1583
   12655       1.0326
   12656       1.2131
   12657       1.0728
   12658       1.1076
   12659       1.0506
   12660       1.0796
   12661       1.0831
   12662       1.0557
   12663       1.0359
   12664       0.9895
   12665       0.9498
   12666       1.0186
   12667       1.0690
   12668       1.1126
   12669       1.0958
   12670       1.1245
   12671       1.1394
   12672       1.1579
   12673       1.0758
   12674       1.0985
   12675       1.1859
   12676       1.1716
   12677       1.0993
   12678       1.1782
   12679       1.0442
   12680       0.9793
   12681       1.0180
   12682       1.0463
   12683       1.2795
   12684       1.2125
   12685       1.1667
   12686       1.0920
   12687       1.1253
   12688       1.0661
   12689       0.9972
   12690       1.0075
   12691       1.0198
   12692       1.0888
   12693       1.1171
   12694       1.1654
   12695       1.0325
   12696       0.9999
   12697       0.9933
   12698       1.1548
   12699       1.1550
   12700       1.0160
   12701       1.0629
   12702       1.1901
   12703       1.2100
   12704       1.0582
   12705       1.0690
   12706       1.0548
   12707       1.0227
   12708       1.0022
   12709       1.0372
   12710       1.1315
   12711       1.0856
   12712       1.0782
   12713       1.0959
   12714       1.0438
   12715       0.9552
   12716       0.8832
   12717       1.0077
   12718       0.9601
   12719       0.9225
   12720       0.9665
   12721       1.0634
   12722       0.9524
   12723       1.0740
   12724       1.0276
   12725       1.0034
   12726       0.9566
   12727       1.0388
   12728       1.0848
   12729       1.0314
   12730       1.0214
   12731       1.0466
   12732       1.0194
   12733       1.0677
   12734       1.0600
   12735       1.1919
   12736       1.1551
   12737       1.0593
   12738       1.0289
   12739       1.0443
   12740       1.0408
   12741       1.0075
   12742       0.9485
   12743       0.9967
   12744       0.8901
   12745       0.9161
   12746       0.9912
   12747       0.9834
   12748       1.0116
   12749       1.0162
   12750       1.0115
   12751       1.1687
   12752       1.2161
   12753       1.1554
   12754       1.1564
   12755       1.1156
   12756       1.0480
   12757       1.0824
   12758       1.1485
   12759       1.1442
   12760       1.2774
   12761       1.1238
   12762       1.0461
   12763       1.0128
   12764       1.1676
   12765       1.1621
   12766       1.1158
   12767       1.1241
   12768       1.1568
   12769       1.1070
   12770       1.0979
   12771       1.1459
   12772       1.1591
   12773       1.2407
   12774       1.1971
   12775       1.2872
   12776       1.3198
   12777       1.1697
   12778       1.1402
   12779       1.3066
   12780       1.1460
   12781       1.3337
   12782       1.2088
   12783       1.1858
   12784       1.1816
   12785       1.2664
   12786       1.2949
   12787       1.3839
   12788       1.4243
   12789       1.3892
   12790       1.2110
   12791       1.3062
   12792       1.1877
   12793       1.1931
   12794       1.1237
   12795       1.1258
   12796       1.0353
   12797       1.0402
   12798       1.1593
   12799       1.1796
   12800       1.2432
   12801       1.2287
   12802       1.2369
   12803       1.1559
   12804       1.1525
   12805       1.1781
   12806       1.2110
   12807       1.1740
   12808       1.1884
   12809       1.2619
   12810       1.2018
   12811       1.1590
   12812       1.2605
   12813       1.2068
   12814       1.2284
   12815       1.2095
   12816       1.1163
   12817       1.2248
   12818       1.2942
   12819       1.2522
   12820       1.4192
   12821       1.3450
   12822       1.2475
   12823       1.2843
   12824       1.1632
   12825       1.1955
   12826       1.0747
   12827       1.1251
   12828       1.0089
   12829       1.0062
   12830       0.9699
   12831       0.9843
   12832       0.9130
   12833       0.8381
   12834       0.8931
   12835       0.9189
   12836       0.9370
   12837       0.9061
   12838       0.9992
   12839       0.9893
   12840       1.0657
   12841       1.2213
   12842       1.0909
   12843       1.2175
   12844       1.0404
   12845       0.9733
   12846       0.9866
   12847       1.0000
   12848       1.0778
   12849       1.0280
   12850       1.0187
   12851       1.0143
   12852       0.9553
   12853       1.0284
   12854       0.9130
   12855       1.0354
   12856       1.0244
   12857       1.1747
   12858       1.1405
   12859       1.0827
   12860       1.0431
   12861       1.0308
   12862       1.1299
   12863       1.0430
   12864       1.0652
   12865       1.0880
   12866       1.1110
   12867       1.0008
   12868       1.1038
   12869       1.1279
   12870       1.0483
   12871       0.9910
   12872       1.1163
   12873       1.1807
   12874       1.0819
   12875       1.0434
   12876       0.9690
   12877       0.9826
   12878       0.9540
   12879       0.8619
   12880       0.9002
   12881       0.9023
   12882       0.9617
   12883       0.9710
   12884       0.9928
   12885       1.2027
   12886       1.1892
   12887       1.1032
   12888       1.0667
   12889       1.0943
   12890       1.0975
   12891       1.0169
   12892       1.0126
   12893       1.0762
   12894       1.0435
   12895       1.1070
   12896       1.0189
   12897       1.1761
   12898       1.1768
   12899       1.0738
   12900       1.0461
   12901       1.0148
   12902       1.0178
   12903       0.9605
   12904       0.9427
   12905       0.9374
   12906       1.0108
   12907       0.9824
   12908       1.0283
   12909       1.0928
   12910       1.1484
   12911       1.1145
   12912       1.1365
   12913       1.1877
   12914       1.1542
   12915       1.1975
   12916       1.1316
   12917       1.1093
   12918       1.0063
   12919       1.0435
   12920       1.0254
   12921       1.0129
   12922       1.1574
   12923       1.1628
   12924       1.1213
   12925       1.2533
   12926       1.1294
   12927       1.0252
   12928       1.1392
   12929       1.0932
   12930       1.0537
   12931       1.1199
   12932       1.0790
   12933       1.0363
   12934       1.0444
   12935       1.0013
   12936       0.9772
   12937       1.0509
   12938       1.0364
   12939       0.9763
   12940       0.9983
   12941       0.9461
   12942       0.9856
   12943       0.9380
   12944       1.0020
   12945       1.0603
   12946       1.0235
   12947       0.9369
   12948       0.9408
   12949       0.9545
   12950       0.8892
   12951       0.8768
   12952       0.9207
   12953       1.0939
   12954       1.1391
   12955       1.1255
   12956       1.0731
   12957       0.9896
   12958       0.9766
   12959       1.1152
   12960       0.9928
   12961       1.1248
   12962       1.0764
   12963       1.0512
   12964       1.0608
   12965       0.9843
   12966       1.1323
   12967       1.2047
   12968       1.1181
   12969       1.0701
   12970       1.0892
   12971       1.0646
   12972       1.1635
   12973       1.0248
   12974       1.0524
   12975       1.0679
   12976       1.0555
   12977       0.9990
   12978       1.0926
   12979       1.1095
   12980       1.1063
   12981       1.1259
   12982       1.1838
   12983       1.1632
   12984       1.1386
   12985       1.1281
   12986       1.1404
   12987       1.1052
   12988       1.1145
   12989       1.1102
   12990       1.1500
   12991       0.9908
   12992       1.0552
   12993       1.1620
   12994       1.2929
   12995       1.4298
   12996       1.2153
   12997       1.1988
   12998       1.1933
   12999       1.1439
   13000       1.2022
   13001       1.0848
   13002       0.9394
   13003       1.0707
   13004       1.2046
   13005       1.0877
   13006       1.0927
   13007       1.0981
   13008       1.1248
   13009       1.2037
   13010       1.1612
   13011       1.1543
   13012       1.1565
   13013       1.2002
   13014       1.2076
   13015       1.1109
   13016       1.2156
   13017       1.1668
   13018       1.0788
   13019       1.2216
   13020       1.3084
   13021       1.0495
   13022       1.2413
   13023       1.3129
   13024       1.2715
   13025       1.2902
   13026       1.2967
   13027       1.2773
   13028       1.2832
   13029       1.1562
   13030       1.2270
   13031       1.1485
   13032       1.2764
   13033       1.1286
   13034       1.0688
   13035       1.0758
   13036       1.1221
   13037       1.2225
   13038       1.1823
   13039       1.2623
   13040       1.1467
   13041       1.1095
   13042       1.0474
   13043       1.1026
   13044       1.0523
   13045       1.0031
   13046       0.9687
   13047       0.9939
   13048       1.0912
   13049       1.1351
   13050       0.9813
   13051       1.0100
   13052       1.0098
   13053       1.0599
   13054       1.0725
   13055       1.0102
   13056       0.8983
   13057       0.9116
   13058       0.9601
   13059       0.9133
   13060       1.0070
   13061       0.8682
   13062       0.8630
   13063       0.8665
   13064       0.8250
   13065       0.9399
   13066       0.8889
   13067       0.8471
   13068       0.9163
   13069       0.9066
   13070       0.8194
   13071       0.8228
   13072       0.8959
   13073       0.9826
   13074       1.0129
   13075       1.0460
   13076       1.0665
   13077       1.0797
   13078       1.0119
   13079       1.1043
   13080       1.0941
   13081       1.0484
   13082       0.9161
   13083       0.9080
   13084       0.9918
   13085       0.9540
   13086       1.0216
   13087       0.9277
   13088       0.9321
   13089       1.0029
   13090       1.0949
   13091       1.1162
   13092       1.0236
   13093       0.9478
   13094       0.9282
   13095       0.9276
   13096       0.9728
   13097       0.9694
   13098       0.9688
   13099       0.8597
   13100       0.8633
   13101       1.1459
   13102       1.1164
   13103       0.9946
   13104       1.0293
   13105       1.0585
   13106       1.2293
   13107       0.9760
   13108       1.0668
   13109       0.9648
   13110       1.1229
   13111       1.0723
   13112       1.0771
   13113       0.9952
   13114       0.9831
   13115       1.0509
   13116       1.0476
   13117       1.0211
   13118       1.0859
   13119       1.2024
   13120       1.1667
   13121       1.0204
   13122       1.0643
   13123       1.2673
   13124       1.1352
   13125       0.9786
   13126       1.0382
   13127       1.0471
   13128       1.0011
   13129       0.9297
   13130       0.8714
   13131       0.9916
   13132       1.0248
   13133       1.1245
   13134       1.2197
   13135       1.2718
   13136       1.2126
   13137       1.2056
   13138       0.9775
   13139       1.1192
   13140       1.0599
   13141       1.2820
   13142       1.3671
   13143       1.2403
   13144       1.1633
   13145       1.0612
   13146       1.1997
   13147       1.0740
   13148       1.1528
   13149       1.1897
   13150       1.3932
   13151       1.4770
   13152       1.2778
   13153       1.4560
   13154       1.2834
   13155       1.1759
   13156       1.2640
   13157       1.3867
   13158       1.3488
   13159       1.3837
   13160       1.4741
   13161       1.4058
   13162       1.4738
   13163       1.4076
   13164       1.3260
   13165       1.2537
   13166       1.3635
   13167       1.4332
   13168       1.4322
   13169       1.4349
   13170       1.3531
   13171       1.3686
   13172       1.2957
   13173       1.3460
   13174       1.3031
   13175       1.3962
   13176       1.2372
   13177       1.3068
   13178       1.3207
   13179       1.2154
   13180       1.2164
   13181       1.1514
   13182       1.2178
   13183       1.3267
   13184       1.2560
   13185       1.3122
   13186       1.5420
   13187       1.6092
   13188       1.5068
   13189       1.3164
   13190       1.5367
   13191       1.3900
   13192       1.4150
   13193       1.2416
   13194       1.1818
   13195       1.3261
   13196       1.4071
   13197       1.4193
   13198       1.4861
   13199       1.4038
   13200       1.4954
   13201       1.4396
   13202       1.4874
   13203       1.4044
   13204       1.3795
   13205       1.3207
   13206       1.3125
   13207       1.3905
   13208       1.2038
   13209       1.1541
   13210       1.2324
   13211       1.1624
   13212       1.2369
   13213       1.1609
   13214       1.1809
   13215       1.1698
   13216       1.2878
   13217       1.3142
   13218       1.2713
   13219       1.2560
   13220       1.2857
   13221       1.2128
   13222       1.0320
   13223       1.0722
   13224       1.0930
   13225       1.0896
   13226       1.1571
   13227       1.1840
   13228       1.1355
   13229       1.1648
   13230       1.0969
   13231       1.2181
   13232       1.3065
   13233       1.3785
   13234       1.3174
   13235       1.1397
   13236       1.1289
   13237       1.2342
   13238       1.2607
   13239       1.3492
   13240       1.2584
   13241       1.1981
   13242       1.2102
   13243       1.2063
   13244       1.1335
   13245       1.2509
   13246       1.3230
   13247       1.0993
   13248       1.0853
   13249       1.1495
   13250       1.1119
   13251       1.0800
   13252       1.1355
   13253       1.2893
   13254       1.1687
   13255       1.2056
   13256       1.1745
   13257       1.2322
   13258       1.1245
   13259       1.1001
   13260       1.2321
   13261       1.2670
   13262       1.3503
   13263       1.2851
   13264       1.3273
   13265       1.3008
   13266       1.2854
   13267       1.2127
   13268       1.1214
   13269       1.1256
   13270       1.1392
   13271       1.2984
   13272       1.2445
   13273       1.2957
   13274       1.1987
   13275       1.3756
   13276       1.3820
   13277       1.4820
   13278       1.3091
   13279       1.4872
   13280       1.4576
   13281       1.5594
   13282       1.4131
   13283       1.3902
   13284       1.4334
   13285       1.2998
   13286       1.3662
   13287       1.1957
   13288       1.2341
   13289       1.2354
   13290       1.2603
   13291       1.2713
   13292       1.2761
   13293       1.2532
   13294       1.1984
   13295       1.1276
   13296       1.0024
   13297       1.2075
   13298       1.1932
   13299       1.1713
   13300       1.1178
   13301       1.1583
   13302       1.1037
   13303       1.1249
   13304       1.2989
   13305       1.1340
   13306       1.0177
   13307       1.0563
   13308       1.0230
   13309       1.0395
   13310       0.9999
   13311       1.1108
   13312       1.0316
   13313       0.9497
   13314       0.9950
   13315       0.9578
   13316       1.0802
   13317       1.0976
   13318       1.1844
   13319       1.2998
   13320       1.2054
   13321       1.2281
   13322       1.1834
   13323       1.2158
   13324       1.1825
   13325       1.0675
   13326       1.1717
   13327       1.0854
   13328       1.1927
   13329       1.0925
   13330       1.1248
   13331       1.2344
   13332       1.2287
   13333       1.0636
   13334       1.1773
   13335       1.2849
   13336       1.1704
   13337       1.1335
   13338       1.0977
   13339       1.1194
   13340       1.1162
   13341       1.1344
   13342       1.2618
   13343       1.2070
   13344       1.2649
   13345       1.1409
   13346       1.1282
   13347       1.0386
   13348       1.0152
   13349       0.8889
   13350       0.9491
   13351       1.0267
   13352       1.0900
   13353       1.0629
   13354       1.0131
   13355       1.1272
   13356       1.1155
   13357       1.1861
   13358       1.2212
   13359       1.2728
   13360       1.1170
   13361       1.1956
   13362       1.2464
   13363       1.1900
   13364       1.0956
   13365       1.1346
   13366       0.9917
   13367       1.0851
   13368       1.0502
   13369       1.1471
   13370       1.1512
   13371       1.1694
   13372       1.2136
   13373       1.1642
   13374       1.1742
   13375       1.0857
   13376       1.1832
   13377       1.2165
   13378       1.2261
   13379       1.2652
   13380       1.2989
   13381       1.3182
   13382       1.2442
   13383       1.1017
   13384       1.0935
   13385       1.1315
   13386       1.0552
   13387       0.9479
   13388       0.9546
   13389       1.0548
   13390       1.2050
   13391       1.2522
   13392       1.1764
   13393       1.2738
   13394       1.1479
   13395       1.3528
   13396       1.3141
   13397       1.1772
   13398       1.2691
   13399       1.1941
   13400       1.1470
   13401       1.0941
   13402       0.9483
   13403       1.0949
   13404       1.2065
   13405       1.1204
   13406       1.1369
   13407       1.1511
   13408       1.0854
   13409       1.1324
   13410       1.0601
   13411       1.1752
   13412       1.1424
   13413       1.0793
   13414       1.0638
   13415       1.1708
   13416       1.1660
   13417       1.1806
   13418       1.2216
   13419       1.1845
   13420       0.9641
   13421       1.0411
   13422       1.1807
   13423       1.3215
   13424       1.2623
   13425       1.2866
   13426       1.2480
   13427       1.0181
   13428       0.9871
   13429       0.9398
   13430       1.0624
   13431       1.0029
   13432       1.1484
   13433       0.9577
   13434       1.0938
   13435       0.9797
   13436       1.0738
   13437       1.0134
   13438       1.0714
   13439       1.1465
   13440       1.1372
   13441       1.1354
   13442       1.0838
   13443       1.0807
   13444       1.0821
   13445       1.1059
   13446       1.0810
   13447       0.9944
   13448       1.0692
   13449       1.0205
   13450       1.0864
   13451       1.1431
   13452       1.0789
   13453       0.9767
   13454       1.1251
   13455       1.0981
   13456       1.1910
   13457       1.1114
   13458       1.1121
   13459       1.1532
   13460       1.3670
   13461       1.1903
   13462       1.2211
   13463       1.2642
   13464       1.2042
   13465       1.0747
   13466       1.1944
   13467       1.1074
   13468       1.0255
   13469       1.1734
   13470       1.0626
   13471       1.1406
   13472       1.1402
   13473       1.1105
   13474       1.1526
   13475       1.2965
   13476       1.1531
   13477       1.2744
   13478       1.3461
   13479       1.3838
   13480       1.3136
   13481       1.1661
   13482       1.1660
   13483       1.1062
   13484       1.0667
   13485       1.2303
   13486       1.2202
   13487       1.1323
   13488       1.3897
   13489       1.2422
   13490       0.9804
   13491       1.0366
   13492       1.1087
   13493       1.1165
   13494       1.0815
   13495       1.1389
   13496       1.1213
   13497       1.1581
   13498       1.0682
   13499       1.1741
   13500       1.2095
   13501       1.3260
   13502       1.2628
   13503       1.3234
   13504       1.3309
   13505       1.1151
   13506       1.0001
   13507       1.0934
   13508       0.9876
   13509       1.1027
   13510       1.0510
   13511       1.1751
   13512       1.2444
   13513       1.3493
   13514       1.2959
   13515       1.4165
   13516       1.2246
   13517       1.2658
   13518       1.2213
   13519       1.0540
   13520       1.0505
   13521       1.2185
   13522       1.0339
   13523       1.0626
   13524       1.1174
   13525       1.0830
   13526       1.1125
   13527       1.0911
   13528       1.1130
   13529       1.0839
   13530       1.2242
   13531       1.2275
   13532       1.2443
   13533       1.1569
   13534       1.1955
   13535       1.1289
   13536       1.2552
   13537       1.1418
   13538       1.1084
   13539       1.1293
   13540       1.1111
   13541       1.1744
   13542       1.3349
   13543       1.2333
   13544       1.3597
   13545       1.2827
   13546       1.1990
   13547       1.1447
   13548       1.0914
   13549       1.2328
   13550       1.1070
   13551       1.1066
   13552       1.1312
   13553       1.1321
   13554       1.0822
   13555       1.1451
   13556       1.0959
   13557       1.0650
   13558       1.1070
   13559       1.2170
   13560       1.1433
   13561       1.0350
   13562       1.1262
   13563       1.1562
   13564       1.1308
   13565       1.2231
   13566       1.2277
   13567       1.1567
   13568       1.2099
   13569       1.2988
   13570       1.0744
   13571       1.2520
   13572       1.2363
   13573       1.4191
   13574       1.2500
   13575       1.2653
   13576       1.2546
   13577       1.3943
   13578       1.3433
   13579       1.3399
   13580       1.2445
   13581       1.2892
   13582       1.3096
   13583       1.3194
   13584       1.3844
   13585       1.4617
   13586       1.2824
   13587       1.4041
   13588       1.4017
   13589       1.4341
   13590       1.3503
   13591       1.2665
   13592       1.0923
   13593       1.2124
   13594       1.2592
   13595       1.1618
   13596       1.2368
   13597       1.1956
   13598       1.2091
   13599       1.1348
   13600       1.1487
   13601       1.2271
   13602       1.2779
   13603       1.1632
   13604       1.2419
   13605       1.0952
   13606       1.2226
   13607       1.2753
   13608       1.2140
   13609       1.3018
   13610       1.1476
   13611       1.2138
   13612       1.1130
   13613       1.1663
   13614       1.1365
   13615       1.0911
   13616       1.1173
   13617       1.1487
   13618       1.1545
   13619       1.2892
   13620       1.1964
   13621       1.3349
   13622       1.3199
   13623       1.3357
   13624       1.2290
   13625       1.1604
   13626       0.9606
   13627       1.1962
   13628       1.1335
   13629       1.1662
   13630       1.0513
   13631       1.1687
   13632       1.0388
   13633       1.1055
   13634       1.1429
   13635       1.0965
   13636       1.1052
   13637       1.1609
   13638       1.0925
   13639       1.2956
   13640       1.1357
   13641       1.1909
   13642       1.2950
   13643       1.3690
   13644       1.2799
   13645       1.3078
   13646       1.1775
   13647       1.2736
   13648       1.2109
   13649       1.2150
   13650       1.1353
   13651       1.2193
   13652       1.2986
   13653       1.2360
   13654       1.1911
   13655       1.2755
   13656       1.1276
   13657       1.0785
   13658       0.9950
   13659       1.0548
   13660       0.9673
   13661       0.9256
   13662       0.9893
   13663       1.0557
   13664       1.1640
   13665       1.1279
   13666       1.1036
   13667       1.1322
   13668       1.0718
   13669       1.1403
   13670       1.0172
   13671       0.9764
   13672       1.0011
   13673       0.9814
   13674       1.0626
   13675       1.0381
   13676       1.2181
   13677       1.1197
   13678       1.0422
   13679       1.0186
   13680       0.9927
   13681       0.9885
   13682       0.9749
   13683       1.0607
   13684       1.0737
   13685       1.0862
   13686       1.0211
   13687       1.0264
   13688       0.9814
   13689       1.0065
   13690       1.0469
   13691       1.1110
   13692       1.2264
   13693       1.1736
   13694       1.1726
   13695       1.1256
   13696       1.1650
   13697       1.2184
   13698       1.2101
   13699       1.2908
   13700       1.4072
   13701       1.3013
   13702       1.3133
   13703       1.1177
   13704       1.3250
   13705       1.2922
   13706       1.2217
   13707       1.0666
   13708       1.0886
   13709       1.0772
   13710       1.2050
   13711       1.1517
   13712       1.0628
   13713       1.2091
   13714       1.2415
   13715       1.2365
   13716       1.2669
   13717       1.2427
   13718       1.1234
   13719       1.0595
   13720       1.1147
   13721       1.1561
   13722       1.2655
   13723       1.1435
   13724       1.3267
   13725       1.1571
   13726       0.9841
   13727       1.1586
   13728       1.1833
   13729       1.1620
   13730       1.2600
   13731       1.2852
   13732       1.1969
   13733       1.1983
   13734       1.2708
   13735       1.2356
   13736       1.1686
   13737       1.2480
   13738       1.1240
   13739       1.3402
   13740       1.3147
   13741       1.3794
   13742       1.3776
   13743       1.4013
   13744       1.2884
   13745       1.3722
   13746       1.3981
   13747       1.4627
   13748       1.4139
   13749       1.4160
   13750       1.2724
   13751       1.2458
   13752       1.2426
   13753       1.3347
   13754       1.3233
   13755       1.2788
   13756       1.3821
   13757       1.2122
   13758       1.2219
   13759       1.2054
   13760       1.2441
   13761       1.1952
   13762       1.2439
   13763       1.2983
   13764       1.2778
   13765       1.1249
   13766       1.2120
   13767       1.1571
   13768       1.1327
   13769       1.2220
   13770       1.1431
   13771       1.1189
   13772       1.2709
   13773       1.0875
   13774       1.2367
   13775       1.3151
   13776       1.1455
   13777       1.3470
   13778       1.3850
   13779       1.3258
   13780       1.3737
   13781       1.2158
   13782       1.2828
   13783       1.1573
   13784       1.2005
   13785       1.2693
   13786       1.1165
   13787       1.2046
   13788       1.2110
   13789       1.1949
   13790       1.3339
   13791       1.2618
   13792       1.2227
   13793       1.2458
   13794       1.2409
   13795       1.3830
   13796       1.3304
   13797       1.2685
   13798       1.3269
   13799       1.1781
   13800       1.1062
   13801       1.0183
   13802       0.9515
   13803       0.9067
   13804       1.0257
   13805       1.1016
   13806       1.1237
   13807       1.1790
   13808       1.0320
   13809       1.0548
   13810       1.0534
   13811       0.9906
   13812       0.9934
   13813       0.9585
   13814       1.0934
   13815       1.1499
   13816       1.1441
   13817       1.0974
   13818       1.2077
   13819       1.2682
   13820       1.1677
   13821       1.0510
   13822       1.0986
   13823       0.9947
   13824       1.0100
   13825       1.1957
   13826       1.0503
   13827       1.0091
   13828       1.0224
   13829       0.9563
   13830       0.9449
   13831       0.9473
   13832       0.9144
   13833       0.9084
   13834       0.9791
   13835       0.9979
   13836       0.9204
   13837       1.0260
   13838       1.1226
   13839       1.1363
   13840       0.9843
   13841       0.9640
   13842       1.0428
   13843       1.0575
   13844       1.0981
   13845       1.1790
   13846       1.1053
   13847       1.2680
   13848       1.1281
   13849       1.1232
   13850       0.9901
   13851       1.1356
   13852       1.0690
   13853       1.1963
   13854       1.0947
   13855       1.0361
   13856       1.0813
   13857       1.0567
   13858       1.0569
   13859       1.1076
   13860       1.1631
   13861       1.1366
   13862       1.2503
   13863       1.1815
   13864       1.1864
   13865       1.1073
   13866       1.0370
   13867       1.0972
   13868       1.1969
   13869       1.2476
   13870       1.1697
   13871       1.2517
   13872       1.3335
   13873       1.3323
   13874       1.4249
   13875       1.5525
   13876       1.4598
   13877       1.3988
   13878       1.5040
   13879       1.4659
   13880       1.4113
   13881       1.4389
   13882       1.2283
   13883       1.3577
   13884       1.2497
   13885       1.3113
   13886       1.3001
   13887       1.4551
   13888       1.4666
   13889       1.4195
   13890       1.3624
   13891       1.3050
   13892       1.4272
   13893       1.2648
   13894       1.2678
   13895       1.2669
   13896       1.3976
   13897       1.3741
   13898       1.2626
   13899       1.1553
   13900       1.2680
   13901       1.3103
   13902       1.2796
   13903       1.2922
   13904       1.2482
   13905       1.3323
   13906       1.2668
   13907       1.4626
   13908       1.3541
   13909       1.2587
   13910       1.3329
   13911       1.3104
   13912       1.3370
   13913       1.3690
   13914       1.2398
   13915       1.2939
   13916       1.2511
   13917       1.2511
   13918       1.2852
   13919       1.3150
   13920       1.2164
   13921       1.1933
   13922       1.4179
   13923       1.2279
   13924       1.3302
   13925       1.3206
   13926       1.1839
   13927       1.1618
   13928       1.1301
   13929       1.2847
   13930       1.1761
   13931       1.2130
   13932       1.2363
   13933       1.0420
   13934       1.1408
   13935       1.2455
   13936       1.3326
   13937       1.3149
   13938       1.3984
   13939       1.3354
   13940       1.4716
   13941       1.4128
   13942       1.3960
   13943       1.4517
   13944       1.3634
   13945       1.4385
   13946       1.2187
   13947       1.2032
   13948       1.2298
   13949       1.1477
   13950       1.1597
   13951       1.0404
   13952       1.0964
   13953       1.1317
   13954       0.9891
   13955       1.0719
   13956       1.1146
   13957       1.1383
   13958       1.0394
   13959       1.0437
   13960       0.9481
   13961       0.9581
   13962       1.0000
   13963       1.0247
   13964       1.0814
   13965       1.2318
   13966       1.0896
   13967       1.0589
   13968       0.9937
   13969       1.0674
   13970       1.1093
   13971       1.1150
   13972       1.1419
   13973       1.2069
   13974       1.0785
   13975       1.2528
   13976       1.1856
   13977       1.1543
   13978       0.9865
   13979       1.1144
   13980       1.1094
   13981       1.1643
   13982       1.1299
   13983       1.0859
   13984       1.0794
   13985       1.0971
   13986       1.2353
   13987       1.1764
   13988       1.1341
   13989       1.1758
   13990       1.1711
   13991       1.2780
   13992       1.3261
   13993       1.2573
   13994       1.2174
   13995       1.2080
   13996       1.2522
   13997       1.1381
   13998       1.2347
   13999       1.1085
   14000       1.1698
   14001       1.2589
   14002       1.2566
   14003       1.3347
   14004       1.2844
   14005       1.1254
   14006       1.2714
   14007       1.3285
   14008       1.1886
   14009       1.1147
   14010       1.0677
   14011       1.1758
   14012       1.2277
   14013       1.3097
   14014       1.3545
   14015       1.2133
   14016       1.2341
   14017       1.2625
   14018       1.1602
   14019       1.1949
   14020       1.1086
   14021       1.1237
   14022       1.1494
   14023       1.0951
   14024       1.1638
   14025       1.1654
   14026       1.2632
   14027       1.0817
   14028       1.0438
   14029       1.0126
   14030       1.0658
   14031       1.0102
   14032       1.0536
   14033       1.0626
   14034       1.0718
   14035       1.2579
   14036       1.1247
   14037       1.1426
   14038       1.0793
   14039       0.9542
   14040       1.0676
   14041       1.1315
   14042       1.1727
   14043       1.0710
   14044       1.0543
   14045       1.0681
   14046       1.1455
   14047       1.1252
   14048       1.1510
   14049       1.1345
   14050       1.1107
   14051       1.1258
   14052       1.1097
   14053       1.0614
   14054       1.0364
   14055       0.9341
   14056       0.9460
   14057       0.9891
   14058       1.1114
   14059       0.9964
   14060       1.0078
   14061       1.0877
   14062       1.2304
   14063       1.2077
   14064       1.2176
   14065       1.2530
   14066       1.0371
   14067       1.0374
   14068       1.0852
   14069       1.0749
   14070       1.0895
   14071       1.1260
   14072       1.2511
   14073       1.1059
   14074       1.1019
   14075       1.1570
   14076       1.1727
   14077       1.1120
   14078       1.2217
   14079       1.1888
   14080       1.1465
   14081       1.0194
   14082       1.2645
   14083       1.2991
   14084       1.1790
   14085       1.2654
   14086       1.1468
   14087       1.1608
   14088       1.0920
   14089       1.2326
   14090       1.1655
   14091       1.1434
   14092       1.0457
   14093       1.1579
   14094       1.1053
   14095       1.1758
   14096       1.2594
   14097       1.2592
   14098       1.1725
   14099       1.1601
   14100       1.0333
   14101       1.0495
   14102       1.0374
   14103       1.1533
   14104       1.0266
   14105       1.0914
   14106       0.9892
   14107       0.9234
   14108       1.0329
   14109       1.1437
   14110       1.0871
   14111       1.1024
   14112       1.1897
   14113       1.1493
   14114       1.0370
   14115       1.1575
   14116       1.1141
   14117       1.0392
   14118       1.0616
   14119       1.0491
   14120       1.0170
   14121       1.0501
   14122       1.0532
   14123       1.0098
   14124       1.0015
   14125       1.0620
   14126       1.1258
   14127       1.0915
   14128       1.0103
   14129       1.0348
   14130       1.0003
   14131       1.0355
   14132       1.0742
   14133       1.1288
   14134       1.0433
   14135       1.0756
   14136       0.9808
   14137       1.0323
   14138       1.1329
   14139       1.0795
   14140       1.1887
   14141       1.1779
   14142       1.0934
   14143       1.1618
   14144       1.1473
   14145       1.1960
   14146       1.1861
   14147       1.1272
   14148       1.0741
   14149       1.0429
   14150       1.2058
   14151       1.1211
   14152       1.0973
   14153       1.0501
   14154       1.0666
   14155       1.0739
   14156       1.1025
   14157       1.0807
   14158       1.1207
   14159       1.0447
   14160       1.0460
   14161       1.0431
   14162       1.0813
   14163       1.0839
   14164       1.0478
   14165       1.0213
   14166       1.0881
   14167       1.1228
   14168       1.1107
   14169       1.1638
   14170       1.2464
   14171       1.2304
   14172       1.2086
   14173       1.1353
   14174       1.1391
   14175       1.1043
   14176       1.1994
   14177       1.0964
   14178       1.0587
   14179       1.1231
   14180       1.1145
   14181       1.1811
   14182       1.1967
   14183       1.1885
   14184       1.0775
   14185       1.2283
   14186       1.2869
   14187       1.2036
   14188       1.1707
   14189       1.2906
   14190       1.0245
   14191       1.0540
   14192       0.9875
   14193       1.0646
   14194       1.1828
   14195       1.1657
   14196       1.0887
   14197       1.1019
   14198       1.1046
   14199       1.3003
   14200       1.3572
   14201       1.2578
   14202       1.2261
   14203       1.3567
   14204       1.3406
   14205       1.3922
   14206       1.3449
   14207       1.4683
   14208       1.3227
   14209       1.2254
   14210       1.2044
   14211       1.1652
   14212       1.1997
   14213       1.3152
   14214       1.4468
   14215       1.3152
   14216       1.3222
   14217       1.3804
   14218       1.3145
   14219       1.2831
   14220       1.2832
   14221       1.3945
   14222       1.1181
   14223       1.1875
   14224       1.2185
   14225       1.2463
   14226       1.2528
   14227       1.1797
   14228       1.3554
   14229       1.3044
   14230       1.5117
   14231       1.4812
   14232       1.7076
   14233       1.7280
   14234       1.6699
   14235       1.4386
   14236       1.2977
   14237       1.2489
   14238       1.2512
   14239       1.1379
   14240       1.2473
   14241       1.2975
   14242       1.3648
   14243       1.5199
   14244       1.4173
   14245       1.4831
   14246       1.4891
   14247       1.2761
   14248       1.2211
   14249       1.3549
   14250       1.2588
   14251       1.2651
   14252       1.1456
   14253       1.1025
   14254       1.2807
   14255       1.2499
   14256       1.2276
   14257       1.2072
   14258       1.2327
   14259       1.0509
   14260       1.1525
   14261       1.2862
   14262       1.3332
   14263       1.2383
   14264       1.2481
   14265       1.1189
   14266       1.2899
   14267       1.1609
   14268       1.1100
   14269       1.2134
   14270       1.0893
   14271       1.0977
   14272       1.1979
   14273       1.2132
   14274       1.2467
   14275       1.2403
   14276       1.0496
   14277       1.0476
   14278       1.1614
   14279       1.0255
   14280       1.1378
   14281       1.0679
   14282       1.0875
   14283       1.1277
   14284       1.1604
   14285       1.3419
   14286       1.3110
   14287       1.2594
   14288       1.3024
   14289       1.2768
   14290       1.2491
   14291       1.3495
   14292       1.1945
   14293       1.1936
   14294       1.2332
   14295       1.2360
   14296       1.2074
   14297       1.2606
   14298       1.1821
   14299       1.2001
   14300       1.3260
   14301       1.2206
   14302       1.2386
   14303       1.3285
   14304       1.4265
   14305       1.4343
   14306       1.3920
   14307       1.3458
   14308       1.4504
   14309       1.4423
   14310       1.4941
   14311       1.4714
   14312       1.4501
   14313       1.3401
   14314       1.1961
   14315       1.3829
   14316       1.4031
   14317       1.3035
   14318       1.3105
   14319       1.2996
   14320       1.2912
   14321       1.2574
   14322       1.3741
   14323       1.2828
   14324       1.1991
   14325       1.4004
   14326       1.4877
   14327       1.4513
   14328       1.4450
   14329       1.5310
   14330       1.5329
   14331       1.3928
   14332       1.5075
   14333       1.6145
   14334       1.6714
   14335       1.5667
   14336       1.6126
   14337       1.5771
   14338       1.5943
   14339       1.6393
   14340       1.4153
   14341       1.5309
   14342       1.5534
   14343       1.5699
   14344       1.6174
   14345       1.7788
   14346       1.5867
   14347       1.5889
   14348       1.6401
   14349       1.5406
   14350       1.5889
   14351       1.3660
   14352       1.3303
   14353       1.5595
   14354       1.6654
   14355       1.5417
   14356       1.6767
   14357       1.6148
   14358       1.5350
   14359       1.4331
   14360       1.3131
   14361       1.2915
   14362       1.3089
   14363       1.3404
   14364       1.4038
   14365       1.4529
   14366       1.3560
   14367       1.3192
   14368       1.2029
   14369       1.2169
   14370       1.1132
   14371       1.1697
   14372       1.1936
   14373       1.2331
   14374       1.2583
   14375       1.4360
   14376       1.3975
   14377       1.4367
   14378       1.4963
   14379       1.2839
   14380       1.3195
   14381       1.2981
   14382       1.2792
   14383       1.3970
   14384       1.3997
   14385       1.4038
   14386       1.2535
   14387       1.2165
   14388       1.2200
   14389       1.2096
   14390       1.2252
   14391       1.1618
   14392       1.1818
   14393       1.2734
   14394       1.5054
   14395       1.3280
   14396       1.3078
   14397       1.1577
   14398       1.1189
   14399       1.1018
   14400       1.1588
   14401       1.0487
   14402       1.2055
   14403       1.2296
   14404       1.2677
   14405       1.3411
   14406       1.5005
   14407       1.4178
   14408       1.4181
   14409       1.6109
   14410       1.7373
   14411       1.4882
   14412       1.5963
   14413       1.5951
   14414       1.5186
   14415       1.4726
   14416       1.4510
   14417       1.4301
   14418       1.3275
   14419       1.4551
   14420       1.3146
   14421       1.3169
   14422       1.3088
   14423       1.2103
   14424       1.2892
   14425       1.4097
   14426       1.3873
   14427       1.3312
   14428       1.2654
   14429       1.3215
   14430       1.3149
   14431       1.3842
   14432       1.2697
   14433       1.2392
   14434       1.1990
   14435       1.1896
   14436       1.3052
   14437       1.3245
   14438       1.1707
   14439       1.3178
   14440       1.2803
   14441       1.2714
   14442       1.2692
   14443       1.2788
   14444       1.2474
   14445       1.2985
   14446       1.2579
   14447       1.2385
   14448       1.2465
   14449       1.2245
   14450       1.2315
   14451       1.2779
   14452       1.1952
   14453       1.1686
   14454       1.2282
   14455       1.3157
   14456       1.4811
   14457       1.4666
   14458       1.5478
   14459       1.5840
   14460       1.5066
   14461       1.3082
   14462       1.4605
   14463       1.3438
   14464       1.3068
   14465       1.3637
   14466       1.3405
   14467       1.3110
   14468       1.3370
   14469       1.3161
   14470       1.1559
   14471       1.2717
   14472       1.3460
   14473       1.3419
   14474       1.4495
   14475       1.4539
   14476       1.4605
   14477       1.5181
   14478       1.4396
   14479       1.5123
   14480       1.6213
   14481       1.7270
   14482       1.8354
   14483       1.7139
   14484       1.6928
   14485       1.7072
   14486       1.7984
   14487       1.7510
   14488       1.7841
   14489       1.7308
   14490       1.6978
   14491       1.6014
   14492       1.4376
   14493       1.4454
   14494       1.4090
   14495       1.6143
   14496       1.5456
   14497       1.5550
   14498       1.4748
   14499       1.5490
   14500       1.5000
   14501       1.3954
   14502       1.4796
   14503       1.4876
   14504       1.5091
   14505       1.4888
   14506       1.6090
   14507       1.5686
   14508       1.4289
   14509       1.4152
   14510       1.3608
   14511       1.4269
   14512       1.3653
   14513       1.3907
   14514       1.2909
   14515       1.2667
   14516       1.3819
   14517       1.2805
   14518       1.3624
   14519       1.3627
   14520       1.4548
   14521       1.5503
   14522       1.4971
   14523       1.4887
   14524       1.5324
   14525       1.4862
   14526       1.5032
   14527       1.4392
   14528       1.6474
   14529       1.4903
   14530       1.5334
   14531       1.5510
   14532       1.6362
   14533       1.7455
   14534       1.7854
   14535       1.8550
   14536       1.7749
   14537       1.8155
   14538       1.9509
   14539       2.0806
   14540       1.9867
   14541       2.1024
   14542       2.1719
   14543       2.1056
   14544       1.8447
   14545       1.8845
   14546       1.8260
   14547       1.8986
   14548       1.8786
   14549       1.8597
   14550       1.7898
   14551       1.7661
   14552       1.7920
   14553       1.5703
   14554       1.5613
   14555       1.3850
   14556       1.4694
   14557       1.4834
   14558       1.6002
   14559       1.6205
   14560       1.4631
   14561       1.5960
   14562       1.7467
   14563       1.7168
   14564       1.5343
   14565       1.4743
   14566       1.5190
   14567       1.4884
   14568       1.6991
   14569       1.5405
   14570       1.4882
   14571       1.6218
   14572       1.5506
   14573       1.3187
   14574       1.4095
   14575       1.3501
   14576       1.3555
   14577       1.3222
   14578       1.3957
   14579       1.4579
   14580       1.4391
   14581       1.3033
   14582       1.2926
   14583       1.4336
   14584       1.3409
   14585       1.4067
   14586       1.5261
   14587       1.3780
   14588       1.4608
   14589       1.5358
   14590       1.5713
   14591       1.7596
   14592       1.6967
   14593       1.6688
   14594       1.6028
   14595       1.7183
   14596       1.9559
   14597       1.8119
   14598       1.7906
   14599       1.7344
   14600       1.6423
   14601       1.6472
   14602       1.6320
   14603       1.6249
   14604       1.7773
   14605       1.7222
   14606       1.6938
   14607       1.8463
   14608       1.7087
   14609       1.6208
   14610       1.5715
   14611       1.5074
   14612       1.3909
   14613       1.3958
   14614       1.2955
   14615       1.3343
   14616       1.4751
   14617       1.3436
   14618       1.3826
   14619       1.4652
   14620       1.6236
   14621       1.6129
   14622       1.6128
   14623       1.5722
   14624       1.5423
   14625       1.4402
   14626       1.3593
   14627       1.3086
   14628       1.3587
   14629       1.3567
   14630       1.4193
   14631       1.3636
   14632       1.3823
   14633       1.3011
   14634       1.3348
   14635       1.4455
   14636       1.4831
   14637       1.5373
   14638       1.4775
   14639       1.5103
   14640       1.4356
   14641       1.3391
   14642       1.3415
   14643       1.3330
   14644       1.2260
   14645       1.2421
   14646       1.3833
   14647       1.3369
   14648       1.5344
   14649       1.3550
   14650       1.4155
   14651       1.4434
   14652       1.5681
   14653       1.5840
   14654       1.5958
   14655       1.6732
   14656       1.6778
   14657       1.6446
   14658       1.6862
   14659       1.8511
   14660       1.8060
   14661       1.7916
   14662       1.7599
   14663       1.8959
   14664       1.8826
   14665       1.8591
   14666       1.7836
   14667       1.8143
   14668       1.8614
   14669       1.8812
   14670       1.9167
   14671       1.8763
   14672       1.9841
   14673       1.8416
   14674       1.6738
   14675       1.6998
   14676       1.6351
   14677       1.6399
   14678       1.5910
   14679       1.5113
   14680       1.5108
   14681       1.5415
   14682       1.5389
   14683       1.5754
   14684       1.4348
   14685       1.4898
   14686       1.5201
   14687       1.4626
   14688       1.3742
   14689       1.5094
   14690       1.5387
   14691       1.5955
   14692       1.6197
   14693       1.6319
   14694       1.6580
   14695       1.8513
   14696       1.8496
   14697       1.7929
   14698       1.8198
   14699       1.7913
   14700       1.8883
   14701       1.8180
   14702       1.8801
   14703       1.8419
   14704       1.9157
   14705       1.7311
   14706       1.9013
   14707       1.9119
   14708       1.7758
   14709       1.7642
   14710       1.7970
   14711       1.6454
   14712       1.7889
   14713       1.8256
   14714       1.7995
   14715       1.6821
   14716       1.7108
   14717       1.5559
   14718       1.7393
   14719       1.8728
   14720       2.0305
   14721       1.7922
   14722       1.6837
   14723       1.6436
   14724       1.6032
   14725       1.6399
   14726       1.5443
   14727       1.7323
   14728       1.6175
   14729       1.5797
   14730       1.7477
   14731       1.8249
   14732       1.7977
   14733       1.7423
   14734       1.8796
   14735       1.7644
   14736       1.8072
   14737       1.7988
   14738       1.7055
   14739       1.8834
   14740       1.9757
   14741       1.9387
   14742       1.8735
   14743       1.7562
   14744       1.5116
   14745       1.7068
   14746       1.5570
   14747       1.7473
   14748       1.8408
   14749       1.8367
   14750       1.8463
   14751       1.7320
   14752       1.7638
   14753       1.6023
   14754       1.6859
   14755       1.6549
   14756       1.6481
   14757       1.5018
   14758       1.7499
   14759       1.6168
   14760       1.6198
   14761       1.6360
   14762       1.6623
   14763       1.6391
   14764       1.6015
   14765       1.7125
   14766       1.6472
   14767       1.6531
   14768       1.5448
   14769       1.6098
   14770       1.5189
   14771       1.5104
   14772       1.5567
   14773       1.6170
   14774       1.4856
   14775       1.5371
   14776       1.6338
   14777       1.5580
   14778       1.4016
   14779       1.3320
   14780       1.4121
   14781       1.4725
   14782       1.6244
   14783       1.6522
   14784       1.6132
   14785       1.4525
   14786       1.3775
   14787       1.4609
   14788       1.3534
   14789       1.5199
   14790       1.6006
   14791       1.4615
   14792       1.3945
   14793       1.4307
   14794       1.4843
   14795       1.6430
   14796       1.6420
   14797       1.5404
   14798       1.4050
   14799       1.4977
   14800       1.5315
   14801       1.5302
   14802       1.5381
   14803       1.4550
   14804       1.4101
   14805       1.2756
   14806       1.2721
   14807       1.3648
   14808       1.3521
   14809       1.2607
   14810       1.3358
   14811       1.2987
   14812       1.4135
   14813       1.3677
   14814       1.4770
   14815       1.4039
   14816       1.4485
   14817       1.4894
   14818       1.5814
   14819       1.6914
   14820       1.5500
   14821       1.5655
   14822       1.6372
   14823       1.4820
   14824       1.4049
   14825       1.5487
   14826       1.4915
   14827       1.4646
   14828       1.3209
   14829       1.2471
   14830       1.3692
   14831       1.5456
   14832       1.5156
   14833       1.4742
   14834       1.3641
   14835       1.3828
   14836       1.3934
   14837       1.4388
   14838       1.5065
   14839       1.4795
   14840       1.4705
   14841       1.4006
   14842       1.6247
   14843       1.5046
   14844       1.5248
   14845       1.3784
   14846       1.4783
   14847       1.3495
   14848       1.2751
   14849       1.3084
   14850       1.3671
   14851       1.3317
   14852       1.5049
   14853       1.4730
   14854       1.4951
   14855       1.5226
   14856       1.6226
   14857       1.6642
   14858       1.7486
   14859       1.5787
   14860       1.5987
   14861       1.6099
   14862       1.5460
   14863       1.5781
   14864       1.4990
   14865       1.5825
   14866       1.4659
   14867       1.4965
   14868       1.5277
   14869       1.5112
   14870       1.4559
   14871       1.4154
   14872       1.5395
   14873       1.4790
   14874       1.5747
   14875       1.5899
   14876       1.5489
   14877       1.6540
   14878       1.6127
   14879       1.6099
   14880       1.4614
   14881       1.4794
   14882       1.5525
   14883       1.3752
   14884       1.4203
   14885       1.3893
   14886       1.3714
   14887       1.3439
   14888       1.4339
   14889       1.5291
   14890       1.5497
   14891       1.4836
   14892       1.4712
   14893       1.3776
   14894       1.4167
   14895       1.4930
   14896       1.4265
   14897       1.3356
   14898       1.3574
   14899       1.2717
   14900       1.2839
   14901       1.3460
   14902       1.3747
   14903       1.4969
   14904       1.4153
   14905       1.4188
   14906       1.4883
   14907       1.4765
   14908       1.3777
   14909       1.3647
   14910       1.4642
   14911       1.4791
   14912       1.4028
   14913       1.3999
   14914       1.4126
   14915       1.3724
   14916       1.3996
   14917       1.5832
   14918       1.6418
   14919       1.5163
   14920       1.6091
   14921       1.5845
   14922       1.5467
   14923       1.6054
   14924       1.5727
   14925       1.5994
   14926       1.6281
   14927       1.8987
   14928       1.7730
   14929       1.8355
   14930       1.7901
   14931       1.6608
   14932       1.4715
   14933       1.4808
   14934       1.4910
   14935       1.4350
   14936       1.5452
   14937       1.3704
   14938       1.4766
   14939       1.3087
   14940       1.4282
   14941       1.4367
   14942       1.2901
   14943       1.3679
   14944       1.3944
   14945       1.4771
   14946       1.4320
   14947       1.4598
   14948       1.3234
   14949       1.5177
   14950       1.4339
   14951       1.4401
   14952       1.3100
   14953       1.2700
   14954       1.4400
   14955       1.4493
   14956       1.6895
   14957       1.5241
   14958       1.4562
   14959       1.5651
   14960       1.6496
   14961       1.6783
   14962       1.5868
   14963       1.6873
   14964       1.7502
   14965       1.5946
   14966       1.6900
   14967       1.8798
   14968       1.9356
   14969       2.0101
   14970       1.8475
   14971       1.9335
   14972       2.0114
   14973       1.9450
   14974       1.8768
   14975       1.7980
   14976       1.8238
   14977       1.8311
   14978       1.7493
   14979       1.5337
   14980       1.4258
   14981       1.3722
   14982       1.4579
   14983       1.3697
   14984       1.4014
   14985       1.4772
   14986       1.3584
   14987       1.4280
   14988       1.3469
   14989       1.4003
   14990       1.3108
   14991       1.2265
   14992       1.3670
   14993       1.3702
   14994       1.2591
   14995       1.3905
   14996       1.3473
   14997       1.6323
   14998       1.5219
   14999       1.7361
   15000       1.4847
   15001       1.3647
   15002       1.2989
   15003       1.1944
   15004       1.2625
   15005       1.2994
   15006       1.2318
   15007       1.1595
   15008       1.0396
   15009       1.1832
   15010       1.0870
   15011       1.1322
   15012       1.0742
   15013       1.2256
   15014       1.2814
   15015       1.2543
   15016       1.2859
   15017       1.2522
   15018       1.2933
   15019       1.4257
   15020       1.3991
   15021       1.5349
   15022       1.4052
   15023       1.3151
   15024       1.2303
   15025       1.3284
   15026       1.4537
   15027       1.5753
   15028       1.6355
   15029       1.5308
   15030       1.4335
   15031       1.4900
   15032       1.5662
   15033       1.4498
   15034       1.3895
   15035       1.5064
   15036       1.2833
   15037       1.2768
   15038       1.3287
   15039       1.2862
   15040       1.2525
   15041       1.3733
   15042       1.3445
   15043       1.3279
   15044       1.2357
   15045       1.2520
   15046       1.2659
   15047       1.2785
   15048       1.1565
   15049       1.1618
   15050       1.1944
   15051       1.2399
   15052       1.2807
   15053       1.1530
   15054       1.1645
   15055       1.1859
   15056       1.2028
   15057       1.2070
   15058       1.3384
   15059       1.3119
   15060       1.2390
   15061       1.2795
   15062       1.3278
   15063       1.3305
   15064       1.3128
   15065       1.3314
   15066       1.2645
   15067       1.2377
   15068       1.2026
   15069       1.1585
   15070       1.2899
   15071       1.2434
   15072       1.2917
   15073       1.2612
   15074       1.1343
   15075       1.0010
   15076       1.0555
   15077       1.0000
   15078       1.1199
   15079       1.2450
   15080       1.2232
   15081       1.2224
   15082       1.2253
   15083       1.2975
   15084       1.4864
   15085       1.3853
   15086       1.4394
   15087       1.3631
   15088       1.4556
   15089       1.5114
   15090       1.5109
   15091       1.3886
   15092       1.2088
   15093       1.1924
   15094       1.3070
   15095       1.2811
   15096       1.2941
   15097       1.2087
   15098       1.3502
   15099       1.4143
   15100       1.5169
   15101       1.3467
   15102       1.4103
   15103       1.4947
   15104       1.3947
   15105       1.4103
   15106       1.3158
   15107       1.5183
   15108       1.4097
   15109       1.2395
   15110       1.2994
   15111       1.2710
   15112       1.3822
   15113       1.4757
   15114       1.2141
   15115       1.2403
   15116       1.1789
   15117       1.2193
   15118       1.1976
   15119       1.1978
   15120       1.1660
   15121       1.1925
   15122       1.0141
   15123       1.0982
   15124       1.1517
   15125       1.0251
   15126       1.0803
   15127       1.0480
   15128       1.1188
   15129       1.1015
   15130       1.0646
   15131       1.1334
   15132       1.0505
   15133       1.1357
   15134       1.0713
   15135       1.1376
   15136       1.2293
   15137       1.0838
   15138       1.1372
   15139       1.0597
   15140       1.1757
   15141       1.2334
   15142       0.9731
   15143       1.0202
   15144       0.9355
   15145       1.0800
   15146       1.0517
   15147       0.9645
   15148       1.0104
   15149       0.9919
   15150       0.9048
   15151       1.0222
   15152       0.9632
   15153       1.0954
   15154       1.0493
   15155       1.0685
   15156       1.0354
   15157       1.0713
   15158       1.0837
   15159       0.9534
   15160       1.0562
   15161       1.0063
   15162       0.9277
   15163       1.1267
   15164       1.0292
   15165       0.9798
   15166       1.1198
   15167       1.0254
   15168       1.0050
   15169       1.0861
   15170       1.0854
   15171       1.0852
   15172       0.9754
   15173       0.9516
   15174       1.0186
   15175       0.9705
   15176       1.0776
   15177       1.0058
   15178       1.0041
   15179       0.9896
   15180       0.9822
   15181       0.9107
   15182       1.0521
   15183       0.9646
   15184       1.0130
   15185       1.0538
   15186       1.0275
   15187       1.0311
   15188       1.0831
   15189       1.0642
   15190       1.2022
   15191       1.2056
   15192       1.2098
   15193       1.2015
   15194       1.2473
   15195       1.3608
   15196       1.3704
   15197       1.2369
   15198       1.1131
   15199       1.0455
   15200       1.1422
   15201       1.1928
   15202       1.2725
   15203       1.1768
   15204       1.0741
   15205       1.1763
   15206       1.2567
   15207       1.1964
   15208       1.1508
   15209       1.1507
   15210       1.1899
   15211       1.1610
   15212       1.2758
   15213       1.1748
   15214       1.2389
   15215       1.3374
   15216       1.2688
   15217       1.1998
   15218       1.2378
   15219       1.1224
   15220       1.2508
   15221       1.2267
   15222       1.1202
   15223       1.2102
   15224       1.1564
   15225       1.2687
   15226       1.2700
   15227       1.3047
   15228       1.2577
   15229       1.1960
   15230       1.1138
   15231       1.1890
   15232       1.1404
   15233       1.2211
   15234       1.0105
   15235       1.0808
   15236       1.2527
   15237       1.2660
   15238       0.9323
   15239       0.9879
   15240       0.9907
   15241       0.9250
   15242       0.9276
   15243       0.9847
   15244       0.9852
   15245       1.0418
   15246       1.0132
   15247       1.0689
   15248       1.0283
   15249       1.0909
   15250       1.1021
   15251       1.1370
   15252       1.2181
   15253       1.2011
   15254       1.1488
   15255       1.1951
   15256       1.1688
   15257       1.2911
   15258       1.2685
   15259       1.2138
   15260       1.1274
   15261       1.1055
   15262       1.1581
   15263       1.1568
   15264       1.1106
   15265       1.1545
   15266       1.1335
   15267       1.0833
   15268       1.0606
   15269       1.0398
   15270       1.2088
   15271       1.1555
   15272       1.1753
   15273       1.1431
   15274       1.2016
   15275       1.2534
   15276       1.2467
   15277       1.2785
   15278       1.3014
   15279       1.2559
   15280       1.2597
   15281       1.2299
   15282       1.2001
   15283       1.3277
   15284       1.4188
   15285       1.3348
   15286       1.3285
   15287       1.2991
   15288       1.4132
   15289       1.3127
   15290       1.2939
   15291       1.3672
   15292       1.2841
   15293       1.1947
   15294       1.2116
   15295       1.3841
   15296       1.3784
   15297       1.3120
   15298       1.4209
   15299       1.4481
   15300       1.2943
   15301       1.3745
   15302       1.2613
   15303       1.2017
   15304       1.1545
   15305       1.2668
   15306       1.2692
   15307       1.2952
   15308       1.2490
   15309       1.1713
   15310       1.2162
   15311       1.1381
   15312       1.1616
   15313       1.2114
   15314       1.1733
   15315       1.2400
   15316       1.1368
   15317       1.2234
   15318       1.0697
   15319       1.1094
   15320       1.2177
   15321       1.1158
   15322       1.2356
   15323       1.1334
   15324       1.1536
   15325       1.1939
   15326       1.2409
   15327       1.2013
   15328       1.2926
   15329       1.1899
   15330       1.2551
   15331       1.2313
   15332       1.2019
   15333       1.2421
   15334       1.2721
   15335       1.2312
   15336       1.1755
   15337       1.2692
   15338       1.2867
   15339       1.1389
   15340       1.1125
   15341       1.1219
   15342       1.1207
   15343       1.1224
   15344       1.1517
   15345       1.2908
   15346       1.2498
   15347       1.2218
   15348       1.1320
   15349       1.1426
   15350       1.1490
   15351       1.0417
   15352       0.9621
   15353       1.0480
   15354       1.1151
   15355       1.1531
   15356       1.1880
   15357       1.1195
   15358       1.1314
   15359       1.1671
   15360       1.1512
   15361       1.1156
   15362       1.1386
   15363       1.0845
   15364       1.1499
   15365       1.2259
   15366       1.2924
   15367       1.2112
   15368       1.1775
   15369       1.3070
   15370       1.1660
   15371       1.1568
   15372       1.1654
   15373       1.2292
   15374       1.2095
   15375       1.2861
   15376       1.3039
   15377       1.3763
   15378       1.2485
   15379       1.2823
   15380       1.3300
   15381       1.2640
   15382       1.3178
   15383       1.2631
   15384       1.2234
   15385       1.3177
   15386       1.2524
   15387       1.2633
   15388       1.3290
   15389       1.2362
   15390       1.3191
   15391       1.2989
   15392       1.3342
   15393       1.1904
   15394       1.2293
   15395       1.1836
   15396       1.2093
   15397       1.3304
   15398       1.3069
   15399       1.2316
   15400       1.2413
   15401       1.3566
   15402       1.2231
   15403       1.2580
   15404       1.1655
   15405       1.2192
   15406       1.2831
   15407       1.3133
   15408       1.2671
   15409       1.2315
   15410       1.1852
   15411       1.1513
   15412       1.2988
   15413       1.2885
   15414       1.2209
   15415       1.1919
   15416       1.1245
   15417       1.1847
   15418       1.3330
   15419       1.3098
   15420       1.2645
   15421       1.2557
   15422       1.1893
   15423       1.1495
   15424       1.1023
   15425       1.2142
   15426       1.2786
   15427       1.1415
   15428       1.2536
   15429       1.2640
   15430       1.1943
   15431       1.2514
   15432       1.2085
   15433       1.1747
   15434       1.2625
   15435       1.3730
   15436       1.4676
   15437       1.3768
   15438       1.3734
   15439       1.4672
   15440       1.2962
   15441       1.3923
   15442       1.2531
   15443       1.2146
   15444       1.2857
   15445       1.2087
   15446       1.2066
   15447       1.0487
   15448       1.0910
   15449       1.1585
   15450       1.1417
   15451       1.1868
   15452       1.2004
   15453       1.1922
   15454       1.0840
   15455       1.0704
   15456       1.1260
   15457       1.1329
   15458       1.2364
   15459       1.1920
   15460       1.1797
   15461       1.2784
   15462       1.2139
   15463       1.1269
   15464       1.0824
   15465       1.1729
   15466       1.2752
   15467       1.1252
   15468       1.3058
   15469       1.3100
   15470       1.3138
   15471       1.2910
   15472       1.4158
   15473       1.2915
   15474       1.2504
   15475       1.2859
   15476       1.2711
   15477       1.2418
   15478       1.1974
   15479       1.2104
   15480       1.1895
   15481       1.0776
   15482       1.1134
   15483       1.0673
   15484       1.0765
   15485       1.1430
   15486       1.1027
   15487       1.1161
   15488       1.1679
   15489       1.0202
   15490       1.1789
   15491       1.1512
   15492       1.1934
   15493       1.1587
   15494       1.1953
   15495       1.2299
   15496       1.1867
   15497       1.1437
   15498       1.0869
   15499       1.0997
   15500       1.1274
   15501       1.3051
   15502       1.0694
   15503       1.1773
   15504       1.1928
   15505       1.1621
   15506       1.1832
   15507       1.1563
   15508       1.2727
   15509       1.2228
   15510       1.1034
   15511       1.0609
   15512       1.0482
   15513       1.1207
   15514       1.0531
   15515       1.1615
   15516       1.2791
   15517       1.2535
   15518       1.2644
   15519       1.1616
   15520       1.2363
   15521       1.2308
   15522       1.1836
   15523       1.1629
   15524       1.1677
   15525       1.2099
   15526       1.1659
   15527       1.3710
   15528       1.3846
   15529       1.3806
   15530       1.3811
   15531       1.4010
   15532       1.3150
   15533       1.3899
   15534       1.4263
   15535       1.2470
   15536       1.3898
   15537       1.2651
   15538       1.3038
   15539       1.1740
   15540       1.1334
   15541       1.2233
   15542       1.0884
   15543       1.0501
   15544       1.1491
   15545       1.1114
   15546       1.1930
   15547       1.2227
   15548       1.2723
   15549       1.2653
   15550       1.1834
   15551       1.1861
   15552       1.2178
   15553       1.0223
   15554       1.0725
   15555       1.2447
   15556       1.3575
   15557       1.2150
   15558       1.2400
   15559       1.2518
   15560       1.1587
   15561       1.1518
   15562       1.2012
   15563       1.1851
   15564       1.2151
   15565       1.2953
   15566       1.2117
   15567       1.1522
   15568       1.2211
   15569       1.2418
   15570       1.1416
   15571       1.1561
   15572       1.1798
   15573       1.1686
   15574       1.2568
   15575       1.2318
   15576       1.1393
   15577       1.1008
   15578       1.0841
   15579       1.1226
   15580       1.0742
   15581       1.1197
   15582       1.1650
   15583       1.1795
   15584       1.1799
   15585       1.1172
   15586       1.1868
   15587       1.0973
   15588       1.1922
   15589       1.2521
   15590       1.2805
   15591       1.2961
   15592       1.2940
   15593       1.1915
   15594       1.1488
   15595       1.0686
   15596       1.0137
   15597       1.0451
   15598       1.0554
   15599       1.0984
   15600       1.0984
   15601       1.1279
   15602       1.1580
   15603       1.0040
   15604       0.9943
   15605       1.1210
   15606       1.1061
   15607       1.0543
   15608       1.2231
   15609       1.1862
   15610       1.2690
   15611       1.1622
   15612       1.1647
   15613       1.2179
   15614       1.1475
   15615       1.3159
   15616       1.3006
   15617       1.2124
   15618       1.2463
   15619       1.1600
   15620       1.2088
   15621       1.3848
   15622       1.2829
   15623       1.3293
   15624       1.1767
   15625       1.1876
   15626       1.2651
   15627       1.3160
   15628       1.3306
   15629       1.3523
   15630       1.3063
   15631       1.3558
   15632       1.2957
   15633       1.2219
   15634       1.2209
   15635       1.2618
   15636       1.3273
   15637       1.2590
   15638       1.1522
   15639       1.3526
   15640       1.3249
   15641       1.2925
   15642       1.2655
   15643       1.2538
   15644       1.0785
   15645       1.0622
   15646       1.1459
   15647       1.0232
   15648       1.1283
   15649       1.1524
   15650       1.2144
   15651       1.1036
   15652       1.2863
   15653       1.2795
   15654       1.2169
   15655       1.2467
   15656       1.4460
   15657       1.3364
   15658       1.3412
   15659       1.3767
   15660       1.3256
   15661       1.2964
   15662       1.2940
   15663       1.3400
   15664       1.2805
   15665       1.2890
   15666       1.2270
   15667       1.1751
   15668       1.1911
   15669       1.3347
   15670       1.1177
   15671       1.1858
   15672       1.2217
   15673       1.1164
   15674       1.0846
   15675       1.0631
   15676       1.1542
   15677       1.1278
   15678       1.1535
   15679       1.2092
   15680       1.1745
   15681       1.1570
   15682       1.2366
   15683       1.2405
   15684       1.2555
   15685       1.1978
   15686       1.1002
   15687       1.2059
   15688       1.1327
   15689       1.1398
   15690       1.2428
   15691       1.2869
   15692       1.2991
   15693       1.2970
   15694       1.3228
   15695       1.1772
   15696       1.2033
   15697       1.1944
   15698       1.1858
   15699       1.0731
   15700       1.1172
   15701       1.0923
   15702       1.2466
   15703       1.1533
   15704       1.1635
   15705       1.1621
   15706       1.2170
   15707       1.1869
   15708       1.3486
   15709       1.2280
   15710       1.2396
   15711       1.2697
   15712       1.3523
   15713       1.2405
   15714       1.4206
   15715       1.4130
   15716       1.2927
   15717       1.3418
   15718       1.3184
   15719       1.4097
   15720       1.3126
   15721       1.4070
   15722       1.3645
   15723       1.4040
   15724       1.2583
   15725       1.2746
   15726       1.3022
   15727       1.4685
   15728       1.2839
   15729       1.2832
   15730       1.2370
   15731       1.3327
   15732       1.3316
   15733       1.4077
   15734       1.4229
   15735       1.3212
   15736       1.3836
   15737       1.2808
   15738       1.4739
   15739       1.4623
   15740       1.3591
   15741       1.3640
   15742       1.2144
   15743       1.2719
   15744       1.3211
   15745       1.3008
   15746       1.4482
   15747       1.3116
   15748       1.3231
   15749       1.2749
   15750       1.2511
   15751       1.2278
   15752       1.2483
   15753       1.2408
   15754       1.2153
   15755       1.2256
   15756       1.2045
   15757       1.2033
   15758       1.2492
   15759       1.1634
   15760       1.2378
   15761       1.2186
   15762       1.2527
   15763       1.2778
   15764       1.4455
   15765       1.3076
   15766       1.4049
   15767       1.4009
   15768       1.4705
   15769       1.4115
   15770       1.3139
   15771       1.3088
   15772       1.3135
   15773       1.2746
   15774       1.2303
   15775       1.1496
   15776       1.2218
   15777       1.3441
   15778       1.3054
   15779       1.3259
   15780       1.3185
   15781       1.2261
   15782       1.2619
   15783       1.2415
   15784       1.3080
   15785       1.4965
   15786       1.2482
   15787       1.2393
   15788       1.3350
   15789       1.3482
   15790       1.1789
   15791       1.2064
   15792       1.1479
   15793       1.0752
   15794       1.2162
   15795       1.2426
   15796       1.2118
   15797       1.1709
   15798       1.1413
   15799       1.1200
   15800       1.2113
   15801       1.1697
   15802       1.2477
   15803       1.2918
   15804       1.3516
   15805       1.3856
   15806       1.3038
   15807       1.3422
   15808       1.4338
   15809       1.4732
   15810       1.2970
   15811       1.1609
   15812       1.1143
   15813       1.2251
   15814       1.3975
   15815       1.2675
   15816       1.1868
   15817       1.2100
   15818       1.2042
   15819       1.0969
   15820       1.1186
   15821       1.1752
   15822       1.1562
   15823       1.2630
   15824       1.2637
   15825       1.2633
   15826       1.3734
   15827       1.2775
   15828       1.2137
   15829       1.2016
   15830       1.1910
   15831       1.1515
   15832       1.3282
   15833       1.3801
   15834       1.3194
   15835       1.3546
   15836       1.4363
   15837       1.3562
   15838       1.3731
   15839       1.4553
   15840       1.4302
   15841       1.6470
   15842       1.7228
   15843       1.7010
   15844       1.4197
   15845       1.4955
   15846       1.5618
   15847       1.3478
   15848       1.3022
   15849       1.2936
   15850       1.2921
   15851       1.2353
   15852       1.3095
   15853       1.2940
   15854       1.3766
   15855       1.3440
   15856       1.3567
   15857       1.2199
   15858       1.4847
   15859       1.2701
   15860       1.5632
   15861       1.4114
   15862       1.5579
   15863       1.4363
   15864       1.3822
   15865       1.3629
   15866       1.3491
   15867       1.3884
   15868       1.5641
   15869       1.5190
   15870       1.4583
   15871       1.4498
   15872       1.4434
   15873       1.4533
   15874       1.3729
   15875       1.5048
   15876       1.5051
   15877       1.6493
   15878       1.6217
   15879       1.5730
   15880       1.7901
   15881       1.7791
   15882       1.7157
   15883       1.8522
   15884       1.7646
   15885       1.7014
   15886       1.6059
   15887       1.7036
   15888       1.8121
   15889       1.5904
   15890       1.5229
   15891       1.6432
   15892       1.7881
   15893       1.7390
   15894       1.6771
   15895       1.5522
   15896       1.4281
   15897       1.4618
   15898       1.4266
   15899       1.3259
   15900       1.3999
   15901       1.3535
   15902       1.4288
   15903       1.4308
   15904       1.5403
   15905       1.5745
   15906       1.6596
   15907       1.5675
   15908       1.4856
   15909       1.4525
   15910       1.4832
   15911       1.5623
   15912       1.5978
   15913       1.6120
   15914       1.4979
   15915       1.4974
   15916       1.4516
   15917       1.4834
   15918       1.5334
   15919       1.5219
   15920       1.5134
   15921       1.5197
   15922       1.3957
   15923       1.4900
   15924       1.3722
   15925       1.3381
   15926       1.4067
   15927       1.2633
   15928       1.2896
   15929       1.1944
   15930       1.2873
   15931       1.3117
   15932       1.3482
   15933       1.3717
   15934       1.4768
   15935       1.4762
   15936       1.4840
   15937       1.3499
   15938       1.2402
   15939       1.4091
   15940       1.3988
   15941       1.4403
   15942       1.3640
   15943       1.4451
   15944       1.3163
   15945       1.4420
   15946       1.4107
   15947       1.3417
   15948       1.3073
   15949       1.3017
   15950       1.2896
   15951       1.3136
   15952       1.3414
   15953       1.3765
   15954       1.3194
   15955       1.4247
   15956       1.3766
   15957       1.3167
   15958       1.3877
   15959       1.3115
   15960       1.3383
   15961       1.2953
   15962       1.3324
   15963       1.3236
   15964       1.3247
   15965       1.3580
   15966       1.6591
   15967       1.5423
   15968       1.6440
   15969       1.5637
   15970       1.5007
   15971       1.5184
   15972       1.4930
   15973       1.5349
   15974       1.4627
   15975       1.4488
   15976       1.5152
   15977       1.5828
   15978       1.4877
   15979       1.5919
   15980       1.5444
   15981       1.4229
   15982       1.4591
   15983       1.6522
   15984       1.5859
   15985       1.5720
   15986       1.5799
   15987       1.5941
   15988       1.7515
   15989       1.6053
   15990       1.6512
   15991       1.7166
   15992       1.7146
   15993       1.7951
   15994       2.0453
   15995       2.0201
   15996       1.9772
   15997       1.7727
   15998       2.1086
   15999       2.0274
   16000       1.9145
   16001       2.0460
   16002       1.7085
   16003       1.6223
   16004       1.7297
   16005       1.7419
   16006       1.6135
   16007       1.7720
   16008       1.7910
   16009       1.6727
   16010       1.8512
   16011       1.7415
   16012       1.8307
   16013       1.8221
   16014       1.7573
   16015       1.6872
   16016       1.8867
   16017       1.9374
   16018       1.8868
   16019       1.7953
   16020       1.9293
   16021       1.8773
   16022       1.6860
   16023       1.5043
   16024       1.7134
   16025       1.7744
   16026       1.8478
   16027       1.9356
   16028       2.0439
   16029       1.9405
   16030       2.0151
   16031       2.0308
   16032       1.9310
   16033       2.1181
   16034       2.2096
   16035       2.1631
   16036       2.1522
   16037       2.0494
   16038       2.0266
   16039       1.9000
   16040       1.7544
   16041       1.9144
   16042       1.8455
   16043       1.7854
   16044       1.8469
   16045       1.9944
   16046       1.9348
   16047       1.9740
   16048       2.0690
   16049       2.1351
   16050       1.9455
   16051       1.8514
   16052       1.8096
   16053       1.7635
   16054       1.8005
   16055       1.8909
   16056       1.8317
   16057       1.8350
   16058       2.0145
   16059       2.0169
   16060       1.9376
   16061       1.7036
   16062       1.8347
   16063       1.7229
   16064       1.6830
   16065       1.5528
   16066       1.6160
   16067       1.5899
   16068       1.5781
   16069       1.6801
   16070       1.5155
   16071       1.5398
   16072       1.4883
   16073       1.6106
   16074       1.6044
   16075       1.6698
   16076       1.6353
   16077       1.5389
   16078       1.5093
   16079       1.4984
   16080       1.4318
   16081       1.3525
   16082       1.5294
   16083       1.4910
   16084       1.4576
   16085       1.4036
   16086       1.5255
   16087       1.5918
   16088       1.6959
   16089       1.6803
   16090       1.8118
   16091       1.9625
   16092       1.9848
   16093       2.0161
   16094       2.0357
   16095       1.9431
   16096       1.9876
   16097       1.9282
   16098       1.8011
   16099       1.6290
   16100       1.6395
   16101       1.7065
   16102       1.5344
   16103       1.3353
   16104       1.4335
   16105       1.3439
   16106       1.3859
   16107       1.5616
   16108       1.4058
   16109       1.4093
   16110       1.4881
   16111       1.4114
   16112       1.6166
   16113       1.5925
   16114       1.6528
   16115       1.7053
   16116       1.7623
   16117       1.6888
   16118       1.4494
   16119       1.4711
   16120       1.5770
   16121       1.5677
   16122       1.5886
   16123       1.5217
   16124       1.6497
   16125       1.5852
   16126       1.5382
   16127       1.5305
   16128       1.6004
   16129       1.4898
   16130       1.5701
   16131       1.6270
   16132       1.5874
   16133       1.5888
   16134       1.5780
   16135       1.6518
   16136       1.6861
   16137       1.5615
   16138       1.6370
   16139       1.6233
   16140       1.5478
   16141       1.4130
   16142       1.4865
   16143       1.5552
   16144       1.4268
   16145       1.3529
   16146       1.4171
   16147       1.3372
   16148       1.4439
   16149       1.5230
   16150       1.6202
   16151       1.5257
   16152       1.5372
   16153       1.5260
   16154       1.5685
   16155       1.5424
   16156       1.3700
   16157       1.2680
   16158       1.3002
   16159       1.1840
   16160       1.3124
   16161       1.2418
   16162       1.3127
   16163       1.2507
   16164       1.2640
   16165       1.2498
   16166       1.1442
   16167       1.2545
   16168       1.1693
   16169       1.1331
   16170       1.1368
   16171       1.1419
   16172       1.2758
   16173       1.4330
   16174       1.3745
   16175       1.4539
   16176       1.4664
   16177       1.4880
   16178       1.4291
   16179       1.3083
   16180       1.2963
   16181       1.3398
   16182       1.3062
   16183       1.3679
   16184       1.3764
   16185       1.4269
   16186       1.4128
   16187       1.3677
   16188       1.3942
   16189       1.3779
   16190       1.2901
   16191       1.5089
   16192       1.6051
   16193       1.7028
   16194       1.7111
   16195       1.6091
   16196       1.6264
   16197       1.5856
   16198       1.5104
   16199       1.4055
   16200       1.5162
   16201       1.4659
   16202       1.3560
   16203       1.2784
   16204       1.5435
   16205       1.5018
   16206       1.3855
   16207       1.3812
   16208       1.3390
   16209       1.5651
   16210       1.5177
   16211       1.4547
   16212       1.5416
   16213       1.5293
   16214       1.4441
   16215       1.4842
   16216       1.4174
   16217       1.4132
   16218       1.3287
   16219       1.4996
   16220       1.3751
   16221       1.4056
   16222       1.4901
   16223       1.5378
   16224       1.6268
   16225       1.5712
   16226       1.5486
   16227       1.6749
   16228       1.6444
   16229       1.7722
   16230       1.7528
   16231       1.9083
   16232       1.8385
   16233       1.8674
   16234       1.9265
   16235       1.9288
   16236       1.6753
   16237       1.8965
   16238       1.9811
   16239       1.8748
   16240       1.8738
   16241       1.9469
   16242       1.9768
   16243       1.9775
   16244       2.0968
   16245       2.1199
   16246       2.2307
   16247       2.1843
   16248       2.0459
   16249       2.0969
   16250       2.1127
   16251       1.9882
   16252       2.0279
   16253       1.8298
   16254       1.8733
   16255       2.0330
   16256       1.9073
   16257       2.0733
   16258       2.0943
   16259       2.0480
   16260       2.1248
   16261       2.0957
   16262       2.1949
   16263       1.8831
   16264       2.0029
   16265       2.0199
   16266       1.8907
   16267       1.8669
   16268       1.9054
   16269       1.9291
   16270       1.8148
   16271       1.6596
   16272       1.8375
   16273       1.8289
   16274       1.7288
   16275       1.6254
   16276       1.6789
   16277       1.5060
   16278       1.5595
   16279       1.6147
   16280       1.7274
   16281       1.7944
   16282       1.7886
   16283       1.8371
   16284       1.8957
   16285       1.9872
   16286       1.9144
   16287       1.8978
   16288       1.9871
   16289       1.8254
   16290       1.8756
   16291       1.6510
   16292       1.8085
   16293       1.8915
   16294       1.8974
   16295       1.9507
   16296       1.9561
   16297       1.6939
   16298       1.8046
   16299       1.6461
   16300       1.7561
   16301       1.5251
   16302       1.5296
   16303       1.3808
   16304       1.3927
   16305       1.4780
   16306       1.4297
   16307       1.5100
   16308       1.5175
   16309       1.4859
   16310       1.6959
   16311       1.7035
   16312       1.7310
   16313       1.7314
   16314       1.6577
   16315       1.8410
   16316       1.7910
   16317       1.7868
   16318       1.8187
   16319       1.7250
   16320       1.7504
   16321       1.7182
   16322       1.7137
   16323       1.4849
   16324       1.4883
   16325       1.5643
   16326       1.5665
   16327       1.3755
   16328       1.3751
   16329       1.4323
   16330       1.4989
   16331       1.5962
   16332       1.4490
   16333       1.6326
   16334       1.5877
   16335       1.5626
   16336       1.5601
   16337       1.7562
   16338       1.6994
   16339       1.7878
   16340       1.8314
   16341       1.8429
   16342       2.0005
   16343       1.9312
   16344       1.8794
   16345       1.7898
   16346       1.7850
   16347       1.9532
   16348       1.9022
   16349       1.8652
   16350       1.7866
   16351       1.8995
   16352       1.6924
   16353       2.0966
   16354       2.0795
   16355       2.2110
   16356       2.0746
   16357       2.1697
   16358       1.9582
   16359       1.8346
   16360       1.5807
   16361       1.6290
   16362       1.6382
   16363       1.6649
   16364       1.6057
   16365       1.5237
   16366       1.5277
   16367       1.5672
   16368       1.6624
   16369       1.6938
   16370       1.6055
   16371       1.5974
   16372       1.4058
   16373       1.4421
   16374       1.5378
   16375       1.5965
   16376       1.4798
   16377       1.5565
   16378       1.5683
   16379       1.5915
   16380       1.5747
   16381       1.6118
   16382       1.4892
   16383       1.4895
   16384       1.4890
   16385       1.4133
   16386       1.3348
   16387       1.3795
   16388       1.5934
   16389       1.5721
   16390       1.4460
   16391       1.3847
   16392       1.4119
   16393       1.5918
   16394       1.5819
   16395       1.6299
   16396       1.6858
   16397       1.6835
   16398       1.5890
   16399       1.6661
   16400       1.6130
   16401       1.5956
   16402       1.5324
   16403       1.5215
   16404       1.5171
   16405       1.7129
   16406       1.5542
   16407       1.6467
   16408       1.5426
   16409       1.6743
   16410       1.6266
   16411       1.5564
   16412       1.7345
   16413       1.7755
   16414       1.7093
   16415       1.5049
   16416       1.3102
   16417       1.3579
   16418       1.3917
   16419       1.6146
   16420       1.6958
   16421       1.6301
   16422       1.6188
   16423       1.5379
   16424       1.5638
   16425       1.6752
   16426       1.6401
   16427       1.6261
   16428       1.2804
   16429       1.2630
   16430       1.4132
   16431       1.3730
   16432       1.4544
   16433       1.3894
   16434       1.4657
   16435       1.5203
   16436       1.6135
   16437       1.5785
   16438       1.6550
   16439       1.7327
   16440       1.5732
   16441       1.5362
   16442       1.4679
   16443       1.4076
   16444       1.4696
   16445       1.3916
   16446       1.3432
   16447       1.4917
   16448       1.6596
   16449       1.4110
   16450       1.3109
   16451       1.3978
   16452       1.3248
   16453       1.3807
   16454       1.2617
   16455       1.2055
   16456       1.4063
   16457       1.4314
   16458       1.2495
   16459       1.2531
   16460       1.2496
   16461       1.2671
   16462       1.3022
   16463       1.1733
   16464       1.2285
   16465       1.1946
   16466       1.2565
   16467       1.3688
   16468       1.3855
   16469       1.5050
   16470       1.5012
   16471       1.3019
   16472       1.3166
   16473       1.3841
   16474       1.2533
   16475       1.2477
   16476       1.2208
   16477       1.3959
   16478       1.5013
   16479       1.5234
   16480       1.1919
   16481       1.3686
   16482       1.3108
   16483       1.3464
   16484       1.1883
   16485       1.2411
   16486       1.3292
   16487       1.3056
   16488       1.4879
   16489       1.5667
   16490       1.4545
   16491       1.7024
   16492       1.5316
   16493       1.5575
   16494       1.2900
   16495       1.3037
   16496       1.3576
   16497       1.4486
   16498       1.4149
   16499       1.3529
   16500       1.5321
   16501       1.6505
   16502       1.6310
   16503       1.6518
   16504       1.4060
   16505       1.4858
   16506       1.5365
   16507       1.4569
   16508       1.5131
   16509       1.4117
   16510       1.2628
   16511       1.3865
   16512       1.2865
   16513       1.2508
   16514       1.4011
   16515       1.3833
   16516       1.4042
   16517       1.3422
   16518       1.3889
   16519       1.3336
   16520       1.3503
   16521       1.4149
   16522       1.3741
   16523       1.5049
   16524       1.5377
   16525       1.5225
   16526       1.5790
   16527       1.4524
   16528       1.5651
   16529       1.5793
   16530       1.5822
   16531       1.4402
   16532       1.4581
   16533       1.4693
   16534       1.3786
   16535       1.4055
   16536       1.3647
   16537       1.3982
   16538       1.2838
   16539       1.2657
   16540       1.3972
   16541       1.3701
   16542       1.2758
   16543       1.3669
   16544       1.4905
   16545       1.5608
   16546       1.4552
   16547       1.5160
   16548       1.4713
   16549       1.5199
   16550       1.5395
   16551       1.6185
   16552       1.4693
   16553       1.4468
   16554       1.5124
   16555       1.3525
   16556       1.3661
   16557       1.3685
   16558       1.1942
   16559       1.3179
   16560       1.2913
   16561       1.3515
   16562       1.2692
   16563       1.3362
   16564       1.3012
   16565       1.2884
   16566       1.3500
   16567       1.2941
   16568       1.5160
   16569       1.3511
   16570       1.4255
   16571       1.4875
   16572       1.4871
   16573       1.4991
   16574       1.3784
   16575       1.3474
   16576       1.4802
   16577       1.5421
   16578       1.5637
   16579       1.6352
   16580       1.6636
   16581       1.4945
   16582       1.5811
   16583       1.5424
   16584       1.4463
   16585       1.4654
   16586       1.4491
   16587       1.5502
   16588       1.5670
   16589       1.4936
   16590       1.5736
   16591       1.6291
   16592       1.5518
   16593       1.5533
   16594       1.5177
   16595       1.4425
   16596       1.3150
   16597       1.2179
   16598       1.3032
   16599       1.4835
   16600       1.4110
   16601       1.4934
   16602       1.5011
   16603       1.4365
   16604       1.4989
   16605       1.3696
   16606       1.3275
   16607       1.3017
   16608       1.3514
   16609       1.2737
   16610       1.5488
   16611       1.4180
   16612       1.5494
   16613       1.6976
   16614       1.4839
   16615       1.5791
   16616       1.5337
   16617       1.4868
   16618       1.5733
   16619       1.6120
   16620       1.4131
   16621       1.4711
   16622       1.5339
   16623       1.3768
   16624       1.3962
   16625       1.3079
   16626       1.5670
   16627       1.6796
   16628       1.5952
   16629       1.7089
   16630       1.5287
   16631       1.4786
   16632       1.5159
   16633       1.4572
   16634       1.4398
   16635       1.4488
   16636       1.3956
   16637       1.4016
   16638       1.3894
   16639       1.3179
   16640       1.4141
   16641       1.4370
   16642       1.3440
   16643       1.3232
   16644       1.4187
   16645       1.3841
   16646       1.5679
   16647       1.4862
   16648       1.2669
   16649       1.2236
   16650       1.1646
   16651       1.2397
   16652       1.3295
   16653       1.3803
   16654       1.2380
   16655       1.2616
   16656       1.4207
   16657       1.3641
   16658       1.2306
   16659       1.2762
   16660       1.2738
   16661       1.3421
   16662       1.3281
   16663       1.1400
   16664       1.1805
   16665       1.2992
   16666       1.2931
   16667       1.2608
   16668       1.1862
   16669       1.2870
   16670       1.1785
   16671       1.2504
   16672       1.3299
   16673       1.3680
   16674       1.0933
   16675       1.1492
   16676       1.2644
   16677       1.2202
   16678       1.2567
   16679       1.4484
   16680       1.1948
   16681       1.0015
   16682       0.9610
   16683       1.0045
   16684       0.9376
   16685       1.0225
   16686       1.1512
   16687       1.2792
   16688       1.2818
   16689       1.1522
   16690       1.2150
   16691       1.0676
   16692       1.0825
   16693       1.0208
   16694       1.0332
   16695       1.1339
   16696       1.1124
   16697       1.0635
   16698       1.0284
   16699       1.1199
   16700       1.1729
   16701       1.2214
   16702       1.2792
   16703       1.2071
   16704       1.2334
   16705       1.0424
   16706       1.0679
   16707       1.1840
   16708       1.1206
   16709       1.1969
   16710       1.0879
   16711       1.2280
   16712       1.1174
   16713       0.9469
   16714       1.1228
   16715       1.2076
   16716       1.3582
   16717       1.4684
   16718       1.4139
   16719       1.4894
   16720       1.4480
   16721       1.6699
   16722       1.6162
   16723       1.6133
   16724       1.5138
   16725       1.2451
   16726       1.3590
   16727       1.3028
   16728       1.4215
   16729       1.3737
   16730       1.2815
   16731       1.4500
   16732       1.6601
   16733       1.6235
   16734       1.5852
   16735       1.7347
   16736       1.8447
   16737       1.8876
   16738       1.7578
   16739       1.8570
   16740       1.9121
   16741       1.7958
   16742       1.5655
   16743       1.5991
   16744       1.5859
   16745       1.9180
   16746       1.6369
   16747       1.5201
   16748       1.5551
   16749       1.4121
   16750       1.4554
   16751       1.3641
   16752       1.5698
   16753       1.4353
   16754       1.4254
   16755       1.4581
   16756       1.2982
   16757       1.4758
   16758       1.4271
   16759       1.3760
   16760       1.3317
   16761       1.3185
   16762       1.4080
   16763       1.4420
   16764       1.5365
   16765       1.5685
   16766       1.7355
   16767       1.7200
   16768       1.5984
   16769       1.5108
   16770       1.4074
   16771       1.4838
   16772       1.5296
   16773       1.5506
   16774       1.5641
   16775       1.6336
   16776       1.4445
   16777       1.4021
   16778       1.3537
   16779       1.5800
   16780       1.5969
   16781       1.4322
   16782       1.2523
   16783       1.3268
   16784       1.3685
   16785       1.2065
   16786       1.2462
   16787       1.2386
   16788       1.2256
   16789       1.1633
   16790       1.1754
   16791       1.2080
   16792       1.2508
   16793       1.1396
   16794       1.2765
   16795       1.2706
   16796       1.3193
   16797       1.5011
   16798       1.3349
   16799       1.1714
   16800       1.1445
   16801       1.2731
   16802       1.1848
   16803       1.2767
   16804       1.2486
   16805       1.1735
   16806       1.2520
   16807       1.2978
   16808       1.2751
   16809       1.4446
   16810       1.4587
   16811       1.5240
   16812       1.7330
   16813       1.6113
   16814       1.6943
   16815       1.6213
   16816       1.7306
   16817       1.5503
   16818       1.6532
   16819       1.4159
   16820       1.4922
   16821       1.4396
   16822       1.3472
   16823       1.4248
   16824       1.5593
   16825       1.6078
   16826       1.6339
   16827       1.6050
   16828       1.6727
   16829       1.7625
   16830       1.4710
   16831       1.4626
   16832       1.4848
   16833       1.3949
   16834       1.3740
   16835       1.5795
   16836       1.6684
   16837       1.4950
   16838       1.3512
   16839       1.4453
   16840       1.5886
   16841       1.6364
   16842       1.5604
   16843       1.5169
   16844       1.4410
   16845       1.5320
   16846       1.4103
   16847       1.4491
   16848       1.4159
   16849       1.4101
   16850       1.3620
   16851       1.3994
   16852       1.1849
   16853       1.3394
   16854       1.2136
   16855       1.3339
   16856       1.4606
   16857       1.6357
   16858       1.5256
   16859       1.6147
   16860       1.6412
   16861       1.5176
   16862       1.5539
   16863       1.6057
   16864       1.2910
   16865       1.3052
   16866       1.2796
   16867       1.1950
   16868       1.0855
   16869       1.1424
   16870       1.1997
   16871       1.3001
   16872       1.4842
   16873       1.3531
   16874       1.2543
   16875       1.2660
   16876       1.3776
   16877       1.2716
   16878       1.2353
   16879       1.3109
   16880       1.2991
   16881       1.2720
   16882       1.2507
   16883       1.3373
   16884       1.1629
   16885       1.2953
   16886       1.3656
   16887       1.3578
   16888       1.3106
   16889       1.2760
   16890       1.1902
   16891       1.2149
   16892       1.2663
   16893       1.4347
   16894       1.3454
   16895       1.1797
   16896       1.1551
   16897       1.3277
   16898       1.1831
   16899       1.2401
   16900       1.3360
   16901       1.3681
   16902       1.5938
   16903       1.6394
   16904       1.5640
   16905       1.3931
   16906       1.3932
   16907       1.4406
   16908       1.3928
   16909       1.4029
   16910       1.2870
   16911       1.2104
   16912       1.2265
   16913       1.1408
   16914       1.1540
   16915       1.1833
   16916       1.1831
   16917       1.1793
   16918       1.1403
   16919       1.1410
   16920       1.1390
   16921       1.0519
   16922       1.1232
   16923       1.2271
   16924       1.1980
   16925       1.1806
   16926       1.0644
   16927       1.1785
   16928       1.1366
   16929       1.1080
   16930       1.0774
   16931       1.0882
   16932       1.1864
   16933       1.2716
   16934       1.5271
   16935       1.2149
   16936       1.3460
   16937       1.4040
   16938       1.1906
   16939       1.1604
   16940       1.2848
   16941       1.2958
   16942       1.2292
   16943       1.2743
   16944       1.1714
   16945       1.2744
   16946       1.3014
   16947       1.2123
   16948       1.1667
   16949       1.1104
   16950       1.1435
   16951       1.1661
   16952       1.1677
   16953       1.2030
   16954       1.2580
   16955       1.2898
   16956       1.4306
   16957       1.4617
   16958       1.4293
   16959       1.4963
   16960       1.4891
   16961       1.3685
   16962       1.2782
   16963       1.3420
   16964       1.5818
   16965       1.6285
   16966       1.5958
   16967       1.4137
   16968       1.3158
   16969       1.3053
   16970       1.2727
   16971       1.1391
   16972       1.0868
   16973       1.1314
   16974       1.2211
   16975       1.1796
   16976       1.3080
   16977       1.4715
   16978       1.3223
   16979       1.2468
   16980       1.1101
   16981       1.3472
   16982       1.1180
   16983       1.2254
   16984       1.3502
   16985       1.4611
   16986       1.3773
   16987       1.3436
   16988       1.2992
   16989       1.3355
   16990       1.5439
   16991       1.5403
   16992       1.4661
   16993       1.4086
   16994       1.3363
   16995       1.2963
   16996       1.3560
   16997       1.3060
   16998       1.2677
   16999       1.2701
   17000       1.4162
   17001       1.5397
   17002       1.5418
   17003       1.4632
   17004       1.3801
   17005       1.1775
   17006       1.2086
   17007       1.2278
   17008       1.2836
   17009       1.1667
   17010       1.0749
   17011       1.0889
   17012       1.2328
   17013       1.2720
   17014       1.2215
   17015       1.2075
   17016       1.1848
   17017       1.3335
   17018       1.3107
   17019       1.3716
   17020       1.3092
   17021       1.3812
   17022       1.3338
   17023       1.2620
   17024       1.1310
   17025       1.2753
   17026       1.4548
   17027       1.5223
   17028       1.5795
   17029       1.6464
   17030       1.5866
   17031       1.7603
   17032       1.8476
   17033       1.7791
   17034       1.5699
   17035       1.4414
   17036       1.4617
   17037       1.5392
   17038       1.6714
   17039       1.5061
   17040       1.7211
   17041       1.6866
   17042       1.7373
   17043       1.6938
   17044       1.6708
   17045       1.6975
   17046       1.7126
   17047       1.4780
   17048       1.4909
   17049       1.4331
   17050       1.3931
   17051       1.5504
   17052       1.4228
   17053       1.3475
   17054       1.3484
   17055       1.3944
   17056       1.4768
   17057       1.5230
   17058       1.5091
   17059       1.6183
   17060       1.6350
   17061       1.6772
   17062       1.7446
   17063       1.6006
   17064       1.5372
   17065       1.5549
   17066       1.5932
   17067       1.6387
   17068       1.6650
   17069       1.4924
   17070       1.4751
   17071       1.5271
   17072       1.5201
   17073       1.5401
   17074       1.5349
   17075       1.4325
   17076       1.5798
   17077       1.5763
   17078       1.6567
   17079       1.8057
   17080       1.7306
   17081       1.6978
   17082       1.6908
   17083       1.6974
   17084       1.8183
   17085       1.7716
   17086       1.9746
   17087       1.9643
   17088       1.9792
   17089       1.9804
   17090       2.0610
   17091       2.0005
   17092       2.0561
   17093       2.0206
   17094       1.9934
   17095       2.0519
   17096       2.0230
   17097       2.0904
   17098       1.9587
   17099       1.9119
   17100       2.0359
   17101       2.1473
   17102       2.2132
   17103       2.3179
   17104       2.0602
   17105       1.9602
   17106       1.8857
   17107       1.8879
   17108       1.9351
   17109       2.0482
   17110       2.0543
   17111       1.7559
   17112       1.8048
   17113       1.8517
   17114       1.8739
   17115       1.8816
   17116       1.9693
   17117       1.8607
   17118       2.0547
   17119       2.1912
   17120       2.1985
   17121       1.9474
   17122       2.0004
   17123       1.8522
   17124       1.8426
   17125       1.6372
   17126       1.8098
   17127       1.7866
   17128       1.6760
   17129       1.7428
   17130       1.7953
   17131       1.8133
   17132       1.9507
   17133       1.9691
   17134       1.8121
   17135       1.8422
   17136       1.8195
   17137       1.9091
   17138       1.8954
   17139       1.9408
   17140       2.0107
   17141       1.9005
   17142       1.9693
   17143       2.0611
   17144       2.1990
   17145       2.2599
   17146       2.1575
   17147       1.9957
   17148       1.8288
   17149       1.7582
   17150       1.8099
   17151       1.6207
   17152       1.5719
   17153       1.6996
   17154       1.8164
   17155       1.7398
   17156       1.8105
   17157       1.7853
   17158       1.8104
   17159       1.8667
   17160       1.8356
   17161       1.8892
   17162       1.8813
   17163       1.7286
   17164       1.7568
   17165       1.6320
   17166       1.5069
   17167       1.5075
   17168       1.4442
   17169       1.4651
   17170       1.3203
   17171       1.2982
   17172       1.3330
   17173       1.3983
   17174       1.4944
   17175       1.4518
   17176       1.4214
   17177       1.4708
   17178       1.4077
   17179       1.4425
   17180       1.3969
   17181       1.3049
   17182       1.3126
   17183       1.4895
   17184       1.5173
   17185       1.4305
   17186       1.3888
   17187       1.3478
   17188       1.3109
   17189       1.3912
   17190       1.5129
   17191       1.4311
   17192       1.4959
   17193       1.3519
   17194       1.2853
   17195       1.1298
   17196       1.1573
   17197       1.2078
   17198       1.3001
   17199       1.2803
   17200       1.2705
   17201       1.3029
   17202       1.3703
   17203       1.1188
   17204       1.2367
   17205       1.1900
   17206       1.0776
   17207       1.2848
   17208       1.2569
   17209       1.2907
   17210       1.2018
   17211       1.1839
   17212       1.1876
   17213       1.3335
   17214       1.1980
   17215       1.3242
   17216       1.2429
   17217       1.2612
   17218       1.2722
   17219       1.2307
   17220       1.2876
   17221       1.1581
   17222       1.1207
   17223       1.1512
   17224       1.2484
   17225       1.2798
   17226       1.2307
   17227       1.2994
   17228       1.1545
   17229       1.3238
   17230       1.3422
   17231       1.2422
   17232       1.1624
   17233       1.1938
   17234       1.2077
   17235       1.2729
   17236       1.3229
   17237       1.3658
   17238       1.3189
   17239       1.4848
   17240       1.3842
   17241       1.2844
   17242       1.2975
   17243       1.3273
   17244       1.4135
   17245       1.4008
   17246       1.5004
   17247       1.4164
   17248       1.3906
   17249       1.4012
   17250       1.2408
   17251       1.2186
   17252       1.2775
   17253       1.1970
   17254       1.2116
   17255       1.3142
   17256       1.3444
   17257       1.1871
   17258       1.3114
   17259       1.2840
   17260       1.3631
   17261       1.4154
   17262       1.3019
   17263       1.1587
   17264       1.2327
   17265       1.1540
   17266       1.2131
   17267       1.2800
   17268       1.1761
   17269       1.1672
   17270       1.1078
   17271       1.0938
   17272       1.2765
   17273       1.2485
   17274       1.3190
   17275       1.1713
   17276       1.1897
   17277       1.2854
   17278       1.2678
   17279       1.3255
   17280       1.3328
   17281       1.4856
   17282       1.2591
   17283       1.2514
   17284       1.3106
   17285       1.2205
   17286       1.2735
   17287       1.2306
   17288       1.1806
   17289       1.3249
   17290       1.2358
   17291       1.1449
   17292       1.3137
   17293       1.4140
   17294       1.2646
   17295       1.2986
   17296       1.4024
   17297       1.2518
   17298       1.3431
   17299       1.3083
   17300       1.2554
   17301       1.3578
   17302       1.3562
   17303       1.3844
   17304       1.2357
   17305       1.2250
   17306       1.2060
   17307       1.3849
   17308       1.3899
   17309       1.4363
   17310       1.5287
   17311       1.4181
   17312       1.4306
   17313       1.3646
   17314       1.4646
   17315       1.4986
   17316       1.3061
   17317       1.2331
   17318       1.2924
   17319       1.3374
   17320       1.3421
   17321       1.2977
   17322       1.3512
   17323       1.3103
   17324       1.4225
   17325       1.2924
   17326       1.3338
   17327       1.2858
   17328       1.2420
   17329       1.3012
   17330       1.2809
   17331       1.3705
   17332       1.3077
   17333       1.2412
   17334       1.5596
   17335       1.4852
   17336       1.4233
   17337       1.4446
   17338       1.4121
   17339       1.4456
   17340       1.4165
   17341       1.4068
   17342       1.3791
   17343       1.4231
   17344       1.0888
   17345       1.1898
   17346       1.2247
   17347       1.1740
   17348       1.1921
   17349       1.2034
   17350       1.1922
   17351       1.3046
   17352       1.3273
   17353       1.2266
   17354       1.3646
   17355       1.3827
   17356       1.2664
   17357       1.2576
   17358       1.4397
   17359       1.3310
   17360       1.2884
   17361       1.3342
   17362       1.2462
   17363       1.1896
   17364       1.2321
   17365       1.2073
   17366       1.2026
   17367       1.2223
   17368       1.4391
   17369       1.4334
   17370       1.3512
   17371       1.2255
   17372       1.1880
   17373       1.3269
   17374       1.2035
   17375       1.1330
   17376       1.2625
   17377       1.3594
   17378       1.3776
   17379       1.2382
   17380       1.2063
   17381       1.2521
   17382       1.1091
   17383       1.2691
   17384       1.1432
   17385       1.2302
   17386       1.1229
   17387       1.0686
   17388       1.0654
   17389       1.1655
   17390       1.2250
   17391       1.2712
   17392       1.3200
   17393       1.1812
   17394       1.0153
   17395       1.1275
   17396       1.1148
   17397       1.2103
   17398       1.1785
   17399       1.0998
   17400       1.0707
   17401       1.0868
   17402       0.9697
   17403       0.9416
   17404       0.9459
   17405       0.9732
   17406       0.9402
   17407       0.8404
   17408       1.0193
   17409       0.9988
   17410       1.1268
   17411       1.0196
   17412       1.0631
   17413       1.0674
   17414       1.0103
   17415       0.9812
   17416       1.0333
   17417       0.9213
   17418       0.9732
   17419       1.0308
   17420       1.0795
   17421       1.1057
   17422       1.1053
   17423       1.1601
   17424       1.0880
   17425       1.1675
   17426       1.0207
   17427       0.9926
   17428       1.0120
   17429       1.1018
   17430       1.0717
   17431       1.0398
   17432       1.1144
   17433       1.2591
   17434       1.3855
   17435       1.4053
   17436       1.4252
   17437       1.3024
   17438       1.1381
   17439       1.2176
   17440       1.2409
   17441       1.3723
   17442       1.3564
   17443       1.3485
   17444       1.2419
   17445       1.2505
   17446       1.2759
   17447       1.1944
   17448       1.0973
   17449       1.0597
   17450       1.0973
   17451       1.1957
   17452       1.1878
   17453       1.2356
   17454       1.2881
   17455       1.3304
   17456       1.3624
   17457       1.3442
   17458       1.2789
   17459       1.2563
   17460       1.1854
   17461       1.1126
   17462       1.2849
   17463       1.2663
   17464       1.2124
   17465       1.2107
   17466       1.2111
   17467       1.2415
   17468       1.4133
   17469       1.2485
   17470       1.2646
   17471       1.2327
   17472       1.2054
   17473       1.1873
   17474       1.2085
   17475       1.3732
   17476       1.4238
   17477       1.2199
   17478       1.1858
   17479       1.1773
   17480       1.1993
   17481       1.2469
   17482       1.3025
   17483       1.0977
   17484       1.1943
   17485       1.1862
   17486       1.2786
   17487       1.2078
   17488       1.3360
   17489       1.4832
   17490       1.2768
   17491       1.1925
   17492       1.0770
   17493       1.2324
   17494       1.2609
   17495       1.3299
   17496       1.2778
   17497       1.1333
   17498       1.1359
   17499       1.1091
   17500       1.2938
   17501       1.1038
   17502       1.1759
   17503       1.1472
   17504       1.2069
   17505       1.1489
   17506       1.1100
   17507       1.0075
   17508       1.1222
   17509       1.0267
   17510       0.9674
   17511       1.0933
   17512       1.1269
   17513       1.1585
   17514       1.2703
   17515       1.2305
   17516       1.1734
   17517       1.0882
   17518       0.9894
   17519       1.1169
   17520       1.0572
   17521       1.1623
   17522       1.3435
   17523       1.2808
   17524       1.0995
   17525       1.0857
   17526       1.0467
   17527       1.1890
   17528       1.1178
   17529       1.0709
   17530       1.2000
   17531       1.0797
   17532       1.2331
   17533       1.0758
   17534       1.1706
   17535       0.9960
   17536       1.0639
   17537       1.1002
   17538       1.0736
   17539       1.0562
   17540       1.0182
   17541       1.0488
   17542       1.0857
   17543       1.0659
   17544       1.1526
   17545       0.9697
   17546       1.0636
   17547       1.0959
   17548       1.0618
   17549       1.0227
   17550       0.9710
   17551       1.1517
   17552       1.0419
   17553       0.9951
   17554       1.1010
   17555       1.1564
   17556       1.1131
   17557       1.2024
   17558       1.1677
   17559       1.1447
   17560       1.1074
   17561       1.2129
   17562       1.2695
   17563       1.2415
   17564       1.1713
   17565       1.2336
   17566       1.1926
   17567       1.1839
   17568       1.1616
   17569       1.1465
   17570       1.0836
   17571       1.1315
   17572       1.1738
   17573       1.1413
   17574       1.1307
   17575       1.2395
   17576       1.1281
   17577       1.1827
   17578       1.1448
   17579       1.2112
   17580       1.3033
   17581       1.2815
   17582       1.2241
   17583       1.3868
   17584       1.4116
   17585       1.2644
   17586       1.2862
   17587       1.2662
   17588       1.3542
   17589       1.3015
   17590       1.1324
   17591       1.1314
   17592       1.1694
   17593       1.1691
   17594       1.2434
   17595       1.2381
   17596       1.1484
   17597       1.2038
   17598       1.1586
   17599       1.1552
   17600       1.1463
   17601       1.2020
   17602       1.0956
   17603       1.1162
   17604       1.0953
   17605       1.0738
   17606       1.1501
   17607       1.2028
   17608       1.0765
   17609       1.2012
   17610       1.0504
   17611       1.2616
   17612       1.3418
   17613       1.3593
   17614       1.3177
   17615       1.3656
   17616       1.3948
   17617       1.3787
   17618       1.1959
   17619       0.9459
   17620       1.0575
   17621       1.0814
   17622       1.1282
   17623       1.1959
   17624       0.9872
   17625       0.9600
   17626       0.9723
   17627       0.9759
   17628       1.0751
   17629       1.0738
   17630       1.0312
   17631       1.0117
   17632       1.0183
   17633       1.0589
   17634       0.9811
   17635       1.1274
   17636       1.1276
   17637       1.0970
   17638       0.9737
   17639       0.9518
   17640       0.9647
   17641       0.9411
   17642       1.0852
   17643       0.9721
   17644       1.0058
   17645       1.0588
   17646       1.2271
   17647       1.1866
   17648       1.1728
   17649       1.0676
   17650       0.9753
   17651       0.9559
   17652       0.9278
   17653       1.0605
   17654       1.0591
   17655       1.1387
   17656       1.1488
   17657       1.0742
   17658       1.1484
   17659       1.1376
   17660       1.1202
   17661       1.2859
   17662       1.2686
   17663       1.2841
   17664       1.2585
   17665       1.2210
   17666       1.2669
   17667       1.1212
   17668       1.1497
   17669       1.1328
   17670       1.1383
   17671       1.0950
   17672       1.1247
   17673       0.9871
   17674       1.0286
   17675       1.1624
   17676       1.0286
   17677       1.0925
   17678       0.9557
   17679       1.0659
   17680       1.1752
   17681       1.2531
   17682       1.2189
   17683       1.1511
   17684       1.1744
   17685       1.1648
   17686       1.1395
   17687       1.1061
   17688       1.1156
   17689       1.1418
   17690       1.2855
   17691       1.2499
   17692       1.1942
   17693       1.1865
   17694       1.2390
   17695       1.1835
   17696       1.1585
   17697       1.1068
   17698       1.0381
   17699       1.1400
   17700       1.1233
   17701       1.1399
   17702       0.9895
   17703       1.1574
   17704       1.0441
   17705       1.0989
   17706       1.2434
   17707       1.2522
   17708       1.1196
   17709       1.1013
   17710       1.1519
   17711       1.2043
   17712       1.0378
   17713       1.0203
   17714       1.0967
   17715       1.1064
   17716       1.0709
   17717       0.9890
   17718       1.0115
   17719       1.0159
   17720       1.0141
   17721       1.0351
   17722       0.9305
   17723       1.0327
   17724       1.1147
   17725       1.1150
   17726       1.1413
   17727       1.1514
   17728       1.0057
   17729       0.9875
   17730       1.0236
   17731       0.9900
   17732       1.1546
   17733       1.1589
   17734       1.0687
   17735       1.0771
   17736       1.0750
   17737       1.2869
   17738       1.2695
   17739       1.1699
   17740       1.2239
   17741       1.1741
   17742       1.1179
   17743       1.0431
   17744       1.0928
   17745       1.0944
   17746       0.9745
   17747       1.1221
   17748       1.0233
   17749       1.0735
   17750       1.2110
   17751       1.3355
   17752       1.2776
   17753       1.3865
   17754       1.3628
   17755       1.2496
   17756       1.3337
   17757       1.3550
   17758       1.3637
   17759       1.3275
   17760       1.2752
   17761       1.3562
   17762       1.3633
   17763       1.3579
   17764       1.4986
   17765       1.5552
   17766       1.4231
   17767       1.3315
   17768       1.5698
   17769       1.5806
   17770       1.6243
   17771       1.7229
   17772       1.7329
   17773       1.6882
   17774       1.7373
   17775       1.7698
   17776       1.6646
   17777       1.6719
   17778       1.4546
   17779       1.5748
   17780       1.7381
   17781       1.5886
   17782       1.6984
   17783       1.5610
   17784       1.5389
   17785       1.6042
   17786       1.4958
   17787       1.2419
   17788       1.0966
   17789       1.1739
   17790       1.1031
   17791       1.1935
   17792       1.1371
   17793       1.2176
   17794       1.2694
   17795       1.5406
   17796       1.5455
   17797       1.4937
   17798       1.3094
   17799       1.3852
   17800       1.3559
   17801       1.2129
   17802       1.2975
   17803       1.3215
   17804       1.3397
   17805       1.3391
   17806       1.2076
   17807       1.3643
   17808       1.2421
   17809       1.2579
   17810       1.0419
   17811       0.9576
   17812       1.0369
   17813       1.0339
   17814       1.1631
   17815       1.1272
   17816       1.1524
   17817       1.1698
   17818       1.0634
   17819       1.0935
   17820       1.0282
   17821       1.1641
   17822       1.1499
   17823       1.3391
   17824       1.1796
   17825       1.3503
   17826       1.3181
   17827       1.4119
   17828       1.5604
   17829       1.6770
   17830       1.7224
   17831       1.7332
   17832       1.5010
   17833       1.7018
   17834       1.5785
   17835       1.6348
   17836       1.5261
   17837       1.5306
   17838       1.6078
   17839       1.4909
   17840       1.2712
   17841       1.4382
   17842       1.5084
   17843       1.1739
   17844       1.1890
   17845       1.3501
   17846       1.4483
   17847       1.4075
   17848       1.4941
   17849       1.5916
   17850       1.4598
   17851       1.3185
   17852       1.3031
   17853       1.3876
   17854       1.3594
   17855       1.2730
   17856       1.3858
   17857       1.0876
   17858       1.3757
   17859       1.2850
   17860       1.3340
   17861       1.2714
   17862       1.1577
   17863       1.3706
   17864       1.0720
   17865       1.1054
   17866       1.1486
   17867       1.0573
   17868       1.0907
   17869       0.9550
   17870       0.9694
   17871       1.0187
   17872       0.9625
   17873       1.0835
   17874       1.1087
   17875       1.2873
   17876       1.2181
   17877       1.1866
   17878       1.0671
   17879       1.1760
   17880       1.0628
   17881       1.0098
   17882       1.0917
   17883       1.0726
   17884       1.1305
   17885       1.0877
   17886       1.1260
   17887       1.2222
   17888       1.1923
   17889       1.1163
   17890       1.1774
   17891       1.2614
   17892       1.3290
   17893       1.3998
   17894       1.3906
   17895       1.3795
   17896       1.1966
   17897       1.0727
   17898       1.0054
   17899       0.9362
   17900       0.9442
   17901       1.0187
   17902       0.9979
   17903       0.9849
   17904       1.0426
   17905       1.0243
   17906       1.0162
   17907       1.0599
   17908       1.1543
   17909       1.1706
   17910       1.0879
   17911       1.0765
   17912       1.0546
   17913       1.0525
   17914       1.0167
   17915       1.0579
   17916       1.0900
   17917       0.9476
   17918       0.8948
   17919       0.9465
   17920       0.9086
   17921       0.9419
   17922       0.9193
   17923       0.9771
   17924       0.9627
   17925       1.0441
   17926       1.1642
   17927       1.1587
   17928       1.1403
   17929       1.1838
   17930       1.1898
   17931       1.2268
   17932       1.0569
   17933       1.0669
   17934       1.1420
   17935       1.2127
   17936       1.1047
   17937       1.3129
   17938       1.1533
   17939       1.2127
   17940       1.2874
   17941       1.1031
   17942       1.0596
   17943       1.2492
   17944       1.3643
   17945       1.2057
   17946       1.2472
   17947       1.3117
   17948       1.3607
   17949       1.1510
   17950       1.2472
   17951       1.1116
   17952       1.0764
   17953       1.0831
   17954       1.0809
   17955       0.9925
   17956       0.9721
   17957       1.1007
   17958       0.8841
   17959       1.0638
   17960       1.0068
   17961       1.0704
   17962       1.0041
   17963       0.9643
   17964       0.9663
   17965       0.9241
   17966       1.1346
   17967       1.1337
   17968       1.1506
   17969       1.0648
   17970       1.0880
   17971       1.0760
   17972       1.1421
   17973       1.2768
   17974       1.3147
   17975       1.2734
   17976       1.3245
   17977       1.1342
   17978       1.0581
   17979       1.0826
   17980       1.0765
   17981       1.0730
   17982       1.0055
   17983       1.1881
   17984       1.1559
   17985       1.2403
   17986       1.1951
   17987       1.0397
   17988       1.2055
   17989       1.3437
   17990       1.2626
   17991       1.3636
   17992       1.2790
   17993       1.1964
   17994       1.0754
   17995       1.1309
   17996       1.0089
   17997       1.0152
   17998       0.9612
   17999       1.0325
   18000       0.9692
   18001       1.0857
   18002       1.0675
   18003       1.2229
   18004       1.1681
   18005       1.1116
   18006       1.1000
   18007       1.0429
   18008       1.1131
   18009       1.2849
   18010       1.0988
   18011       1.0485
   18012       1.1355
   18013       1.0246
   18014       1.1714
   18015       1.1075
   18016       1.0330
   18017       1.1157
   18018       1.2314
   18019       1.3295
   18020       1.3612
   18021       1.2493
   18022       1.2477
   18023       1.2648
   18024       1.1778
   18025       1.3208
   18026       1.2694
   18027       1.1346
   18028       1.0622
   18029       1.0506
   18030       1.2965
   18031       1.4247
   18032       1.3162
   18033       1.0724
   18034       0.9985
   18035       0.9854
   18036       1.0891
   18037       0.9775
   18038       1.0536
   18039       0.9902
   18040       1.0444
   18041       1.1032
   18042       1.0169
   18043       0.9787
   18044       0.8845
   18045       0.9163
   18046       0.9638
   18047       1.1042
   18048       1.0476
   18049       1.0821
   18050       1.0410
   18051       1.0239
   18052       1.1577
   18053       1.1005
   18054       1.1889
   18055       1.2889
   18056       1.3763
   18057       1.3832
   18058       1.3259
   18059       1.2977
   18060       1.2408
   18061       1.1901
   18062       1.1922
   18063       1.0936
   18064       1.0234
   18065       1.0961
   18066       1.0886
   18067       1.0246
   18068       1.1017
   18069       1.0128
   18070       1.1095
   18071       1.1220
   18072       1.0909
   18073       1.0586
   18074       1.0784
   18075       1.3031
   18076       1.2048
   18077       1.1772
   18078       1.1971
   18079       1.3057
   18080       1.2890
   18081       1.4727
   18082       1.3233
   18083       1.2487
   18084       1.3232
   18085       1.4346
   18086       1.2391
   18087       1.0887
   18088       1.1903
   18089       1.3115
   18090       1.3645
   18091       1.2972
   18092       1.1187
   18093       1.0537
   18094       1.0728
   18095       1.2457
   18096       1.3178
   18097       1.1490
   18098       1.1306
   18099       1.1757
   18100       1.1838
   18101       1.1226
   18102       1.0759
   18103       1.1721
   18104       1.2575
   18105       1.0630
   18106       1.1654
   18107       1.0560
   18108       1.0728
   18109       1.1351
   18110       1.0449
   18111       1.1657
   18112       1.0865
   18113       1.1070
   18114       1.1303
   18115       1.1612
   18116       1.3114
   18117       1.1971
   18118       1.2997
   18119       1.3400
   18120       1.2838
   18121       1.1297
   18122       1.1095
   18123       1.1731
   18124       1.1514
   18125       1.1716
   18126       1.2848
   18127       1.2859
   18128       1.3048
   18129       1.1633
   18130       1.1505
   18131       1.1679
   18132       1.1893
   18133       1.1267
   18134       0.9566
   18135       1.0593
   18136       1.0801
   18137       1.1363
   18138       1.1784
   18139       1.2332
   18140       1.1675
   18141       1.1803
   18142       1.0205
   18143       1.0868
   18144       1.1316
   18145       1.0374
   18146       1.1347
   18147       1.1481
   18148       1.3080
   18149       1.1339
   18150       1.3253
   18151       1.1714
   18152       1.0926
   18153       1.0237
   18154       1.1526
   18155       0.9653
   18156       1.0603
   18157       1.0699
   18158       1.1402
   18159       1.2578
   18160       1.2274
   18161       1.0654
   18162       1.1950
   18163       1.0962
   18164       1.0614
   18165       1.1542
   18166       1.1178
   18167       1.2549
   18168       1.0125
   18169       1.0096
   18170       0.9292
   18171       0.9074
   18172       1.0073
   18173       1.1036
   18174       0.9757
   18175       0.9684
   18176       0.9143
   18177       0.9199
   18178       0.9689
   18179       0.9551
   18180       0.9095
   18181       1.0054
   18182       1.0666
   18183       1.0465
   18184       0.9729
   18185       1.0190
   18186       1.2753
   18187       1.2089
   18188       1.2289
   18189       1.1487
   18190       1.2035
   18191       1.1413
   18192       1.2526
   18193       1.0707
   18194       1.0748
   18195       1.1282
   18196       1.0858
   18197       1.0625
   18198       1.0671
   18199       1.1432
   18200       1.2130
   18201       1.2014
   18202       1.1439
   18203       0.9418
   18204       1.0514
   18205       1.0357
   18206       1.1532
   18207       1.3512
   18208       1.1698
   18209       1.3387
   18210       1.2642
   18211       1.2232
   18212       1.1725
   18213       1.0541
   18214       1.0864
   18215       1.0617
   18216       1.2778
   18217       1.1428
   18218       1.1540
   18219       1.1518
   18220       1.2606
   18221       1.2218
   18222       1.2816
   18223       1.2130
   18224       1.2349
   18225       1.1985
   18226       1.1822
   18227       1.3209
   18228       1.2232
   18229       1.1957
   18230       1.1881
   18231       1.2815
   18232       1.2267
   18233       1.1375
   18234       1.2409
   18235       1.2659
   18236       1.2552
   18237       1.2029
   18238       1.1407
   18239       1.1021
   18240       1.1865
   18241       1.0927
   18242       1.1105
   18243       1.1146
   18244       1.1176
   18245       1.0368
   18246       1.0620
   18247       1.0769
   18248       0.9718
   18249       1.0770
   18250       1.0273
   18251       1.1143
   18252       1.1587
   18253       1.0916
   18254       1.1095
   18255       1.0728
   18256       1.0980
   18257       1.0355
   18258       1.0795
   18259       1.0617
   18260       1.0466
   18261       1.1155
   18262       1.1248
   18263       0.9917
   18264       1.0413
   18265       1.0279
   18266       0.9522
   18267       1.1213
   18268       1.0712
   18269       1.0214
   18270       1.1518
   18271       0.9479
   18272       1.0257
   18273       0.9041
   18274       0.9724
   18275       1.0466
   18276       1.1041
   18277       1.2523
   18278       1.1347
   18279       1.1182
   18280       1.2210
   18281       1.1195
   18282       1.3323
   18283       1.4395
   18284       1.4873
   18285       1.3379
   18286       1.3648
   18287       1.2043
   18288       1.2552
   18289       1.4685
   18290       1.4392
   18291       1.3921
   18292       1.2925
   18293       1.3340
   18294       1.2676
   18295       1.2031
   18296       1.3921
   18297       1.2809
   18298       1.3022
   18299       1.2509
   18300       1.4139
   18301       1.4352
   18302       1.3858
   18303       1.2713
   18304       1.3072
   18305       1.2882
   18306       1.2901
   18307       1.1636
   18308       1.2501
   18309       1.0129
   18310       1.1050
   18311       1.0459
   18312       1.0097
   18313       1.0564
   18314       0.9776
   18315       1.1178
   18316       1.0335
   18317       1.0450
   18318       1.1499
   18319       1.1546
   18320       1.3236
   18321       1.2416
   18322       1.2166
   18323       1.3691
   18324       1.4809
   18325       1.3665
   18326       1.4587
   18327       1.1924
   18328       1.2109
   18329       1.3518
   18330       1.2232
   18331       1.1240
   18332       1.2973
   18333       1.1125
   18334       1.1530
   18335       0.9722
   18336       1.0710
   18337       1.0351
   18338       1.0819
   18339       0.9523
   18340       0.9982
   18341       0.9949
   18342       0.9935
   18343       1.0254
   18344       1.1111
   18345       1.1393
   18346       0.9857
   18347       1.0280
   18348       0.9964
   18349       0.8787
   18350       1.0546
   18351       1.1997
   18352       1.0542
   18353       1.1298
   18354       1.0401
   18355       1.0782
   18356       1.0860
   18357       0.9063
   18358       1.0540
   18359       0.8936
   18360       1.0544
   18361       1.0718
   18362       1.0394
   18363       1.1876
   18364       1.1570
   18365       1.4209
   18366       1.4138
   18367       1.3693
   18368       1.2575
   18369       1.4277
   18370       1.2972
   18371       1.2108
   18372       1.0961
   18373       1.1293
   18374       1.0068
   18375       1.0393
   18376       1.0128
   18377       1.0203
   18378       1.0378
   18379       1.0286
   18380       1.0796
   18381       1.1962
   18382       1.1357
   18383       1.0676
   18384       1.1416
   18385       1.1595
   18386       1.0687
   18387       1.1424
   18388       1.0302
   18389       1.0784
   18390       1.1072
   18391       1.0001
   18392       1.0125
   18393       0.9304
   18394       1.1105
   18395       0.9642
   18396       0.9727
   18397       1.0472
   18398       0.9929
   18399       1.1406
   18400       1.1061
   18401       1.1193
   18402       1.1456
   18403       1.1679
   18404       1.0051
   18405       1.0820
   18406       1.0574
   18407       1.0977
   18408       1.1180
   18409       1.0849
   18410       1.0095
   18411       0.9851
   18412       1.1144
   18413       1.0572
   18414       1.1434
   18415       1.0634
   18416       0.9900
   18417       1.0377
   18418       0.9828
   18419       1.0234
   18420       1.0709
   18421       1.0498
   18422       1.1507
   18423       1.1413
   18424       1.1903
   18425       1.2595
   18426       1.2553
   18427       1.3753
   18428       1.2751
   18429       1.2790
   18430       1.2572
   18431       1.3917
   18432       1.3215
   18433       1.3065
   18434       1.3514
   18435       1.3043
   18436       1.3911
   18437       1.2940
   18438       1.2484
   18439       1.0369
   18440       1.0832
   18441       1.1689
   18442       1.1741
   18443       1.0658
   18444       1.0611
   18445       1.1110
   18446       1.1900
   18447       1.1594
   18448       1.0803
   18449       1.0791
   18450       0.9778
   18451       1.0502
   18452       1.0668
   18453       1.2009
   18454       1.0639
   18455       1.0254
   18456       1.0515
   18457       1.0674
   18458       1.0189
   18459       1.2896
   18460       1.2520
   18461       1.1044
   18462       1.2023
   18463       1.3120
   18464       1.2405
   18465       1.2973
   18466       1.3318
   18467       1.2857
   18468       1.2876
   18469       1.3958
   18470       1.4560
   18471       1.4056
   18472       1.5299
   18473       1.5196
   18474       1.3518
   18475       1.3273
   18476       1.3302
   18477       1.3140
   18478       1.2092
   18479       1.1327
   18480       1.0561
   18481       1.1288
   18482       1.2351
   18483       1.1592
   18484       1.0747
   18485       1.1926
   18486       1.1665
   18487       1.1735
   18488       1.1951
   18489       1.1388
   18490       1.1629
   18491       1.1673
   18492       0.9856
   18493       1.0293
   18494       1.0763
   18495       0.9954
   18496       1.1268
   18497       1.3331
   18498       1.3139
   18499       1.2260
   18500       1.2206
   18501       1.0993
   18502       1.1199
   18503       1.1653
   18504       1.0748
   18505       1.0711
   18506       1.0603
   18507       0.9929
   18508       0.9048
   18509       1.0391
   18510       1.0986
   18511       1.1430
   18512       1.2479
   18513       1.1733
   18514       1.2000
   18515       1.2819
   18516       1.1389
   18517       1.3331
   18518       1.1514
   18519       1.2990
   18520       1.2730
   18521       1.2181
   18522       1.1389
   18523       1.1890
   18524       1.2017
   18525       1.2360
   18526       1.2219
   18527       1.0996
   18528       1.2428
   18529       1.2034
   18530       1.2017
   18531       1.3303
   18532       1.3273
   18533       1.3188
   18534       1.4066
   18535       1.3245
   18536       1.2033
   18537       1.1444
   18538       1.3310
   18539       1.3251
   18540       1.2436
   18541       1.2083
   18542       1.2399
   18543       1.1351
   18544       1.2538
   18545       1.1169
   18546       1.2005
   18547       1.1742
   18548       1.1645
   18549       1.0911
   18550       1.0995
   18551       1.0430
   18552       0.9915
   18553       0.9149
   18554       0.8968
   18555       0.9200
   18556       1.0385
   18557       1.0012
   18558       0.8798
   18559       0.9905
   18560       0.9684
   18561       1.0203
   18562       0.9557
   18563       1.0138
   18564       0.9432
   18565       0.9562
   18566       0.9510
   18567       1.0403
   18568       1.0139
   18569       0.9779
   18570       0.9880
   18571       0.9485
   18572       0.8721
   18573       0.8793
   18574       0.9736
   18575       1.0727
   18576       1.0338
   18577       0.9921
   18578       1.0574
   18579       0.9473
   18580       1.0316
   18581       1.0392
   18582       0.9859
   18583       0.9647
   18584       0.9898
   18585       0.9490
   18586       1.0891
   18587       0.9752
   18588       1.0187
   18589       0.9841
   18590       1.0170
   18591       0.9800
   18592       0.9487
   18593       0.9425
   18594       0.9081
   18595       0.9917
   18596       1.0760
   18597       0.8758
   18598       0.8732
   18599       0.9205
   18600       0.8452
   18601       0.7778
   18602       0.7957
   18603       0.7999
   18604       0.8887
   18605       0.8783
   18606       0.8669
   18607       0.8595
   18608       0.8798
   18609       0.9049
   18610       0.9748
   18611       0.8817
   18612       0.9441
   18613       1.0103
   18614       0.9495
   18615       1.0159
   18616       0.9650
   18617       0.9455
   18618       1.0624
   18619       1.1080
   18620       1.2081
   18621       1.2414
   18622       1.3414
   18623       1.2795
   18624       1.2967
   18625       1.2681
   18626       1.2400
   18627       1.1302
   18628       1.1886
   18629       1.0987
   18630       1.0669
   18631       1.1167
   18632       1.1964
   18633       1.2551
   18634       1.2807
   18635       1.3458
   18636       1.3137
   18637       1.4051
   18638       1.4971
   18639       1.3357
   18640       1.1509
   18641       1.0195
   18642       1.0643
   18643       1.2222
   18644       1.1491
   18645       1.1876
   18646       1.1927
   18647       1.2211
   18648       1.1551
   18649       1.1856
   18650       1.1932
   18651       1.2882
   18652       1.3373
   18653       1.2720
   18654       1.2200
   18655       1.3051
   18656       1.2746
   18657       1.5366
   18658       1.3458
   18659       1.2091
   18660       1.2895
   18661       1.3659
   18662       1.0647
   18663       1.0529
   18664       1.2591
   18665       1.2654
   18666       1.1718
   18667       1.1347
   18668       1.1039
   18669       1.0898
   18670       1.0265
   18671       1.0166
   18672       0.9990
   18673       1.1263
   18674       1.1296
   18675       1.1928
   18676       1.2190
   18677       1.2106
   18678       1.1609
   18679       1.2457
   18680       1.1876
   18681       1.2358
   18682       1.2495
   18683       1.2725
   18684       1.2926
   18685       1.2991
   18686       1.1366
   18687       1.0586
   18688       1.2716
   18689       1.3451
   18690       1.2691
   18691       1.2091
   18692       1.3334
   18693       1.3694
   18694       1.4095
   18695       1.3292
   18696       1.3211
   18697       1.0258
   18698       1.0844
   18699       1.2143
   18700       1.2081
   18701       1.1769
   18702       1.0355
   18703       1.0828
   18704       1.1105
   18705       1.0876
   18706       1.1020
   18707       1.1003
   18708       1.1746
   18709       1.0289
   18710       0.8981
   18711       0.9372
   18712       0.9253
   18713       0.9986
   18714       0.9301
   18715       0.9268
   18716       0.9742
   18717       1.0002
   18718       1.0279
   18719       0.9967
   18720       0.9895
   18721       1.0581
   18722       1.1788
   18723       1.1963
   18724       1.1214
   18725       1.2337
   18726       1.1582
   18727       1.0144
   18728       1.0415
   18729       0.9835
   18730       1.0842
   18731       1.0593
   18732       1.0112
   18733       0.9819
   18734       1.1044
   18735       1.0879
   18736       0.9915
   18737       1.0759
   18738       1.1302
   18739       1.1019
   18740       0.9601
   18741       1.0549
   18742       0.9625
   18743       0.9403
   18744       0.9261
   18745       0.8646
   18746       0.9123
   18747       0.8748
   18748       0.8810
   18749       0.9598
   18750       0.9935
   18751       1.0138
   18752       1.1210
   18753       1.0241
   18754       0.8796
   18755       0.9239
   18756       0.9462
   18757       0.9019
   18758       0.8881
   18759       0.9259
   18760       1.0223
   18761       1.0649
   18762       1.0519
   18763       0.9608
   18764       0.8575
   18765       0.8065
   18766       0.8890
   18767       0.8489
   18768       0.9065
   18769       0.8134
   18770       0.8727
   18771       0.8147
   18772       0.8457
   18773       0.9127
   18774       0.9091
   18775       0.9160
   18776       0.9682
   18777       1.0479
   18778       1.0047
   18779       1.0945
   18780       1.0461
   18781       1.2392
   18782       1.1014
   18783       1.1961
   18784       1.1522
   18785       1.2060
   18786       1.0909
   18787       1.0607
   18788       1.1051
   18789       1.1374
   18790       1.2322
   18791       1.2158
   18792       1.2294
   18793       1.2748
   18794       1.2225
   18795       1.2767
   18796       1.3875
   18797       1.3550
   18798       1.3189
   18799       1.3713
   18800       1.4033
   18801       1.4171
   18802       1.2614
   18803       1.4613
   18804       1.2886
   18805       1.2483
   18806       1.3193
   18807       1.2665
   18808       1.2146
   18809       1.2452
   18810       1.2418
   18811       1.2406
   18812       1.2823
   18813       1.2735
   18814       1.3489
   18815       1.1224
   18816       1.2070
   18817       1.1794
   18818       1.0986
   18819       1.1418
   18820       1.1815
   18821       1.2127
   18822       1.3758
   18823       1.3262
   18824       1.4255
   18825       1.4473
   18826       1.3902
   18827       1.2075
   18828       1.3007
   18829       1.2242
   18830       1.2943
   18831       1.0734
   18832       1.2090
   18833       1.2752
   18834       1.2036
   18835       1.1480
   18836       0.9719
   18837       0.9404
   18838       1.0748
   18839       1.0083
   18840       0.9921
   18841       1.0270
   18842       0.9243
   18843       1.0023
   18844       0.8902
   18845       1.0041
   18846       0.9023
   18847       0.9977
   18848       0.9736
   18849       0.9330
   18850       0.9462
   18851       0.9539
   18852       0.9401
   18853       0.8418
   18854       0.8717
   18855       0.8455
   18856       0.9487
   18857       0.8214
   18858       0.8554
   18859       0.9027
   18860       0.8357
   18861       0.8222
   18862       0.9450
   18863       0.9845
   18864       1.0694
   18865       1.0549
   18866       0.8645
   18867       0.8674
   18868       0.9754
   18869       0.8371
   18870       0.8464
   18871       0.7201
   18872       0.8790
   18873       0.9250
   18874       0.8463
   18875       0.8188
   18876       0.8590
   18877       0.8467
   18878       0.8160
   18879       0.9232
   18880       0.8443
   18881       0.8708
   18882       0.8749
   18883       0.9726
   18884       0.9459
   18885       0.7873
   18886       0.8430
   18887       0.9697
   18888       0.9708
   18889       0.9005
   18890       0.8201
   18891       0.9101
   18892       0.9044
   18893       0.9251
   18894       0.9121
   18895       0.9123
   18896       0.9659
   18897       0.9848
   18898       0.8812
   18899       0.9315
   18900       0.9360
   18901       0.9305
   18902       0.8034
   18903       0.8492
   18904       0.8181
   18905       0.8823
   18906       1.0630
   18907       1.1010
   18908       1.1197
   18909       1.2005
   18910       1.0303
   18911       0.9310
   18912       0.9583
   18913       1.0424
   18914       1.1093
   18915       1.0490
   18916       1.0026
   18917       1.0853
   18918       0.9047
   18919       0.9263
   18920       0.9109
   18921       0.8909
   18922       0.8812
   18923       0.9746
   18924       0.9538
   18925       0.8889
   18926       0.9102
   18927       0.9586
   18928       0.8874
   18929       0.7548
   18930       0.8372
   18931       0.9160
   18932       0.9108
   18933       0.9188
   18934       1.1290
   18935       1.0769
   18936       0.9683
   18937       0.9222
   18938       0.9640
   18939       0.8996
   18940       0.9377
   18941       1.0066
   18942       0.9423
   18943       0.9127
   18944       0.8853
   18945       0.9979
   18946       1.1465
   18947       1.0045
   18948       1.0304
   18949       0.8923
   18950       0.8346
   18951       0.8356
   18952       0.9166
   18953       0.9590
   18954       0.8975
   18955       1.0366
   18956       0.9027
   18957       0.8242
   18958       0.8206
   18959       0.8451
   18960       0.8133
   18961       0.7484
   18962       0.8141
   18963       0.9386
   18964       0.8914
   18965       0.8794
   18966       0.8451
   18967       0.8479
   18968       0.8442
   18969       0.7904
   18970       0.9007
   18971       0.8408
   18972       0.8677
   18973       0.8220
   18974       0.8810
   18975       0.8557
   18976       0.8559
   18977       0.9168
   18978       0.8859
   18979       0.8796
   18980       0.8394
   18981       0.9240
   18982       0.9849
   18983       0.7877
   18984       0.8370
   18985       0.8217
   18986       0.8888
   18987       0.8675
   18988       0.9201
   18989       0.8922
   18990       0.9557
   18991       1.0260
   18992       1.2166
   18993       1.2609
   18994       1.1611
   18995       1.1260
   18996       1.0211
   18997       1.0251
   18998       1.0150
   18999       0.8051
   19000       0.9476
   19001       0.9446
   19002       0.8897
   19003       0.8617
   19004       1.0452
   19005       1.0587
   19006       1.0998
   19007       1.0056
   19008       0.9223
   19009       0.8376
   19010       0.8952
   19011       0.7800
   19012       0.7744
   19013       0.7927
   19014       0.9037
   19015       0.8675
   19016       0.8476
   19017       0.9224
   19018       0.8814
   19019       0.8555
   19020       0.8511
   19021       0.8410
   19022       0.9426
   19023       0.9149
   19024       0.7721
   19025       0.7205
   19026       0.8536
   19027       0.8553
   19028       0.9089
   19029       0.8858
   19030       0.8443
   19031       0.9306
   19032       0.9046
   19033       1.0045
   19034       0.9930
   19035       1.0783
   19036       0.9186
   19037       0.9949
   19038       1.0350
   19039       0.9449
   19040       0.9232
   19041       0.8947
   19042       1.0036
   19043       1.0260
   19044       0.9602
   19045       0.8815
   19046       0.8786
   19047       0.9022
   19048       0.9097
   19049       0.9696
   19050       0.9772
   19051       1.0993
   19052       1.1168
   19053       1.1719
   19054       1.1695
   19055       1.1328
   19056       1.1395
   19057       1.0528
   19058       1.1117
   19059       0.9642
   19060       0.9361
   19061       0.9771
   19062       0.9921
   19063       1.1020
   19064       1.1127
   19065       1.0631
   19066       1.1136
   19067       0.9908
   19068       0.9527
   19069       1.0277
   19070       0.9218
   19071       1.0216
   19072       0.9571
   19073       1.0998
   19074       1.0844
   19075       1.0362
   19076       0.9861
   19077       1.0186
   19078       0.9887
   19079       1.0506
   19080       1.0792
   19081       0.9831
   19082       1.0596
   19083       0.9875
   19084       1.0770
   19085       1.1867
   19086       1.1402
   19087       1.1184
   19088       1.1066
   19089       1.2086
   19090       1.2774
   19091       1.0920
   19092       1.1594
   19093       1.1493
   19094       1.0544
   19095       1.1737
   19096       1.0999
   19097       1.2552
   19098       1.3589
   19099       1.3113
   19100       1.2643
   19101       1.4154
   19102       1.6366
   19103       1.4645
   19104       1.4449
   19105       1.2596
   19106       1.3391
   19107       1.2129
   19108       1.3100
   19109       1.2541
   19110       1.0187
   19111       1.0248
   19112       1.0272
   19113       1.1538
   19114       0.9729
   19115       1.0226
   19116       1.0274
   19117       0.9802
   19118       0.9608
   19119       0.8746
   19120       0.8040
   19121       0.8728
   19122       0.8502
   19123       0.8597
   19124       1.0537
   19125       1.1794
   19126       0.9600
   19127       0.8065
   19128       0.7637
   19129       0.8324
   19130       0.9104
   19131       1.1404
   19132       1.0281
   19133       0.9201
   19134       0.9404
   19135       1.0372
   19136       0.8159
   19137       0.8429
   19138       0.8430
   19139       0.8764
   19140       0.9123
   19141       0.9833
   19142       1.0123
   19143       0.9925
   19144       1.0148
   19145       1.1701
   19146       1.0944
   19147       1.0716
   19148       1.1062
   19149       1.0894
   19150       1.0551
   19151       0.9940
   19152       0.8657
   19153       0.8225
   19154       0.7884
   19155       0.8702
   19156       0.8581
   19157       0.8953
   19158       0.8347
   19159       0.9198
   19160       0.8572
   19161       0.9043
   19162       0.8660
   19163       0.9291
   19164       0.9004
   19165       0.9137
   19166       0.9485
   19167       0.8396
   19168       0.7185
   19169       0.8424
   19170       0.8453
   19171       0.8880
   19172       0.9768
   19173       0.9448
   19174       0.8950
   19175       0.9612
   19176       0.9221
   19177       0.9553
   19178       0.9191
   19179       0.9200
   19180       0.8530
   19181       0.9725
   19182       0.9238
   19183       1.0132
   19184       0.8525
   19185       0.9637
   19186       0.8919
   19187       0.8529
   19188       0.8906
   19189       0.8613
   19190       0.8142
   19191       0.8316
   19192       0.8026
   19193       0.9382
   19194       0.7687
   19195       0.7503
   19196       0.8272
   19197       0.7902
   19198       0.8719
   19199       0.8688
   19200       0.8324
   19201       0.8597
   19202       0.9048
   19203       0.9151
   19204       0.8326
   19205       0.9284
   19206       0.9983
   19207       0.9932
   19208       0.9323
   19209       0.8510
   19210       0.9126
   19211       0.9774
   19212       0.9651
   19213       1.0041
   19214       1.0124
   19215       1.0168
   19216       0.9217
   19217       0.9647
   19218       1.1332
   19219       1.0059
   19220       1.0736
   19221       1.1297
   19222       1.1447
   19223       0.9921
   19224       0.8959
   19225       0.8980
   19226       0.8539
   19227       0.9807
   19228       1.0226
   19229       1.0087
   19230       1.0729
   19231       1.1444
   19232       1.1762
   19233       1.0711
   19234       1.0263
   19235       1.1676
   19236       1.1399
   19237       1.0739
   19238       1.1520
   19239       1.3880
   19240       1.3229
   19241       1.1740
   19242       1.0540
   19243       1.0294
   19244       1.1384
   19245       1.0349
   19246       1.0210
   19247       1.1175
   19248       1.0694
   19249       0.9827
   19250       0.9942
   19251       1.1523
   19252       1.1268
   19253       1.0328
   19254       1.0996
   19255       1.2744
   19256       1.0275
   19257       1.0510
   19258       1.0904
   19259       1.2262
   19260       1.2447
   19261       1.1941
   19262       1.1824
   19263       1.1162
   19264       1.1921
   19265       1.2048
   19266       1.1981
   19267       1.1188
   19268       1.2910
   19269       1.4353
   19270       1.4122
   19271       1.2282
   19272       1.1490
   19273       1.0285
   19274       0.9469
   19275       1.1447
   19276       1.0549
   19277       1.0587
   19278       1.0787
   19279       1.1647
   19280       1.1033
   19281       0.9205
   19282       1.0036
   19283       1.0116
   19284       0.9371
   19285       0.9551
   19286       0.8703
   19287       0.9485
   19288       0.8227
   19289       0.8236
   19290       0.9108
   19291       0.9340
   19292       0.9476
   19293       0.9357
   19294       1.0101
   19295       1.1078
   19296       1.0148
   19297       1.0227
   19298       1.0333
   19299       1.0880
   19300       1.0670
   19301       1.0319
   19302       0.9346
   19303       1.0701
   19304       0.9920
   19305       0.9400
   19306       1.0102
   19307       1.0658
   19308       1.0578
   19309       0.9453
   19310       1.0273
   19311       1.0503
   19312       0.9625
   19313       0.9785
   19314       0.9353
   19315       0.9744
   19316       0.9272
   19317       0.8812
   19318       0.9188
   19319       0.9697
   19320       1.0206
   19321       0.9939
   19322       1.0271
   19323       0.9783
   19324       1.0051
   19325       1.0648
   19326       0.8983
   19327       1.0293
   19328       1.0330
   19329       1.1316
   19330       1.1823
   19331       1.1772
   19332       1.0854
   19333       1.1549
   19334       1.1374
   19335       1.0802
   19336       0.9147
   19337       1.0959
   19338       1.0559
   19339       1.2133
   19340       1.2666
   19341       1.1989
   19342       1.0734
   19343       0.9522
   19344       1.0966
   19345       1.0283
   19346       1.0675
   19347       1.0850
   19348       0.9308
   19349       0.9259
   19350       0.9540
   19351       0.9092
   19352       1.1013
   19353       1.1446
   19354       1.1830
   19355       1.0346
   19356       1.1233
   19357       1.0167
   19358       1.0107
   19359       1.1631
   19360       1.1408
   19361       1.2982
   19362       1.1455
   19363       1.1193
   19364       0.9491
   19365       0.9304
   19366       0.9560
   19367       0.8591
   19368       0.9671
   19369       1.1486
   19370       1.1620
   19371       1.0249
   19372       1.0198
   19373       1.0852
   19374       0.9737
   19375       0.9735
   19376       1.0943
   19377       0.9408
   19378       0.9729
   19379       1.0712
   19380       0.9272
   19381       1.0239
   19382       1.0969
   19383       1.0856
   19384       0.9750
   19385       1.1211
   19386       1.0748
   19387       1.0592
   19388       0.9954
   19389       1.0247
   19390       1.1663
   19391       1.2661
   19392       1.1756
   19393       1.0980
   19394       1.0869
   19395       1.1544
   19396       1.0662
   19397       1.1010
   19398       1.2623
   19399       1.2015
   19400       0.9295
   19401       1.0292
   19402       1.0733
   19403       1.3290
   19404       1.3622
   19405       1.2002
   19406       1.1813
   19407       1.0770
   19408       1.3280
   19409       1.3996
   19410       1.2797
   19411       1.3992
   19412       1.3588
   19413       1.3436
   19414       1.2241
   19415       1.3240
   19416       1.3403
   19417       1.2048
   19418       1.2591
   19419       1.2548
   19420       1.2855
   19421       1.2357
   19422       1.1595
   19423       1.1503
   19424       1.0676
   19425       1.1138
   19426       1.0501
   19427       1.0624
   19428       0.9448
   19429       0.9256
   19430       1.0822
   19431       0.9024
   19432       0.8288
   19433       1.0351
   19434       1.0307
   19435       0.9477
   19436       1.0666
   19437       0.9974
   19438       1.0120
   19439       1.1410
   19440       1.1202
   19441       1.0192
   19442       0.9476
   19443       1.0260
   19444       0.8830
   19445       0.9684
   19446       0.8655
   19447       0.8143
   19448       0.9060
   19449       0.9084
   19450       0.8719
   19451       0.8967
   19452       0.9559
   19453       0.9389
   19454       1.0842
   19455       1.0344
   19456       0.8574
   19457       0.8805
   19458       1.0301
   19459       0.9930
   19460       0.9689
   19461       0.9515
   19462       0.8946
   19463       0.9867
   19464       1.1101
   19465       1.2650
   19466       1.2144
   19467       1.0327
   19468       1.0863
   19469       1.0548
   19470       1.1276
   19471       1.0305
   19472       1.1778
   19473       1.0279
   19474       1.0171
   19475       1.1220
   19476       1.3088
   19477       1.3167
   19478       1.2220
   19479       1.2528
   19480       1.1418
   19481       1.0887
   19482       1.1133
   19483       0.9992
   19484       1.0740
   19485       1.0207
   19486       0.9880
   19487       0.8331
   19488       0.9880
   19489       1.0285
   19490       0.9565
   19491       1.1990
   19492       1.2278
   19493       1.1771
   19494       1.1571
   19495       1.1126
   19496       1.2712
   19497       1.2956
   19498       1.1975
   19499       1.3223
   19500       1.2346
   19501       1.2970
   19502       1.3558
   19503       1.1627
   19504       1.2489
   19505       1.2784
   19506       1.3699
   19507       1.1830
   19508       1.1342
   19509       1.1513
   19510       1.1611
   19511       1.3192
   19512       1.1796
   19513       1.1448
   19514       1.1538
   19515       1.2267
   19516       1.2008
   19517       1.2171
   19518       1.0451
   19519       0.9372
   19520       1.0412
   19521       1.1156
   19522       1.0350
   19523       1.0691
   19524       0.9480
   19525       1.1774
   19526       0.9795
   19527       0.9651
   19528       0.9087
   19529       0.8965
   19530       1.1135
   19531       1.1480
   19532       1.1651
   19533       1.1698
   19534       1.1935
   19535       1.1882
   19536       1.1230
   19537       1.0130
   19538       1.0628
   19539       0.9260
   19540       0.9316
   19541       0.9471
   19542       1.0203
   19543       1.0669
   19544       0.9016
   19545       0.9076
   19546       1.0766
   19547       1.0581
   19548       0.9574
   19549       0.8796
   19550       0.9008
   19551       0.9710
   19552       0.9340
   19553       1.0393
   19554       1.1212
   19555       1.0157
   19556       1.0438
   19557       0.9503
   19558       0.9691
   19559       1.0020
   19560       0.9049
   19561       0.9670
   19562       1.0331
   19563       1.0064
   19564       0.9574
   19565       1.0101
   19566       0.9703
   19567       1.0023
   19568       1.0528
   19569       1.0518
   19570       1.0666
   19571       0.9880
   19572       1.1317
   19573       1.0148
   19574       1.0360
   19575       0.9858
   19576       0.9736
   19577       1.1147
   19578       1.1164
   19579       1.0451
   19580       1.0023
   19581       1.0002
   19582       0.9299
   19583       1.0187
   19584       1.0789
   19585       0.9034
   19586       0.9951
   19587       0.9250
   19588       1.0029
   19589       0.9919
   19590       0.9777
   19591       1.0117
   19592       1.0234
   19593       0.9421
   19594       0.9349
   19595       0.8580
   19596       0.9341
   19597       0.9714
   19598       0.9557
   19599       1.0641
   19600       0.9683
   19601       1.1978
   19602       1.1483
   19603       1.1815
   19604       1.2864
   19605       1.2417
   19606       1.3428
   19607       1.3040
   19608       1.3910
   19609       1.3478
   19610       1.2550
   19611       1.3444
   19612       1.3622
   19613       1.3857
   19614       1.2807
   19615       1.2207
   19616       1.3301
   19617       1.3297
   19618       1.1828
   19619       1.2725
   19620       1.2621
   19621       1.1748
   19622       1.1452
   19623       1.2976
   19624       0.9890
   19625       1.0686
   19626       1.2505
   19627       1.3408
   19628       1.2392
   19629       1.1739
   19630       1.2809
   19631       1.2779
   19632       1.3170
   19633       1.4052
   19634       1.3775
   19635       1.4114
   19636       1.2152
   19637       1.2048
   19638       1.3156
   19639       1.2806
   19640       1.3174
   19641       1.2745
   19642       1.2680
   19643       1.0874
   19644       1.3091
   19645       1.1656
   19646       1.2239
   19647       1.3515
   19648       1.1282
   19649       1.1688
   19650       1.3126
   19651       1.2568
   19652       1.2463
   19653       1.0326
   19654       1.0926
   19655       1.1044
   19656       1.2331
   19657       1.2575
   19658       1.2443
   19659       1.2021
   19660       1.0406
   19661       0.8566
   19662       0.9699
   19663       1.0936
   19664       1.1996
   19665       1.3592
   19666       1.2370
   19667       1.3361
   19668       1.3392
   19669       1.4032
   19670       1.2781
   19671       1.3636
   19672       1.3703
   19673       1.4132
   19674       1.2186
   19675       1.2383
   19676       1.3973
   19677       1.2971
   19678       1.2559
   19679       1.5378
   19680       1.3628
   19681       1.4120
   19682       1.3684
   19683       1.4419
   19684       1.2359
   19685       1.2717
   19686       1.3986
   19687       1.2486
   19688       1.1852
   19689       1.0806
   19690       1.0970
   19691       1.1686
   19692       1.0446
   19693       1.0233
   19694       0.9534
   19695       1.0317
   19696       0.9688
   19697       1.0510
   19698       0.9943
   19699       0.9760
   19700       0.9272
   19701       0.9136
   19702       1.0214
   19703       1.0525
   19704       1.2151
   19705       1.0892
   19706       1.0156
   19707       1.1859
   19708       1.1149
   19709       1.0969
   19710       1.2295
   19711       1.1717
   19712       1.1407
   19713       1.0990
   19714       1.2552
   19715       1.2492
   19716       1.4341
   19717       1.4405
   19718       1.4487
   19719       1.3196
   19720       1.2317
   19721       1.0484
   19722       1.0366
   19723       1.2305
   19724       1.1241
   19725       1.0086
   19726       0.9892
   19727       0.9092
   19728       1.0376
   19729       1.0912
   19730       1.0153
   19731       0.9697
   19732       1.0198
   19733       0.9855
   19734       0.9250
   19735       0.9034
   19736       0.8555
   19737       0.9559
   19738       0.8506
   19739       1.0414
   19740       0.9669
   19741       0.9717
   19742       0.8300
   19743       0.8449
   19744       0.8673
   19745       0.7710
   19746       0.8090
   19747       0.9341
   19748       0.8786
   19749       0.9739
   19750       0.9358
   19751       0.9719
   19752       0.9215
   19753       0.9604
   19754       1.0032
   19755       1.0789
   19756       1.1000
   19757       1.0122
   19758       0.9305
   19759       0.8916
   19760       1.0292
   19761       0.9393
   19762       1.0622
   19763       1.0343
   19764       0.9605
   19765       0.9805
   19766       1.1210
   19767       1.0321
   19768       1.0911
   19769       1.2062
   19770       0.9969
   19771       0.9832
   19772       0.9828
   19773       0.9619
   19774       1.1252
   19775       1.2316
   19776       1.2424
   19777       1.3298
   19778       1.3193
   19779       1.1117
   19780       1.0678
   19781       1.1070
   19782       1.1161
   19783       1.1329
   19784       1.0815
   19785       1.0672
   19786       1.1459
   19787       0.9399
   19788       0.9670
   19789       0.7901
   19790       0.8618
   19791       0.8928
   19792       0.8895
   19793       0.9154
   19794       0.9289
   19795       0.9692
   19796       0.9990
   19797       1.0239
   19798       0.9607
   19799       0.9059
   19800       0.7548
   19801       0.9456
   19802       0.8707
   19803       0.7915
   19804       0.9858
   19805       1.0087
   19806       0.9768
   19807       0.9291
   19808       0.9257
   19809       0.9246
   19810       0.8901
   19811       0.9181
   19812       0.8124
   19813       0.8957
   19814       1.0795
   19815       1.0049
   19816       0.9781
   19817       0.9902
   19818       0.8802
   19819       0.8563
   19820       1.0261
   19821       0.9500
   19822       0.9231
   19823       1.1098
   19824       1.0212
   19825       1.0457
   19826       1.0959
   19827       1.0776
   19828       1.0530
   19829       1.1721
   19830       1.1173
   19831       1.1931
   19832       1.2634
   19833       1.1649
   19834       1.2259
   19835       1.2843
   19836       1.2487
   19837       1.2755
   19838       1.3303
   19839       1.2181
   19840       1.3197
   19841       1.1887
   19842       1.1102
   19843       1.1664
   19844       0.9726
   19845       1.0963
   19846       1.1504
   19847       1.1539
   19848       1.3142
   19849       1.2004
   19850       1.1871
   19851       1.2418
   19852       1.2935
   19853       1.0922
   19854       0.9921
   19855       1.0895
   19856       1.0146
   19857       1.1154
   19858       1.1070
   19859       1.1100
   19860       1.1205
   19861       1.1512
   19862       1.1801
   19863       1.2352
   19864       1.1819
   19865       1.3778
   19866       1.4617
   19867       1.4128
   19868       1.3687
   19869       1.3501
   19870       1.4957
   19871       1.4680
   19872       1.3273
   19873       1.3552
   19874       1.5407
   19875       1.4423
   19876       1.4798
   19877       1.4654
   19878       1.3140
   19879       1.2552
   19880       1.1828
   19881       1.2864
   19882       1.0603
   19883       1.2361
   19884       1.1812
   19885       1.1519
   19886       1.2048
   19887       1.2924
   19888       1.1733
   19889       1.0968
   19890       1.1199
   19891       1.0965
   19892       1.0942
   19893       0.9927
   19894       1.1847
   19895       1.2834
   19896       1.1723
   19897       1.2840
   19898       1.1644
   19899       1.3353
   19900       1.1665
   19901       1.1768
   19902       1.0327
   19903       1.2969
   19904       1.2958
   19905       1.2493
   19906       1.3423
   19907       1.3031
   19908       1.2393
   19909       1.4149
   19910       1.5344
   19911       1.4162
   19912       1.3620
   19913       1.2279
   19914       1.1763
   19915       1.1912
   19916       1.2543
   19917       1.1856
   19918       1.3842
   19919       1.2755
   19920       1.2826
   19921       1.2551
   19922       1.1561
   19923       1.0837
   19924       1.0612
   19925       1.2037
   19926       1.2363
   19927       1.1698
   19928       1.1984
   19929       1.0681
   19930       1.1249
   19931       1.0947
   19932       1.0576
   19933       1.0275
   19934       1.0286
   19935       1.2459
   19936       1.2304
   19937       1.2026
   19938       1.2790
   19939       1.3044
   19940       1.2288
   19941       1.0652
   19942       1.1389
   19943       1.1237
   19944       0.9644
   19945       1.1413
   19946       1.1509
   19947       1.0724
   19948       1.0234
   19949       1.1058
   19950       1.1627
   19951       1.2975
   19952       1.3509
   19953       1.4187
   19954       1.2117
   19955       1.2629
   19956       1.2343
   19957       1.1856
   19958       1.1148
   19959       1.1551
   19960       1.0958
   19961       1.0496
   19962       1.0898
   19963       1.2018
   19964       1.2110
   19965       1.1402
   19966       1.2341
   19967       1.1718
   19968       1.0206
   19969       1.0954
   19970       1.0779
   19971       1.0358
   19972       1.0954
   19973       1.2231
   19974       1.1871
   19975       1.1022
   19976       1.1660
   19977       1.0704
   19978       1.0469
   19979       1.0651
   19980       1.0475
   19981       1.1444
   19982       1.1706
   19983       1.2312
   19984       1.1514
   19985       1.1560
   19986       1.2231
   19987       1.2155
   19988       1.0283
   19989       1.1937
   19990       1.2237
   19991       1.1688
   19992       1.2957
   19993       1.2485
   19994       1.2309
   19995       1.2465
   19996       1.3395
   19997       1.3190
   19998       1.1854
   19999       1.1035
   20000       1.0047
   20001       1.1469
   20002       1.2500
   20003       1.2751
   20004       1.2747
   20005       1.2229
   20006       1.2163
   20007       1.1090
   20008       1.0148
   20009       1.0769
   20010       1.1356
   20011       1.0122
   20012       1.2509
   20013       1.2681
   20014       1.2630
   20015       1.2404
   20016       1.1237
   20017       1.0079
   20018       1.0927
   20019       1.0591
   20020       0.9770
   20021       1.0786
   20022       1.1669
   20023       1.1637
   20024       1.3078
   20025       1.1467
   20026       1.2212
   20027       1.2297
   20028       1.2312
   20029       1.2258
   20030       1.2097
   20031       1.3666
   20032       1.4306
   20033       1.4127
   20034       1.4430
   20035       1.3451
   20036       1.3724
   20037       1.3621
   20038       1.2037
   20039       1.1916
   20040       1.1708
   20041       1.2020
   20042       1.2889
   20043       1.2431
   20044       1.1552
   20045       1.3919
   20046       1.2833
   20047       1.1906
   20048       1.1744
   20049       1.3019
   20050       1.2673
   20051       1.2365
   20052       1.2847
   20053       1.1887
   20054       1.3188
   20055       1.2846
   20056       1.3542
   20057       1.4109
   20058       1.3827
   20059       1.3492
   20060       1.3098
   20061       1.3874
   20062       1.2405
   20063       1.2636
   20064       1.1396
   20065       1.0945
   20066       1.0420
   20067       1.0383
   20068       1.0390
   20069       1.0490
   20070       1.0796
   20071       1.0033
   20072       1.0533
   20073       1.1952
   20074       1.1864
   20075       1.2699
   20076       1.2195
   20077       1.1926
   20078       1.2479
   20079       1.2149
   20080       1.1240
   20081       1.1530
   20082       1.2158
   20083       1.2043
   20084       1.2061
   20085       1.3307
   20086       1.3295
   20087       1.3503
   20088       1.3362
   20089       1.4797
   20090       1.5620
   20091       1.4798
   20092       1.5042
   20093       1.5634
   20094       1.4118
   20095       1.3996
   20096       1.5888
   20097       1.4039
   20098       1.3607
   20099       1.4048
   20100       1.3747
   20101       1.3033
   20102       1.4191
   20103       1.3559
   20104       1.3110
   20105       1.3215
   20106       1.4910
   20107       1.3561
   20108       1.3574
   20109       1.3456
   20110       1.4374
   20111       1.5292
   20112       1.4562
   20113       1.4152
   20114       1.5693
   20115       1.3965
   20116       1.5717
   20117       1.5585
   20118       1.4223
   20119       1.4216
   20120       1.4255
   20121       1.5762
   20122       1.6151
   20123       1.4872
   20124       1.4726
   20125       1.4715
   20126       1.4610
   20127       1.2346
   20128       1.4471
   20129       1.5186
   20130       1.3996
   20131       1.4944
   20132       1.3559
   20133       1.2805
   20134       1.2416
   20135       1.2995
   20136       1.2988
   20137       1.1306
   20138       1.2108
   20139       1.3104
   20140       1.1918
   20141       1.2467
   20142       1.1924
   20143       1.1867
   20144       1.0604
   20145       1.1187
   20146       1.1813
   20147       1.1900
   20148       1.1944
   20149       1.0549
   20150       1.2217
   20151       1.1036
   20152       1.0154
   20153       1.0179
   20154       1.0182
   20155       1.0652
   20156       1.0105
   20157       0.9836
   20158       0.9923
   20159       1.0331
   20160       1.0964
   20161       1.0583
   20162       1.2495
   20163       1.1319
   20164       1.1295
   20165       1.0257
   20166       1.2093
   20167       1.1710
   20168       1.2535
   20169       1.2666
   20170       1.2245
   20171       1.1978
   20172       1.1790
   20173       1.1340
   20174       1.1576
   20175       1.2836
   20176       1.2772
   20177       1.2631
   20178       1.2875
   20179       1.1429
   20180       1.1578
   20181       1.1560
   20182       1.2810
   20183       1.1394
   20184       1.0856
   20185       1.2352
   20186       1.1341
   20187       1.1526
   20188       1.1159
   20189       1.1453
   20190       0.9445
   20191       1.1454
   20192       1.1244
   20193       1.1734
   20194       1.0563
   20195       1.0158
   20196       1.0144
   20197       0.9875
   20198       0.9252
   20199       0.8822
   20200       0.8692
   20201       0.8465
   20202       1.0648
   20203       1.0717
   20204       1.1178
   20205       1.0359
   20206       1.0889
   20207       1.0913
   20208       1.2607
   20209       1.0783
   20210       1.0253
   20211       1.0795
   20212       1.1214
   20213       1.0065
   20214       1.0629
   20215       1.1051
   20216       1.0928
   20217       1.0081
   20218       0.9875
   20219       0.9108
   20220       1.0617
   20221       0.9223
   20222       0.8561
   20223       1.0357
   20224       0.9552
   20225       1.0473
   20226       1.0443
   20227       0.9172
   20228       1.0490
   20229       0.8570
   20230       0.9537
   20231       1.0146
   20232       0.9070
   20233       0.9036
   20234       0.8755
   20235       0.8080
   20236       0.8712
   20237       0.9331
   20238       0.9927
   20239       1.0838
   20240       1.0842
   20241       0.9580
   20242       1.0412
   20243       0.9173
   20244       0.9253
   20245       0.9307
   20246       0.9517
   20247       0.9901
   20248       0.8824
   20249       0.9281
   20250       0.9920
   20251       0.9720
   20252       1.0430
   20253       1.0559
   20254       0.9651
   20255       1.0232
   20256       1.0775
   20257       0.9603
   20258       0.8938
   20259       1.0779
   20260       1.0672
   20261       1.0930
   20262       1.1208
   20263       0.9775
   20264       0.9782
   20265       1.0028
   20266       0.8499
   20267       0.9897
   20268       1.0005
   20269       1.0103
   20270       0.9675
   20271       1.0899
   20272       1.0266
   20273       1.0736
   20274       1.0364
   20275       1.0732
   20276       1.0310
   20277       0.9526
   20278       1.0029
   20279       0.9048
   20280       0.7554
   20281       0.8933
   20282       0.9778
   20283       0.9907
   20284       0.9840
   20285       1.0545
   20286       1.0049
   20287       1.0296
   20288       1.1673
   20289       1.0482
   20290       0.9862
   20291       0.9916
   20292       1.0052
   20293       0.9438
   20294       0.9512
   20295       0.9591
   20296       0.9687
   20297       1.0437
   20298       0.9827
   20299       1.0189
   20300       1.0243
   20301       0.8836
   20302       1.1616
   20303       1.0847
   20304       0.9808
   20305       1.0171
   20306       0.8698
   20307       0.8720
   20308       0.9433
   20309       0.9934
   20310       0.9694
   20311       0.8765
   20312       0.9194
   20313       0.9851
   20314       1.0921
   20315       1.0875
   20316       1.0520
   20317       0.9746
   20318       1.0304
   20319       1.0954
   20320       1.1325
   20321       1.1294
   20322       1.0377
   20323       0.9779
   20324       1.0542
   20325       1.1803
   20326       1.2170
   20327       1.1058
   20328       1.2078
   20329       1.0532
   20330       1.1176
   20331       1.0975
   20332       1.2475
   20333       1.2770
   20334       1.1959
   20335       1.3106
   20336       1.2140
   20337       1.2641
   20338       1.1160
   20339       1.2777
   20340       1.3352
   20341       1.2257
   20342       1.0889
   20343       1.1992
   20344       1.3893
   20345       1.3642
   20346       1.1380
   20347       1.1039
   20348       1.1329
   20349       1.0613
   20350       1.0607
   20351       1.1394
   20352       1.1814
   20353       1.0998
   20354       1.2271
   20355       1.2094
   20356       1.2747
   20357       1.3359
   20358       1.3486
   20359       1.3538
   20360       1.3536
   20361       1.2383
   20362       1.1767
   20363       1.1836
   20364       1.1086
   20365       1.1604
   20366       1.2007
   20367       1.0483
   20368       0.9408
   20369       1.0390
   20370       0.9848
   20371       1.0474
   20372       1.1429
   20373       1.0889
   20374       1.0392
   20375       0.9702
   20376       1.0532
   20377       1.0511
   20378       1.2085
   20379       1.1130
   20380       0.9960
   20381       1.0311
   20382       0.9693
   20383       0.9097
   20384       0.9934
   20385       1.0564
   20386       1.0429
   20387       1.0017
   20388       0.9702
   20389       1.1024
   20390       0.9784
   20391       0.9387
   20392       0.9564
   20393       1.0008
   20394       0.8526
   20395       0.9928
   20396       0.9951
   20397       1.0759
   20398       1.0044
   20399       0.9919
   20400       0.9242
   20401       0.8549
   20402       0.8229
   20403       0.7804
   20404       0.8811
   20405       0.9830
   20406       0.9397
   20407       0.9835
   20408       0.9509
   20409       1.0408
   20410       1.1049
   20411       0.8826
   20412       0.9016
   20413       0.9507
   20414       0.9515
   20415       0.9325
   20416       0.9190
   20417       0.9605
   20418       1.1118
   20419       1.0927
   20420       1.0879
   20421       1.1054
   20422       1.0138
   20423       0.9455
   20424       0.9546
   20425       1.1808
   20426       0.9940
   20427       1.0143
   20428       1.0607
   20429       0.9507
   20430       0.9002
   20431       0.9627
   20432       0.9356
   20433       1.0500
   20434       1.1835
   20435       1.1991
   20436       1.2268
   20437       1.2662
   20438       1.3067
   20439       1.3753
   20440       1.3651
   20441       1.4098
   20442       1.3771
   20443       1.3788
   20444       1.3228
   20445       1.2150
   20446       1.3235
   20447       1.2033
   20448       1.1474
   20449       1.0954
   20450       1.0294
   20451       1.0411
   20452       1.0821
   20453       0.9423
   20454       1.1047
   20455       1.1917
   20456       1.1828
   20457       1.4019
   20458       1.4082
   20459       1.3114
   20460       1.3180
   20461       1.2821
   20462       1.4092
   20463       1.3010
   20464       1.1509
   20465       1.0526
   20466       1.1930
   20467       1.1275
   20468       1.1961
   20469       1.1026
   20470       1.2167
   20471       1.0424
   20472       1.2424
   20473       1.2307
   20474       1.1587
   20475       1.1097
   20476       1.1530
   20477       1.1162
   20478       1.0806
   20479       1.1633
   20480       1.0659
   20481       1.0301
   20482       0.9510
   20483       1.0713
   20484       1.1226
   20485       1.1350
   20486       1.0441
   20487       1.1186
   20488       1.0347
   20489       1.0186
   20490       1.0888
   20491       1.0154
   20492       1.0845
   20493       0.9596
   20494       0.8849
   20495       0.9438
   20496       0.9304
   20497       0.8724
   20498       0.9025
   20499       0.9985
   20500       1.0607
   20501       0.9647
   20502       0.9648
   20503       1.0567
   20504       1.1209
   20505       0.9758
   20506       1.1571
   20507       1.1740
   20508       1.1857
   20509       1.1949
   20510       1.0248
   20511       1.0624
   20512       1.1460
   20513       1.2109
   20514       1.2112
   20515       1.0674
   20516       1.1126
   20517       1.0841
   20518       1.0972
   20519       1.1080
   20520       1.1650
   20521       1.0424
   20522       1.0055
   20523       0.9415
   20524       1.0511
   20525       1.0696
   20526       1.1439
   20527       0.9905
   20528       0.8620
   20529       1.0577
   20530       1.0379
   20531       1.0790
   20532       1.0882
   20533       1.1687
   20534       1.0680
   20535       1.2684
   20536       1.2867
   20537       1.2124
   20538       1.0505
   20539       1.1367
   20540       0.9694
   20541       1.0516
   20542       1.0235
   20543       0.9767
   20544       1.1430
   20545       1.1045
   20546       1.2664
   20547       1.2112
   20548       1.2595
   20549       1.1209
   20550       1.0628
   20551       1.0509
   20552       1.0472
   20553       1.1069
   20554       1.1643
   20555       0.9604
   20556       1.0081
   20557       0.9036
   20558       0.9541
   20559       1.0061
   20560       1.0174
   20561       1.0999
   20562       1.1039
   20563       1.0400
   20564       0.9776
   20565       0.9578
   20566       0.9541
   20567       0.9222
   20568       0.8968
   20569       0.9717
   20570       0.8897
   20571       1.0041
   20572       0.9097
   20573       0.9093
   20574       0.9907
   20575       1.0113
   20576       1.0143
   20577       1.0832
   20578       1.0448
   20579       1.1228
   20580       1.0496
   20581       1.0990
   20582       1.0701
   20583       1.1169
   20584       1.1482
   20585       1.1111
   20586       1.1479
   20587       1.1474
   20588       1.1977
   20589       1.0854
   20590       1.0635
   20591       1.1391
   20592       1.2271
   20593       1.0388
   20594       1.1545
   20595       1.1478
   20596       1.0940
   20597       1.2456
   20598       1.1592
   20599       1.1434
   20600       1.3877
   20601       1.2841
   20602       1.1737
   20603       1.1372
   20604       1.1443
   20605       1.1494
   20606       1.1492
   20607       1.1329
   20608       1.1631
   20609       1.1618
   20610       1.2614
   20611       1.1640
   20612       1.1282
   20613       1.1515
   20614       1.0454
   20615       1.0913
   20616       1.2018
   20617       1.3182
   20618       1.1712
   20619       1.1189
   20620       1.2205
   20621       1.3218
   20622       1.2197
   20623       1.1874
   20624       1.1392
   20625       1.1861
   20626       1.2750
   20627       1.2087
   20628       1.2720
   20629       1.1244
   20630       1.2006
   20631       1.1952
   20632       1.1831
   20633       1.0807
   20634       1.0875
   20635       1.0917
   20636       1.2304
   20637       1.0039
   20638       1.0300
   20639       1.1145
   20640       1.2151
   20641       1.2527
   20642       1.1796
   20643       1.0798
   20644       1.1525
   20645       1.1967
   20646       1.2551
   20647       1.2812
   20648       1.2171
   20649       1.1458
   20650       1.2281
   20651       1.2300
   20652       1.2982
   20653       1.2911
   20654       1.3668
   20655       1.2181
   20656       1.2215
   20657       1.2107
   20658       1.3443
   20659       1.2237
   20660       1.1741
   20661       1.1376
   20662       1.2349
   20663       1.2939
   20664       1.3200
   20665       1.3962
   20666       1.2392
   20667       1.3041
   20668       1.2291
   20669       1.2617
   20670       1.3435
   20671       1.2502
   20672       1.3423
   20673       1.2820
   20674       1.1568
   20675       1.2026
   20676       1.1849
   20677       1.2090
   20678       1.2929
   20679       1.3048
   20680       1.2272
   20681       1.3383
   20682       1.3793
   20683       1.3275
   20684       1.3279
   20685       1.2876
   20686       1.2592
   20687       1.3591
   20688       1.3256
   20689       1.3580
   20690       1.3385
   20691       1.2679
   20692       1.2041
   20693       1.3248
   20694       1.3123
   20695       1.3366
   20696       1.3075
   20697       1.3541
   20698       1.2985
   20699       1.4895
   20700       1.6751
   20701       1.4798
   20702       1.3320
   20703       1.4614
   20704       1.3293
   20705       1.3471
   20706       1.2460
   20707       1.2464
   20708       1.1377
   20709       1.1496
   20710       1.2235
   20711       1.1156
   20712       1.0964
   20713       1.1489
   20714       1.1922
   20715       1.2667
   20716       1.1349
   20717       1.1608
   20718       1.1346
   20719       1.2299
   20720       1.1253
   20721       1.1008
   20722       0.9935
   20723       1.0784
   20724       1.0924
   20725       1.0211
   20726       1.2131
   20727       1.1059
   20728       1.1667
   20729       1.1868
   20730       1.2516
   20731       1.2937
   20732       1.3226
   20733       1.4269
   20734       1.4418
   20735       1.2540
   20736       1.3238
   20737       1.2728
   20738       1.3422
   20739       1.1800
   20740       1.2571
   20741       1.1075
   20742       1.2568
   20743       1.2765
   20744       1.1323
   20745       1.1469
   20746       1.1761
   20747       1.2861
   20748       1.2121
   20749       1.2753
   20750       1.2992
   20751       1.3960
   20752       1.3139
   20753       1.3908
   20754       1.3092
   20755       1.2582
   20756       1.3319
   20757       1.3209
   20758       1.2529
   20759       1.3772
   20760       1.3564
   20761       1.4593
   20762       1.4256
   20763       1.3800
   20764       1.3842
   20765       1.3030
   20766       1.3764
   20767       1.2011
   20768       1.2528
   20769       1.1469
   20770       1.1422
   20771       1.1033
   20772       1.1920
   20773       1.0771
   20774       1.1892
   20775       1.2175
   20776       1.1900
   20777       1.1664
   20778       1.0618
   20779       1.2851
   20780       1.2631
   20781       1.3664
   20782       1.2502
   20783       1.2480
   20784       1.3024
   20785       1.3279
   20786       1.2705
   20787       1.2479
   20788       1.1948
   20789       1.0802
   20790       1.2770
   20791       1.2679
   20792       1.3190
   20793       1.4350
   20794       1.2827
   20795       1.1345
   20796       1.2051
   20797       1.2201
   20798       1.1742
   20799       1.2559
   20800       1.2829
   20801       1.1730
   20802       1.1945
   20803       1.1299
   20804       1.2690
   20805       1.1948
   20806       1.2084
   20807       1.2557
   20808       1.3431
   20809       1.2475
   20810       1.2056
   20811       1.3676
   20812       1.1494
   20813       1.0338
   20814       1.1060
   20815       1.0343
   20816       1.0901
   20817       1.1351
   20818       1.1134
   20819       1.0545
   20820       0.9883
   20821       0.9128
   20822       0.8304
   20823       1.1278
   20824       1.1548
   20825       1.0852
   20826       1.0318
   20827       1.1130
   20828       0.9937
   20829       0.8966
   20830       1.0183
   20831       1.1427
   20832       1.0578
   20833       1.1172
   20834       1.0774
   20835       0.8737
   20836       0.8971
   20837       0.9676
   20838       0.8132
   20839       0.7764
   20840       0.8424
   20841       0.9129
   20842       0.9458
   20843       0.9680
   20844       0.9507
   20845       0.9931
   20846       0.9554
   20847       1.0200
   20848       1.0629
   20849       0.9860
   20850       1.0699
   20851       1.1842
   20852       1.2002
   20853       1.2373
   20854       1.2505
   20855       1.2023
   20856       1.2032
   20857       1.2395
   20858       1.2782
   20859       1.4132
   20860       1.2571
   20861       1.3149
   20862       1.1973
   20863       1.1169
   20864       1.1026
   20865       1.1452
   20866       1.2122
   20867       1.1635
   20868       1.1294
   20869       1.1995
   20870       1.2368
   20871       1.3311
   20872       1.3985
   20873       1.3959
   20874       1.2756
   20875       1.3133
   20876       1.2934
   20877       1.2618
   20878       1.1291
   20879       1.2851
   20880       1.3360
   20881       1.3002
   20882       1.2568
   20883       1.2248
   20884       1.3247
   20885       1.2325
   20886       1.3357
   20887       1.4334
   20888       1.3382
   20889       1.2493
   20890       1.2211
   20891       1.1420
   20892       1.1933
   20893       1.2131
   20894       1.2444
   20895       1.2004
   20896       1.1974
   20897       1.3409
   20898       1.2476
   20899       1.3189
   20900       1.2199
   20901       1.2456
   20902       1.1754
   20903       0.9978
   20904       1.1066
   20905       1.0841
   20906       1.0975
   20907       1.0383
   20908       1.1690
   20909       1.2130
   20910       1.0978
   20911       1.1070
   20912       1.0918
   20913       1.1752
   20914       1.0450
   20915       1.1211
   20916       1.1033
   20917       1.1604
   20918       1.2378
   20919       1.2604
   20920       1.2929
   20921       1.2702
   20922       1.2827
   20923       1.2445
   20924       1.1568
   20925       1.1523
   20926       1.0656
   20927       0.9487
   20928       1.0803
   20929       1.0799
   20930       1.1240
   20931       1.0683
   20932       1.0051
   20933       1.1782
   20934       1.1439
   20935       1.0713
   20936       1.0720
   20937       1.0802
   20938       1.1745
   20939       1.1536
   20940       1.1684
   20941       1.0654
   20942       1.1348
   20943       1.2230
   20944       1.1008
   20945       1.2528
   20946       1.1429
   20947       1.1635
   20948       1.0520
   20949       1.1008
   20950       1.1172
   20951       1.1333
   20952       1.0713
   20953       0.9918
   20954       0.9556
   20955       0.9578
   20956       0.9906
   20957       1.1276
   20958       1.0112
   20959       1.0391
   20960       0.9109
   20961       0.9928
   20962       1.0289
   20963       0.9359
   20964       0.8991
   20965       0.8414
   20966       0.9275
   20967       0.9366
   20968       1.0361
   20969       1.0956
   20970       1.1553
   20971       1.0641
   20972       1.2026
   20973       1.2126
   20974       1.1137
   20975       1.0567
   20976       1.0216
   20977       1.0702
   20978       1.1848
   20979       1.2499
   20980       1.1068
   20981       1.1348
   20982       1.1644
   20983       1.2211
   20984       1.1629
   20985       1.1778
   20986       1.2562
   20987       1.3338
   20988       1.1648
   20989       1.1879
   20990       1.2165
   20991       1.3141
   20992       1.2993
   20993       1.3853
   20994       1.2989
   20995       1.2676
   20996       1.3584
   20997       1.3710
   20998       1.2866
   20999       1.4234
   21000       1.2051
   21001       1.0799
   21002       1.1753
   21003       1.2745
   21004       1.2227
   21005       1.0951
   21006       0.9039
   21007       1.0409
   21008       1.0744
   21009       1.1415
   21010       1.1174
   21011       1.2008
   21012       1.0783
   21013       1.2818
   21014       1.1989
   21015       1.1678
   21016       1.1864
   21017       1.2001
   21018       1.2648
   21019       1.0277
   21020       1.2833
   21021       1.3537
   21022       1.2844
   21023       1.1902
   21024       1.1969
   21025       1.2194
   21026       1.1630
   21027       1.1321
   21028       1.1696
   21029       1.1968
   21030       1.1047
   21031       1.0431
   21032       1.2254
   21033       1.2229
   21034       1.2341
   21035       1.2531
   21036       1.2555
   21037       1.3905
   21038       1.2889
   21039       1.3614
   21040       1.3216
   21041       1.3700
   21042       1.2810
   21043       1.2908
   21044       1.1911
   21045       1.3044
   21046       1.2121
   21047       1.1909
   21048       1.1922
   21049       1.2223
   21050       1.1617
   21051       1.1075
   21052       1.0618
   21053       1.1833
   21054       1.0475
   21055       0.9909
   21056       1.1459
   21057       1.0603
   21058       1.0713
   21059       1.1210
   21060       1.1018
   21061       1.1335
   21062       1.0975
   21063       1.0647
   21064       1.2601
   21065       1.2275
   21066       1.2144
   21067       1.0464
   21068       1.0567
   21069       1.0760
   21070       1.0474
   21071       1.1622
   21072       1.0859
   21073       1.0943
   21074       1.2051
   21075       1.1181
   21076       1.1165
   21077       1.1378
   21078       1.0880
   21079       1.1153
   21080       1.1211
   21081       1.0812
   21082       1.0716
   21083       1.0512
   21084       1.1439
   21085       1.3135
   21086       1.2612
   21087       1.1822
   21088       1.3380
   21089       1.2605
   21090       1.2380
   21091       1.1567
   21092       1.2857
   21093       1.2256
   21094       1.3303
   21095       1.2307
   21096       1.2231
   21097       1.2626
   21098       1.1604
   21099       1.0957
   21100       1.1140
   21101       1.1190
   21102       1.1459
   21103       1.1969
   21104       1.2737
   21105       1.2486
   21106       1.3990
   21107       1.3584
   21108       1.3223
   21109       1.2260
   21110       1.1713
   21111       1.0728
   21112       1.1489
   21113       1.1351
   21114       1.1780
   21115       1.0546
   21116       0.9670
   21117       1.1485
   21118       1.1605
   21119       0.9701
   21120       0.9979
   21121       1.0741
   21122       1.0073
   21123       0.9542
   21124       1.0244
   21125       1.0476
   21126       0.9428
   21127       1.1842
   21128       1.0775
   21129       1.1337
   21130       0.9675
   21131       0.9230
   21132       1.0053
   21133       0.9235
   21134       0.9684
   21135       0.8936
   21136       0.9078
   21137       1.0522
   21138       0.9491
   21139       1.1471
   21140       1.0388
   21141       1.2135
   21142       1.2976
   21143       1.2304
   21144       1.1239
   21145       1.0708
   21146       1.0037
   21147       0.9316
   21148       1.1263
   21149       1.0868
   21150       1.1039
   21151       1.0979
   21152       1.0436
   21153       0.9919
   21154       1.1530
   21155       1.1530
   21156       1.0491
   21157       0.9425
   21158       0.9883
   21159       1.0244
   21160       1.0766
   21161       1.0710
   21162       1.0827
   21163       1.0962
   21164       1.1186
   21165       0.9931
   21166       1.1067
   21167       1.0642
   21168       1.0643
   21169       1.1292
   21170       1.1187
   21171       1.1763
   21172       1.1990
   21173       1.0921
   21174       1.0198
   21175       1.0762
   21176       1.1402
   21177       1.2183
   21178       1.1615
   21179       1.0909
   21180       1.2473
   21181       1.1894
   21182       1.2203
   21183       1.2548
   21184       1.2453
   21185       1.1965
   21186       1.2066
   21187       1.1772
   21188       1.3997
   21189       1.2439
   21190       1.1736
   21191       1.1671
   21192       1.2378
   21193       1.1047
   21194       1.0311
   21195       0.9740
   21196       1.1424
   21197       1.1141
   21198       1.0663
   21199       1.1086
   21200       1.2058
   21201       1.0236
   21202       0.9767
   21203       1.0731
   21204       0.9592
   21205       1.0662
   21206       1.0576
   21207       1.0301
   21208       1.0639
   21209       1.1984
   21210       1.1166
   21211       1.1579
   21212       1.2536
   21213       1.2567
   21214       1.2522
   21215       1.1526
   21216       1.0384
   21217       1.0202
   21218       1.0078
   21219       0.9454
   21220       1.1047
   21221       1.1624
   21222       1.0797
   21223       0.9752
   21224       0.9940
   21225       1.0173
   21226       1.0467
   21227       0.9814
   21228       0.9667
   21229       1.1519
   21230       0.9920
   21231       1.0156
   21232       0.9770
   21233       1.2002
   21234       1.2958
   21235       1.3181
   21236       1.2044
   21237       1.2495
   21238       1.1363
   21239       1.2070
   21240       1.1131
   21241       1.1251
   21242       1.2068
   21243       1.1759
   21244       1.2876
   21245       1.3108
   21246       1.3326
   21247       1.3032
   21248       1.2052
   21249       1.2630
   21250       1.0829
   21251       1.0330
   21252       1.2733
   21253       1.0997
   21254       1.1393
   21255       1.2034
   21256       1.2339
   21257       1.3582
   21258       1.4026
   21259       1.2489
   21260       1.3688
   21261       1.3107
   21262       1.2641
   21263       1.2394
   21264       1.2246
   21265       1.2343
   21266       1.2677
   21267       1.2082
   21268       1.3571
   21269       1.3693
   21270       1.3026
   21271       1.2473
   21272       1.2812
   21273       1.2177
   21274       1.2564
   21275       1.3228
   21276       1.3634
   21277       1.3355
   21278       1.2353
   21279       1.2899
   21280       1.2846
   21281       1.2313
   21282       1.2599
   21283       1.1795
   21284       1.2567
   21285       1.2433
   21286       1.3422
   21287       1.2826
   21288       1.2882
   21289       1.3250
   21290       1.5506
   21291       1.5182
   21292       1.5964
   21293       1.5349
   21294       1.4811
   21295       1.3614
   21296       1.4656
   21297       1.4303
   21298       1.4778
   21299       1.5221
   21300       1.5142
   21301       1.4478
   21302       1.3970
   21303       1.3494
   21304       1.4248
   21305       1.4240
   21306       1.5650
   21307       1.5039
   21308       1.6299
   21309       1.6253
   21310       1.4894
   21311       1.4534
   21312       1.3865
   21313       1.5256
   21314       1.4566
   21315       1.5359
   21316       1.4045
   21317       1.4315
   21318       1.4214
   21319       1.4116
   21320       1.4584
   21321       1.3042
   21322       1.3716
   21323       1.1939
   21324       1.3257
   21325       1.2134
   21326       1.1497
   21327       1.2562
   21328       1.2028
   21329       1.1023
   21330       1.2670
   21331       1.2357
   21332       1.1391
   21333       1.1244
   21334       1.2642
   21335       1.1542
   21336       1.2822
   21337       1.2825
   21338       1.2450
   21339       1.3431
   21340       1.1953
   21341       1.3417
   21342       1.4271
   21343       1.3552
   21344       1.2722
   21345       1.1875
   21346       1.2497
   21347       1.3118
   21348       1.3663
   21349       1.3492
   21350       1.4239
   21351       1.3751
   21352       1.4456
   21353       1.4008
   21354       1.4536
   21355       1.4906
   21356       1.4138
   21357       1.2827
   21358       1.4035
   21359       1.3968
   21360       1.3628
   21361       1.4047
   21362       1.5176
   21363       1.4330
   21364       1.4130
   21365       1.4575
   21366       1.5395
   21367       1.3905
   21368       1.4348
   21369       1.4435
   21370       1.4184
   21371       1.4296
   21372       1.4044
   21373       1.4241
   21374       1.3520
   21375       1.4582
   21376       1.5053
   21377       1.4077
   21378       1.3926
   21379       1.2464
   21380       1.1723
   21381       1.2823
   21382       1.2428
   21383       1.2082
   21384       1.1734
   21385       1.2271
   21386       1.1693
   21387       1.3215
   21388       1.1123
   21389       1.0406
   21390       1.0589
   21391       1.0253
   21392       0.9105
   21393       0.8924
   21394       0.9439
   21395       0.9503
   21396       1.0341
   21397       1.1766
   21398       1.3261
   21399       1.1552
   21400       1.0843
   21401       1.0930
   21402       1.1678
   21403       1.2073
   21404       1.2505
   21405       1.1561
   21406       1.1990
   21407       1.2298
   21408       1.3096
   21409       1.1413
   21410       1.1281
   21411       1.2929
   21412       1.2731
   21413       1.2217
   21414       1.0431
   21415       1.0423
   21416       1.0871
   21417       1.0937
   21418       1.2240
   21419       1.0430
   21420       1.0249
   21421       1.2295
   21422       1.1854
   21423       1.3735
   21424       1.1656
   21425       1.1081
   21426       1.1660
   21427       1.1881
   21428       1.3877
   21429       1.3886
   21430       1.2800
   21431       1.3146
   21432       1.2991
   21433       1.3411
   21434       1.4102
   21435       1.2648
   21436       1.1979
   21437       1.0804
   21438       1.2239
   21439       1.1436
   21440       1.1338
   21441       1.0207
   21442       1.1083
   21443       1.1535
   21444       1.1590
   21445       1.0460
   21446       1.0964
   21447       1.1962
   21448       1.2258
   21449       1.1941
   21450       1.2276
   21451       1.2690
   21452       1.3947
   21453       1.3517
   21454       1.3167
   21455       1.3553
   21456       1.3671
   21457       1.2473
   21458       1.3262
   21459       1.3014
   21460       1.2596
   21461       1.3879
   21462       1.3215
   21463       1.4407
   21464       1.2795
   21465       1.3714
   21466       1.4654
   21467       1.4489
   21468       1.4586
   21469       1.4842
   21470       1.6546
   21471       1.3316
   21472       1.4029
   21473       1.3552
   21474       1.3853
   21475       1.4585
   21476       1.4677
   21477       1.4590
   21478       1.4009
   21479       1.3877
   21480       1.4681
   21481       1.3782
   21482       1.3488
   21483       1.3084
   21484       1.3459
   21485       1.2941
   21486       1.2323
   21487       1.3561
   21488       1.4103
   21489       1.3256
   21490       1.3105
   21491       1.2978
   21492       1.4097
   21493       1.4688
   21494       1.3183
   21495       1.3688
   21496       1.3833
   21497       1.3831
   21498       1.4424
   21499       1.4467
   21500       1.3186
   21501       1.1994
   21502       1.2525
   21503       1.1982
   21504       1.2416
   21505       1.1583
   21506       1.1145
   21507       1.1226
   21508       1.1428
   21509       1.0312
   21510       1.0773
   21511       1.1403
   21512       1.1820
   21513       1.2185
   21514       1.1330
   21515       1.1474
   21516       1.1914
   21517       1.2974
   21518       1.3288
   21519       1.3554
   21520       1.3050
   21521       1.3023
   21522       1.3347
   21523       1.2364
   21524       1.1409
   21525       1.2538
   21526       1.3679
   21527       1.2600
   21528       1.1144
   21529       1.0626
   21530       0.9827
   21531       0.9608
   21532       1.0490
   21533       1.1182
   21534       1.0622
   21535       1.0111
   21536       1.0490
   21537       1.0636
   21538       1.0314
   21539       1.0324
   21540       0.8675
   21541       0.8973
   21542       0.9485
   21543       0.9189
   21544       1.0366
   21545       1.0066
   21546       1.0403
   21547       1.1958
   21548       1.2049
   21549       1.3154
   21550       1.2566
   21551       1.1985
   21552       1.0199
   21553       1.1004
   21554       1.0825
   21555       1.1066
   21556       1.0702
   21557       1.0974
   21558       0.9678
   21559       1.0432
   21560       1.1713
   21561       1.0940
   21562       1.1085
   21563       1.1633
   21564       1.1365
   21565       1.1522
   21566       1.1000
   21567       1.2123
   21568       1.1151
   21569       1.1327
   21570       1.1642
   21571       0.9961
   21572       0.9982
   21573       1.0263
   21574       1.0829
   21575       1.1277
   21576       1.2182
   21577       1.1820
   21578       1.1622
   21579       1.0933
   21580       1.2627
   21581       1.1799
   21582       1.3663
   21583       1.3732
   21584       1.2822
   21585       1.2987
   21586       1.2533
   21587       1.3143
   21588       1.2205
   21589       1.0915
   21590       1.2571
   21591       1.2292
   21592       1.1852
   21593       1.1769
   21594       1.1309
   21595       1.1268
   21596       1.0649
   21597       1.1052
   21598       1.1916
   21599       1.2289
   21600       1.3419
   21601       1.2078
   21602       1.2132
   21603       0.9906
   21604       1.0120
   21605       1.0717
   21606       1.0909
   21607       1.0415
   21608       0.9903
   21609       1.0216
   21610       1.0037
   21611       1.1297
   21612       1.0170
   21613       0.9013
   21614       0.9770
   21615       0.9857
   21616       0.8863
   21617       1.0840
   21618       0.9480
   21619       0.8918
   21620       1.0039
   21621       1.0358
   21622       1.0207
   21623       0.9824
   21624       0.9604
   21625       1.0936
   21626       1.0689
   21627       0.9376
   21628       0.9499
   21629       1.0554
   21630       0.9714
   21631       0.9570
   21632       1.0276
   21633       1.1740
   21634       1.0535
   21635       1.1225
   21636       1.2533
   21637       1.1104
   21638       1.2617
   21639       0.9759
   21640       0.9824
   21641       0.9561
   21642       1.0197
   21643       1.1483
   21644       1.0850
   21645       1.1782
   21646       1.2020
   21647       1.2048
   21648       1.1809
   21649       1.1906
   21650       1.1025
   21651       1.2463
   21652       1.1601
   21653       1.0481
   21654       1.1304
   21655       1.2044
   21656       1.1825
   21657       1.1150
   21658       1.1043
   21659       1.0163
   21660       1.0703
   21661       1.0212
   21662       1.0096
   21663       0.9259
   21664       1.0263
   21665       1.0454
   21666       1.1039
   21667       0.9497
   21668       0.9613
   21669       0.9789
   21670       1.1451
   21671       1.1063
   21672       1.1465
   21673       1.1371
   21674       1.0925
   21675       1.2217
   21676       1.1724
   21677       1.1401
   21678       1.1292
   21679       1.1890
   21680       1.1141
   21681       1.1406
   21682       1.1436
   21683       1.2289
   21684       1.0927
   21685       1.1222
   21686       1.0097
   21687       1.2097
   21688       1.0409
   21689       1.0037
   21690       1.0499
   21691       1.0642
   21692       1.0577
   21693       1.1765
   21694       1.1426
   21695       1.2824
   21696       1.2371
   21697       1.2352
   21698       1.2094
   21699       1.2274
   21700       1.1183
   21701       1.1926
   21702       1.1563
   21703       1.0982
   21704       1.2386
   21705       1.1894
   21706       1.1819
   21707       1.1650
   21708       1.0610
   21709       0.9409
   21710       0.9498
   21711       1.0498
   21712       0.9474
   21713       0.8632
   21714       0.9246
   21715       0.9738
   21716       0.9127
   21717       1.0427
   21718       0.9938
   21719       0.9547
   21720       0.9327
   21721       0.8883
   21722       0.9040
   21723       0.8790
   21724       0.8571
   21725       0.9758
   21726       0.9448
   21727       0.9420
   21728       1.0231
   21729       0.8904
   21730       0.7944
   21731       0.8697
   21732       0.8032
   21733       0.8130
   21734       0.8976
   21735       0.9014
   21736       0.8874
   21737       0.8207
   21738       0.8398
   21739       0.9643
   21740       0.8864
   21741       0.9618
   21742       0.9597
   21743       0.9679
   21744       0.9899
   21745       0.9854
   21746       0.8993
   21747       0.9133
   21748       0.9092
   21749       0.8421
   21750       0.8383
   21751       0.7935
   21752       0.7703
   21753       0.9217
   21754       0.9089
   21755       1.0286
   21756       0.9099
   21757       0.8973
   21758       0.9217
   21759       0.8519
   21760       0.9384
   21761       1.0002
   21762       0.9835
   21763       1.0592
   21764       1.0578
   21765       1.0077
   21766       1.1663
   21767       1.1816
   21768       1.1730
   21769       1.0667
   21770       1.0769
   21771       1.0730
   21772       1.0349
   21773       1.0814
   21774       1.0389
   21775       1.0076
   21776       1.0419
   21777       1.1082
   21778       1.0856
   21779       1.2000
   21780       1.0716
   21781       1.0174
   21782       1.0572
   21783       1.0658
   21784       0.9256
   21785       1.0157
   21786       0.9168
   21787       0.9963
   21788       1.0671
   21789       1.1149
   21790       1.1300
   21791       1.1108
   21792       1.1063
   21793       1.1764
   21794       1.1864
   21795       1.0298
   21796       0.9887
   21797       0.8841
   21798       1.0819
   21799       1.0500
   21800       1.1521
   21801       1.1266
   21802       0.9910
   21803       1.0126
   21804       1.0851
   21805       1.0050
   21806       0.9681
   21807       0.9744
   21808       1.0145
   21809       1.0619
   21810       0.9537
   21811       0.9472
   21812       1.1397
   21813       1.1356
   21814       0.9844
   21815       1.1129
   21816       1.1489
   21817       1.2180
   21818       1.1473
   21819       1.0340
   21820       1.1027
   21821       1.1204
   21822       1.0468
   21823       0.9499
   21824       0.9194
   21825       1.0805
   21826       1.0957
   21827       1.1491
   21828       1.0923
   21829       1.0546
   21830       1.0941
   21831       1.0722
   21832       1.1170
   21833       1.1774
   21834       1.0910
   21835       1.0947
   21836       0.9369
   21837       0.9369
   21838       1.0139
   21839       0.9923
   21840       1.0128
   21841       1.0067
   21842       1.0318
   21843       0.9423
   21844       0.9785
   21845       0.9736
   21846       1.1594
   21847       1.1655
   21848       1.1893
   21849       1.2057
   21850       1.0926
   21851       1.2160
   21852       1.2105
   21853       1.2471
   21854       1.2863
   21855       1.1916
   21856       1.2717
   21857       1.1565
   21858       1.2513
   21859       1.0580
   21860       1.0646
   21861       1.1940
   21862       1.0522
   21863       1.0378
   21864       1.1117
   21865       1.0731
   21866       1.0299
   21867       1.1284
   21868       1.0304
   21869       1.0923
   21870       1.0068
   21871       1.0183
   21872       1.0350
   21873       0.9962
   21874       0.9784
   21875       1.0202
   21876       0.9829
   21877       1.1209
   21878       0.9702
   21879       1.0606
   21880       0.9874
   21881       1.0193
   21882       1.1624
   21883       0.9957
   21884       1.1257
   21885       1.1012
   21886       1.2271
   21887       1.2007
   21888       1.0986
   21889       1.2553
   21890       1.4070
   21891       1.4858
   21892       1.3347
   21893       1.2278
   21894       1.1256
   21895       1.0911
   21896       1.1273
   21897       1.2272
   21898       1.1872
   21899       1.0492
   21900       1.0863
   21901       1.0083
   21902       0.8337
   21903       1.0117
   21904       1.0910
   21905       1.0864
   21906       1.2651
   21907       1.2689
   21908       1.2306
   21909       1.2978
   21910       1.1464
   21911       1.1465
   21912       1.1150
   21913       1.1459
   21914       1.2334
   21915       1.2992
   21916       1.3106
   21917       1.1962
   21918       1.0056
   21919       1.0674
   21920       1.0476
   21921       1.1280
   21922       1.1720
   21923       1.2805
   21924       1.2299
   21925       1.2257
   21926       1.3484
   21927       1.3019
   21928       1.2712
   21929       1.2352
   21930       1.0809
   21931       1.1520
   21932       1.1627
   21933       1.0658
   21934       1.3460
   21935       1.3529
   21936       1.2754
   21937       1.1804
   21938       1.0605
   21939       1.2862
   21940       1.1969
   21941       1.3077
   21942       1.4016
   21943       1.2157
   21944       1.1645
   21945       1.0659
   21946       1.0588
   21947       1.0374
   21948       1.0008
   21949       0.9430
   21950       0.8548
   21951       0.9660
   21952       0.9780
   21953       1.0533
   21954       0.9941
   21955       0.9882
   21956       0.8946
   21957       0.9926
   21958       0.9496
   21959       1.1494
   21960       1.0324
   21961       0.9896
   21962       0.9848
   21963       1.1617
   21964       1.0542
   21965       0.9634
   21966       1.0166
   21967       1.0206
   21968       1.0173
   21969       1.0417
   21970       0.9429
   21971       0.8900
   21972       0.9446
   21973       0.9207
   21974       0.8298
   21975       1.0350
   21976       1.1012
   21977       1.0839
   21978       1.0365
   21979       1.0233
   21980       1.0665
   21981       0.9104
   21982       0.9427
   21983       0.9908
   21984       0.9571
   21985       1.0604
   21986       0.9848
   21987       1.0927
   21988       1.1226
   21989       1.1304
   21990       1.1148
   21991       1.1761
   21992       1.0888
   21993       0.9650
   21994       0.9657
   21995       0.9596
   21996       1.0302
   21997       1.0799
   21998       0.9834
   21999       1.0579
   22000       1.0317
   22001       1.0740
   22002       1.1078
   22003       1.1909
   22004       1.0630
   22005       1.0448
   22006       1.0007
   22007       1.0430
   22008       1.0615
   22009       1.0241
   22010       0.9926
   22011       1.0685
   22012       1.0366
   22013       1.1365
   22014       1.0802
   22015       1.1289
   22016       0.8921
   22017       0.9511
   22018       0.8898
   22019       1.0572
   22020       1.0793
   22021       1.1164
   22022       1.1678
   22023       1.0819
   22024       1.0789
   22025       1.1385
   22026       1.1154
   22027       1.0992
   22028       1.1619
   22029       1.1537
   22030       1.2355
   22031       1.1470
   22032       1.1160
   22033       1.1129
   22034       1.0112
   22035       1.1431
   22036       1.0650
   22037       1.0863
   22038       1.1814
   22039       1.1311
   22040       1.1226
   22041       0.9879
   22042       0.9243
   22043       0.9364
   22044       0.9263
   22045       0.9422
   22046       1.0072
   22047       1.0862
   22048       0.7882
   22049       0.8117
   22050       0.7943
   22051       0.8492
   22052       0.9627
   22053       1.0902
   22054       1.0403
   22055       1.0544
   22056       1.0073
   22057       1.0192
   22058       1.1469
   22059       1.1151
   22060       1.2693
   22061       1.1724
   22062       1.1763
   22063       1.3067
   22064       1.2934
   22065       1.1723
   22066       1.2296
   22067       1.1164
   22068       1.1066
   22069       1.1184
   22070       1.2239
   22071       1.0591
   22072       1.1545
   22073       1.1102
   22074       1.1386
   22075       1.2428
   22076       1.3030
   22077       1.2218
   22078       1.1494
   22079       1.3489
   22080       1.2963
   22081       1.2335
   22082       1.2334
   22083       1.2844
   22084       1.3904
   22085       1.2311
   22086       1.3895
   22087       1.4340
   22088       1.5466
   22089       1.5286
   22090       1.3987
   22091       1.2570
   22092       1.1540
   22093       0.9418
   22094       0.9890
   22095       1.0324
   22096       0.9907
   22097       0.9473
   22098       1.0315
   22099       1.0465
   22100       1.0523
   22101       1.0690
   22102       1.0355
   22103       0.9989
   22104       1.0913
   22105       0.9879
   22106       1.0244
   22107       0.9090
   22108       0.9976
   22109       1.1585
   22110       1.1628
   22111       1.1061
   22112       1.2023
   22113       1.1581
   22114       1.1865
   22115       1.2474
   22116       1.2222
   22117       1.2353
   22118       1.2617
   22119       1.2188
   22120       1.0734
   22121       1.1729
   22122       1.1825
   22123       1.1470
   22124       1.1742
   22125       1.1392
   22126       1.1779
   22127       1.2477
   22128       1.0341
   22129       1.0459
   22130       1.1375
   22131       1.2224
   22132       1.2472
   22133       1.1538
   22134       1.1840
   22135       1.1609
   22136       1.1592
   22137       1.1160
   22138       1.2635
   22139       1.3253
   22140       1.2356
   22141       1.2336
   22142       1.0985
   22143       1.1661
   22144       1.0271
   22145       1.1159
   22146       1.0557
   22147       1.0358
   22148       0.9740
   22149       0.8367
   22150       0.9188
   22151       0.9114
   22152       0.9903
   22153       0.8577
   22154       1.0707
   22155       0.9607
   22156       1.1924
   22157       1.1551
   22158       1.1882
   22159       1.1825
   22160       1.0326
   22161       1.1276
   22162       1.0479
   22163       1.0738
   22164       1.1237
   22165       1.0694
   22166       1.0477
   22167       1.1524
   22168       1.0466
   22169       1.0354
   22170       1.1406
   22171       1.1134
   22172       1.2234
   22173       1.1480
   22174       1.2027
   22175       1.2549
   22176       1.2822
   22177       1.5503
   22178       1.2544
   22179       1.2189
   22180       1.1272
   22181       1.1460
   22182       1.2058
   22183       1.2991
   22184       1.2423
   22185       1.2029
   22186       1.0766
   22187       1.1632
   22188       1.1836
   22189       1.1818
   22190       1.2343
   22191       1.2523
   22192       1.2132
   22193       1.1640
   22194       1.1106
   22195       1.0807
   22196       1.1559
   22197       1.1025
   22198       1.0530
   22199       1.0191
   22200       1.0352
   22201       0.8804
   22202       1.0074
   22203       0.9153
   22204       1.0143
   22205       1.0876
   22206       1.0280
   22207       1.0931
   22208       1.0185
   22209       1.0299
   22210       1.1270
   22211       1.0777
   22212       0.9976
   22213       1.0785
   22214       1.0269
   22215       1.0895
   22216       1.0365
   22217       1.1260
   22218       1.1745
   22219       1.1411
   22220       1.1914
   22221       1.2322
   22222       1.2048
   22223       1.1547
   22224       1.2806
   22225       1.3437
   22226       1.4106
   22227       1.5473
   22228       1.3129
   22229       1.4746
   22230       1.4438
   22231       1.3963
   22232       1.3355
   22233       1.3663
   22234       1.3210
   22235       1.2842
   22236       1.1730
   22237       1.2251
   22238       1.1454
   22239       1.2272
   22240       1.1622
   22241       1.1603
   22242       1.0442
   22243       1.1914
   22244       1.0669
   22245       1.1003
   22246       0.9975
   22247       1.0691
   22248       1.2372
   22249       1.2552
   22250       1.1705
   22251       1.2211
   22252       1.4190
   22253       1.3778
   22254       1.3470
   22255       1.3495
   22256       1.4579
   22257       1.5111
   22258       1.4788
   22259       1.4862
   22260       1.4693
   22261       1.4020
   22262       1.5068
   22263       1.3680
   22264       1.2588
   22265       1.3423
   22266       1.6234
   22267       1.3829
   22268       1.2921
   22269       1.2793
   22270       1.3017
   22271       1.2227
   22272       1.2895
   22273       1.3205
   22274       1.3527
   22275       1.2834
   22276       1.3636
   22277       1.5514
   22278       1.5390
   22279       1.4597
   22280       1.5061
   22281       1.5015
   22282       1.4346
   22283       1.3978
   22284       1.4338
   22285       1.3843
   22286       1.4412
   22287       1.4243
   22288       1.4876
   22289       1.3666
   22290       1.4373
   22291       1.4827
   22292       1.3765
   22293       1.3059
   22294       1.3414
   22295       1.4098
   22296       1.3758
   22297       1.3202
   22298       1.3819
   22299       1.2821
   22300       1.2205
   22301       1.3189
   22302       1.3078
   22303       1.4651
   22304       1.4861
   22305       1.3776
   22306       1.5297
   22307       1.4252
   22308       1.4133
   22309       1.4235
   22310       1.4057
   22311       1.3748
   22312       1.2530
   22313       1.2534
   22314       1.1550
   22315       1.1418
   22316       1.0772
   22317       1.1323
   22318       1.1495
   22319       1.1397
   22320       1.1385
   22321       1.1406
   22322       1.1235
   22323       1.1395
   22324       1.1498
   22325       1.2175
   22326       1.1883
   22327       1.2417
   22328       1.0917
   22329       1.1513
   22330       1.0655
   22331       1.1331
   22332       1.1970
   22333       1.0963
   22334       1.0484
   22335       1.1584
   22336       1.0609
   22337       1.0204
   22338       1.1230
   22339       1.0363
   22340       1.0885
   22341       1.0636
   22342       1.1831
   22343       1.1676
   22344       1.1888
   22345       1.2037
   22346       1.1416
   22347       1.2295
   22348       1.3153
   22349       1.2182
   22350       1.2585
   22351       1.2105
   22352       1.2740
   22353       1.4186
   22354       1.3548
   22355       1.4558
   22356       1.3190
   22357       1.3116
   22358       1.1515
   22359       1.1849
   22360       1.0595
   22361       1.1269
   22362       1.2307
   22363       1.2640
   22364       1.1064
   22365       1.0799
   22366       1.2651
   22367       1.1681
   22368       1.1872
   22369       1.3226
   22370       1.1809
   22371       1.1137
   22372       1.0301
   22373       1.0073
   22374       1.0346
   22375       1.0957
   22376       1.1614
   22377       1.1301
   22378       1.1374
   22379       1.1162
   22380       1.1873
   22381       1.3372
   22382       1.2970
   22383       1.3334
   22384       1.3224
   22385       1.2129
   22386       1.2032
   22387       1.1857
   22388       1.4344
   22389       1.4460
   22390       1.2919
   22391       1.2459
   22392       1.2000
   22393       1.2303
   22394       1.2162
   22395       1.3437
   22396       1.1761
   22397       1.1386
   22398       1.1071
   22399       1.0591
   22400       1.0686
   22401       1.2011
   22402       1.1756
   22403       1.2084
   22404       1.1767
   22405       1.1227
   22406       1.1066
   22407       1.0768
   22408       1.2555
   22409       1.2805
   22410       1.3204
   22411       1.2102
   22412       1.1525
   22413       1.2244
   22414       1.2073
   22415       1.1264
   22416       1.2034
   22417       1.1429
   22418       1.2111
   22419       1.2533
   22420       1.1337
   22421       1.2035
   22422       1.2490
   22423       1.2065
   22424       1.2985
   22425       1.1851
   22426       1.1879
   22427       1.1617
   22428       1.1431
   22429       1.2024
   22430       1.1539
   22431       1.0871
   22432       1.0818
   22433       1.1146
   22434       0.9439
   22435       0.9488
   22436       1.0190
   22437       0.9553
   22438       1.0071
   22439       0.9253
   22440       1.0479
   22441       0.9329
   22442       0.9017
   22443       0.9283
   22444       0.9208
   22445       1.0357
   22446       0.9642
   22447       1.0033
   22448       1.0296
   22449       1.1285
   22450       0.9883
   22451       1.0224
   22452       1.0516
   22453       0.9265
   22454       0.9634
   22455       0.9489
   22456       0.9063
   22457       1.0772
   22458       0.8658
   22459       0.9309
   22460       1.0246
   22461       0.8165
   22462       0.8845
   22463       1.1081
   22464       1.0154
   22465       1.0016
   22466       0.9784
   22467       1.0363
   22468       1.0239
   22469       0.9378
   22470       1.0110
   22471       0.9962
   22472       0.9937
   22473       0.9766
   22474       0.9665
   22475       0.9828
   22476       0.9960
   22477       1.0288
   22478       1.0830
   22479       0.9727
   22480       1.0670
   22481       0.9298
   22482       0.8670
   22483       0.9244
   22484       0.8634
   22485       0.9782
   22486       0.9276
   22487       0.9463
   22488       1.0367
   22489       1.0417
   22490       1.0434
   22491       0.9847
   22492       1.0683
   22493       1.0234
   22494       0.9758
   22495       1.0233
   22496       1.1512
   22497       1.0102
   22498       0.8734
   22499       0.9769
   22500       1.1480
   22501       1.0902
   22502       1.1177
   22503       1.2199
   22504       1.1582
   22505       1.1200
   22506       1.0611
   22507       0.9925
   22508       0.9706
   22509       0.9916
   22510       1.0311
   22511       1.0578
   22512       1.0184
   22513       1.0944
   22514       1.0684
   22515       1.0442
   22516       1.0246
   22517       1.1425
   22518       0.9907
   22519       1.0419
   22520       1.1339
   22521       1.2534
   22522       1.1339
   22523       1.0156
   22524       1.0748
   22525       0.9775
   22526       0.9818
   22527       1.1279
   22528       1.0737
   22529       1.1105
   22530       1.1824
   22531       1.2035
   22532       1.1837
   22533       1.1106
   22534       1.1045
   22535       1.1317
   22536       1.2536
   22537       1.0819
   22538       1.1161
   22539       1.1276
   22540       1.2580
   22541       1.1777
   22542       1.1747
   22543       1.1499
   22544       1.1865
   22545       1.1297
   22546       1.1102
   22547       1.1154
   22548       1.1480
   22549       1.1863
   22550       1.2180
   22551       1.1741
   22552       1.2342
   22553       1.0149
   22554       1.1196
   22555       1.1888
   22556       1.3251
   22557       1.2704
   22558       1.0940
   22559       1.1056
   22560       1.1318
   22561       1.0587
   22562       1.1504
   22563       1.1557
   22564       1.1229
   22565       1.0663
   22566       0.9489
   22567       1.0271
   22568       1.1328
   22569       0.9794
   22570       1.0575
   22571       0.9791
   22572       1.1534
   22573       1.0445
   22574       1.0261
   22575       0.9292
   22576       0.9776
   22577       1.0708
   22578       1.1195
   22579       1.2401
   22580       1.0375
   22581       1.0658
   22582       1.1029
   22583       1.0886
   22584       1.1626
   22585       1.1504
   22586       1.1426
   22587       0.9993
   22588       1.0342
   22589       0.9792
   22590       0.9145
   22591       1.0304
   22592       1.1098
   22593       0.9640
   22594       1.1060
   22595       1.1177
   22596       1.0613
   22597       1.1057
   22598       1.1375
   22599       1.0129
   22600       1.0057
   22601       1.0407
   22602       1.1320
   22603       1.0391
   22604       1.0866
   22605       0.9868
   22606       0.9503
   22607       1.0056
   22608       0.9859
   22609       0.9906
   22610       0.9424
   22611       0.9531
   22612       0.9909
   22613       0.9517
   22614       0.9295
   22615       1.0596
   22616       1.1327
   22617       1.1414
   22618       1.1251
   22619       1.2774
   22620       1.0712
   22621       0.9680
   22622       0.9793
   22623       0.9039
   22624       0.9204
   22625       1.0139
   22626       0.9830
   22627       0.9841
   22628       1.0116
   22629       0.9782
   22630       0.9610
   22631       0.9365
   22632       1.0120
   22633       1.0480
   22634       1.2182
   22635       1.0714
   22636       1.1624
   22637       1.1848
   22638       1.1856
   22639       1.2586
   22640       1.2377
   22641       1.1072
   22642       1.2292
   22643       1.1030
   22644       1.0631
   22645       1.0893
   22646       1.0263
   22647       1.0305
   22648       1.0071
   22649       1.0243
   22650       0.9849
   22651       0.9704
   22652       0.9527
   22653       1.0575
   22654       0.9501
   22655       0.8744
   22656       0.8065
   22657       0.8143
   22658       0.8831
   22659       0.9562
   22660       1.0673
   22661       1.1016
   22662       1.1577
   22663       1.1030
   22664       1.0173
   22665       0.9385
   22666       1.0127
   22667       1.1202
   22668       1.2086
   22669       1.2034
   22670       1.2969
   22671       1.2775
   22672       1.2566
   22673       1.1396
   22674       1.2180
   22675       1.1339
   22676       1.3005
   22677       1.2580
   22678       1.1646
   22679       0.9144
   22680       0.9272
   22681       1.0385
   22682       1.0442
   22683       1.0146
   22684       0.8992
   22685       1.0018
   22686       1.1014
   22687       1.0449
   22688       1.0314
   22689       1.1546
   22690       1.2525
   22691       1.1607
   22692       1.2058
   22693       1.2254
   22694       1.1594
   22695       1.2309
   22696       1.1580
   22697       1.1453
   22698       1.0282
   22699       1.0114
   22700       0.8993
   22701       0.9489
   22702       0.9425
   22703       0.9764
   22704       0.9416
   22705       1.0452
   22706       0.9789
   22707       1.0946
   22708       0.9906
   22709       1.0379
   22710       1.1134
   22711       1.0291
   22712       1.0263
   22713       1.1335
   22714       1.0715
   22715       1.0307
   22716       1.1349
   22717       1.1416
   22718       1.1254
   22719       1.1456
   22720       1.1401
   22721       1.3341
   22722       1.0596
   22723       1.0398
   22724       1.0020
   22725       1.0136
   22726       0.9385
   22727       0.9549
   22728       0.9266
   22729       0.9465
   22730       0.9182
   22731       0.9151
   22732       0.9541
   22733       0.8935
   22734       0.9983
   22735       1.0960
   22736       1.1033
   22737       1.0087
   22738       1.0711
   22739       1.0262
   22740       1.0087
   22741       1.0783
   22742       1.2016
   22743       1.1572
   22744       1.2065
   22745       1.1423
   22746       1.1878
   22747       1.1270
   22748       1.2056
   22749       1.0894
   22750       1.1417
   22751       1.0892
   22752       1.1476
   22753       1.0671
   22754       1.0546
   22755       1.0060
   22756       1.0223
   22757       1.0616
   22758       1.1801
   22759       1.0601
   22760       0.9171
   22761       0.8737
   22762       1.0934
   22763       0.9336
   22764       0.8802
   22765       0.9617
   22766       0.9187
   22767       0.9395
   22768       0.8733
   22769       1.0056
   22770       1.0560
   22771       0.9218
   22772       1.0195
   22773       1.0440
   22774       1.0643
   22775       1.0633
   22776       1.0661
   22777       1.1205
   22778       1.3511
   22779       1.3575
   22780       1.2752
   22781       1.2648
   22782       1.2424
   22783       1.1903
   22784       1.2148
   22785       1.1578
   22786       1.1515
   22787       1.1251
   22788       0.9680
   22789       1.1430
   22790       1.0502
   22791       1.0064
   22792       0.9378
   22793       0.9403
   22794       1.0918
   22795       1.1352
   22796       0.9953
   22797       1.0015
   22798       1.0528
   22799       1.0600
   22800       1.0686
   22801       1.2587
   22802       1.3431
   22803       1.2876
   22804       1.1586
   22805       1.1865
   22806       1.1405
   22807       1.0962
   22808       1.0754
   22809       1.0703
   22810       1.0240
   22811       0.9374
   22812       1.1078
   22813       1.0043
   22814       0.9725
   22815       0.9809
   22816       0.8985
   22817       0.8505
   22818       0.8384
   22819       0.9503
   22820       0.9052
   22821       1.0370
   22822       0.8675
   22823       0.8389
   22824       0.8789
   22825       0.9650
   22826       1.0574
   22827       1.0511
   22828       1.1967
   22829       1.2044
   22830       1.1479
   22831       1.3343
   22832       1.2726
   22833       1.1433
   22834       1.0479
   22835       1.0521
   22836       0.9996
   22837       0.9144
   22838       1.0499
   22839       1.1480
   22840       1.2018
   22841       1.2026
   22842       1.0656
   22843       1.0635
   22844       1.0538
   22845       1.2182
   22846       1.1195
   22847       1.2076
   22848       1.1348
   22849       1.1404
   22850       1.0109
   22851       0.9343
   22852       0.9642
   22853       1.0521
   22854       1.2140
   22855       0.9987
   22856       1.0674
   22857       1.0159
   22858       1.0667
   22859       1.0913
   22860       1.0956
   22861       1.2875
   22862       1.1770
   22863       1.1169
   22864       1.0837
   22865       1.1475
   22866       1.2091
   22867       1.2382
   22868       1.2054
   22869       1.2307
   22870       1.1454
   22871       1.0880
   22872       1.2274
   22873       1.1162
   22874       1.1392
   22875       1.1759
   22876       1.1083
   22877       1.0500
   22878       1.2530
   22879       1.2157
   22880       1.1545
   22881       1.1887
   22882       1.1518
   22883       1.1292
   22884       1.1978
   22885       1.1592
   22886       1.1363
   22887       1.2119
   22888       1.1535
   22889       1.1099
   22890       1.3896
   22891       1.2223
   22892       1.2152
   22893       1.2552
   22894       0.9902
   22895       1.1484
   22896       1.0954
   22897       1.3005
   22898       1.2072
   22899       1.2395
   22900       1.3088
   22901       1.3209
   22902       1.3550
   22903       1.3575
   22904       1.2156
   22905       1.1371
   22906       1.0706
   22907       1.1461
   22908       1.0636
   22909       1.0799
   22910       1.1527
   22911       1.1947
   22912       1.2413
   22913       1.1418
   22914       1.3083
   22915       1.2074
   22916       1.2086
   22917       1.0416
   22918       1.1433
   22919       1.1788
   22920       1.1557
   22921       1.0292
   22922       0.9973
   22923       1.0850
   22924       1.1389
   22925       1.0833
   22926       1.1740
   22927       1.1465
   22928       1.0894
   22929       1.1680
   22930       1.1307
   22931       1.1440
   22932       1.1811
   22933       1.0990
   22934       1.1606
   22935       1.0907
   22936       1.1006
   22937       1.1146
   22938       1.1053
   22939       1.1101
   22940       0.9953
   22941       1.0501
   22942       0.9807
   22943       0.8868
   22944       0.9227
   22945       0.9845
   22946       0.9614
   22947       1.1064
   22948       1.2314
   22949       1.1627
   22950       1.0989
   22951       1.2336
   22952       1.1461
   22953       1.2258
   22954       1.1379
   22955       1.3149
   22956       1.2539
   22957       1.1772
   22958       1.1620
   22959       1.0675
   22960       1.1829
   22961       1.0705
   22962       1.2645
   22963       1.1978
   22964       1.2356
   22965       1.1629
   22966       1.2385
   22967       1.2830
   22968       1.0810
   22969       1.3141
   22970       1.1709
   22971       1.1809
   22972       0.9719
   22973       1.0617
   22974       1.0462
   22975       1.0846
   22976       0.8303
   22977       0.9579
   22978       1.0191
   22979       0.9582
   22980       1.0961
   22981       1.0797
   22982       1.1063
   22983       0.9946
   22984       1.0129
   22985       0.9684
   22986       1.1179
   22987       1.1021
   22988       1.0693
   22989       1.0189
   22990       1.0093
   22991       1.0679
   22992       0.9784
   22993       1.0004
   22994       1.0091
   22995       1.0530
   22996       0.9855
   22997       1.0962
   22998       1.1942
   22999       1.1091
   23000       1.0345
   23001       1.2194
   23002       1.1211
   23003       1.0454
   23004       1.0672
   23005       1.1607
   23006       1.2569
   23007       1.2020
   23008       1.3544
   23009       1.3231
   23010       1.3427
   23011       1.4498
   23012       1.3893
   23013       1.3025
   23014       1.3416
   23015       1.3277
   23016       1.4168
   23017       1.3260
   23018       1.3035
   23019       1.3875
   23020       1.3530
   23021       1.2852
   23022       1.1540
   23023       1.1127
   23024       1.1381
   23025       1.4583
   23026       1.4455
   23027       1.2112
   23028       1.1311
   23029       1.1058
   23030       1.1312
   23031       0.9548
   23032       1.0998
   23033       1.2177
   23034       1.1624
   23035       1.0013
   23036       1.1729
   23037       1.1730
   23038       1.1661
   23039       0.9795
   23040       0.9898
   23041       1.0298
   23042       1.0771
   23043       1.0631
   23044       0.9461
   23045       1.0233
   23046       0.9713
   23047       0.9510
   23048       0.9638
   23049       1.0013
   23050       1.0015
   23051       0.9088
   23052       1.0048
   23053       0.9828
   23054       0.9010
   23055       1.0328
   23056       0.9495
   23057       0.9370
   23058       1.0673
   23059       1.0428
   23060       0.9864
   23061       1.0010
   23062       0.9816
   23063       0.9971
   23064       1.0195
   23065       0.9915
   23066       1.0036
   23067       1.0264
   23068       1.0337
   23069       1.0465
   23070       0.9921
   23071       1.0125
   23072       1.0016
   23073       1.0012
   23074       0.9430
   23075       0.9455
   23076       1.0965
   23077       1.1029
   23078       0.9907
   23079       1.1101
   23080       0.9959
   23081       0.9938
   23082       0.9314
   23083       0.9814
   23084       0.9291
   23085       0.9601
   23086       0.9542
   23087       0.9893
   23088       1.0357
   23089       0.9083
   23090       0.9911
   23091       1.1085
   23092       1.2029
   23093       1.1998
   23094       1.0643
   23095       1.1234
   23096       1.1382
   23097       1.1351
   23098       0.9627
   23099       1.1023
   23100       1.0271
   23101       0.9179
   23102       0.9897
   23103       0.9945
   23104       0.9761
   23105       1.0451
   23106       1.0309
   23107       1.1672
   23108       1.2536
   23109       1.2119
   23110       1.1340
   23111       1.1710
   23112       1.0238
   23113       1.1446
   23114       1.1766
   23115       1.0436
   23116       1.1242
   23117       1.2338
   23118       1.0789
   23119       1.1836
   23120       1.1966
   23121       1.0856
   23122       1.0214
   23123       1.0714
   23124       1.1425
   23125       1.2296
   23126       1.1057
   23127       1.0978
   23128       1.1830
   23129       1.1923
   23130       1.1738
   23131       1.1088
   23132       1.1874
   23133       1.0504
   23134       0.9266
   23135       0.9904
   23136       1.1636
   23137       0.9576
   23138       1.0387
   23139       1.0426
   23140       0.9262
   23141       1.0000
   23142       0.9767
   23143       0.9465
   23144       0.9997
   23145       1.0096
   23146       0.9723
   23147       1.0335
   23148       1.1140
   23149       1.1511
   23150       1.0860
   23151       1.0645
   23152       1.2064
   23153       1.1640
   23154       1.2639
   23155       1.2515
   23156       1.2575
   23157       1.1926
   23158       1.1237
   23159       1.0710
   23160       1.1051
   23161       1.3240
   23162       1.2790
   23163       1.2337
   23164       1.3025
   23165       1.2882
   23166       1.2273
   23167       1.4501
   23168       1.3688
   23169       1.2330
   23170       1.2059
   23171       1.4006
   23172       1.3587
   23173       1.2188
   23174       1.2390
   23175       1.1605
   23176       1.3609
   23177       1.3628
   23178       1.4133
   23179       1.4266
   23180       1.5005
   23181       1.5262
   23182       1.3400
   23183       1.3406
   23184       1.2930
   23185       1.3092
   23186       1.1742
   23187       1.0892
   23188       1.0409
   23189       1.2607
   23190       1.2768
   23191       1.3946
   23192       1.2730
   23193       1.3999
   23194       1.3441
   23195       1.4267
   23196       1.4152
   23197       1.5200
   23198       1.6099
   23199       1.6644
   23200       1.5527
   23201       1.6041
   23202       1.4636
   23203       1.3518
   23204       1.4638
   23205       1.3453
   23206       1.4192
   23207       1.4709
   23208       1.4231
   23209       1.3601
   23210       1.4258
   23211       1.3261
   23212       1.6032
   23213       1.4681
   23214       1.3780
   23215       1.5559
   23216       1.4543
   23217       1.3951
   23218       1.6109
   23219       1.4404
   23220       1.3289
   23221       1.2977
   23222       1.2828
   23223       1.2339
   23224       1.1945
   23225       1.2392
   23226       1.3108
   23227       1.2415
   23228       1.3114
   23229       1.2812
   23230       1.3033
   23231       1.2567
   23232       1.2967
   23233       1.2331
   23234       1.1553
   23235       1.1598
   23236       1.2293
   23237       1.1824
   23238       1.0310
   23239       1.0978
   23240       1.1936
   23241       1.1734
   23242       1.1669
   23243       1.2884
   23244       1.3279
   23245       1.3143
   23246       1.2839
   23247       1.2407
   23248       1.3449
   23249       1.2619
   23250       1.3209
   23251       1.2295
   23252       1.2061
   23253       1.3611
   23254       1.4166
   23255       1.5576
   23256       1.5317
   23257       1.3851
   23258       1.5624
   23259       1.6377
   23260       1.3633
   23261       1.4140
   23262       1.3823
   23263       1.2114
   23264       1.4061
   23265       1.1825
   23266       1.2110
   23267       1.2251
   23268       1.4109
   23269       1.3250
   23270       1.3530
   23271       1.4283
   23272       1.2643
   23273       1.2726
   23274       1.3623
   23275       1.3621
   23276       1.1957
   23277       1.3302
   23278       1.3647
   23279       1.4384
   23280       1.3128
   23281       1.3896
   23282       1.4142
   23283       1.3630
   23284       1.3196
   23285       1.4513
   23286       1.4457
   23287       1.4441
   23288       1.2999
   23289       1.4083
   23290       1.4836
   23291       1.4789
   23292       1.6441
   23293       1.6284
   23294       1.3898
   23295       1.5245
   23296       1.4277
   23297       1.5445
   23298       1.5802
   23299       1.4322
   23300       1.3911
   23301       1.3379
   23302       1.4599
   23303       1.3214
   23304       1.3459
   23305       1.3683
   23306       1.4541
   23307       1.5732
   23308       1.3350
   23309       1.5476
   23310       1.6948
   23311       1.6136
   23312       1.7409
   23313       1.6160
   23314       1.5883
   23315       1.5577
   23316       1.4321
   23317       1.3700
   23318       1.2284
   23319       1.0813
   23320       1.0171
   23321       1.0344
   23322       1.1325
   23323       1.1699
   23324       1.0288
   23325       1.1539
   23326       1.1858
   23327       1.0500
   23328       1.0962
   23329       1.0860
   23330       1.1937
   23331       1.0494
   23332       1.0100
   23333       0.9570
   23334       1.0470
   23335       1.0171
   23336       0.9677
   23337       1.0579
   23338       1.0348
   23339       1.0496
   23340       1.2053
   23341       1.1268
   23342       0.9404
   23343       0.9563
   23344       1.0171
   23345       1.1308
   23346       1.1493
   23347       1.0042
   23348       1.0502
   23349       1.0636
   23350       1.0665
   23351       1.0720
   23352       1.0498
   23353       1.1297
   23354       1.0978
   23355       1.2369
   23356       1.2080
   23357       1.1347
   23358       1.0994
   23359       1.1023
   23360       1.1429
   23361       1.2286
   23362       0.9669
   23363       1.0472
   23364       1.0640
   23365       1.0482
   23366       1.0804
   23367       1.1396
   23368       1.1501
   23369       1.2754
   23370       1.0670
   23371       1.0529
   23372       1.0483
   23373       1.1298
   23374       1.1534
   23375       1.1445
   23376       1.1114
   23377       1.0837
   23378       1.0570
   23379       0.8997
   23380       1.0286
   23381       1.0678
   23382       1.0651
   23383       1.0344
   23384       1.2781
   23385       1.1198
   23386       1.3022
   23387       1.2492
   23388       1.3125
   23389       1.3607
   23390       1.2721
   23391       1.1039
   23392       1.2354
   23393       1.4038
   23394       1.3591
   23395       1.3089
   23396       1.4408
   23397       1.2137
   23398       1.1996
   23399       1.1715
   23400       1.2009
   23401       1.2026
   23402       1.2549
   23403       1.1919
   23404       1.0412
   23405       1.0836
   23406       1.0479
   23407       1.1041
   23408       1.1165
   23409       1.2012
   23410       1.1907
   23411       1.2067
   23412       1.2480
   23413       1.2073
   23414       1.2025
   23415       1.0013
   23416       1.0080
   23417       1.1625
   23418       1.0756
   23419       0.9536
   23420       1.0217
   23421       1.2716
   23422       1.0628
   23423       1.0498
   23424       1.0783
   23425       1.0141
   23426       0.9180
   23427       0.8708
   23428       1.0275
   23429       1.0144
   23430       1.0289
   23431       0.9284
   23432       1.0610
   23433       1.1344
   23434       1.2185
   23435       1.1547
   23436       1.3480
   23437       1.2693
   23438       1.1982
   23439       1.2713
   23440       1.2619
   23441       1.2340
   23442       1.1540
   23443       0.9599
   23444       0.9874
   23445       1.0330
   23446       0.9696
   23447       0.9404
   23448       1.0479
   23449       1.0274
   23450       1.0556
   23451       1.1855
   23452       1.0554
   23453       0.9938
   23454       1.0397
   23455       1.0862
   23456       1.1139
   23457       1.0276
   23458       1.0389
   23459       1.0718
   23460       0.9665
   23461       0.9291
   23462       0.8778
   23463       0.9190
   23464       0.9584
   23465       1.0102
   23466       0.9661
   23467       0.8549
   23468       1.1085
   23469       1.1423
   23470       1.1919
   23471       1.0321
   23472       1.1535
   23473       1.1605
   23474       1.0516
   23475       0.9397
   23476       0.9414
   23477       1.0603
   23478       1.1024
   23479       1.0662
   23480       0.9795
   23481       0.9207
   23482       1.1839
   23483       1.1416
   23484       1.0241
   23485       0.9847
   23486       0.9577
   23487       0.9662
   23488       0.9550
   23489       0.9412
   23490       1.0593
   23491       0.9201
   23492       0.9297
   23493       0.9572
   23494       1.0190
   23495       0.9900
   23496       0.9850
   23497       1.0488
   23498       1.0877
   23499       1.0113
   23500       1.1745
   23501       1.1583
   23502       1.0770
   23503       1.0641
   23504       0.9745
   23505       1.0753
   23506       1.1030
   23507       0.9813
   23508       0.9357
   23509       1.0476
   23510       1.0730
   23511       1.0818
   23512       1.0439
   23513       1.0885
   23514       1.1007
   23515       1.0299
   23516       0.9427
   23517       0.9864
   23518       0.9175
   23519       0.8961
   23520       0.8869
   23521       0.8841
   23522       0.8820
   23523       0.9298
   23524       1.0242
   23525       1.0217
   23526       1.1102
   23527       1.2330
   23528       1.2115
   23529       0.9815
   23530       1.1312
   23531       1.0832
   23532       0.9780
   23533       1.1387
   23534       1.1473
   23535       1.1707
   23536       1.1584
   23537       1.0998
   23538       1.1242
   23539       1.0995
   23540       1.0654
   23541       1.1075
   23542       1.1509
   23543       1.1138
   23544       1.0056
   23545       0.9917
   23546       1.0894
   23547       0.9879
   23548       1.1041
   23549       0.9843
   23550       1.0529
   23551       1.1493
   23552       0.9700
   23553       1.0259
   23554       1.0872
   23555       0.9514
   23556       1.1401
   23557       1.0556
   23558       1.0817
   23559       0.9984
   23560       0.8530
   23561       0.9059
   23562       1.0125
   23563       1.1236
   23564       1.0268
   23565       1.0189
   23566       0.9863
   23567       1.0161
   23568       0.9881
   23569       1.0022
   23570       1.0434
   23571       1.0754
   23572       1.0571
   23573       1.1192
   23574       1.1765
   23575       1.0946
   23576       1.2454
   23577       1.1764
   23578       1.1119
   23579       1.2351
   23580       1.3282
   23581       1.2862
   23582       1.2764
   23583       1.2656
   23584       1.6038
   23585       1.3872
   23586       1.4037
   23587       1.2226
   23588       1.2338
   23589       1.1323
   23590       1.1267
   23591       1.3192
   23592       1.2555
   23593       1.3150
   23594       1.4468
   23595       1.2957
   23596       1.3641
   23597       1.3859
   23598       1.4949
   23599       1.5674
   23600       1.4002
   23601       1.3812
   23602       1.4599
   23603       1.4409
   23604       1.3202
   23605       1.4464
   23606       1.4756
   23607       1.6136
   23608       1.3814
   23609       1.3995
   23610       1.3677
   23611       1.1375
   23612       1.2292
   23613       1.3995
   23614       1.2576
   23615       1.2927
   23616       1.3236
   23617       1.2670
   23618       1.1723
   23619       1.1663
   23620       1.2081
   23621       1.3007
   23622       1.1412
   23623       1.2459
   23624       1.2686
   23625       1.2212
   23626       1.0612
   23627       1.1093
   23628       1.1037
   23629       1.2136
   23630       1.1366
   23631       1.1994
   23632       1.0768
   23633       1.0357
   23634       1.0830
   23635       1.2469
   23636       1.2452
   23637       1.2652
   23638       1.0890
   23639       1.1220
   23640       1.2006
   23641       1.1335
   23642       1.0691
   23643       1.0779
   23644       1.0912
   23645       1.0789
   23646       1.2327
   23647       1.2524
   23648       1.1988
   23649       1.1121
   23650       1.1793
   23651       1.0158
   23652       1.1067
   23653       1.0407
   23654       1.0290
   23655       1.1533
   23656       1.0499
   23657       1.0460
   23658       0.9627
   23659       1.0128
   23660       1.0347
   23661       1.1253
   23662       1.2243
   23663       1.1801
   23664       1.0122
   23665       1.0764
   23666       1.1165
   23667       1.2712
   23668       1.1500
   23669       1.2410
   23670       1.0903
   23671       1.1614
   23672       1.1848
   23673       1.2349
   23674       1.0162
   23675       1.0778
   23676       1.1340
   23677       1.1235
   23678       1.1185
   23679       0.9957
   23680       1.0533
   23681       1.1747
   23682       1.1745
   23683       1.2952
   23684       1.1345
   23685       1.1492
   23686       1.1512
   23687       1.1928
   23688       1.2439
   23689       1.1748
   23690       1.0049
   23691       1.0214
   23692       1.1188
   23693       1.2057
   23694       1.1655
   23695       1.1234
   23696       1.0973
   23697       1.0247
   23698       1.1044
   23699       1.1753
   23700       1.1117
   23701       1.0897
   23702       1.0406
   23703       1.0366
   23704       1.0166
   23705       0.9855
   23706       1.0086
   23707       1.0652
   23708       1.1117
   23709       1.0140
   23710       1.1032
   23711       0.9886
   23712       1.0560
   23713       1.0946
   23714       0.9656
   23715       1.2113
   23716       1.0825
   23717       1.1653
   23718       1.2594
   23719       1.0657
   23720       1.0887
   23721       1.0657
   23722       1.2433
   23723       1.3278
   23724       1.2361
   23725       1.2528
   23726       1.3454
   23727       1.2663
   23728       1.2294
   23729       1.1637
   23730       1.2015
   23731       1.1281
   23732       1.0082
   23733       1.0370
   23734       1.1135
   23735       1.1147
   23736       1.1685
   23737       1.2285
   23738       1.0430
   23739       1.1250
   23740       1.2081
   23741       1.1164
   23742       1.1623
   23743       1.1905
   23744       1.0873
   23745       1.0748
   23746       1.0252
   23747       1.0884
   23748       1.0307
   23749       1.0183
   23750       1.2152
   23751       1.1493
   23752       1.2075
   23753       1.1292
   23754       1.1695
   23755       1.2330
   23756       1.2782
   23757       1.2081
   23758       1.2810
   23759       1.1713
   23760       1.2348
   23761       1.4013
   23762       1.3870
   23763       1.3699
   23764       1.2914
   23765       1.2719
   23766       1.2529
   23767       1.3827
   23768       1.2910
   23769       1.2856
   23770       1.2847
   23771       1.2071
   23772       1.2511
   23773       1.1353
   23774       1.1431
   23775       1.1421
   23776       1.0517
   23777       1.1888
   23778       1.2248
   23779       1.3215
   23780       1.2963
   23781       1.3972
   23782       1.4333
   23783       1.4491
   23784       1.4124
   23785       1.4403
   23786       1.4729
   23787       1.5065
   23788       1.6196
   23789       1.5225
   23790       1.4028
   23791       1.3976
   23792       1.4510
   23793       1.5853
   23794       1.4078
   23795       1.3053
   23796       1.4853
   23797       1.4119
   23798       1.4129
   23799       1.3860
   23800       1.4603
   23801       1.2552
   23802       1.1962
   23803       1.3052
   23804       1.2049
   23805       1.4921
   23806       1.6030
   23807       1.5240
   23808       1.6202
   23809       1.3496
   23810       1.6641
   23811       1.6483
   23812       1.5226
   23813       1.4013
   23814       1.3315
   23815       1.2437
   23816       1.2923
   23817       1.4431
   23818       1.3750
   23819       1.2712
   23820       1.3713
   23821       1.5763
   23822       1.3987
   23823       1.3289
   23824       1.3248
   23825       1.1539
   23826       1.2063
   23827       1.3041
   23828       1.3269
   23829       1.3591
   23830       1.1896
   23831       1.1904
   23832       1.1578
   23833       1.2063
   23834       1.2020
   23835       1.2737
   23836       1.2432
   23837       1.3451
   23838       1.3044
   23839       1.2073
   23840       1.1893
   23841       1.2076
   23842       1.2594
   23843       1.2719
   23844       1.2372
   23845       1.2194
   23846       1.2801
   23847       1.2552
   23848       1.1949
   23849       1.2211
   23850       1.2586
   23851       1.2849
   23852       1.1746
   23853       1.2155
   23854       1.2810
   23855       1.3454
   23856       1.4695
   23857       1.4508
   23858       1.2295
   23859       1.1854
   23860       1.1557
   23861       1.2479
   23862       1.3181
   23863       1.3257
   23864       1.1393
   23865       1.1376
   23866       1.1178
   23867       1.1834
   23868       1.0895
   23869       1.0819
   23870       1.2664
   23871       1.1877
   23872       1.2851
   23873       1.1763
   23874       1.1995
   23875       1.1836
   23876       1.0504
   23877       1.1664
   23878       1.1439
   23879       1.2747
   23880       1.2790
   23881       1.3648
   23882       1.2753
   23883       1.3226
   23884       1.2169
   23885       1.1756
   23886       1.2525
   23887       1.2025
   23888       1.1598
   23889       1.1867
   23890       1.2082
   23891       1.1467
   23892       1.0218
   23893       1.2161
   23894       1.0574
   23895       1.0728
   23896       1.1023
   23897       1.1109
   23898       1.0753
   23899       1.0180
   23900       1.0320
   23901       1.0734
   23902       0.9680
   23903       1.0757
   23904       0.9548
   23905       1.0999
   23906       0.9585
   23907       1.0402
   23908       1.0565
   23909       1.1662
   23910       1.0911
   23911       1.1301
   23912       1.1254
   23913       1.0212
   23914       1.0895
   23915       1.0558
   23916       1.0549
   23917       0.9406
   23918       0.9736
   23919       1.0098
   23920       1.0432
   23921       1.1322
   23922       1.1909
   23923       1.1590
   23924       1.2135
   23925       1.2314
   23926       1.2256
   23927       1.1716
   23928       1.0722
   23929       1.0788
   23930       1.2189
   23931       1.1675
   23932       1.3590
   23933       1.2931
   23934       1.1758
   23935       1.0521
   23936       1.1316
   23937       1.1054
   23938       1.0941
   23939       1.1866
   23940       1.1713
   23941       1.1973
   23942       1.2269
   23943       1.1698
   23944       1.0549
   23945       1.2644
   23946       1.3070
   23947       1.2989
   23948       1.1721
   23949       1.1547
   23950       1.2085
   23951       1.2060
   23952       1.1791
   23953       1.2735
   23954       1.1255
   23955       1.1752
   23956       1.0705
   23957       1.1426
   23958       1.1324
   23959       1.1296
   23960       1.0555
   23961       1.0260
   23962       1.0114
   23963       1.1271
   23964       1.1651
   23965       1.1282
   23966       1.2779
   23967       1.4369
   23968       1.2617
   23969       1.2804
   23970       1.2174
   23971       1.1671
   23972       1.1660
   23973       1.1885
   23974       1.0992
   23975       1.1684
   23976       1.1456
   23977       1.1376
   23978       1.0345
   23979       1.1299
   23980       1.0461
   23981       0.9951
   23982       1.0095
   23983       1.0548
   23984       1.1224
   23985       0.9985
   23986       1.1239
   23987       1.0050
   23988       1.1034
   23989       0.9981
   23990       0.9773
   23991       1.0510
   23992       1.0199
   23993       1.0723
   23994       1.0647
   23995       1.0209
   23996       1.1131
   23997       1.1838
   23998       1.0519
   23999       1.0832
   24000       1.0709
   24001       1.1173
   24002       1.0750
   24003       1.1963
   24004       1.1059
   24005       1.0865
   24006       1.0908
   24007       1.0915
   24008       1.0134
   24009       1.1967
   24010       1.0331
   24011       1.2072
   24012       0.9958
   24013       0.9490
   24014       1.0070
   24015       0.9958
   24016       1.0027
   24017       0.9995
   24018       1.1593
   24019       1.0613
   24020       1.0875
   24021       0.9655
   24022       0.9964
   24023       0.9531
   24024       1.0394
   24025       1.1128
   24026       1.0640
   24027       0.9861
   24028       1.0343
   24029       0.9692
   24030       1.0438
   24031       0.9928
   24032       1.0804
   24033       1.0741
   24034       1.1749
   24035       1.1167
   24036       1.0170
   24037       1.0304
   24038       1.0487
   24039       1.0395
   24040       1.0159
   24041       1.0315
   24042       1.0633
   24043       1.0658
   24044       1.0175
   24045       1.0540
   24046       0.9828
   24047       1.1010
   24048       0.9857
   24049       0.9681
   24050       1.0358
   24051       0.9477
   24052       1.0004
   24053       1.1863
   24054       1.1215
   24055       1.1274
   24056       1.2540
   24057       1.2202
   24058       1.1496
   24059       1.1890
   24060       1.1430
   24061       1.2899
   24062       1.2659
   24063       1.1082
   24064       1.2261
   24065       1.2112
   24066       1.2573
   24067       1.2957
   24068       1.1865
   24069       1.2260
   24070       1.2379
   24071       1.1006
   24072       1.1338
   24073       1.1218
   24074       1.2298
   24075       1.2293
   24076       1.3429
   24077       1.3074
   24078       1.2491
   24079       1.2568
   24080       1.2717
   24081       1.2906
   24082       1.3050
   24083       1.2415
   24084       1.2566
   24085       1.1318
   24086       1.2404
   24087       1.2492
   24088       1.2640
   24089       1.2551
   24090       1.0724
   24091       1.0041
   24092       1.0457
   24093       1.0707
   24094       1.0561
   24095       1.0020
   24096       0.9942
   24097       0.9993
   24098       1.0693
   24099       1.0957
   24100       0.9711
   24101       1.0577
   24102       1.0472
   24103       1.0238
   24104       0.9273
   24105       0.9143
   24106       0.9201
   24107       0.9309
   24108       1.0497
   24109       1.0891
   24110       0.9041
   24111       0.9665
   24112       0.9761
   24113       0.9558
   24114       0.9451
   24115       0.9360
   24116       0.9873
   24117       1.0303
   24118       1.1263
   24119       1.0551
   24120       0.8738
   24121       0.9412
   24122       0.9919
   24123       0.8877
   24124       0.8949
   24125       0.8949
   24126       1.0056
   24127       0.9361
   24128       0.9549
   24129       0.9772
   24130       0.9646
   24131       1.0273
   24132       1.1293
   24133       1.1387
   24134       1.1672
   24135       1.0428
   24136       0.9051
   24137       0.8390
   24138       0.8318
   24139       0.7707
   24140       0.8339
   24141       0.9196
   24142       0.8864
   24143       0.9458
   24144       1.0031
   24145       0.9483
   24146       0.9929
   24147       0.8922
   24148       0.9089
   24149       0.9398
   24150       0.8320
   24151       0.8286
   24152       0.9130
   24153       0.8569
   24154       0.9304
   24155       0.8612
   24156       0.9456
   24157       0.8538
   24158       0.8920
   24159       0.8490
   24160       0.8676
   24161       0.9359
   24162       0.8546
   24163       0.9022
   24164       0.9128
   24165       1.0562
   24166       1.0107
   24167       0.9555
   24168       1.0657
   24169       0.9789
   24170       0.9088
   24171       1.0418
   24172       0.9694
   24173       0.9555
   24174       0.9664
   24175       0.9946
   24176       1.0864
   24177       1.0337
   24178       1.0386
   24179       0.9127
   24180       1.0313
   24181       0.9704
   24182       0.9760
   24183       1.0274
   24184       0.8988
   24185       0.9636
   24186       1.0999
   24187       0.9976
   24188       1.0981
   24189       1.1166
   24190       1.1048
   24191       1.1078
   24192       1.2327
   24193       1.1935
   24194       1.0150
   24195       0.9959
   24196       0.9369
   24197       0.9327
   24198       0.9254
   24199       1.0772
   24200       0.9704
   24201       0.9957
   24202       1.0633
   24203       1.0258
   24204       1.0180
   24205       0.9153
   24206       0.9211
   24207       0.9681
   24208       1.0796
   24209       0.8444
   24210       0.9798
   24211       1.0785
   24212       1.0805
   24213       1.1526
   24214       1.2027
   24215       1.0461
   24216       1.1007
   24217       1.0050
   24218       1.0817
   24219       1.1642
   24220       1.0408
   24221       1.0798
   24222       1.1231
   24223       0.9989
   24224       1.0844
   24225       1.1730
   24226       1.0277
   24227       1.0326
   24228       1.0909
   24229       1.0540
   24230       1.0444
   24231       1.2274
   24232       1.2608
   24233       1.2021
   24234       1.3413
   24235       1.2500
   24236       1.2505
   24237       1.3408
   24238       1.3320
   24239       1.2692
   24240       1.2301
   24241       1.2134
   24242       1.0951
   24243       1.0616
   24244       1.0469
   24245       1.0654
   24246       1.0034
   24247       1.1089
   24248       1.1168
   24249       1.1030
   24250       1.1374
   24251       1.1900
   24252       1.1204
   24253       1.1339
   24254       1.0605
   24255       0.8866
   24256       0.9976
   24257       1.0579
   24258       0.9640
   24259       0.9565
   24260       0.9610
   24261       1.0424
   24262       0.9253
   24263       0.9638
   24264       0.8762
   24265       0.9734
   24266       0.9746
   24267       1.0012
   24268       1.0502
   24269       1.0558
   24270       1.0685
   24271       1.0236
   24272       1.0900
   24273       1.0317
   24274       1.0126
   24275       0.9514
   24276       0.9796
   24277       1.0626
   24278       0.9792
   24279       1.1252
   24280       1.0749
   24281       0.9722
   24282       1.0848
   24283       1.1143
   24284       1.0449
   24285       1.0622
   24286       1.1011
   24287       1.0312
   24288       1.0040
   24289       0.9890
   24290       0.9290
   24291       1.0566
   24292       1.0061
   24293       1.0595
   24294       1.0928
   24295       1.1252
   24296       1.0736
   24297       1.2337
   24298       1.1837
   24299       1.0298
   24300       1.0568
   24301       1.2320
   24302       1.1343
   24303       1.1031
   24304       1.2705
   24305       1.3188
   24306       1.4338
   24307       1.2953
   24308       1.1874
   24309       1.2379
   24310       1.1812
   24311       1.2566
   24312       1.3104
   24313       1.3824
   24314       1.2661
   24315       1.2856
   24316       1.1819
   24317       1.2308
   24318       1.1291
   24319       1.1602
   24320       1.2278
   24321       1.1994
   24322       1.2264
   24323       1.2708
   24324       1.1522
   24325       1.2120
   24326       1.1589
   24327       1.1375
   24328       1.1857
   24329       1.1502
   24330       1.0760
   24331       1.1418
   24332       1.0256
   24333       1.2445
   24334       1.2080
   24335       1.2050
   24336       1.2684
   24337       1.2984
   24338       1.2290
   24339       1.5486
   24340       1.4101
   24341       1.3830
   24342       1.2299
   24343       1.2211
   24344       1.2371
   24345       1.3907
   24346       1.4319
   24347       1.2844
   24348       1.2833
   24349       1.2395
   24350       1.1205
   24351       1.0246
   24352       1.0683
   24353       1.2157
   24354       1.1442
   24355       1.2890
   24356       1.2149
   24357       1.1403
   24358       1.0947
   24359       1.2586
   24360       1.1743
   24361       1.1731
   24362       1.1666
   24363       1.1599
   24364       1.1032
   24365       1.1929
   24366       1.1639
   24367       1.1519
   24368       1.1657
   24369       1.0264
   24370       1.0148
   24371       1.0349
   24372       1.0205
   24373       1.0111
   24374       1.0297
   24375       1.0597
   24376       0.9707
   24377       1.0214
   24378       0.9839
   24379       1.0733
   24380       0.9957
   24381       0.9884
   24382       1.0268
   24383       0.9879
   24384       0.9752
   24385       1.0594
   24386       1.0020
   24387       1.0636
   24388       1.1301
   24389       1.0005
   24390       0.9616
   24391       0.9895
   24392       1.0057
   24393       0.9582
   24394       0.9701
   24395       0.9527
   24396       0.9777
   24397       1.0515
   24398       1.1054
   24399       0.9950
   24400       0.9952
   24401       1.0064
   24402       1.2184
   24403       1.4199
   24404       1.2996
   24405       1.3738
   24406       1.2585
   24407       1.1026
   24408       1.0845
   24409       1.0412
   24410       1.0570
   24411       1.0411
   24412       1.0437
   24413       0.9856
   24414       1.1995
   24415       1.2081
   24416       1.1532
   24417       1.2318
   24418       1.2928
   24419       1.2753
   24420       1.2824
   24421       1.2629
   24422       1.2015
   24423       1.4175
   24424       1.5835
   24425       1.5077
   24426       1.4424
   24427       1.1644
   24428       1.3176
   24429       1.4778
   24430       1.3666
   24431       1.2934
   24432       1.4434
   24433       1.2623
   24434       1.2899
   24435       1.1849
   24436       1.1551
   24437       1.2297
   24438       1.3323
   24439       1.2519
   24440       1.3417
   24441       1.1793
   24442       1.2883
   24443       1.3894
   24444       1.3218
   24445       1.3503
   24446       1.2418
   24447       1.4491
   24448       1.3459
   24449       1.3050
   24450       1.3427
   24451       1.3349
   24452       1.2195
   24453       1.1612
   24454       1.2776
   24455       1.2206
   24456       1.1112
   24457       1.1119
   24458       1.1485
   24459       1.1489
   24460       1.2095
   24461       1.1912
   24462       1.2790
   24463       1.1992
   24464       1.1406
   24465       1.2461
   24466       1.2345
   24467       1.5041
   24468       1.3169
   24469       1.1801
   24470       1.1130
   24471       1.2433
   24472       1.2753
   24473       1.3532
   24474       1.3579
   24475       1.2526
   24476       1.3395
   24477       1.3229
   24478       1.2721
   24479       1.2406
   24480       1.2163
   24481       1.3180
   24482       1.4868
   24483       1.3769
   24484       1.2053
   24485       1.2187
   24486       1.2340
   24487       1.2922
   24488       1.3175
   24489       1.4270
   24490       1.4150
   24491       1.3338
   24492       1.1758
   24493       1.1701
   24494       1.3978
   24495       1.4348
   24496       1.1963
   24497       1.2303
   24498       1.2440
   24499       1.3812
   24500       1.4272
   24501       1.2383
   24502       1.3467
   24503       1.3307
   24504       1.1485
   24505       1.2119
   24506       1.2851
   24507       1.2088
   24508       1.2650
   24509       1.2119
   24510       1.2893
   24511       1.3115
   24512       1.2805
   24513       1.2112
   24514       1.2565
   24515       1.1961
   24516       1.1559
   24517       1.2169
   24518       1.2289
   24519       1.1867
   24520       1.1748
   24521       1.1344
   24522       1.0860
   24523       1.1182
   24524       1.1413
   24525       1.0855
   24526       1.1266
   24527       1.1118
   24528       1.1062
   24529       1.0784
   24530       1.2043
   24531       1.0349
   24532       1.1201
   24533       0.9895
   24534       1.1400
   24535       1.1609
   24536       1.1357
   24537       1.1012
   24538       1.2122
   24539       1.2232
   24540       1.1527
   24541       1.1165
   24542       1.2337
   24543       1.1830
   24544       1.1891
   24545       1.2020
   24546       1.1582
   24547       1.1384
   24548       1.1307
   24549       1.0131
   24550       1.0879
   24551       1.0677
   24552       1.1747
   24553       1.1665
   24554       1.1986
   24555       1.2533
   24556       1.1997
   24557       1.1260
   24558       1.1352
   24559       1.1616
   24560       1.1536
   24561       1.1750
   24562       1.2940
   24563       1.2508
   24564       1.1247
   24565       1.1238
   24566       1.2640
   24567       1.2221
   24568       1.1884
   24569       1.2261
   24570       1.3214
   24571       1.2860
   24572       1.1903
   24573       1.2233
   24574       1.1164
   24575       1.1365
   24576       1.0490
   24577       1.1888
   24578       1.1985
   24579       1.1837
   24580       1.2255
   24581       1.3898
   24582       1.1400
   24583       1.1291
   24584       1.2976
   24585       1.2521
   24586       1.2638
   24587       1.5323
   24588       1.4571
   24589       1.3355
   24590       1.3062
   24591       1.1795
   24592       1.2728
   24593       1.5133
   24594       1.6121
   24595       1.3224
   24596       1.2020
   24597       1.0701
   24598       1.0202
   24599       0.9869
   24600       1.0546
   24601       1.0703
   24602       1.0909
   24603       1.1324
   24604       1.1106
   24605       1.0996
   24606       1.1025
   24607       1.1856
   24608       1.2821
   24609       1.1060
   24610       1.1390
   24611       1.1390
   24612       1.1322
   24613       1.1337
   24614       1.0613
   24615       1.0372
   24616       1.0763
   24617       1.1532
   24618       1.0828
   24619       1.1824
   24620       1.0383
   24621       1.1010
   24622       1.0947
   24623       1.1610
   24624       1.1359
   24625       1.1016
   24626       1.0610
   24627       1.0405
   24628       1.1167
   24629       1.1718
   24630       1.1152
   24631       1.1168
   24632       1.1195
   24633       1.1508
   24634       1.1503
   24635       1.1737
   24636       1.1785
   24637       1.1908
   24638       1.1520
   24639       1.2209
   24640       1.0666
   24641       1.0598
   24642       1.1900
   24643       1.1228
   24644       1.2495
   24645       1.0794
   24646       1.0753
   24647       1.0990
   24648       1.1467
   24649       1.1747
   24650       1.1441
   24651       1.1485
   24652       1.2184
   24653       1.1628
   24654       1.2129
   24655       1.1821
   24656       1.1003
   24657       1.0439
   24658       1.1384
   24659       1.1421
   24660       1.0954
   24661       1.1300
   24662       1.0795
   24663       1.3207
   24664       1.2488
   24665       1.2128
   24666       1.1366
   24667       1.1603
   24668       1.1261
   24669       1.2018
   24670       1.2015
   24671       1.1669
   24672       1.1143
   24673       1.1200
   24674       1.1159
   24675       1.1149
   24676       1.0628
   24677       1.0063
   24678       1.0163
   24679       1.0283
   24680       1.0193
   24681       0.9923
   24682       1.0822
   24683       1.1203
   24684       0.9630
   24685       0.9802
   24686       0.9986
   24687       1.0523
   24688       0.9668
   24689       1.0090
   24690       1.0872
   24691       1.0373
   24692       1.0773
   24693       1.2371
   24694       1.1593
   24695       1.0230
   24696       0.9956
   24697       1.0236
   24698       0.9902
   24699       0.9644
   24700       0.9945
   24701       1.0470
   24702       1.0676
   24703       1.0324
   24704       1.1030
   24705       1.1615
   24706       1.2706
   24707       1.0119
   24708       1.0735
   24709       1.0787
   24710       1.0924
   24711       1.0036
   24712       0.9345
   24713       1.0356
   24714       0.9829
   24715       1.0296
   24716       1.0727
   24717       1.0476
   24718       0.9511
   24719       1.0490
   24720       1.0476
   24721       0.9940
   24722       1.0769
   24723       0.9780
   24724       1.0101
   24725       0.9937
   24726       1.0308
   24727       1.0392
   24728       1.1083
   24729       1.1729
   24730       1.0536
   24731       1.0801
   24732       1.1998
   24733       1.2622
   24734       1.1854
   24735       1.1128
   24736       1.1081
   24737       1.1769
   24738       1.0817
   24739       1.0815
   24740       1.0267
   24741       1.2087
   24742       1.2445
   24743       1.1187
   24744       1.1812
   24745       1.0846
   24746       1.0555
   24747       0.9491
   24748       1.0022
   24749       0.9466
   24750       1.0491
   24751       1.0908
   24752       1.0985
   24753       1.0460
   24754       1.0367
   24755       1.0042
   24756       1.0732
   24757       0.9884
   24758       1.0111
   24759       1.0591
   24760       1.0493
   24761       1.1699
   24762       1.2511
   24763       1.1635
   24764       1.0085
   24765       1.0451
   24766       1.1263
   24767       1.1588
   24768       1.1357
   24769       1.0687
   24770       1.0135
   24771       1.0866
   24772       0.9652
   24773       0.9722
   24774       1.0226
   24775       1.0964
   24776       0.9522
   24777       0.9558
   24778       1.1423
   24779       1.0157
   24780       1.0094
   24781       1.0680
   24782       1.0704
   24783       1.0217
   24784       1.0044
   24785       1.1502
   24786       1.1931
   24787       1.1177
   24788       1.0671
   24789       1.0600
   24790       1.0897
   24791       1.0935
   24792       0.9936
   24793       1.0946
   24794       1.0756
   24795       1.0943
   24796       1.0114
   24797       1.1026
   24798       1.0773
   24799       1.1035
   24800       1.0539
   24801       1.1539
   24802       1.2228
   24803       1.0840
   24804       1.1037
   24805       1.2394
   24806       1.2615
   24807       1.0823
   24808       1.0862
   24809       1.1627
   24810       1.1164
   24811       1.0813
   24812       1.0312
   24813       1.0826
   24814       1.1343
   24815       1.2066
   24816       1.1060
   24817       1.1684
   24818       1.1548
   24819       1.3232
   24820       1.3968
   24821       1.4901
   24822       1.3891
   24823       1.4051
   24824       1.4059
   24825       1.4680
   24826       1.4298
   24827       1.4473
   24828       1.4065
   24829       1.4415
   24830       1.4055
   24831       1.2286
   24832       1.1871
   24833       1.2950
   24834       1.2081
   24835       1.2829
   24836       1.2801
   24837       1.1229
   24838       1.1214
   24839       1.0240
   24840       1.0058
   24841       1.0027
   24842       0.9519
   24843       0.9638
   24844       0.9538
   24845       0.9340
   24846       1.0080
   24847       1.0494
   24848       1.0279
   24849       0.9165
   24850       1.1268
   24851       1.1354
   24852       1.0738
   24853       0.9746
   24854       0.9388
   24855       0.9624
   24856       0.9953
   24857       1.0019
   24858       1.0601
   24859       1.0477
   24860       1.1252
   24861       1.0943
   24862       1.0015
   24863       1.1168
   24864       1.3232
   24865       1.2920
   24866       1.1882
   24867       1.3076
   24868       1.1264
   24869       1.2690
   24870       1.4280
   24871       1.2915
   24872       1.2109
   24873       1.3169
   24874       1.3142
   24875       1.1987
   24876       1.2718
   24877       1.3822
   24878       1.2623
   24879       1.2427
   24880       1.2861
   24881       1.1811
   24882       1.2029
   24883       1.1286
   24884       1.1525
   24885       1.1729
   24886       0.9879
   24887       1.0684
   24888       1.1729
   24889       1.1665
   24890       1.1863
   24891       1.0358
   24892       1.1120
   24893       1.1237
   24894       1.2271
   24895       1.2279
   24896       1.2240
   24897       1.0682
   24898       1.1185
   24899       1.3445
   24900       1.1471
   24901       1.2054
   24902       1.1479
   24903       1.1619
   24904       1.0966
   24905       1.0162
   24906       1.0716
   24907       1.1235
   24908       1.0252
   24909       0.9440
   24910       1.1355
   24911       0.9820
   24912       1.1550
   24913       1.0955
   24914       1.0538
   24915       1.0524
   24916       1.0848
   24917       1.0510
   24918       1.1666
   24919       1.3040
   24920       1.0507
   24921       1.0325
   24922       1.0928
   24923       1.1193
   24924       1.1413
   24925       1.0972
   24926       1.2276
   24927       1.2787
   24928       1.1072
   24929       1.1282
   24930       1.1702
   24931       1.1603
   24932       1.1569
   24933       1.1273
   24934       1.2760
   24935       1.2069
   24936       1.1758
   24937       1.1549
   24938       1.2793
   24939       1.0945
   24940       0.9225
   24941       1.0115
   24942       1.1438
   24943       0.9646
   24944       1.0940
   24945       1.0740
   24946       1.1176
   24947       1.3187
   24948       1.3935
   24949       1.3767
   24950       1.3153
   24951       1.2077
   24952       1.3533
   24953       1.2944
   24954       1.1398
   24955       1.1642
   24956       1.1458
   24957       1.1358
   24958       1.1267
   24959       1.1017
   24960       1.0295
   24961       1.2322
   24962       1.2700
   24963       1.1036
   24964       1.1147
   24965       1.0347
   24966       1.0238
   24967       1.1212
   24968       1.1262
   24969       1.0490
   24970       1.0475
   24971       1.0202
   24972       1.0388
   24973       0.9971
   24974       1.0498
   24975       1.1170
   24976       1.0653
   24977       1.1410
   24978       1.2870
   24979       1.2266
   24980       1.2366
   24981       1.3344
   24982       1.2116
   24983       1.0658
   24984       1.1119
   24985       1.1779
   24986       1.0705
   24987       1.1186
   24988       1.1935
   24989       1.1596
   24990       1.1894
   24991       1.1871
   24992       1.1736
   24993       1.1133
   24994       1.2637
   24995       1.0876
   24996       1.1559
   24997       1.2298
   24998       1.2673
   24999       1.2985
   25000       1.2951
