#Frame     RMSD_00002
       1       1.0760
       2       1.1693
       3       1.1746
       4       1.0617
       5       1.1957
       6       1.0513
       7       1.0393
       8       1.0136
       9       1.0784
      10       1.1365
      11       1.1866
      12       1.0272
      13       0.9906
      14       1.0432
      15       1.0467
      16       0.9631
      17       1.1041
      18       1.1015
      19       1.0355
      20       1.0527
      21       0.9426
      22       0.8574
      23       0.9153
      24       0.9941
      25       0.9934
      26       1.0482
      27       1.0631
      28       1.1068
      29       1.2257
      30       1.0332
      31       1.2425
      32       1.1291
      33       1.0485
      34       1.1153
      35       1.1376
      36       1.0570
      37       0.9929
      38       1.0455
      39       0.9431
      40       0.9803
      41       1.0230
      42       0.9461
      43       0.9288
      44       1.0926
      45       1.0948
      46       1.0580
      47       0.9626
      48       0.9142
      49       0.9290
      50       1.0511
      51       1.0517
      52       1.0968
      53       1.0484
      54       1.0296
      55       1.0648
      56       1.0795
      57       1.1131
      58       1.1049
      59       1.0634
      60       1.0365
      61       1.0250
      62       1.2687
      63       1.3674
      64       1.2178
      65       1.0879
      66       1.0974
      67       1.1225
      68       1.1646
      69       1.2439
      70       1.0376
      71       1.0332
      72       1.0766
      73       1.0461
      74       1.1210
      75       1.2512
      76       1.2336
      77       1.1179
      78       1.1407
      79       1.0197
      80       0.9817
      81       0.9881
      82       1.1788
      83       1.1296
      84       1.0954
      85       1.1546
      86       1.2334
      87       1.0581
      88       1.0084
      89       1.0547
      90       1.0688
      91       1.0010
      92       0.8834
      93       0.9601
      94       1.0401
      95       1.0839
      96       1.0113
      97       1.0499
      98       1.0675
      99       0.9601
     100       1.0608
     101       1.0814
     102       0.9634
     103       0.9657
     104       1.0665
     105       1.2745
     106       1.0289
     107       1.1479
     108       1.0549
     109       1.1459
     110       1.1889
     111       1.2281
     112       1.2724
     113       1.3400
     114       1.1689
     115       1.2070
     116       1.1760
     117       1.1980
     118       1.1274
     119       1.0343
     120       1.1515
     121       1.0299
     122       1.0440
     123       1.0495
     124       1.1725
     125       1.1430
     126       1.1438
     127       1.2220
     128       1.3073
     129       1.2610
     130       1.3218
     131       1.1843
     132       1.0049
     133       0.9444
     134       1.1556
     135       1.2762
     136       1.2105
     137       1.1637
     138       1.0866
     139       0.9409
     140       1.0423
     141       1.0352
     142       1.0587
     143       1.0794
     144       0.9975
     145       1.0573
     146       1.0020
     147       0.9718
     148       1.0396
     149       1.0663
     150       0.9828
     151       0.9391
     152       1.0518
     153       0.8930
     154       0.9035
     155       0.9626
     156       1.0275
     157       0.9647
     158       1.0149
     159       0.9821
     160       1.0784
     161       1.0207
     162       0.9503
     163       1.0354
     164       1.0326
     165       0.9726
     166       0.9375
     167       0.9338
     168       0.9824
     169       0.9168
     170       0.9125
     171       0.8942
     172       0.8701
     173       0.8787
     174       0.9443
     175       0.8884
     176       0.8853
     177       1.0065
     178       0.9523
     179       0.8860
     180       0.9760
     181       1.0516
     182       0.9122
     183       0.9901
     184       0.9570
     185       0.9301
     186       0.8794
     187       0.8781
     188       0.9095
     189       0.9130
     190       0.9739
     191       0.8969
     192       0.9158
     193       0.8556
     194       0.9457
     195       0.9266
     196       0.9174
     197       0.8530
     198       0.8168
     199       0.8778
     200       0.7395
     201       0.7943
     202       0.7945
     203       0.8720
     204       0.8828
     205       0.8477
     206       0.8407
     207       0.8790
     208       0.8919
     209       0.9727
     210       0.9839
     211       0.9631
     212       0.9622
     213       0.8911
     214       0.7542
     215       0.9308
     216       0.7966
     217       0.8614
     218       0.8312
     219       0.9431
     220       0.9811
     221       1.0023
     222       0.9376
     223       0.8950
     224       0.8601
     225       0.8885
     226       0.9405
     227       1.0068
     228       0.9106
     229       0.9611
     230       1.0398
     231       1.0528
     232       1.1095
     233       1.1348
     234       1.1235
     235       1.1908
     236       1.1220
     237       1.0027
     238       1.1315
     239       1.1903
     240       1.0995
     241       1.1464
     242       1.1591
     243       1.4244
     244       1.2563
     245       1.3157
     246       1.2140
     247       1.2609
     248       1.1339
     249       1.1632
     250       1.2014
     251       1.1915
     252       1.2279
     253       1.2435
     254       1.3035
     255       1.2615
     256       1.2333
     257       1.2909
     258       1.1712
     259       1.2717
     260       1.0546
     261       1.0859
     262       1.0678
     263       1.1140
     264       1.0852
     265       1.2044
     266       1.1531
     267       1.0941
     268       1.1961
     269       1.0469
     270       1.2458
     271       1.1779
     272       1.2069
     273       1.0812
     274       1.2152
     275       1.2379
     276       1.2427
     277       1.3510
     278       1.3097
     279       1.2353
     280       1.1694
     281       1.3115
     282       1.1594
     283       1.2201
     284       1.3260
     285       1.2512
     286       1.1507
     287       1.2116
     288       1.2140
     289       1.2937
     290       1.2377
     291       1.1995
     292       1.1729
     293       1.2469
     294       1.2280
     295       1.2344
     296       1.2004
     297       1.1632
     298       1.1181
     299       1.2536
     300       1.2645
     301       1.2984
     302       1.2011
     303       1.3158
     304       1.2677
     305       1.3787
     306       1.2841
     307       1.2276
     308       1.2494
     309       1.2165
     310       1.2489
     311       1.2927
     312       1.3168
     313       1.4085
     314       1.2942
     315       1.2203
     316       1.3880
     317       1.3832
     318       1.3848
     319       1.2416
     320       1.2976
     321       1.2393
     322       1.2470
     323       1.1918
     324       1.2328
     325       1.3347
     326       1.3077
     327       1.2761
     328       1.2052
     329       1.2711
     330       1.2299
     331       1.2565
     332       1.2722
     333       1.2993
     334       1.2942
     335       1.3130
     336       1.3342
     337       1.3192
     338       1.2763
     339       1.2477
     340       1.2971
     341       1.3556
     342       1.4178
     343       1.4329
     344       1.3148
     345       1.2801
     346       1.3730
     347       1.3370
     348       1.2130
     349       1.2206
     350       1.2038
     351       1.2058
     352       1.1715
     353       1.2044
     354       1.3221
     355       1.3374
     356       1.3099
     357       1.3727
     358       1.4367
     359       1.4065
     360       1.3755
     361       1.3499
     362       1.3620
     363       1.2912
     364       1.3330
     365       1.2406
     366       1.1554
     367       1.1751
     368       1.1076
     369       1.0941
     370       1.1790
     371       1.0682
     372       1.2483
     373       1.0791
     374       1.1906
     375       1.2171
     376       1.1335
     377       1.2753
     378       1.2723
     379       1.3848
     380       1.4098
     381       1.3111
     382       1.3010
     383       1.2765
     384       1.2676
     385       1.2477
     386       1.2059
     387       1.2967
     388       1.2678
     389       1.2730
     390       1.2175
     391       1.3360
     392       1.2865
     393       1.4039
     394       1.2279
     395       1.3597
     396       1.3361
     397       1.3436
     398       1.3189
     399       1.3364
     400       1.4028
     401       1.3073
     402       1.4220
     403       1.4276
     404       1.3466
     405       1.3610
     406       1.3642
     407       1.3445
     408       1.2970
     409       1.2393
     410       1.3422
     411       1.4055
     412       1.3448
     413       1.4287
     414       1.2902
     415       1.4414
     416       1.4419
     417       1.3790
     418       1.3942
     419       1.3725
     420       1.1718
     421       1.3608
     422       1.2291
     423       1.1829
     424       1.1946
     425       1.2668
     426       1.1753
     427       1.2150
     428       1.3288
     429       1.2866
     430       1.2737
     431       1.4051
     432       1.2875
     433       1.3789
     434       1.3345
     435       1.3564
     436       1.2713
     437       1.3158
     438       1.3816
     439       1.3830
     440       1.3490
     441       1.3628
     442       1.3042
     443       1.4018
     444       1.2711
     445       1.2957
     446       1.2400
     447       1.1859
     448       1.2915
     449       1.2775
     450       1.3234
     451       1.3851
     452       1.3518
     453       1.3380
     454       1.3369
     455       1.3176
     456       1.4231
     457       1.3651
     458       1.3477
     459       1.5073
     460       1.3205
     461       1.3503
     462       1.3972
     463       1.3147
     464       1.2858
     465       1.4929
     466       1.4327
     467       1.2865
     468       1.3433
     469       1.3426
     470       1.4084
     471       1.3643
     472       1.3315
     473       1.3482
     474       1.2524
     475       1.4826
     476       1.3950
     477       1.3415
     478       1.2525
     479       1.3998
     480       1.3768
     481       1.3692
     482       1.3915
     483       1.5163
     484       1.3557
     485       1.3154
     486       1.3378
     487       1.2660
     488       1.3776
     489       1.4020
     490       1.4336
     491       1.2966
     492       1.2744
     493       1.4695
     494       1.3953
     495       1.3080
     496       1.2175
     497       1.2724
     498       1.0507
     499       1.2856
     500       1.3414
     501       1.2302
     502       1.1001
     503       1.2138
     504       1.1555
     505       1.2222
     506       1.3152
     507       1.2954
     508       1.3573
     509       1.3604
     510       1.3796
     511       1.3723
     512       1.3974
     513       1.4401
     514       1.4607
     515       1.3660
     516       1.4363
     517       1.2879
     518       1.4219
     519       1.3750
     520       1.4131
     521       1.4166
     522       1.3990
     523       1.3360
     524       1.3446
     525       1.4880
     526       1.4556
     527       1.4893
     528       1.4622
     529       1.4418
     530       1.3973
     531       1.4179
     532       1.3810
     533       1.4533
     534       1.3941
     535       1.5328
     536       1.4514
     537       1.4652
     538       1.4131
     539       1.3433
     540       1.4196
     541       1.3933
     542       1.5224
     543       1.4950
     544       1.4449
     545       1.4430
     546       1.4529
     547       1.4023
     548       1.2449
     549       1.3548
     550       1.2835
     551       1.3948
     552       1.3516
     553       1.3662
     554       1.3256
     555       1.3492
     556       1.3650
     557       1.3222
     558       1.3049
     559       1.3002
     560       1.2714
     561       1.3756
     562       1.3030
     563       1.3579
     564       1.4203
     565       1.4217
     566       1.3671
     567       1.4282
     568       1.4210
     569       1.3704
     570       1.4758
     571       1.4294
     572       1.3789
     573       1.4478
     574       1.3782
     575       1.4004
     576       1.3475
     577       1.2913
     578       1.3537
     579       1.3818
     580       1.2986
     581       1.2770
     582       1.2514
     583       1.3684
     584       1.4185
     585       1.3240
     586       1.2969
     587       1.3610
     588       1.3857
     589       1.4146
     590       1.4001
     591       1.3398
     592       1.3208
     593       1.2592
     594       1.3181
     595       1.3643
     596       1.3303
     597       1.4249
     598       1.2422
     599       1.3384
     600       1.4236
     601       1.3287
     602       1.3799
     603       1.3640
     604       1.5031
     605       1.4265
     606       1.3857
     607       1.3283
     608       1.3025
     609       1.2623
     610       1.2675
     611       1.1936
     612       1.2197
     613       1.3243
     614       1.2334
     615       1.2382
     616       1.2999
     617       1.2367
     618       1.2839
     619       1.1644
     620       1.1003
     621       1.1327
     622       1.2248
     623       1.2317
     624       1.2872
     625       1.3740
     626       1.3880
     627       1.3473
     628       1.3262
     629       1.2948
     630       1.3281
     631       1.3373
     632       1.3314
     633       1.3641
     634       1.2910
     635       1.4408
     636       1.2526
     637       1.3330
     638       1.2424
     639       1.3576
     640       1.2595
     641       1.1238
     642       1.2355
     643       1.3506
     644       1.3014
     645       1.2932
     646       1.3227
     647       1.2542
     648       1.2159
     649       1.0550
     650       1.0500
     651       1.1773
     652       1.1724
     653       1.2398
     654       1.2379
     655       1.2479
     656       1.2283
     657       1.2980
     658       1.3053
     659       1.3730
     660       1.3322
     661       1.4258
     662       1.3673
     663       1.3744
     664       1.4197
     665       1.2667
     666       1.2411
     667       1.2307
     668       1.2440
     669       1.2406
     670       1.2151
     671       1.2559
     672       1.3132
     673       1.2850
     674       1.2002
     675       1.2984
     676       1.3222
     677       1.1365
     678       1.1844
     679       1.2423
     680       1.2193
     681       1.2656
     682       1.2314
     683       1.3675
     684       1.4640
     685       1.4317
     686       1.4175
     687       1.4278
     688       1.3938
     689       1.3849
     690       1.4480
     691       1.3113
     692       1.3778
     693       1.2899
     694       1.2520
     695       1.2516
     696       1.3194
     697       1.2022
     698       1.2244
     699       1.2275
     700       1.2712
     701       1.2187
     702       1.2449
     703       1.3549
     704       1.3146
     705       1.3130
     706       1.3085
     707       1.2019
     708       1.2094
     709       1.1245
     710       1.1500
     711       1.3092
     712       1.1709
     713       1.2660
     714       1.2773
     715       1.2236
     716       1.2898
     717       1.2284
     718       1.2019
     719       1.1720
     720       1.2029
     721       1.1975
     722       1.2692
     723       1.1540
     724       1.2678
     725       1.2776
     726       1.1646
     727       1.1374
     728       1.2375
     729       1.1452
     730       1.1099
     731       1.1069
     732       1.1337
     733       1.2696
     734       1.1384
     735       1.2424
     736       1.3339
     737       1.2579
     738       1.3210
     739       1.2654
     740       1.4154
     741       1.3130
     742       1.3404
     743       1.2195
     744       1.2279
     745       1.2929
     746       1.3385
     747       1.2504
     748       1.2725
     749       1.1633
     750       1.2658
     751       1.3132
     752       1.3901
     753       1.3423
     754       1.4465
     755       1.3613
     756       1.3579
     757       1.3451
     758       1.3920
     759       1.3289
     760       1.3236
     761       1.2866
     762       1.2059
     763       1.3426
     764       1.2833
     765       1.3314
     766       1.3420
     767       1.3129
     768       1.3027
     769       1.2990
     770       1.3328
     771       1.3383
     772       1.4088
     773       1.2597
     774       1.2503
     775       1.2180
     776       1.3268
     777       1.2479
     778       1.3228
     779       1.4305
     780       1.3407
     781       1.4309
     782       1.2818
     783       1.4498
     784       1.2650
     785       1.3971
     786       1.3022
     787       1.2997
     788       1.3098
     789       1.4869
     790       1.4075
     791       1.4197
     792       1.3341
     793       1.2505
     794       1.3372
     795       1.3356
     796       1.3577
     797       1.3299
     798       1.3902
     799       1.2259
     800       1.3239
     801       1.3225
     802       1.4028
     803       1.3500
     804       1.3681
     805       1.4678
     806       1.3426
     807       1.3971
     808       1.3923
     809       1.3381
     810       1.2469
     811       1.2492
     812       1.2837
     813       1.4099
     814       1.2990
     815       1.3538
     816       1.2844
     817       1.2671
     818       1.3405
     819       1.5224
     820       1.3530
     821       1.2401
     822       1.2655
     823       1.3169
     824       1.1402
     825       1.3365
     826       1.2959
     827       1.2955
     828       1.2228
     829       1.2480
     830       1.2603
     831       1.2583
     832       1.2126
     833       1.2130
     834       1.3444
     835       1.2956
     836       1.3573
     837       1.3347
     838       1.2445
     839       1.2238
     840       1.2614
     841       1.2240
     842       1.2760
     843       1.3802
     844       1.2711
     845       1.3876
     846       1.3031
     847       1.1819
     848       1.2022
     849       1.1239
     850       1.2820
     851       1.1445
     852       1.2733
     853       1.3249
     854       1.2650
     855       1.4218
     856       1.2750
     857       1.1552
     858       1.1912
     859       1.2748
     860       1.3598
     861       1.2591
     862       1.4658
     863       1.3090
     864       1.3285
     865       1.3701
     866       1.3158
     867       1.3026
     868       1.2925
     869       1.1707
     870       1.2898
     871       1.3195
     872       1.2064
     873       1.2878
     874       1.2885
     875       1.2239
     876       1.2017
     877       1.2102
     878       1.2156
     879       1.2251
     880       1.3525
     881       1.2374
     882       1.2343
     883       1.3500
     884       1.3598
     885       1.3239
     886       1.2006
     887       1.1752
     888       1.2045
     889       1.1147
     890       1.2963
     891       1.3361
     892       1.3109
     893       1.3873
     894       1.3872
     895       1.5358
     896       1.3001
     897       1.3885
     898       1.3651
     899       1.3217
     900       1.2672
     901       1.3256
     902       1.4343
     903       1.3108
     904       1.3207
     905       1.3891
     906       1.4476
     907       1.4966
     908       1.3844
     909       1.3772
     910       1.3838
     911       1.4501
     912       1.3899
     913       1.3302
     914       1.3311
     915       1.2734
     916       1.2960
     917       1.1859
     918       1.1516
     919       1.1920
     920       1.2312
     921       1.2159
     922       1.1970
     923       1.2322
     924       1.2396
     925       1.1700
     926       1.2607
     927       1.1938
     928       1.2753
     929       1.2505
     930       1.3426
     931       1.4463
     932       1.4035
     933       1.3927
     934       1.1759
     935       1.2865
     936       1.1881
     937       1.1198
     938       1.1386
     939       1.2291
     940       1.2194
     941       1.1790
     942       1.2169
     943       1.3895
     944       1.4182
     945       1.3474
     946       1.2978
     947       1.3407
     948       1.3131
     949       1.2752
     950       1.3627
     951       1.2420
     952       1.4183
     953       1.4724
     954       1.2644
     955       1.4112
     956       1.3573
     957       1.4040
     958       1.3860
     959       1.4953
     960       1.4355
     961       1.5141
     962       1.4622
     963       1.5062
     964       1.4270
     965       1.4560
     966       1.4120
     967       1.4772
     968       1.3616
     969       1.3864
     970       1.4111
     971       1.5104
     972       1.4182
     973       1.3583
     974       1.4371
     975       1.3046
     976       1.4561
     977       1.3572
     978       1.4131
     979       1.4035
     980       1.3502
     981       1.4317
     982       1.3309
     983       1.3768
     984       1.3052
     985       1.3253
     986       1.3630
     987       1.4569
     988       1.4460
     989       1.4512
     990       1.3620
     991       1.3711
     992       1.2898
     993       1.3983
     994       1.3615
     995       1.3547
     996       1.3547
     997       1.3946
     998       1.3746
     999       1.4366
    1000       1.3067
    1001       1.2245
    1002       1.2654
    1003       1.2971
    1004       1.2071
    1005       1.2557
    1006       1.2353
    1007       1.3380
    1008       1.4727
    1009       1.4877
    1010       1.3355
    1011       1.3205
    1012       1.3942
    1013       1.3584
    1014       1.3164
    1015       1.3293
    1016       1.3396
    1017       1.3395
    1018       1.3793
    1019       1.4043
    1020       1.3441
    1021       1.3916
    1022       1.3632
    1023       1.1895
    1024       1.2331
    1025       1.1576
    1026       1.3470
    1027       1.2700
    1028       1.2966
    1029       1.2728
    1030       1.3272
    1031       1.2056
    1032       1.1014
    1033       1.2403
    1034       1.3485
    1035       1.2926
    1036       1.3359
    1037       1.3963
    1038       1.2713
    1039       1.2766
    1040       1.3068
    1041       1.2525
    1042       1.2831
    1043       1.3145
    1044       1.2738
    1045       1.2739
    1046       1.3551
    1047       1.3102
    1048       1.2756
    1049       1.0968
    1050       1.2982
    1051       1.3146
    1052       1.3865
    1053       1.3778
    1054       1.3247
    1055       1.4332
    1056       1.3308
    1057       1.3416
    1058       1.3155
    1059       1.3086
    1060       1.4048
    1061       1.3616
    1062       1.3339
    1063       1.3227
    1064       1.3249
    1065       1.3441
    1066       1.2354
    1067       1.2570
    1068       1.1695
    1069       1.1440
    1070       1.2884
    1071       1.2614
    1072       1.3258
    1073       1.3183
    1074       1.2170
    1075       1.1829
    1076       1.2830
    1077       1.3055
    1078       1.3213
    1079       1.3389
    1080       1.2374
    1081       1.4426
    1082       1.3479
    1083       1.2561
    1084       1.4304
    1085       1.3525
    1086       1.3801
    1087       1.4601
    1088       1.5717
    1089       1.4340
    1090       1.4146
    1091       1.4354
    1092       1.3202
    1093       1.2182
    1094       1.3566
    1095       1.4188
    1096       1.2531
    1097       1.4162
    1098       1.5331
    1099       1.4046
    1100       1.3903
    1101       1.4371
    1102       1.3906
    1103       1.2820
    1104       1.4911
    1105       1.4465
    1106       1.3779
    1107       1.1429
    1108       1.2651
    1109       1.2939
    1110       1.3616
    1111       1.2326
    1112       1.2749
    1113       1.3065
    1114       1.2493
    1115       1.2894
    1116       1.4689
    1117       1.3434
    1118       1.2881
    1119       1.4227
    1120       1.4164
    1121       1.3775
    1122       1.4011
    1123       1.2963
    1124       1.3977
    1125       1.3979
    1126       1.3901
    1127       1.4256
    1128       1.3678
    1129       1.4805
    1130       1.3089
    1131       1.3362
    1132       1.3572
    1133       1.2615
    1134       1.3332
    1135       1.2229
    1136       1.3830
    1137       1.3968
    1138       1.2794
    1139       1.3149
    1140       1.3447
    1141       1.3831
    1142       1.2601
    1143       1.3291
    1144       1.3239
    1145       1.5236
    1146       1.4174
    1147       1.3390
    1148       1.3626
    1149       1.3988
    1150       1.5329
    1151       1.3545
    1152       1.3400
    1153       1.2939
    1154       1.3991
    1155       1.3566
    1156       1.3438
    1157       1.3880
    1158       1.2880
    1159       1.3260
    1160       1.3128
    1161       1.4233
    1162       1.3159
    1163       1.3059
    1164       1.2995
    1165       1.1915
    1166       1.1861
    1167       1.2930
    1168       1.2709
    1169       1.2349
    1170       1.2281
    1171       1.3447
    1172       1.1583
    1173       1.1813
    1174       1.0866
    1175       1.1179
    1176       1.2080
    1177       1.2190
    1178       1.2557
    1179       1.2695
    1180       1.3022
    1181       1.1080
    1182       1.1203
    1183       1.2177
    1184       1.3177
    1185       1.2539
    1186       1.1126
    1187       1.3046
    1188       1.2590
    1189       1.2943
    1190       1.2678
    1191       1.2788
    1192       1.1993
    1193       1.1799
    1194       1.1043
    1195       1.1437
    1196       1.1776
    1197       1.2494
    1198       1.3395
    1199       1.3368
    1200       1.2693
    1201       1.3034
    1202       1.3555
    1203       1.1665
    1204       1.2478
    1205       1.1735
    1206       1.2351
    1207       1.2621
    1208       1.2545
    1209       1.2709
    1210       1.2515
    1211       1.2998
    1212       1.2946
    1213       1.3169
    1214       1.2624
    1215       1.2811
    1216       1.2608
    1217       1.1753
    1218       1.0894
    1219       1.1287
    1220       1.1053
    1221       1.0518
    1222       1.0706
    1223       1.3076
    1224       1.4016
    1225       1.3363
    1226       1.1843
    1227       1.1140
    1228       1.0818
    1229       1.2094
    1230       1.0385
    1231       1.0481
    1232       1.1450
    1233       1.0089
    1234       0.9858
    1235       1.1186
    1236       1.1906
    1237       1.1438
    1238       1.2201
    1239       1.2181
    1240       1.0805
    1241       1.0224
    1242       1.1191
    1243       1.0902
    1244       1.0492
    1245       1.0385
    1246       1.0771
    1247       1.2003
    1248       1.1304
    1249       1.1808
    1250       1.0307
    1251       1.0672
    1252       1.1081
    1253       1.1833
    1254       1.1761
    1255       1.1456
    1256       1.2120
    1257       1.2246
    1258       1.1388
    1259       1.2181
    1260       1.0505
    1261       1.0853
    1262       1.1042
    1263       1.1425
    1264       1.0736
    1265       1.1271
    1266       1.1704
    1267       1.1715
    1268       1.2534
    1269       1.2157
    1270       1.2417
    1271       1.1225
    1272       1.2202
    1273       1.2280
    1274       1.1947
    1275       1.0726
    1276       1.2017
    1277       1.1707
    1278       1.2364
    1279       1.2294
    1280       1.1673
    1281       1.2118
    1282       1.2831
    1283       1.2505
    1284       1.1271
    1285       1.1574
    1286       1.0949
    1287       1.1614
    1288       1.1754
    1289       1.1993
    1290       1.2084
    1291       1.1102
    1292       1.1467
    1293       1.1367
    1294       1.2593
    1295       1.2646
    1296       1.2521
    1297       1.3209
    1298       1.1688
    1299       1.0902
    1300       1.2891
    1301       1.3026
    1302       1.5734
    1303       1.4436
    1304       1.1837
    1305       1.2617
    1306       1.1430
    1307       1.1558
    1308       1.1961
    1309       1.0733
    1310       1.0697
    1311       1.2149
    1312       1.2290
    1313       1.3033
    1314       1.1950
    1315       1.1868
    1316       1.2027
    1317       1.1715
    1318       1.2128
    1319       1.2786
    1320       1.1109
    1321       1.1269
    1322       1.2411
    1323       1.1265
    1324       1.1975
    1325       1.1348
    1326       1.2071
    1327       1.1835
    1328       1.2984
    1329       1.2425
    1330       1.1454
    1331       1.1807
    1332       1.0939
    1333       1.1220
    1334       1.0980
    1335       1.0478
    1336       1.1430
    1337       1.1540
    1338       1.0995
    1339       1.1408
    1340       1.2262
    1341       1.1127
    1342       1.1592
    1343       1.1295
    1344       1.1869
    1345       1.2717
    1346       1.3357
    1347       1.3373
    1348       1.2664
    1349       1.1434
    1350       1.3068
    1351       1.2503
    1352       1.1827
    1353       1.2238
    1354       1.2465
    1355       1.1943
    1356       1.2925
    1357       1.3854
    1358       1.1475
    1359       1.2530
    1360       1.2026
    1361       1.1779
    1362       1.1790
    1363       1.2365
    1364       1.2844
    1365       1.3734
    1366       1.2089
    1367       1.2686
    1368       1.0980
    1369       1.1381
    1370       1.1573
    1371       1.2183
    1372       1.1328
    1373       1.1295
    1374       1.1317
    1375       1.1692
    1376       1.1581
    1377       1.0605
    1378       1.1076
    1379       1.0945
    1380       1.1211
    1381       1.0619
    1382       1.0546
    1383       0.9863
    1384       0.9724
    1385       0.9238
    1386       0.8639
    1387       0.9050
    1388       0.9652
    1389       0.8757
    1390       0.7629
    1391       0.9452
    1392       0.8961
    1393       0.8537
    1394       0.8639
    1395       0.8371
    1396       0.7879
    1397       0.8754
    1398       0.9806
    1399       1.0007
    1400       0.9423
    1401       0.9117
    1402       0.9372
    1403       1.0539
    1404       1.0003
    1405       0.9824
    1406       0.9972
    1407       1.0803
    1408       1.0885
    1409       1.0415
    1410       1.0389
    1411       0.9255
    1412       0.9884
    1413       0.9744
    1414       0.9671
    1415       0.8641
    1416       0.9314
    1417       0.8763
    1418       0.9510
    1419       0.9251
    1420       0.9743
    1421       0.9492
    1422       0.9098
    1423       0.8707
    1424       0.9486
    1425       0.9617
    1426       0.9405
    1427       0.9286
    1428       0.9166
    1429       1.0132
    1430       0.9899
    1431       0.9293
    1432       0.9086
    1433       0.9203
    1434       0.8878
    1435       0.9619
    1436       1.0579
    1437       1.1610
    1438       1.0232
    1439       0.9068
    1440       0.9412
    1441       0.9901
    1442       1.0317
    1443       1.0899
    1444       1.1158
    1445       0.9988
    1446       1.0513
    1447       0.9148
    1448       0.9524
    1449       0.8410
    1450       0.9405
    1451       0.9683
    1452       0.9086
    1453       1.1412
    1454       1.0722
    1455       0.9936
    1456       0.9144
    1457       0.9937
    1458       0.9828
    1459       0.8866
    1460       0.8327
    1461       0.8863
    1462       1.0224
    1463       1.1021
    1464       1.2393
    1465       1.1692
    1466       1.1072
    1467       1.1570
    1468       1.1164
    1469       1.1307
    1470       1.0526
    1471       1.0998
    1472       1.2439
    1473       1.0243
    1474       1.0567
    1475       1.0191
    1476       0.9397
    1477       1.0067
    1478       0.9365
    1479       0.8855
    1480       1.0812
    1481       1.0470
    1482       1.0643
    1483       0.9940
    1484       1.0142
    1485       0.9410
    1486       0.9001
    1487       0.8799
    1488       0.9712
    1489       1.1091
    1490       0.9916
    1491       1.0293
    1492       1.1308
    1493       1.1301
    1494       1.0854
    1495       1.1714
    1496       1.0897
    1497       1.2026
    1498       1.0636
    1499       1.0697
    1500       1.0683
    1501       0.9852
    1502       1.1282
    1503       1.0745
    1504       0.9223
    1505       0.9831
    1506       0.9207
    1507       0.9934
    1508       0.9895
    1509       1.0078
    1510       1.1474
    1511       1.0936
    1512       1.0884
    1513       1.0926
    1514       1.1711
    1515       1.0074
    1516       1.0377
    1517       1.0617
    1518       1.0378
    1519       0.9519
    1520       1.0493
    1521       1.0661
    1522       0.9823
    1523       1.1559
    1524       1.0075
    1525       0.9048
    1526       0.9597
    1527       0.9834
    1528       0.9255
    1529       0.9473
    1530       0.9736
    1531       0.9567
    1532       1.0650
    1533       1.0063
    1534       1.0850
    1535       0.9881
    1536       1.0853
    1537       1.1054
    1538       1.0842
    1539       1.1289
    1540       1.0204
    1541       1.0964
    1542       1.1438
    1543       1.1462
    1544       1.1021
    1545       1.1142
    1546       1.1473
    1547       1.1258
    1548       1.2186
    1549       1.0595
    1550       0.9643
    1551       0.8931
    1552       0.9098
    1553       0.9670
    1554       0.8497
    1555       0.9308
    1556       0.9325
    1557       0.9864
    1558       0.9020
    1559       1.0297
    1560       0.9878
    1561       1.0546
    1562       0.9319
    1563       0.8778
    1564       0.9177
    1565       0.9640
    1566       1.0248
    1567       0.9928
    1568       1.1730
    1569       1.0396
    1570       1.1796
    1571       1.1519
    1572       1.2043
    1573       1.2251
    1574       1.2867
    1575       1.1446
    1576       1.1371
    1577       1.0655
    1578       1.0295
    1579       1.0877
    1580       0.9831
    1581       1.0217
    1582       0.9677
    1583       1.0397
    1584       0.9257
    1585       1.0576
    1586       1.0114
    1587       1.0382
    1588       0.9707
    1589       0.9556
    1590       0.9952
    1591       1.0009
    1592       1.0553
    1593       1.0812
    1594       1.0571
    1595       0.9876
    1596       1.0158
    1597       1.0474
    1598       0.9569
    1599       1.0947
    1600       1.2197
    1601       1.0721
    1602       1.0709
    1603       1.0299
    1604       0.9899
    1605       1.0728
    1606       1.1848
    1607       1.1080
    1608       1.2042
    1609       1.0914
    1610       1.0301
    1611       1.0658
    1612       1.0575
    1613       1.0939
    1614       0.9946
    1615       1.0784
    1616       0.9718
    1617       0.9527
    1618       1.0849
    1619       0.9999
    1620       1.0500
    1621       1.1615
    1622       1.0559
    1623       1.1058
    1624       1.1064
    1625       1.1994
    1626       1.0724
    1627       1.0549
    1628       1.1673
    1629       1.1559
    1630       0.9929
    1631       1.1464
    1632       1.1551
    1633       1.2164
    1634       1.2427
    1635       1.0500
    1636       1.1032
    1637       0.9869
    1638       1.0223
    1639       0.9501
    1640       0.9295
    1641       0.8984
    1642       0.9564
    1643       1.0078
    1644       1.0377
    1645       0.9809
    1646       0.9184
    1647       1.0544
    1648       1.0473
    1649       0.9889
    1650       0.9546
    1651       0.9191
    1652       0.9596
    1653       0.9534
    1654       1.0304
    1655       0.9531
    1656       0.9231
    1657       0.9528
    1658       1.0129
    1659       0.9151
    1660       0.9354
    1661       0.9117
    1662       0.9695
    1663       0.9232
    1664       0.9533
    1665       0.9168
    1666       0.8702
    1667       0.9264
    1668       0.8249
    1669       0.9133
    1670       0.8934
    1671       0.8443
    1672       0.7615
    1673       0.8096
    1674       0.8221
    1675       1.0709
    1676       1.0779
    1677       0.9318
    1678       0.9596
    1679       0.9557
    1680       1.0369
    1681       0.9590
    1682       1.0323
    1683       0.9623
    1684       1.0841
    1685       0.9683
    1686       1.0777
    1687       1.0779
    1688       1.0137
    1689       1.0432
    1690       1.0504
    1691       1.0364
    1692       1.1911
    1693       1.0883
    1694       1.1723
    1695       1.2328
    1696       1.3418
    1697       1.0331
    1698       1.1545
    1699       1.1047
    1700       1.0067
    1701       1.1365
    1702       1.0142
    1703       1.0146
    1704       0.9941
    1705       1.0350
    1706       1.0768
    1707       1.0083
    1708       0.9785
    1709       0.9891
    1710       1.0073
    1711       0.9680
    1712       0.9213
    1713       0.9912
    1714       1.1238
    1715       0.9650
    1716       1.0069
    1717       0.9492
    1718       0.9080
    1719       0.8929
    1720       0.8379
    1721       1.0214
    1722       0.9799
    1723       1.1395
    1724       1.1384
    1725       0.9818
    1726       1.0596
    1727       0.9570
    1728       0.9069
    1729       0.9428
    1730       0.9917
    1731       0.9163
    1732       0.9674
    1733       1.0208
    1734       0.9597
    1735       0.9857
    1736       1.0244
    1737       1.0565
    1738       1.0041
    1739       1.0858
    1740       0.9689
    1741       0.9677
    1742       0.9737
    1743       0.9515
    1744       1.0352
    1745       1.0034
    1746       0.9256
    1747       0.8677
    1748       0.8817
    1749       0.9257
    1750       0.8924
    1751       0.9651
    1752       1.0301
    1753       0.9859
    1754       1.0416
    1755       1.0472
    1756       1.2054
    1757       1.0841
    1758       1.0861
    1759       1.1275
    1760       1.1680
    1761       1.2275
    1762       1.2523
    1763       1.2773
    1764       1.2802
    1765       1.2017
    1766       1.0798
    1767       1.0298
    1768       1.1528
    1769       1.1144
    1770       1.0033
    1771       0.9522
    1772       0.8230
    1773       0.9657
    1774       0.8932
    1775       0.8409
    1776       0.8641
    1777       1.0786
    1778       1.0048
    1779       0.9342
    1780       1.0504
    1781       0.9921
    1782       0.8651
    1783       0.9697
    1784       0.9172
    1785       0.9059
    1786       0.8768
    1787       0.9958
    1788       1.0599
    1789       1.0936
    1790       1.0422
    1791       0.9969
    1792       1.1489
    1793       1.1348
    1794       1.1418
    1795       1.1587
    1796       1.0963
    1797       1.1558
    1798       1.1376
    1799       1.1058
    1800       1.1050
    1801       1.0653
    1802       1.1405
    1803       1.1426
    1804       0.9765
    1805       0.9707
    1806       0.8920
    1807       1.0218
    1808       1.0223
    1809       0.9954
    1810       1.0646
    1811       0.9836
    1812       1.0016
    1813       1.1154
    1814       1.0167
    1815       1.0774
    1816       1.2616
    1817       1.1113
    1818       1.1409
    1819       1.0544
    1820       0.8885
    1821       0.9525
    1822       0.9831
    1823       1.0287
    1824       1.0451
    1825       1.0296
    1826       0.9144
    1827       0.9420
    1828       0.9215
    1829       0.9348
    1830       0.9494
    1831       0.9037
    1832       0.8925
    1833       0.9534
    1834       0.9489
    1835       1.0087
    1836       0.9310
    1837       0.8428
    1838       0.8885
    1839       0.9161
    1840       0.9407
    1841       0.8524
    1842       0.8811
    1843       0.8707
    1844       0.9039
    1845       0.8842
    1846       0.9439
    1847       0.9236
    1848       1.2392
    1849       1.1249
    1850       1.1276
    1851       1.0964
    1852       1.1291
    1853       1.1582
    1854       1.4556
    1855       1.3413
    1856       1.4022
    1857       1.2637
    1858       1.0829
    1859       1.0260
    1860       0.9208
    1861       0.9627
    1862       1.0306
    1863       0.9892
    1864       0.9674
    1865       0.9503
    1866       0.8736
    1867       0.9449
    1868       0.9342
    1869       0.9947
    1870       1.0042
    1871       0.9611
    1872       0.9676
    1873       1.0863
    1874       1.0621
    1875       1.1326
    1876       1.0027
    1877       1.0009
    1878       1.0013
    1879       1.1064
    1880       1.0244
    1881       0.9935
    1882       0.9240
    1883       0.9669
    1884       0.9138
    1885       0.9396
    1886       0.9243
    1887       0.9007
    1888       1.0131
    1889       0.8966
    1890       0.8933
    1891       0.9371
    1892       0.9038
    1893       0.8225
    1894       0.9940
    1895       1.0212
    1896       0.8587
    1897       0.9392
    1898       0.9520
    1899       1.0394
    1900       1.0697
    1901       1.0098
    1902       0.9701
    1903       1.0090
    1904       1.1488
    1905       1.0597
    1906       1.0459
    1907       1.1180
    1908       1.1181
    1909       1.1601
    1910       0.8580
    1911       0.8938
    1912       0.9046
    1913       0.9611
    1914       0.9955
    1915       1.0066
    1916       1.0404
    1917       0.9527
    1918       0.9876
    1919       0.9718
    1920       0.9195
    1921       1.1531
    1922       1.1177
    1923       1.0488
    1924       1.1460
    1925       1.1387
    1926       1.1653
    1927       1.0669
    1928       1.0307
    1929       1.1591
    1930       1.0080
    1931       1.0024
    1932       1.1190
    1933       1.0215
    1934       1.0209
    1935       1.0491
    1936       0.9467
    1937       1.0566
    1938       1.0558
    1939       0.9982
    1940       1.0154
    1941       1.0181
    1942       1.1380
    1943       1.0501
    1944       0.9523
    1945       1.0192
    1946       0.9905
    1947       0.9039
    1948       0.9515
    1949       0.9990
    1950       1.0326
    1951       0.9337
    1952       1.0151
    1953       0.8576
    1954       0.8991
    1955       0.9608
    1956       1.0246
    1957       1.1519
    1958       1.0253
    1959       1.0279
    1960       1.0808
    1961       1.0633
    1962       1.1732
    1963       1.1433
    1964       1.0269
    1965       1.1027
    1966       1.1458
    1967       1.1418
    1968       1.1668
    1969       1.1794
    1970       1.1973
    1971       1.0343
    1972       1.0337
    1973       1.1160
    1974       1.1499
    1975       1.1308
    1976       1.0741
    1977       0.9797
    1978       1.0177
    1979       0.9991
    1980       0.9980
    1981       0.9724
    1982       0.9408
    1983       0.8836
    1984       0.8993
    1985       0.9009
    1986       0.9661
    1987       0.9814
    1988       1.0697
    1989       1.0295
    1990       0.9885
    1991       0.9960
    1992       1.1267
    1993       1.2592
    1994       1.1590
    1995       1.1161
    1996       1.0966
    1997       1.0343
    1998       0.9262
    1999       0.9949
    2000       1.0869
    2001       0.9705
    2002       1.0236
    2003       0.9729
    2004       0.9528
    2005       1.0138
    2006       0.9545
    2007       0.9942
    2008       1.0180
    2009       0.9786
    2010       0.9408
    2011       1.0750
    2012       0.9837
    2013       1.0353
    2014       1.0577
    2015       0.9100
    2016       0.9263
    2017       0.9651
    2018       0.9494
    2019       1.0185
    2020       0.9271
    2021       0.9737
    2022       0.9648
    2023       1.1615
    2024       1.1252
    2025       1.0763
    2026       0.9967
    2027       1.0396
    2028       1.0721
    2029       1.0127
    2030       1.0437
    2031       1.0143
    2032       0.9877
    2033       1.0739
    2034       0.9796
    2035       1.0263
    2036       1.0443
    2037       1.1725
    2038       1.3274
    2039       1.2288
    2040       1.2293
    2041       1.2445
    2042       1.2271
    2043       1.2250
    2044       1.3813
    2045       1.2956
    2046       1.3485
    2047       1.2975
    2048       1.2568
    2049       1.2534
    2050       1.1755
    2051       1.1638
    2052       1.2601
    2053       1.2534
    2054       1.2477
    2055       1.1545
    2056       1.0798
    2057       1.0041
    2058       0.9836
    2059       0.9781
    2060       0.9765
    2061       1.0342
    2062       0.9940
    2063       1.1141
    2064       0.9800
    2065       1.0665
    2066       1.2056
    2067       1.1786
    2068       1.2433
    2069       1.1446
    2070       1.1888
    2071       1.0780
    2072       1.1662
    2073       1.0877
    2074       1.1024
    2075       1.1041
    2076       1.1009
    2077       1.0800
    2078       1.0296
    2079       1.0482
    2080       0.8834
    2081       1.0441
    2082       1.0748
    2083       1.0497
    2084       1.0649
    2085       1.0134
    2086       1.0380
    2087       1.0860
    2088       0.8858
    2089       0.8467
    2090       1.0773
    2091       1.0119
    2092       1.0615
    2093       1.1064
    2094       1.1410
    2095       1.1507
    2096       1.1641
    2097       0.9996
    2098       1.0732
    2099       0.9488
    2100       1.0200
    2101       1.2018
    2102       1.0651
    2103       1.1066
    2104       1.0820
    2105       1.2427
    2106       1.0997
    2107       1.1144
    2108       1.0467
    2109       1.0392
    2110       1.0121
    2111       1.1108
    2112       1.0166
    2113       0.9149
    2114       1.0180
    2115       0.9085
    2116       0.8608
    2117       0.9575
    2118       1.0178
    2119       1.0140
    2120       0.9494
    2121       0.9007
    2122       0.9755
    2123       0.9764
    2124       1.0493
    2125       1.3024
    2126       1.1947
    2127       1.1148
    2128       1.0859
    2129       1.0504
    2130       1.0693
    2131       0.9914
    2132       1.1175
    2133       1.0920
    2134       1.0539
    2135       0.9209
    2136       0.9696
    2137       1.0774
    2138       1.0863
    2139       0.9603
    2140       0.9927
    2141       0.9159
    2142       1.0602
    2143       1.0204
    2144       1.0716
    2145       1.0281
    2146       1.0508
    2147       1.1175
    2148       1.0411
    2149       1.1656
    2150       1.1518
    2151       1.5966
    2152       1.3538
    2153       1.2670
    2154       1.1597
    2155       1.1635
    2156       1.1609
    2157       1.1703
    2158       1.0261
    2159       1.1309
    2160       1.1135
    2161       1.0976
    2162       1.1584
    2163       1.0066
    2164       1.0509
    2165       1.0513
    2166       1.1233
    2167       1.2491
    2168       1.1510
    2169       1.2230
    2170       1.1531
    2171       1.0910
    2172       1.1188
    2173       1.1212
    2174       0.9763
    2175       0.9593
    2176       1.1637
    2177       1.0311
    2178       0.9720
    2179       1.1027
    2180       1.0913
    2181       1.2066
    2182       1.0457
    2183       1.0539
    2184       1.0005
    2185       1.0835
    2186       1.0728
    2187       1.1472
    2188       1.2053
    2189       1.0514
    2190       1.0197
    2191       1.2251
    2192       1.3004
    2193       1.1499
    2194       1.2549
    2195       1.2042
    2196       1.0950
    2197       1.0915
    2198       1.0809
    2199       1.0535
    2200       0.9529
    2201       0.9280
    2202       0.9950
    2203       1.0655
    2204       1.1501
    2205       0.9709
    2206       1.1474
    2207       1.2427
    2208       1.1576
    2209       1.1324
    2210       1.1422
    2211       1.1200
    2212       1.2420
    2213       1.1208
    2214       1.1103
    2215       0.9817
    2216       1.0227
    2217       1.0657
    2218       1.0735
    2219       1.0480
    2220       0.9396
    2221       0.9667
    2222       1.0710
    2223       0.9814
    2224       1.0556
    2225       0.9450
    2226       1.0361
    2227       1.0768
    2228       1.0427
    2229       1.0986
    2230       1.0306
    2231       1.1463
    2232       1.1241
    2233       1.2569
    2234       1.2881
    2235       1.1418
    2236       1.1732
    2237       1.0378
    2238       1.0397
    2239       1.0961
    2240       1.2104
    2241       1.2167
    2242       1.3510
    2243       1.2433
    2244       1.2111
    2245       1.1552
    2246       1.0735
    2247       1.0468
    2248       1.1721
    2249       1.0422
    2250       1.2053
    2251       1.0266
    2252       1.0233
    2253       0.9622
    2254       1.1342
    2255       1.0677
    2256       1.1065
    2257       1.1237
    2258       1.1599
    2259       1.1909
    2260       1.2293
    2261       1.0710
    2262       1.1847
    2263       1.1989
    2264       1.1223
    2265       1.0798
    2266       1.1867
    2267       1.1476
    2268       1.1471
    2269       1.1468
    2270       1.1609
    2271       1.1365
    2272       1.0506
    2273       0.9284
    2274       1.0178
    2275       1.0356
    2276       1.1241
    2277       1.1450
    2278       1.0341
    2279       1.0633
    2280       0.8889
    2281       0.9059
    2282       0.9965
    2283       1.0438
    2284       1.0207
    2285       1.1076
    2286       1.0547
    2287       1.0208
    2288       1.0586
    2289       0.9301
    2290       0.9800
    2291       1.0103
    2292       1.0768
    2293       1.1348
    2294       1.1963
    2295       1.0354
    2296       1.1819
    2297       1.0943
    2298       1.0187
    2299       1.1718
    2300       1.0978
    2301       0.9055
    2302       0.9937
    2303       0.9379
    2304       0.8949
    2305       0.8475
    2306       1.0709
    2307       0.9931
    2308       1.1294
    2309       1.0231
    2310       0.9821
    2311       1.0017
    2312       1.0482
    2313       1.0246
    2314       0.9983
    2315       1.0290
    2316       1.0573
    2317       0.9753
    2318       0.9244
    2319       0.8093
    2320       0.8017
    2321       0.8376
    2322       0.9021
    2323       0.8999
    2324       0.8405
    2325       0.9056
    2326       0.9972
    2327       0.8895
    2328       0.8504
    2329       1.0356
    2330       1.0247
    2331       1.0427
    2332       0.9940
    2333       1.0675
    2334       0.9944
    2335       0.9976
    2336       0.9195
    2337       1.0151
    2338       0.9283
    2339       0.8789
    2340       0.9293
    2341       0.9114
    2342       0.9251
    2343       1.0014
    2344       1.1366
    2345       1.1867
    2346       1.2948
    2347       1.1357
    2348       1.2532
    2349       1.1652
    2350       1.2400
    2351       1.0889
    2352       1.1548
    2353       1.1383
    2354       1.0831
    2355       1.0283
    2356       0.9396
    2357       0.8157
    2358       0.8920
    2359       0.8622
    2360       0.9390
    2361       0.9506
    2362       1.0253
    2363       1.0533
    2364       1.1388
    2365       1.0859
    2366       1.1758
    2367       1.1870
    2368       1.1351
    2369       1.1368
    2370       1.0914
    2371       1.0023
    2372       1.0440
    2373       1.0145
    2374       1.1617
    2375       1.1671
    2376       1.2109
    2377       1.1314
    2378       1.0469
    2379       0.9174
    2380       0.8914
    2381       1.0181
    2382       1.0472
    2383       1.0224
    2384       1.1239
    2385       1.0725
    2386       1.1481
    2387       1.1233
    2388       1.1786
    2389       1.1521
    2390       1.0545
    2391       1.1650
    2392       1.0686
    2393       1.0947
    2394       1.1188
    2395       1.0257
    2396       1.0085
    2397       1.0198
    2398       1.0978
    2399       1.0027
    2400       0.9565
    2401       0.9977
    2402       1.0634
    2403       0.9542
    2404       0.9722
    2405       1.0118
    2406       1.1089
    2407       1.1628
    2408       1.2759
    2409       1.1895
    2410       1.2223
    2411       1.2307
    2412       0.9535
    2413       0.8811
    2414       0.9236
    2415       0.8861
    2416       0.8562
    2417       0.9223
    2418       0.9489
    2419       0.9563
    2420       0.9304
    2421       0.9435
    2422       1.0609
    2423       1.0251
    2424       1.0115
    2425       0.9677
    2426       1.0107
    2427       0.7812
    2428       0.8577
    2429       0.9155
    2430       1.0175
    2431       1.0668
    2432       0.9401
    2433       0.9627
    2434       0.9238
    2435       0.8344
    2436       0.8494
    2437       0.8492
    2438       0.8415
    2439       0.7477
    2440       0.7813
    2441       0.9938
    2442       0.8846
    2443       0.9923
    2444       0.9522
    2445       0.9380
    2446       1.0550
    2447       0.9206
    2448       0.9630
    2449       0.9168
    2450       0.8912
    2451       0.7937
    2452       0.8640
    2453       1.1344
    2454       0.9404
    2455       0.9693
    2456       0.8574
    2457       0.8833
    2458       0.9591
    2459       0.9174
    2460       0.9491
    2461       1.0031
    2462       1.0353
    2463       1.0189
    2464       0.9057
    2465       1.0337
    2466       1.1824
    2467       1.1128
    2468       1.0869
    2469       0.9462
    2470       0.9890
    2471       1.0289
    2472       0.9622
    2473       0.8818
    2474       0.9262
    2475       0.9581
    2476       0.9287
    2477       0.8490
    2478       0.8835
    2479       0.9185
    2480       1.0194
    2481       0.9610
    2482       0.9358
    2483       1.1169
    2484       1.1109
    2485       1.0742
    2486       1.0891
    2487       1.0927
    2488       1.0203
    2489       0.9611
    2490       0.9830
    2491       0.8495
    2492       0.8544
    2493       0.8593
    2494       0.8765
    2495       0.9196
    2496       0.8877
    2497       0.9007
    2498       0.7755
    2499       0.8445
    2500       0.8989
    2501       1.0445
    2502       1.0488
    2503       0.9854
    2504       0.8104
    2505       0.8456
    2506       0.8311
    2507       0.8717
    2508       0.8529
    2509       0.8392
    2510       0.8492
    2511       0.9463
    2512       0.9564
    2513       1.0195
    2514       1.0013
    2515       1.0276
    2516       1.1126
    2517       1.0251
    2518       1.0572
    2519       0.9113
    2520       0.8631
    2521       0.9231
    2522       0.9185
    2523       0.9428
    2524       0.9332
    2525       0.9493
    2526       1.0335
    2527       1.0079
    2528       1.1103
    2529       1.0363
    2530       0.9236
    2531       0.7957
    2532       0.9008
    2533       0.8156
    2534       1.0070
    2535       1.0022
    2536       1.0096
    2537       0.9185
    2538       0.9342
    2539       0.9230
    2540       0.8841
    2541       0.9618
    2542       1.1102
    2543       1.0463
    2544       1.1375
    2545       1.1277
    2546       1.1886
    2547       1.1171
    2548       1.1102
    2549       1.1779
    2550       1.0371
    2551       1.1305
    2552       1.0294
    2553       1.0299
    2554       1.1877
    2555       1.0837
    2556       1.1452
    2557       1.1353
    2558       1.2421
    2559       1.2191
    2560       1.0830
    2561       1.1238
    2562       1.1273
    2563       1.1381
    2564       1.1692
    2565       1.1715
    2566       1.2225
    2567       1.1399
    2568       1.1004
    2569       1.0642
    2570       1.0126
    2571       1.1518
    2572       1.1714
    2573       1.0350
    2574       1.0713
    2575       0.9970
    2576       0.9197
    2577       0.9082
    2578       1.1306
    2579       1.2085
    2580       1.0701
    2581       1.0062
    2582       1.0633
    2583       1.0393
    2584       1.0353
    2585       1.1943
    2586       1.1501
    2587       1.1040
    2588       1.1690
    2589       1.2610
    2590       1.2398
    2591       1.2598
    2592       1.1766
    2593       1.2063
    2594       1.1381
    2595       1.1616
    2596       1.1752
    2597       1.0927
    2598       1.0904
    2599       0.9568
    2600       1.1111
    2601       1.1947
    2602       1.1984
    2603       1.1923
    2604       1.2280
    2605       1.2703
    2606       1.2698
    2607       1.4125
    2608       1.3519
    2609       1.4216
    2610       1.2909
    2611       1.3250
    2612       1.2471
    2613       1.2341
    2614       1.3270
    2615       1.2180
    2616       1.2539
    2617       1.2227
    2618       1.2625
    2619       1.2023
    2620       1.3709
    2621       1.2616
    2622       1.2561
    2623       1.3219
    2624       1.2993
    2625       1.3295
    2626       1.3708
    2627       1.4256
    2628       1.2536
    2629       1.3078
    2630       1.2723
    2631       1.2519
    2632       1.1818
    2633       1.2355
    2634       1.2036
    2635       1.2533
    2636       1.1790
    2637       1.2223
    2638       1.2570
    2639       1.3284
    2640       1.2798
    2641       1.3646
    2642       1.3534
    2643       1.2526
    2644       1.3478
    2645       1.1547
    2646       1.3240
    2647       1.3566
    2648       1.3159
    2649       1.3075
    2650       1.2340
    2651       1.2473
    2652       1.3200
    2653       1.1087
    2654       1.2202
    2655       1.1630
    2656       1.1968
    2657       1.2982
    2658       1.3074
    2659       1.2777
    2660       1.2922
    2661       1.2093
    2662       1.2871
    2663       1.2118
    2664       1.2784
    2665       1.2774
    2666       1.1798
    2667       1.1482
    2668       1.1495
    2669       1.1581
    2670       1.1236
    2671       1.1692
    2672       1.2586
    2673       1.3334
    2674       1.0629
    2675       1.1047
    2676       0.9744
    2677       1.1851
    2678       1.0617
    2679       0.9434
    2680       1.1411
    2681       1.0828
    2682       1.0000
    2683       0.8916
    2684       0.9138
    2685       1.0273
    2686       0.8673
    2687       0.8876
    2688       0.8911
    2689       0.9869
    2690       1.0148
    2691       0.9118
    2692       0.8563
    2693       0.8851
    2694       0.9607
    2695       0.9841
    2696       0.8588
    2697       1.0219
    2698       1.1489
    2699       1.1263
    2700       1.1428
    2701       1.0732
    2702       1.0943
    2703       0.9694
    2704       1.0048
    2705       1.0931
    2706       1.0123
    2707       1.0418
    2708       1.0451
    2709       1.0044
    2710       0.9353
    2711       0.9476
    2712       0.8919
    2713       0.8108
    2714       1.0067
    2715       0.8452
    2716       1.0156
    2717       1.0145
    2718       0.9328
    2719       0.9411
    2720       1.0440
    2721       1.0281
    2722       1.1565
    2723       1.1356
    2724       1.0998
    2725       1.0777
    2726       1.2251
    2727       1.2697
    2728       1.2509
    2729       1.1136
    2730       1.0759
    2731       1.1660
    2732       1.2072
    2733       1.0422
    2734       1.0761
    2735       1.0302
    2736       1.0379
    2737       0.9907
    2738       1.0099
    2739       1.0869
    2740       0.8824
    2741       0.9299
    2742       0.9551
    2743       0.9427
    2744       0.8014
    2745       0.9079
    2746       0.8378
    2747       0.8782
    2748       0.8919
    2749       0.8635
    2750       0.8824
    2751       0.9644
    2752       0.9881
    2753       1.0748
    2754       1.0616
    2755       0.9973
    2756       0.9877
    2757       0.7934
    2758       0.8384
    2759       0.9173
    2760       0.9177
    2761       1.0512
    2762       0.9828
    2763       0.8949
    2764       0.8633
    2765       0.8629
    2766       0.8316
    2767       0.8444
    2768       0.8441
    2769       0.8711
    2770       0.9770
    2771       0.8585
    2772       0.9034
    2773       0.9375
    2774       1.0719
    2775       1.0124
    2776       0.8157
    2777       0.9022
    2778       1.0055
    2779       0.9229
    2780       0.8733
    2781       0.9200
    2782       1.0047
    2783       0.9100
    2784       0.8700
    2785       0.8777
    2786       0.8850
    2787       0.9902
    2788       0.9726
    2789       0.8564
    2790       0.8099
    2791       0.9335
    2792       1.0165
    2793       0.8335
    2794       0.8233
    2795       0.9361
    2796       0.9895
    2797       0.8344
    2798       0.9646
    2799       0.9142
    2800       0.8525
    2801       0.8164
    2802       0.9173
    2803       0.8028
    2804       0.8972
    2805       0.9249
    2806       0.8508
    2807       0.8392
    2808       0.8833
    2809       0.7881
    2810       0.7614
    2811       0.9742
    2812       0.9709
    2813       0.8979
    2814       0.9078
    2815       0.8877
    2816       1.0384
    2817       0.9675
    2818       0.8850
    2819       0.8490
    2820       0.8189
    2821       0.8651
    2822       0.8393
    2823       0.8971
    2824       0.9141
    2825       0.9025
    2826       0.9288
    2827       0.9814
    2828       0.9606
    2829       0.9799
    2830       0.9724
    2831       1.0266
    2832       1.1096
    2833       1.0113
    2834       0.9506
    2835       0.8515
    2836       0.9276
    2837       0.8836
    2838       0.9372
    2839       0.9509
    2840       0.9320
    2841       0.8890
    2842       0.8949
    2843       0.8132
    2844       0.8553
    2845       0.9067
    2846       0.8772
    2847       0.8153
    2848       0.8804
    2849       0.9235
    2850       0.9499
    2851       0.8744
    2852       0.8330
    2853       0.8782
    2854       0.7688
    2855       0.7144
    2856       0.8762
    2857       0.8990
    2858       0.9039
    2859       0.9165
    2860       0.9892
    2861       0.8926
    2862       0.8906
    2863       0.9551
    2864       0.9138
    2865       0.9040
    2866       0.8041
    2867       0.8322
    2868       0.8622
    2869       0.9547
    2870       0.9637
    2871       1.0745
    2872       1.0123
    2873       0.9188
    2874       0.9915
    2875       1.0172
    2876       0.8684
    2877       0.9259
    2878       0.9910
    2879       0.9100
    2880       0.8314
    2881       0.8149
    2882       0.8579
    2883       0.8705
    2884       0.9010
    2885       0.8202
    2886       0.8353
    2887       0.8269
    2888       0.8457
    2889       0.7958
    2890       0.8104
    2891       0.8293
    2892       0.9308
    2893       0.9431
    2894       0.9272
    2895       0.8949
    2896       0.9084
    2897       0.9112
    2898       1.0164
    2899       0.9909
    2900       0.9535
    2901       0.8869
    2902       1.0080
    2903       0.8881
    2904       0.9109
    2905       0.8896
    2906       0.9973
    2907       0.9360
    2908       1.0202
    2909       1.0577
    2910       1.1131
    2911       1.0555
    2912       1.1630
    2913       1.0832
    2914       1.1870
    2915       1.0961
    2916       1.1089
    2917       1.1166
    2918       0.9712
    2919       1.0143
    2920       0.8977
    2921       1.0463
    2922       0.9308
    2923       0.9033
    2924       0.9606
    2925       0.8936
    2926       0.8996
    2927       1.0273
    2928       1.0816
    2929       1.0910
    2930       0.8931
    2931       1.0649
    2932       0.9895
    2933       0.9717
    2934       1.0565
    2935       1.0947
    2936       1.1323
    2937       1.0397
    2938       1.0206
    2939       0.8561
    2940       0.7727
    2941       0.7639
    2942       0.9469
    2943       0.9743
    2944       0.9185
    2945       0.9254
    2946       0.9735
    2947       0.9696
    2948       0.9753
    2949       1.0386
    2950       0.9626
    2951       0.9167
    2952       1.0365
    2953       1.0066
    2954       0.8993
    2955       0.8678
    2956       0.8618
    2957       0.7782
    2958       0.8153
    2959       0.8140
    2960       0.8006
    2961       0.7985
    2962       0.8410
    2963       1.0439
    2964       0.9961
    2965       0.9751
    2966       1.0641
    2967       0.9752
    2968       0.8231
    2969       0.8635
    2970       0.9204
    2971       0.9292
    2972       0.8560
    2973       1.0415
    2974       1.0047
    2975       0.9252
    2976       1.0885
    2977       0.9603
    2978       0.9405
    2979       0.8229
    2980       0.8256
    2981       0.7981
    2982       0.9323
    2983       0.9282
    2984       0.9441
    2985       1.1460
    2986       1.0153
    2987       1.0044
    2988       0.8718
    2989       0.9161
    2990       0.9036
    2991       1.0217
    2992       1.0821
    2993       0.8998
    2994       0.8370
    2995       0.8691
    2996       0.8371
    2997       0.8611
    2998       0.9102
    2999       0.8851
    3000       0.8085
    3001       0.7794
    3002       0.8801
    3003       0.8881
    3004       0.9356
    3005       0.7947
    3006       0.7826
    3007       0.8534
    3008       0.8856
    3009       0.8486
    3010       0.8262
    3011       0.8659
    3012       0.9327
    3013       0.8586
    3014       0.8729
    3015       1.0021
    3016       0.9893
    3017       1.0485
    3018       0.8812
    3019       0.9653
    3020       0.9331
    3021       0.9247
    3022       0.9793
    3023       1.0704
    3024       1.0651
    3025       0.9871
    3026       1.0447
    3027       1.0277
    3028       1.0924
    3029       1.0863
    3030       1.1959
    3031       1.1101
    3032       1.1633
    3033       1.0800
    3034       0.9857
    3035       1.1105
    3036       1.0324
    3037       1.0010
    3038       1.0824
    3039       1.2538
    3040       1.0421
    3041       0.9572
    3042       0.8628
    3043       0.8701
    3044       0.9314
    3045       0.9945
    3046       1.2664
    3047       1.0089
    3048       1.0649
    3049       0.9951
    3050       1.0184
    3051       0.9834
    3052       1.0377
    3053       1.1151
    3054       0.9872
    3055       1.0668
    3056       1.0053
    3057       0.9718
    3058       1.0407
    3059       0.8608
    3060       1.0046
    3061       0.9510
    3062       1.0360
    3063       1.1095
    3064       1.0837
    3065       0.9851
    3066       1.1162
    3067       1.1500
    3068       1.2028
    3069       1.1725
    3070       1.1214
    3071       1.1118
    3072       1.2065
    3073       1.1020
    3074       1.0593
    3075       1.1289
    3076       1.0539
    3077       1.0015
    3078       1.0262
    3079       0.9328
    3080       0.9383
    3081       0.9580
    3082       1.0293
    3083       0.8852
    3084       0.9835
    3085       0.9293
    3086       1.0676
    3087       1.0550
    3088       1.0309
    3089       1.0372
    3090       1.0561
    3091       0.9289
    3092       0.8596
    3093       1.0396
    3094       0.9660
    3095       0.9556
    3096       0.9143
    3097       0.9560
    3098       0.9444
    3099       0.9276
    3100       1.0119
    3101       1.0043
    3102       1.0761
    3103       0.9952
    3104       0.9824
    3105       1.0871
    3106       1.0471
    3107       0.9791
    3108       1.0768
    3109       0.9747
    3110       1.0080
    3111       0.9712
    3112       1.0168
    3113       0.9691
    3114       0.9836
    3115       0.9484
    3116       1.0265
    3117       1.0422
    3118       1.1214
    3119       1.1913
    3120       1.1466
    3121       1.1382
    3122       1.0511
    3123       0.9405
    3124       0.9715
    3125       0.9081
    3126       0.9003
    3127       1.0131
    3128       0.9377
    3129       0.9007
    3130       0.8620
    3131       1.0072
    3132       0.8209
    3133       0.8245
    3134       0.8192
    3135       0.7837
    3136       0.8610
    3137       0.9568
    3138       0.9296
    3139       1.0364
    3140       1.0084
    3141       0.8383
    3142       0.8909
    3143       0.8504
    3144       0.8268
    3145       0.7635
    3146       0.7970
    3147       0.9035
    3148       0.8454
    3149       0.7779
    3150       0.7869
    3151       0.7999
    3152       0.8826
    3153       0.8684
    3154       0.9348
    3155       0.8819
    3156       0.8783
    3157       0.9122
    3158       0.9708
    3159       1.0187
    3160       1.0279
    3161       0.9581
    3162       0.8412
    3163       0.8706
    3164       0.7380
    3165       0.7734
    3166       0.7862
    3167       0.9769
    3168       0.9014
    3169       0.8794
    3170       0.7999
    3171       0.8697
    3172       0.8133
    3173       0.7938
    3174       0.7457
    3175       0.8626
    3176       0.7719
    3177       0.9079
    3178       0.9308
    3179       1.0014
    3180       0.9480
    3181       0.8400
    3182       0.8593
    3183       0.8685
    3184       0.8881
    3185       0.7813
    3186       0.8712
    3187       0.7949
    3188       0.7995
    3189       0.9708
    3190       0.7873
    3191       0.8148
    3192       0.7928
    3193       0.9319
    3194       0.8387
    3195       0.7525
    3196       0.7270
    3197       0.7095
    3198       0.8749
    3199       0.9688
    3200       0.9123
    3201       1.0885
    3202       0.8236
    3203       0.8283
    3204       0.8240
    3205       0.8629
    3206       0.8415
    3207       0.8574
    3208       0.7492
    3209       0.7726
    3210       0.7983
    3211       0.7648
    3212       0.7546
    3213       0.7892
    3214       0.8403
    3215       0.8547
    3216       0.9310
    3217       0.8966
    3218       0.8865
    3219       0.9875
    3220       1.0659
    3221       0.9827
    3222       0.9562
    3223       0.9964
    3224       1.0307
    3225       1.0842
    3226       0.9838
    3227       1.0488
    3228       0.9266
    3229       0.9197
    3230       0.7781
    3231       0.9245
    3232       0.9290
    3233       0.8052
    3234       0.8251
    3235       0.8884
    3236       0.8888
    3237       0.9394
    3238       0.8507
    3239       0.8425
    3240       0.8830
    3241       0.8703
    3242       1.0878
    3243       1.0880
    3244       0.8761
    3245       1.0016
    3246       0.9750
    3247       1.0790
    3248       0.9930
    3249       0.9555
    3250       0.9615
    3251       0.9850
    3252       0.9207
    3253       1.0418
    3254       0.9333
    3255       1.0120
    3256       0.9433
    3257       0.9234
    3258       0.8513
    3259       0.9139
    3260       0.8987
    3261       0.8813
    3262       0.8725
    3263       0.9120
    3264       0.8720
    3265       0.8529
    3266       0.9513
    3267       0.8021
    3268       0.8513
    3269       1.0077
    3270       0.9886
    3271       1.1218
    3272       0.9875
    3273       0.8239
    3274       0.8217
    3275       0.7522
    3276       0.9268
    3277       0.8850
    3278       0.8652
    3279       0.7658
    3280       0.9683
    3281       0.8872
    3282       0.9324
    3283       0.9495
    3284       1.0306
    3285       1.0488
    3286       1.0402
    3287       0.9743
    3288       0.9564
    3289       1.0190
    3290       0.9425
    3291       0.7825
    3292       0.7607
    3293       0.8761
    3294       0.8351
    3295       0.7939
    3296       0.8900
    3297       0.8704
    3298       0.8806
    3299       0.7935
    3300       0.7322
    3301       0.8538
    3302       0.8623
    3303       0.8119
    3304       0.7988
    3305       0.8947
    3306       0.8825
    3307       1.0134
    3308       0.9754
    3309       0.9245
    3310       0.9075
    3311       0.8710
    3312       0.9695
    3313       0.8494
    3314       0.8974
    3315       0.9139
    3316       0.8960
    3317       0.8987
    3318       0.9068
    3319       0.9508
    3320       0.9391
    3321       0.8858
    3322       0.7858
    3323       0.7990
    3324       0.8525
    3325       0.9544
    3326       0.8064
    3327       0.8448
    3328       0.8229
    3329       0.8085
    3330       0.8004
    3331       0.8627
    3332       0.8665
    3333       0.9032
    3334       0.9218
    3335       1.0238
    3336       1.0978
    3337       1.0518
    3338       0.9019
    3339       0.9745
    3340       1.0137
    3341       1.0339
    3342       1.0049
    3343       1.1228
    3344       1.2296
    3345       1.0296
    3346       0.9373
    3347       1.0608
    3348       0.9885
    3349       1.0712
    3350       0.9834
    3351       0.8598
    3352       0.9995
    3353       1.2164
    3354       0.9360
    3355       0.8660
    3356       0.9528
    3357       0.9656
    3358       0.9097
    3359       0.9684
    3360       1.1360
    3361       1.0757
    3362       1.1176
    3363       1.0522
    3364       1.0754
    3365       1.1397
    3366       1.1788
    3367       0.9180
    3368       1.0229
    3369       1.0541
    3370       0.9401
    3371       0.9719
    3372       0.8792
    3373       0.8349
    3374       0.8601
    3375       0.8180
    3376       0.8877
    3377       0.9509
    3378       1.0613
    3379       1.0710
    3380       1.0621
    3381       0.9543
    3382       0.9624
    3383       0.9274
    3384       0.9752
    3385       0.8512
    3386       0.9542
    3387       0.9250
    3388       0.9500
    3389       0.9030
    3390       1.0908
    3391       0.9885
    3392       1.0042
    3393       0.9195
    3394       0.9859
    3395       0.9314
    3396       0.9655
    3397       1.1784
    3398       1.0715
    3399       1.1793
    3400       1.2479
    3401       1.1409
    3402       1.1526
    3403       1.0897
    3404       1.1042
    3405       1.1515
    3406       1.0862
    3407       1.0559
    3408       1.1690
    3409       1.1750
    3410       1.1543
    3411       1.2386
    3412       1.1352
    3413       1.3088
    3414       1.2026
    3415       1.2890
    3416       1.3446
    3417       1.2893
    3418       1.2988
    3419       1.1779
    3420       1.0061
    3421       0.9902
    3422       1.1575
    3423       1.0236
    3424       0.9809
    3425       1.1619
    3426       1.1492
    3427       1.1120
    3428       1.1334
    3429       1.1556
    3430       1.0467
    3431       1.0117
    3432       0.9779
    3433       1.0284
    3434       1.0603
    3435       0.9478
    3436       0.8736
    3437       0.9257
    3438       1.0304
    3439       0.9881
    3440       1.1066
    3441       1.0185
    3442       1.1522
    3443       1.0907
    3444       1.0666
    3445       0.8787
    3446       0.9854
    3447       1.0020
    3448       1.1285
    3449       1.0490
    3450       1.1293
    3451       1.1817
    3452       0.9744
    3453       1.0871
    3454       0.9118
    3455       0.8991
    3456       0.9911
    3457       0.9613
    3458       0.9130
    3459       0.8424
    3460       0.9173
    3461       0.8287
    3462       1.0430
    3463       0.9604
    3464       0.9341
    3465       1.0052
    3466       0.9172
    3467       0.9520
    3468       0.9629
    3469       0.9444
    3470       0.9420
    3471       0.9496
    3472       0.8755
    3473       0.8381
    3474       0.8276
    3475       0.8505
    3476       0.7658
    3477       0.8387
    3478       0.8060
    3479       0.7803
    3480       1.0008
    3481       0.8829
    3482       0.8672
    3483       0.9420
    3484       0.8875
    3485       0.7979
    3486       0.7649
    3487       0.8030
    3488       0.8095
    3489       0.8912
    3490       0.9263
    3491       0.8752
    3492       0.7809
    3493       0.8534
    3494       0.9548
    3495       0.9997
    3496       1.0404
    3497       0.9184
    3498       1.0195
    3499       0.8870
    3500       0.8808
    3501       0.9021
    3502       0.8363
    3503       0.9232
    3504       0.8573
    3505       1.0659
    3506       0.9974
    3507       0.9166
    3508       0.8260
    3509       0.8247
    3510       0.7819
    3511       0.7567
    3512       0.8821
    3513       0.7693
    3514       0.8785
    3515       0.9003
    3516       0.8903
    3517       0.9767
    3518       0.8703
    3519       0.8419
    3520       0.7604
    3521       0.7593
    3522       0.8307
    3523       0.8614
    3524       0.8929
    3525       0.9414
    3526       1.0084
    3527       1.0436
    3528       1.0050
    3529       1.0413
    3530       0.9573
    3531       0.8674
    3532       0.8080
    3533       0.8155
    3534       0.9587
    3535       0.9107
    3536       0.8671
    3537       0.9053
    3538       0.9215
    3539       0.7676
    3540       0.9613
    3541       0.9336
    3542       0.9670
    3543       0.9286
    3544       0.8780
    3545       0.9032
    3546       0.9899
    3547       1.0099
    3548       0.9750
    3549       1.0038
    3550       0.8654
    3551       1.0066
    3552       1.0059
    3553       1.1204
    3554       1.0381
    3555       0.9339
    3556       0.9905
    3557       0.9422
    3558       1.1020
    3559       0.9143
    3560       0.9379
    3561       0.7873
    3562       0.8293
    3563       0.9173
    3564       1.0260
    3565       0.9566
    3566       0.9992
    3567       1.0362
    3568       0.9946
    3569       0.8959
    3570       0.9128
    3571       1.0119
    3572       0.9933
    3573       1.0694
    3574       1.0308
    3575       1.0587
    3576       1.0170
    3577       1.0691
    3578       0.9313
    3579       0.9480
    3580       0.8757
    3581       0.9807
    3582       0.9376
    3583       0.8913
    3584       0.8170
    3585       0.8884
    3586       0.9123
    3587       1.0067
    3588       0.9247
    3589       0.9968
    3590       0.9739
    3591       1.0043
    3592       0.9477
    3593       0.9674
    3594       0.8988
    3595       0.8759
    3596       0.8097
    3597       0.8289
    3598       0.8468
    3599       0.9485
    3600       0.9185
    3601       1.0185
    3602       0.9531
    3603       0.9180
    3604       0.8830
    3605       0.9895
    3606       0.9088
    3607       0.8802
    3608       0.8948
    3609       0.8688
    3610       0.8756
    3611       0.8231
    3612       0.8784
    3613       0.8918
    3614       0.8818
    3615       0.8503
    3616       0.9597
    3617       0.9018
    3618       0.7579
    3619       0.7645
    3620       0.8521
    3621       0.8471
    3622       0.8006
    3623       0.8836
    3624       0.9649
    3625       0.8803
    3626       0.8184
    3627       0.8661
    3628       0.9054
    3629       0.9223
    3630       0.8522
    3631       0.8550
    3632       0.8642
    3633       0.9665
    3634       0.9362
    3635       0.8618
    3636       0.7976
    3637       0.8230
    3638       0.8918
    3639       0.8651
    3640       0.8789
    3641       0.8965
    3642       0.8950
    3643       0.9027
    3644       0.9175
    3645       0.9058
    3646       1.1421
    3647       1.0520
    3648       0.8717
    3649       0.8619
    3650       0.8432
    3651       0.8438
    3652       0.8161
    3653       0.8883
    3654       0.8868
    3655       0.9172
    3656       0.9112
    3657       0.8589
    3658       0.9132
    3659       0.8772
    3660       0.8663
    3661       0.9556
    3662       1.0958
    3663       1.0421
    3664       1.1442
    3665       1.2465
    3666       1.0980
    3667       1.0083
    3668       1.0784
    3669       0.9245
    3670       0.8911
    3671       0.8488
    3672       0.9352
    3673       1.0074
    3674       0.8613
    3675       0.9164
    3676       0.8706
    3677       0.8513
    3678       1.0645
    3679       0.9058
    3680       0.8752
    3681       0.8978
    3682       0.8902
    3683       0.8670
    3684       0.8510
    3685       0.8697
    3686       0.8721
    3687       0.9533
    3688       0.8656
    3689       0.9585
    3690       0.9597
    3691       0.9492
    3692       0.8946
    3693       0.8232
    3694       0.8644
    3695       0.9479
    3696       1.0704
    3697       0.9585
    3698       0.9360
    3699       0.9467
    3700       1.0425
    3701       1.0161
    3702       0.9649
    3703       1.0019
    3704       0.9268
    3705       0.8317
    3706       0.8701
    3707       0.8629
    3708       0.9450
    3709       0.8728
    3710       0.8505
    3711       0.7421
    3712       0.9050
    3713       0.8490
    3714       0.8236
    3715       0.8635
    3716       0.7954
    3717       0.8622
    3718       0.8205
    3719       0.8804
    3720       0.8964
    3721       0.8478
    3722       0.9900
    3723       0.9813
    3724       0.9193
    3725       0.8413
    3726       0.8929
    3727       0.9155
    3728       0.9126
    3729       1.0679
    3730       1.1478
    3731       1.1657
    3732       1.2085
    3733       1.0642
    3734       0.9830
    3735       0.9642
    3736       1.0079
    3737       0.9866
    3738       1.0540
    3739       0.9740
    3740       0.8869
    3741       0.9875
    3742       1.0137
    3743       0.9835
    3744       0.9178
    3745       0.8729
    3746       0.8052
    3747       0.8275
    3748       0.8881
    3749       0.9188
    3750       0.8232
    3751       0.8186
    3752       0.8362
    3753       0.8496
    3754       0.7976
    3755       0.8512
    3756       0.7702
    3757       0.7822
    3758       0.8755
    3759       0.8852
    3760       0.9249
    3761       0.7423
    3762       0.8431
    3763       0.7909
    3764       0.9072
    3765       0.8557
    3766       1.0493
    3767       1.0018
    3768       0.7547
    3769       0.7910
    3770       0.9656
    3771       0.9260
    3772       0.9939
    3773       0.9548
    3774       1.0425
    3775       0.9820
    3776       0.8798
    3777       0.8979
    3778       0.9429
    3779       0.8942
    3780       0.9650
    3781       0.9113
    3782       0.9754
    3783       0.9013
    3784       0.9485
    3785       0.9029
    3786       0.9505
    3787       0.9178
    3788       0.8116
    3789       0.7514
    3790       0.8099
    3791       0.9012
    3792       0.9412
    3793       0.9816
    3794       0.9581
    3795       0.9272
    3796       0.9097
    3797       0.9868
    3798       1.0142
    3799       1.0224
    3800       0.9054
    3801       0.8557
    3802       0.8835
    3803       0.8359
    3804       0.8190
    3805       0.9462
    3806       0.7795
    3807       0.9407
    3808       0.9673
    3809       1.0279
    3810       0.9699
    3811       0.9017
    3812       0.8340
    3813       0.8896
    3814       0.9583
    3815       0.9246
    3816       0.9970
    3817       0.9777
    3818       0.9255
    3819       0.9261
    3820       0.9397
    3821       0.9124
    3822       0.9591
    3823       0.9561
    3824       1.0869
    3825       0.9499
    3826       0.9227
    3827       1.1756
    3828       1.1296
    3829       1.1190
    3830       1.1396
    3831       1.0346
    3832       1.0349
    3833       1.1105
    3834       1.0453
    3835       1.0917
    3836       1.1073
    3837       1.0801
    3838       1.0724
    3839       0.9617
    3840       0.9385
    3841       1.2168
    3842       0.9986
    3843       1.1168
    3844       1.1270
    3845       1.1236
    3846       1.2753
    3847       1.2570
    3848       1.1977
    3849       1.0604
    3850       0.8968
    3851       0.9988
    3852       0.9714
    3853       0.9658
    3854       1.0939
    3855       1.1718
    3856       1.0207
    3857       1.0151
    3858       1.0980
    3859       1.1147
    3860       0.9024
    3861       0.9603
    3862       1.0685
    3863       1.0709
    3864       1.0091
    3865       1.0795
    3866       1.0942
    3867       1.2137
    3868       1.1343
    3869       1.3296
    3870       1.2581
    3871       1.1014
    3872       1.2427
    3873       1.3264
    3874       1.0512
    3875       1.2073
    3876       1.1146
    3877       1.2138
    3878       1.0858
    3879       1.1322
    3880       1.1494
    3881       1.2346
    3882       1.0630
    3883       1.0132
    3884       0.9868
    3885       1.0114
    3886       0.9489
    3887       0.9921
    3888       1.0299
    3889       0.9942
    3890       1.0364
    3891       0.9294
    3892       0.9586
    3893       1.0218
    3894       0.9035
    3895       1.0289
    3896       1.1368
    3897       0.9922
    3898       1.0444
    3899       0.9590
    3900       1.0091
    3901       1.1520
    3902       1.0222
    3903       1.1532
    3904       0.9766
    3905       1.0221
    3906       1.0257
    3907       1.2079
    3908       1.0968
    3909       1.1495
    3910       1.1140
    3911       1.1557
    3912       0.9987
    3913       0.9853
    3914       0.9404
    3915       0.9192
    3916       0.7792
    3917       0.8766
    3918       0.9682
    3919       0.9958
    3920       0.8697
    3921       0.8691
    3922       0.9214
    3923       0.8995
    3924       0.9910
    3925       1.0093
    3926       1.0859
    3927       0.8751
    3928       1.0003
    3929       0.9852
    3930       0.9018
    3931       0.9854
    3932       1.0000
    3933       0.9995
    3934       0.8477
    3935       0.8887
    3936       0.8858
    3937       0.7874
    3938       0.8145
    3939       0.9380
    3940       1.0666
    3941       0.9413
    3942       0.9041
    3943       0.8893
    3944       0.8966
    3945       0.9567
    3946       0.8843
    3947       0.9415
    3948       0.8960
    3949       0.8763
    3950       0.9215
    3951       0.9522
    3952       0.9582
    3953       0.9553
    3954       1.0622
    3955       1.0777
    3956       1.1921
    3957       1.0316
    3958       1.0069
    3959       1.1060
    3960       1.0253
    3961       1.1809
    3962       1.1948
    3963       1.1930
    3964       1.1993
    3965       1.1860
    3966       1.2381
    3967       1.0885
    3968       1.2048
    3969       1.1694
    3970       1.0846
    3971       1.0003
    3972       0.9543
    3973       0.9170
    3974       0.8746
    3975       1.0039
    3976       1.0083
    3977       1.1119
    3978       0.9725
    3979       0.9067
    3980       0.9143
    3981       0.9130
    3982       0.9361
    3983       1.0090
    3984       1.0534
    3985       1.0470
    3986       1.0475
    3987       0.9866
    3988       1.0404
    3989       0.9332
    3990       0.9371
    3991       0.9650
    3992       0.9112
    3993       0.8946
    3994       0.8286
    3995       0.9545
    3996       0.9736
    3997       0.9619
    3998       0.9789
    3999       0.9900
    4000       0.9761
    4001       0.9089
    4002       0.8927
    4003       0.8901
    4004       0.8944
    4005       0.8926
    4006       0.8911
    4007       0.8538
    4008       0.9341
    4009       0.9595
    4010       0.8558
    4011       0.8628
    4012       0.9547
    4013       1.0264
    4014       0.9551
    4015       0.9470
    4016       1.0516
    4017       0.9529
    4018       0.8610
    4019       0.9116
    4020       0.8821
    4021       0.8770
    4022       0.8406
    4023       0.9554
    4024       0.9085
    4025       0.8382
    4026       0.9348
    4027       0.9883
    4028       0.9496
    4029       0.8417
    4030       0.8657
    4031       0.9190
    4032       0.7934
    4033       0.9110
    4034       0.8014
    4035       0.7786
    4036       0.7643
    4037       0.8080
    4038       0.8350
    4039       0.7897
    4040       0.9719
    4041       0.8019
    4042       0.7382
    4043       0.8417
    4044       0.8368
    4045       0.8310
    4046       0.8714
    4047       0.8846
    4048       0.7716
    4049       0.8136
    4050       0.9840
    4051       1.0024
    4052       1.0237
    4053       0.8611
    4054       0.9329
    4055       0.9442
    4056       1.0531
    4057       1.0585
    4058       0.8601
    4059       1.0242
    4060       0.9595
    4061       0.9599
    4062       1.0915
    4063       1.0331
    4064       1.0685
    4065       0.8849
    4066       0.8373
    4067       0.8251
    4068       0.8879
    4069       0.8473
    4070       0.8769
    4071       0.9237
    4072       0.8532
    4073       0.8976
    4074       0.9931
    4075       1.0040
    4076       1.0329
    4077       1.0179
    4078       0.9971
    4079       0.9448
    4080       0.9039
    4081       1.0008
    4082       0.8728
    4083       0.9301
    4084       0.9336
    4085       1.0465
    4086       1.0219
    4087       0.9780
    4088       1.0117
    4089       0.8917
    4090       0.7893
    4091       0.9460
    4092       0.8593
    4093       0.8750
    4094       0.8607
    4095       0.8108
    4096       0.8899
    4097       0.7808
    4098       0.7475
    4099       0.8061
    4100       0.9223
    4101       1.0009
    4102       1.1258
    4103       1.1339
    4104       1.0091
    4105       0.9872
    4106       0.9126
    4107       0.9255
    4108       0.9674
    4109       0.8077
    4110       0.8990
    4111       0.8235
    4112       0.8969
    4113       0.8944
    4114       0.9146
    4115       0.8663
    4116       0.8754
    4117       0.9555
    4118       1.0516
    4119       1.1985
    4120       1.0996
    4121       1.0466
    4122       1.0683
    4123       1.1005
    4124       1.2521
    4125       1.0732
    4126       1.0231
    4127       1.1508
    4128       0.9416
    4129       1.0210
    4130       0.9747
    4131       0.9489
    4132       0.9309
    4133       0.8964
    4134       1.0066
    4135       0.9027
    4136       0.7380
    4137       0.7328
    4138       0.7615
    4139       0.8274
    4140       0.9300
    4141       0.9542
    4142       0.8815
    4143       0.8466
    4144       0.8988
    4145       0.9022
    4146       0.8646
    4147       0.8421
    4148       0.7745
    4149       0.7892
    4150       0.7939
    4151       0.9617
    4152       0.8388
    4153       0.9370
    4154       0.9216
    4155       1.1771
    4156       1.0546
    4157       1.0231
    4158       0.8897
    4159       0.9032
    4160       0.8942
    4161       0.9480
    4162       0.8811
    4163       1.0459
    4164       0.7777
    4165       0.8557
    4166       0.7915
    4167       0.8653
    4168       1.0304
    4169       1.0768
    4170       0.9542
    4171       0.9292
    4172       1.0058
    4173       0.9096
    4174       0.9833
    4175       1.0112
    4176       1.0622
    4177       1.0467
    4178       1.1233
    4179       1.1259
    4180       1.0960
    4181       0.9981
    4182       0.8349
    4183       0.9693
    4184       0.8846
    4185       0.9920
    4186       0.9041
    4187       0.9132
    4188       0.9762
    4189       0.9905
    4190       0.9050
    4191       0.9077
    4192       0.9070
    4193       0.9591
    4194       0.8538
    4195       1.0149
    4196       1.0814
    4197       0.9259
    4198       0.9016
    4199       0.8576
    4200       1.0342
    4201       1.0508
    4202       0.9548
    4203       1.0927
    4204       0.9464
    4205       0.9986
    4206       1.0124
    4207       1.0596
    4208       1.1706
    4209       1.0446
    4210       1.0683
    4211       1.0539
    4212       1.0849
    4213       1.0110
    4214       1.1213
    4215       0.9535
    4216       0.9194
    4217       0.9155
    4218       0.9623
    4219       0.9730
    4220       1.1161
    4221       1.0255
    4222       1.0123
    4223       1.0820
    4224       1.0104
    4225       1.0010
    4226       0.9411
    4227       1.0435
    4228       1.0197
    4229       1.0194
    4230       1.0475
    4231       0.9846
    4232       0.8492
    4233       0.8589
    4234       1.0343
    4235       1.1985
    4236       1.0086
    4237       0.8605
    4238       0.9980
    4239       0.9053
    4240       0.8796
    4241       0.8435
    4242       0.7899
    4243       0.7542
    4244       0.8985
    4245       0.8566
    4246       0.9419
    4247       0.8655
    4248       0.8469
    4249       0.8830
    4250       0.8392
    4251       0.7416
    4252       0.8604
    4253       0.7896
    4254       0.7957
    4255       0.8422
    4256       0.7865
    4257       0.8085
    4258       0.7931
    4259       0.9817
    4260       0.9821
    4261       0.9912
    4262       0.8856
    4263       0.8715
    4264       0.9666
    4265       0.9659
    4266       0.8813
    4267       0.8604
    4268       0.9412
    4269       0.9805
    4270       0.8603
    4271       0.9276
    4272       0.9430
    4273       0.9451
    4274       0.8547
    4275       0.9193
    4276       0.8474
    4277       0.8037
    4278       0.9228
    4279       1.0631
    4280       0.9426
    4281       0.8545
    4282       1.0003
    4283       0.9400
    4284       0.8753
    4285       0.8427
    4286       0.8090
    4287       0.8645
    4288       0.7944
    4289       0.9008
    4290       0.8554
    4291       0.8955
    4292       0.9866
    4293       0.9613
    4294       0.9886
    4295       0.8731
    4296       0.9377
    4297       1.0070
    4298       0.8482
    4299       0.7885
    4300       0.8936
    4301       0.9981
    4302       0.9471
    4303       0.8614
    4304       0.8683
    4305       0.8788
    4306       0.9309
    4307       0.8660
    4308       1.0168
    4309       0.9841
    4310       0.8810
    4311       1.1224
    4312       1.2105
    4313       1.1896
    4314       1.0702
    4315       1.2274
    4316       1.1423
    4317       1.2051
    4318       1.0318
    4319       1.0228
    4320       1.1280
    4321       1.1199
    4322       1.0766
    4323       0.9946
    4324       0.8901
    4325       0.9997
    4326       0.9766
    4327       0.9153
    4328       0.8696
    4329       0.8578
    4330       0.9224
    4331       0.9754
    4332       0.9191
    4333       1.0295
    4334       1.0177
    4335       1.0252
    4336       0.9067
    4337       0.9546
    4338       1.0951
    4339       1.0652
    4340       0.9987
    4341       0.9959
    4342       1.0357
    4343       0.8153
    4344       0.7874
    4345       0.7287
    4346       0.7581
    4347       0.9918
    4348       0.9383
    4349       0.8834
    4350       0.9573
    4351       0.9696
    4352       0.9292
    4353       0.8858
    4354       1.0132
    4355       0.9665
    4356       0.8603
    4357       0.8639
    4358       0.9263
    4359       0.9364
    4360       1.0102
    4361       1.0488
    4362       1.0264
    4363       1.0787
    4364       1.0629
    4365       1.0815
    4366       0.9892
    4367       0.9583
    4368       0.9744
    4369       0.9298
    4370       0.9757
    4371       0.9628
    4372       1.0425
    4373       0.9541
    4374       0.9413
    4375       0.9729
    4376       0.9929
    4377       1.0450
    4378       0.8996
    4379       1.0880
    4380       1.0723
    4381       1.0521
    4382       1.1134
    4383       1.0031
    4384       1.0685
    4385       1.1762
    4386       1.1957
    4387       1.1481
    4388       1.0534
    4389       1.0323
    4390       0.8404
    4391       0.8897
    4392       0.9731
    4393       0.9341
    4394       0.9577
    4395       1.0080
    4396       0.9274
    4397       0.9962
    4398       0.9694
    4399       0.9098
    4400       0.9561
    4401       1.0771
    4402       1.0421
    4403       1.0293
    4404       1.0191
    4405       1.0512
    4406       0.9874
    4407       0.9953
    4408       1.1193
    4409       1.1237
    4410       1.1968
    4411       1.0962
    4412       0.9961
    4413       1.1237
    4414       0.9393
    4415       1.0771
    4416       0.9438
    4417       0.8851
    4418       0.9123
    4419       0.8995
    4420       0.8715
    4421       0.8396
    4422       0.8442
    4423       0.7887
    4424       0.7323
    4425       0.8601
    4426       0.8482
    4427       0.8316
    4428       0.9233
    4429       0.9382
    4430       0.8862
    4431       0.8889
    4432       0.9520
    4433       0.8984
    4434       0.9399
    4435       0.9055
    4436       0.9193
    4437       0.8296
    4438       0.8783
    4439       0.8480
    4440       0.8695
    4441       0.9058
    4442       0.9852
    4443       1.0113
    4444       1.0210
    4445       1.0474
    4446       1.0866
    4447       0.8975
    4448       0.8994
    4449       0.9359
    4450       1.0233
    4451       1.0615
    4452       0.9608
    4453       0.8510
    4454       0.7656
    4455       0.8561
    4456       0.8613
    4457       0.9740
    4458       0.8856
    4459       0.8573
    4460       1.1080
    4461       1.1631
    4462       0.9195
    4463       0.9452
    4464       0.8994
    4465       0.9619
    4466       0.9098
    4467       0.9506
    4468       0.9644
    4469       0.8838
    4470       0.9562
    4471       0.9639
    4472       0.9911
    4473       1.0469
    4474       1.1670
    4475       1.0839
    4476       1.0307
    4477       1.0481
    4478       1.0938
    4479       0.8955
    4480       1.0957
    4481       1.1095
    4482       1.2197
    4483       1.1185
    4484       0.9219
    4485       0.7908
    4486       0.8505
    4487       0.8005
    4488       0.7834
    4489       0.7794
    4490       0.8028
    4491       0.8083
    4492       0.9359
    4493       1.0257
    4494       1.0339
    4495       1.2346
    4496       1.1444
    4497       1.2029
    4498       1.1448
    4499       1.0155
    4500       1.0911
    4501       1.0715
    4502       1.0011
    4503       0.9101
    4504       1.0055
    4505       0.9068
    4506       0.9216
    4507       0.8591
    4508       0.8276
    4509       0.7857
    4510       0.8248
    4511       0.7009
    4512       0.7566
    4513       0.7563
    4514       0.7823
    4515       0.8117
    4516       0.8142
    4517       0.8930
    4518       0.8705
    4519       0.8442
    4520       0.9118
    4521       0.9082
    4522       0.8388
    4523       0.8529
    4524       0.8941
    4525       0.8203
    4526       0.8592
    4527       0.7900
    4528       0.8525
    4529       0.9060
    4530       0.8854
    4531       0.9824
    4532       0.8841
    4533       0.8229
    4534       0.9090
    4535       0.8883
    4536       0.9693
    4537       0.9782
    4538       0.9788
    4539       1.0327
    4540       0.9278
    4541       0.8459
    4542       0.9775
    4543       1.0293
    4544       0.9187
    4545       1.0272
    4546       1.0883
    4547       1.0614
    4548       0.9697
    4549       1.1183
    4550       1.0306
    4551       1.0857
    4552       1.2105
    4553       1.2571
    4554       1.0012
    4555       0.8984
    4556       0.9214
    4557       1.0199
    4558       0.9573
    4559       0.9238
    4560       0.8981
    4561       0.9565
    4562       0.8679
    4563       0.8781
    4564       1.0080
    4565       0.9757
    4566       0.8839
    4567       1.0138
    4568       1.0263
    4569       0.9661
    4570       0.8748
    4571       0.9001
    4572       0.9566
    4573       0.8855
    4574       0.8885
    4575       0.9208
    4576       1.0165
    4577       0.7762
    4578       0.9018
    4579       0.8727
    4580       0.9783
    4581       0.8451
    4582       0.7577
    4583       0.8140
    4584       1.0170
    4585       0.8608
    4586       0.7922
    4587       0.9577
    4588       0.8909
    4589       0.9338
    4590       1.0024
    4591       0.8370
    4592       0.8846
    4593       0.8808
    4594       0.7834
    4595       0.8214
    4596       0.8031
    4597       0.9303
    4598       0.8522
    4599       0.7635
    4600       0.9085
    4601       0.9921
    4602       0.9506
    4603       0.9386
    4604       1.0284
    4605       1.0609
    4606       1.0243
    4607       1.0982
    4608       1.1490
    4609       1.1321
    4610       1.2654
    4611       1.1442
    4612       1.0792
    4613       1.0437
    4614       0.9616
    4615       0.9962
    4616       1.0413
    4617       1.0657
    4618       1.1047
    4619       1.0721
    4620       1.0955
    4621       1.1839
    4622       0.9892
    4623       1.0197
    4624       1.0510
    4625       1.0255
    4626       1.0123
    4627       1.0827
    4628       0.8566
    4629       1.0152
    4630       1.0165
    4631       0.7896
    4632       0.7756
    4633       0.8512
    4634       0.9043
    4635       0.9642
    4636       0.9672
    4637       0.8764
    4638       0.9329
    4639       0.8375
    4640       0.8784
    4641       0.8502
    4642       0.9213
    4643       0.9189
    4644       0.9172
    4645       1.0778
    4646       0.8970
    4647       0.8733
    4648       0.9705
    4649       0.9853
    4650       1.0333
    4651       0.9423
    4652       0.9346
    4653       1.0161
    4654       0.9990
    4655       1.0404
    4656       1.1335
    4657       1.2022
    4658       1.0390
    4659       1.0169
    4660       1.0434
    4661       1.0808
    4662       0.9967
    4663       0.9044
    4664       0.9532
    4665       1.0836
    4666       1.0971
    4667       1.0373
    4668       1.0220
    4669       0.9130
    4670       0.8202
    4671       0.9025
    4672       1.0193
    4673       0.9746
    4674       1.1052
    4675       1.0475
    4676       0.8945
    4677       1.0470
    4678       0.9985
    4679       0.9050
    4680       0.9965
    4681       0.9970
    4682       1.0839
    4683       1.0087
    4684       1.3391
    4685       1.1730
    4686       1.2890
    4687       1.0634
    4688       1.0792
    4689       1.1531
    4690       1.0374
    4691       1.0799
    4692       1.0849
    4693       1.0472
    4694       1.1252
    4695       1.1183
    4696       1.2267
    4697       1.0399
    4698       1.1130
    4699       1.0798
    4700       1.0717
    4701       1.0805
    4702       1.1483
    4703       0.9513
    4704       0.9646
    4705       0.9174
    4706       1.0851
    4707       1.0742
    4708       1.0319
    4709       0.9794
    4710       0.9196
    4711       0.9261
    4712       0.8520
    4713       0.8757
    4714       0.9486
    4715       1.0604
    4716       1.0249
    4717       1.0064
    4718       1.0511
    4719       0.9319
    4720       1.0348
    4721       1.0101
    4722       0.9749
    4723       0.9651
    4724       1.0532
    4725       1.1103
    4726       1.1236
    4727       1.0416
    4728       0.9454
    4729       1.0577
    4730       1.0123
    4731       1.0835
    4732       0.9859
    4733       1.0145
    4734       0.9491
    4735       1.0180
    4736       1.0594
    4737       0.9906
    4738       1.1078
    4739       0.9607
    4740       1.0309
    4741       1.2401
    4742       1.0588
    4743       0.9967
    4744       0.9062
    4745       0.9317
    4746       1.0341
    4747       0.9320
    4748       1.0623
    4749       1.0007
    4750       0.9909
    4751       1.0414
    4752       1.1116
    4753       1.0132
    4754       1.1534
    4755       0.9264
    4756       0.9744
    4757       0.9941
    4758       0.8690
    4759       0.8094
    4760       0.9170
    4761       0.8725
    4762       0.8081
    4763       0.7831
    4764       0.9365
    4765       1.0036
    4766       0.9837
    4767       1.0198
    4768       1.1048
    4769       0.9734
    4770       0.9324
    4771       0.9792
    4772       0.8210
    4773       0.9349
    4774       0.9775
    4775       0.9083
    4776       0.8514
    4777       0.8669
    4778       1.0087
    4779       1.1155
    4780       0.9845
    4781       0.9421
    4782       0.9602
    4783       0.9094
    4784       0.8356
    4785       1.0104
    4786       0.9374
    4787       0.8540
    4788       0.9816
    4789       0.9993
    4790       0.9292
    4791       0.9552
    4792       0.9819
    4793       1.0037
    4794       1.0252
    4795       1.1632
    4796       0.9060
    4797       0.9054
    4798       0.9646
    4799       1.0209
    4800       1.1203
    4801       1.1659
    4802       1.1608
    4803       1.1423
    4804       1.2621
    4805       1.1037
    4806       1.0585
    4807       1.1091
    4808       1.0218
    4809       0.9228
    4810       0.9206
    4811       0.8938
    4812       1.1907
    4813       1.1052
    4814       0.9170
    4815       1.0243
    4816       0.9611
    4817       1.0478
    4818       0.9891
    4819       1.1709
    4820       1.2360
    4821       1.1859
    4822       1.2249
    4823       1.2309
    4824       1.2024
    4825       1.1280
    4826       1.2219
    4827       1.2523
    4828       1.1824
    4829       1.1625
    4830       1.2823
    4831       1.1852
    4832       1.1812
    4833       1.1976
    4834       1.1733
    4835       1.1235
    4836       1.0642
    4837       1.0425
    4838       0.9083
    4839       0.9487
    4840       0.8970
    4841       0.9935
    4842       0.9521
    4843       0.8330
    4844       0.9918
    4845       0.9670
    4846       0.8337
    4847       0.8569
    4848       1.0445
    4849       1.0731
    4850       1.0145
    4851       0.8873
    4852       0.9591
    4853       0.8855
    4854       0.9894
    4855       0.9306
    4856       0.9198
    4857       0.8133
    4858       0.8361
    4859       0.9054
    4860       0.9000
    4861       0.8642
    4862       0.9153
    4863       0.9855
    4864       1.1119
    4865       0.9537
    4866       0.9037
    4867       0.9545
    4868       0.9026
    4869       0.8994
    4870       0.9326
    4871       0.8759
    4872       1.0052
    4873       0.9400
    4874       1.0614
    4875       1.1179
    4876       1.1141
    4877       1.0154
    4878       1.0408
    4879       1.1585
    4880       1.2762
    4881       1.0234
    4882       1.0019
    4883       0.9646
    4884       0.9897
    4885       1.0214
    4886       0.9623
    4887       1.0390
    4888       0.9854
    4889       0.9529
    4890       0.9469
    4891       1.0536
    4892       1.0828
    4893       1.1261
    4894       1.0889
    4895       1.0132
    4896       0.9676
    4897       0.9629
    4898       1.0201
    4899       0.9621
    4900       1.0589
    4901       0.9899
    4902       1.0886
    4903       1.0446
    4904       1.0578
    4905       1.0414
    4906       1.1552
    4907       1.1121
    4908       1.0094
    4909       1.1252
    4910       1.0709
    4911       1.0747
    4912       0.9928
    4913       0.8507
    4914       0.8681
    4915       0.8961
    4916       0.8795
    4917       0.7855
    4918       0.9042
    4919       0.8941
    4920       0.9230
    4921       0.9546
    4922       0.9761
    4923       0.9553
    4924       1.0274
    4925       1.0862
    4926       1.1433
    4927       0.9698
    4928       1.0364
    4929       1.0000
    4930       0.9687
    4931       1.0159
    4932       1.0094
    4933       0.8679
    4934       0.8800
    4935       0.9847
    4936       0.9963
    4937       0.9873
    4938       0.9612
    4939       0.8462
    4940       1.1043
    4941       1.1793
    4942       1.1772
    4943       1.1596
    4944       1.1629
    4945       1.0857
    4946       1.0221
    4947       1.0537
    4948       1.0561
    4949       1.0366
    4950       1.0161
    4951       1.0087
    4952       1.0519
    4953       1.2209
    4954       1.1776
    4955       1.1891
    4956       1.2334
    4957       1.0954
    4958       1.1008
    4959       1.1829
    4960       1.1407
    4961       1.2011
    4962       1.0619
    4963       1.2046
    4964       1.2071
    4965       1.1768
    4966       1.1422
    4967       1.1863
    4968       1.2278
    4969       1.2391
    4970       1.1606
    4971       1.0953
    4972       1.1072
    4973       1.0559
    4974       1.0812
    4975       1.0265
    4976       0.9377
    4977       0.9125
    4978       0.9933
    4979       0.8736
    4980       0.9797
    4981       1.0461
    4982       1.0869
    4983       1.1007
    4984       1.0152
    4985       1.0416
    4986       1.0389
    4987       0.9333
    4988       0.8681
    4989       1.0789
    4990       1.1193
    4991       0.9900
    4992       1.0195
    4993       1.0274
    4994       1.0723
    4995       1.0286
    4996       1.1152
    4997       1.0706
    4998       0.9763
    4999       0.9866
    5000       1.0067
    5001       1.0060
    5002       1.0268
    5003       0.8577
    5004       0.9419
    5005       0.8742
    5006       0.9124
    5007       0.8863
    5008       0.9104
    5009       0.9513
    5010       0.9354
    5011       0.8539
    5012       0.9237
    5013       0.8607
    5014       0.9309
    5015       0.9166
    5016       1.0646
    5017       0.9044
    5018       0.8903
    5019       0.8353
    5020       0.8640
    5021       0.9648
    5022       0.9912
    5023       0.8369
    5024       0.7643
    5025       0.8369
    5026       0.9049
    5027       1.1007
    5028       1.0617
    5029       0.9675
    5030       1.0599
    5031       0.9827
    5032       1.0222
    5033       1.0553
    5034       0.9440
    5035       0.9706
    5036       0.9197
    5037       1.0038
    5038       1.0803
    5039       1.1780
    5040       1.1670
    5041       1.0534
    5042       1.0458
    5043       1.0899
    5044       1.1088
    5045       1.0514
    5046       0.9755
    5047       0.9182
    5048       0.9586
    5049       0.9659
    5050       0.8571
    5051       0.9550
    5052       0.9478
    5053       0.9746
    5054       0.9875
    5055       0.9429
    5056       0.8689
    5057       0.9356
    5058       0.9758
    5059       1.0203
    5060       1.0094
    5061       1.0222
    5062       1.0957
    5063       1.2517
    5064       1.1170
    5065       1.1364
    5066       1.1324
    5067       1.0493
    5068       1.0635
    5069       1.0329
    5070       1.1054
    5071       1.1219
    5072       1.2218
    5073       1.2547
    5074       1.2106
    5075       1.2210
    5076       1.2868
    5077       1.3943
    5078       1.0579
    5079       1.2405
    5080       1.1628
    5081       1.1576
    5082       1.1091
    5083       1.0847
    5084       1.1703
    5085       1.0572
    5086       0.9525
    5087       1.0109
    5088       1.0901
    5089       1.2297
    5090       1.2263
    5091       1.1609
    5092       1.1568
    5093       1.2256
    5094       1.3046
    5095       1.0514
    5096       0.9796
    5097       1.0323
    5098       1.1069
    5099       1.0108
    5100       0.9049
    5101       1.0736
    5102       1.2685
    5103       1.0683
    5104       1.1116
    5105       1.2068
    5106       1.2941
    5107       1.1078
    5108       1.1140
    5109       1.1582
    5110       0.9025
    5111       0.9224
    5112       1.0439
    5113       1.0320
    5114       1.1773
    5115       0.9331
    5116       0.9537
    5117       0.9346
    5118       0.8713
    5119       0.8842
    5120       0.8868
    5121       0.9242
    5122       1.0037
    5123       1.0194
    5124       1.0724
    5125       1.0920
    5126       0.9752
    5127       1.0021
    5128       0.9555
    5129       0.9197
    5130       0.8337
    5131       0.9173
    5132       0.8840
    5133       1.0729
    5134       0.8748
    5135       0.9502
    5136       1.0463
    5137       1.1288
    5138       1.1719
    5139       0.9882
    5140       1.0859
    5141       1.0580
    5142       1.1056
    5143       1.0392
    5144       1.0499
    5145       1.0149
    5146       1.0441
    5147       1.0864
    5148       1.0078
    5149       0.9389
    5150       0.9996
    5151       1.0871
    5152       1.0244
    5153       1.0937
    5154       1.1301
    5155       0.9926
    5156       1.1007
    5157       1.0140
    5158       1.0734
    5159       0.9931
    5160       1.0755
    5161       1.0523
    5162       1.0711
    5163       0.8297
    5164       0.9845
    5165       1.0835
    5166       1.0229
    5167       0.9877
    5168       1.2456
    5169       1.1815
    5170       1.0701
    5171       0.9923
    5172       0.8799
    5173       0.9527
    5174       1.0568
    5175       1.1112
    5176       1.0390
    5177       0.9947
    5178       0.9591
    5179       0.8867
    5180       0.8956
    5181       0.9708
    5182       1.2250
    5183       1.2405
    5184       1.1850
    5185       1.1955
    5186       1.1032
    5187       1.2421
    5188       1.1731
    5189       1.2060
    5190       1.1222
    5191       1.1314
    5192       1.1588
    5193       1.2677
    5194       1.3690
    5195       1.2983
    5196       1.2268
    5197       1.1123
    5198       1.0572
    5199       1.0748
    5200       0.9291
    5201       1.0576
    5202       1.1157
    5203       1.1504
    5204       1.1783
    5205       1.1643
    5206       1.2177
    5207       1.1962
    5208       1.2359
    5209       1.1603
    5210       1.1523
    5211       1.0586
    5212       1.1977
    5213       1.1202
    5214       1.1699
    5215       1.0511
    5216       1.0367
    5217       1.1093
    5218       1.1238
    5219       1.1245
    5220       1.1293
    5221       1.3030
    5222       1.0005
    5223       1.0923
    5224       1.1201
    5225       1.2557
    5226       1.1929
    5227       1.2938
    5228       1.0909
    5229       1.0474
    5230       1.0911
    5231       1.1240
    5232       1.1035
    5233       1.1909
    5234       1.1106
    5235       1.0257
    5236       1.0545
    5237       1.0188
    5238       1.0394
    5239       0.9304
    5240       0.9346
    5241       1.0662
    5242       1.0099
    5243       0.9629
    5244       1.0422
    5245       0.9916
    5246       1.1189
    5247       1.0314
    5248       1.0417
    5249       1.0270
    5250       1.0671
    5251       1.0442
    5252       1.0320
    5253       1.0181
    5254       0.9818
    5255       1.0858
    5256       1.0360
    5257       1.0601
    5258       1.0750
    5259       0.9825
    5260       0.9790
    5261       1.0338
    5262       1.0845
    5263       0.9448
    5264       0.8620
    5265       0.9890
    5266       1.0427
    5267       0.9958
    5268       0.9323
    5269       1.0527
    5270       0.9477
    5271       0.9857
    5272       1.0398
    5273       1.1135
    5274       1.0674
    5275       1.0191
    5276       1.0314
    5277       1.0328
    5278       0.9429
    5279       1.0332
    5280       0.9052
    5281       0.9951
    5282       1.1258
    5283       1.0773
    5284       1.0476
    5285       0.9686
    5286       1.0404
    5287       1.0268
    5288       1.0427
    5289       1.0437
    5290       1.0212
    5291       1.1312
    5292       1.0724
    5293       1.0572
    5294       1.0649
    5295       0.9780
    5296       1.0073
    5297       0.9741
    5298       0.9406
    5299       1.1381
    5300       1.2634
    5301       1.1704
    5302       1.2181
    5303       1.0814
    5304       1.0330
    5305       1.0491
    5306       1.1005
    5307       1.1052
    5308       1.1616
    5309       1.0188
    5310       0.9791
    5311       1.1206
    5312       1.0942
    5313       1.0357
    5314       1.0292
    5315       0.9814
    5316       1.0476
    5317       1.0594
    5318       1.0050
    5319       1.1223
    5320       1.1527
    5321       1.2382
    5322       1.1578
    5323       1.2336
    5324       1.1487
    5325       1.1182
    5326       1.1017
    5327       1.2396
    5328       1.2768
    5329       1.2221
    5330       1.1968
    5331       1.1006
    5332       1.2241
    5333       1.1719
    5334       0.9797
    5335       1.0291
    5336       1.0951
    5337       0.9899
    5338       0.9318
    5339       0.9389
    5340       1.0336
    5341       1.0492
    5342       0.8783
    5343       0.8956
    5344       0.8890
    5345       1.0761
    5346       0.9713
    5347       1.0219
    5348       1.1481
    5349       1.0078
    5350       1.0590
    5351       1.1938
    5352       1.2941
    5353       0.9870
    5354       1.0932
    5355       1.1048
    5356       1.1586
    5357       1.1078
    5358       1.0290
    5359       0.9356
    5360       0.9573
    5361       1.0599
    5362       0.9575
    5363       0.8593
    5364       0.8006
    5365       0.9542
    5366       0.8530
    5367       0.9330
    5368       0.9272
    5369       0.9380
    5370       1.1942
    5371       1.0579
    5372       1.1036
    5373       1.0169
    5374       1.0774
    5375       0.9833
    5376       0.9843
    5377       1.1726
    5378       1.1655
    5379       1.1114
    5380       1.1546
    5381       1.0360
    5382       1.2433
    5383       1.3217
    5384       1.1346
    5385       1.1865
    5386       1.1145
    5387       1.1036
    5388       1.0046
    5389       1.0855
    5390       1.0534
    5391       1.0738
    5392       1.0202
    5393       1.1330
    5394       0.9529
    5395       1.1342
    5396       0.9703
    5397       1.0691
    5398       1.1083
    5399       1.0384
    5400       1.1297
    5401       0.9642
    5402       0.9296
    5403       0.9297
    5404       1.1425
    5405       1.0026
    5406       0.8701
    5407       0.8378
    5408       0.9465
    5409       0.9095
    5410       0.8413
    5411       0.9436
    5412       0.9465
    5413       1.1032
    5414       1.0832
    5415       1.1303
    5416       1.0820
    5417       1.1351
    5418       1.1325
    5419       1.2887
    5420       1.2465
    5421       1.1276
    5422       1.0075
    5423       1.0001
    5424       1.0475
    5425       1.0360
    5426       1.0852
    5427       1.0330
    5428       1.0836
    5429       0.9811
    5430       0.9691
    5431       0.9520
    5432       1.0209
    5433       0.9530
    5434       1.0193
    5435       0.9315
    5436       0.9839
    5437       0.8792
    5438       0.9809
    5439       0.9126
    5440       0.9221
    5441       0.8664
    5442       0.9213
    5443       0.9272
    5444       1.0385
    5445       0.8741
    5446       1.1248
    5447       0.9910
    5448       1.0809
    5449       0.9559
    5450       0.7761
    5451       0.8516
    5452       0.8854
    5453       0.8480
    5454       1.0582
    5455       0.9101
    5456       0.9287
    5457       0.8678
    5458       0.8653
    5459       0.8903
    5460       0.9080
    5461       0.9742
    5462       0.9190
    5463       1.0067
    5464       0.9748
    5465       0.8210
    5466       0.8376
    5467       0.8785
    5468       0.9903
    5469       1.0080
    5470       1.0479
    5471       0.8378
    5472       0.8393
    5473       0.8901
    5474       0.8581
    5475       0.7980
    5476       0.9029
    5477       0.9826
    5478       1.0023
    5479       0.9200
    5480       0.9762
    5481       1.0512
    5482       0.9784
    5483       1.0797
    5484       1.0950
    5485       1.0489
    5486       1.1782
    5487       1.1440
    5488       1.0571
    5489       1.2277
    5490       1.0539
    5491       1.0636
    5492       0.8642
    5493       1.0082
    5494       0.9781
    5495       1.1367
    5496       0.9623
    5497       0.8938
    5498       0.8708
    5499       0.9995
    5500       0.9897
    5501       0.8993
    5502       0.9028
    5503       0.8708
    5504       0.9136
    5505       0.9114
    5506       1.0207
    5507       1.0438
    5508       0.8613
    5509       0.8266
    5510       0.9187
    5511       1.0010
    5512       0.8607
    5513       0.8703
    5514       0.8353
    5515       0.8379
    5516       1.0395
    5517       1.0474
    5518       0.9988
    5519       0.9777
    5520       0.9420
    5521       0.9047
    5522       1.0687
    5523       1.0403
    5524       1.0359
    5525       1.0729
    5526       1.1701
    5527       1.0828
    5528       1.1438
    5529       1.0865
    5530       1.1115
    5531       1.1549
    5532       1.0389
    5533       1.1374
    5534       1.0606
    5535       0.9742
    5536       0.9391
    5537       0.9901
    5538       1.0794
    5539       1.0463
    5540       1.0230
    5541       1.1519
    5542       1.0583
    5543       1.1437
    5544       1.0445
    5545       1.0908
    5546       1.0944
    5547       0.9804
    5548       1.0123
    5549       0.9578
    5550       0.9210
    5551       0.8868
    5552       0.7285
    5553       0.8379
    5554       0.8290
    5555       0.8423
    5556       0.7769
    5557       0.8578
    5558       0.9789
    5559       0.8677
    5560       0.8729
    5561       0.8006
    5562       0.9079
    5563       0.9471
    5564       0.8644
    5565       0.9002
    5566       0.9541
    5567       1.1068
    5568       1.0130
    5569       1.0265
    5570       1.0124
    5571       0.9794
    5572       0.9035
    5573       0.9808
    5574       0.9329
    5575       0.9119
    5576       0.9216
    5577       0.9635
    5578       0.9847
    5579       0.9054
    5580       0.9406
    5581       0.9523
    5582       0.8803
    5583       0.9846
    5584       0.9258
    5585       0.9617
    5586       0.9716
    5587       0.9019
    5588       0.9156
    5589       1.0048
    5590       0.9745
    5591       0.9908
    5592       0.9320
    5593       0.9012
    5594       0.9717
    5595       0.9357
    5596       0.9207
    5597       0.8866
    5598       0.9763
    5599       0.9280
    5600       0.8639
    5601       0.8700
    5602       0.8781
    5603       0.8091
    5604       1.0048
    5605       0.8641
    5606       0.9729
    5607       0.9352
    5608       0.8318
    5609       0.7959
    5610       0.7979
    5611       0.7539
    5612       0.8000
    5613       0.7972
    5614       0.8808
    5615       0.8641
    5616       0.8464
    5617       0.8578
    5618       0.8786
    5619       0.9191
    5620       0.8340
    5621       0.8357
    5622       0.9325
    5623       0.9056
    5624       1.0101
    5625       0.9499
    5626       0.8531
    5627       0.9381
    5628       0.9632
    5629       0.9810
    5630       1.0115
    5631       0.9277
    5632       0.9722
    5633       1.0272
    5634       1.0239
    5635       1.0249
    5636       1.1098
    5637       0.9938
    5638       1.0732
    5639       1.0183
    5640       1.0819
    5641       1.1650
    5642       1.1409
    5643       1.2293
    5644       1.3002
    5645       1.3026
    5646       1.2568
    5647       1.1983
    5648       1.1390
    5649       1.2207
    5650       1.3387
    5651       1.2609
    5652       1.2399
    5653       1.2861
    5654       1.1842
    5655       1.1733
    5656       1.0710
    5657       1.0669
    5658       1.0375
    5659       1.0371
    5660       0.9899
    5661       1.0328
    5662       0.9495
    5663       1.0121
    5664       0.9852
    5665       1.0040
    5666       0.9506
    5667       0.8882
    5668       1.0593
    5669       0.9232
    5670       0.8333
    5671       0.8757
    5672       0.8691
    5673       0.8825
    5674       0.8768
    5675       0.8928
    5676       0.8390
    5677       0.9318
    5678       0.8375
    5679       0.8626
    5680       0.8545
    5681       0.8819
    5682       0.9615
    5683       0.9441
    5684       0.9219
    5685       0.9163
    5686       0.9888
    5687       0.9158
    5688       0.9560
    5689       0.8817
    5690       0.9410
    5691       1.0001
    5692       0.9985
    5693       0.8933
    5694       0.8846
    5695       0.8480
    5696       1.0207
    5697       1.0129
    5698       1.0356
    5699       0.8639
    5700       0.7986
    5701       0.8350
    5702       0.8634
    5703       0.8321
    5704       0.8455
    5705       0.9088
    5706       1.0206
    5707       1.0812
    5708       0.9994
    5709       0.8926
    5710       0.8031
    5711       0.8315
    5712       0.9451
    5713       1.0062
    5714       0.9672
    5715       1.1367
    5716       1.0819
    5717       0.9280
    5718       0.9698
    5719       1.1546
    5720       1.0470
    5721       1.1584
    5722       1.0550
    5723       1.1650
    5724       1.0877
    5725       1.1605
    5726       1.1593
    5727       1.0321
    5728       1.0774
    5729       1.1135
    5730       1.1361
    5731       1.1260
    5732       1.2181
    5733       1.2723
    5734       1.1080
    5735       1.0625
    5736       1.1300
    5737       1.1166
    5738       1.1508
    5739       1.1948
    5740       1.3029
    5741       1.0290
    5742       1.0007
    5743       1.0812
    5744       1.0628
    5745       1.2117
    5746       1.0495
    5747       1.0909
    5748       1.1366
    5749       1.2029
    5750       1.1135
    5751       1.1025
    5752       1.0618
    5753       1.1223
    5754       1.1207
    5755       1.1024
    5756       1.1175
    5757       1.0467
    5758       0.9819
    5759       0.9968
    5760       1.0611
    5761       1.0381
    5762       0.9868
    5763       1.1624
    5764       1.1450
    5765       1.1249
    5766       1.0316
    5767       1.0481
    5768       1.1177
    5769       0.9492
    5770       1.0763
    5771       1.0116
    5772       1.0235
    5773       0.9712
    5774       1.1121
    5775       1.1286
    5776       1.0621
    5777       1.1354
    5778       1.1484
    5779       0.9939
    5780       1.1166
    5781       1.2268
    5782       1.0384
    5783       1.1341
    5784       1.2320
    5785       1.2691
    5786       1.1139
    5787       1.0185
    5788       0.9107
    5789       1.0048
    5790       0.8417
    5791       0.9042
    5792       0.9881
    5793       0.9811
    5794       0.9163
    5795       0.8642
    5796       0.9477
    5797       0.8151
    5798       0.9178
    5799       0.9543
    5800       1.1554
    5801       0.8529
    5802       0.8091
    5803       0.7715
    5804       0.7750
    5805       0.7484
    5806       0.9179
    5807       1.1713
    5808       1.1875
    5809       1.0905
    5810       1.0522
    5811       1.0747
    5812       1.1225
    5813       1.0372
    5814       1.0001
    5815       1.0744
    5816       1.0988
    5817       1.1399
    5818       1.0848
    5819       1.1913
    5820       1.0934
    5821       1.0997
    5822       1.0679
    5823       1.1382
    5824       1.2259
    5825       1.1537
    5826       0.9252
    5827       0.9120
    5828       1.0123
    5829       1.0317
    5830       1.0984
    5831       1.1371
    5832       1.0985
    5833       1.1596
    5834       0.9692
    5835       1.0366
    5836       0.9723
    5837       1.0402
    5838       1.0256
    5839       1.0219
    5840       0.9354
    5841       1.0590
    5842       0.9489
    5843       0.9317
    5844       0.9812
    5845       1.0222
    5846       1.0817
    5847       1.0230
    5848       0.9922
    5849       1.0392
    5850       1.0715
    5851       1.0842
    5852       1.0153
    5853       1.1080
    5854       1.2054
    5855       1.1949
    5856       1.2682
    5857       1.0855
    5858       1.2062
    5859       1.1377
    5860       1.2737
    5861       1.1054
    5862       1.1517
    5863       1.2983
    5864       1.3774
    5865       1.3344
    5866       1.3796
    5867       1.3011
    5868       1.2419
    5869       1.2073
    5870       1.2932
    5871       1.2794
    5872       1.3363
    5873       1.1815
    5874       1.1586
    5875       1.1600
    5876       1.1955
    5877       1.2207
    5878       1.3042
    5879       1.2362
    5880       1.3089
    5881       1.2706
    5882       1.2910
    5883       1.2155
    5884       1.1977
    5885       1.1990
    5886       1.2073
    5887       1.2444
    5888       1.3187
    5889       1.0883
    5890       0.9919
    5891       1.0622
    5892       1.0220
    5893       1.1095
    5894       1.0366
    5895       1.1136
    5896       1.1311
    5897       1.1776
    5898       1.2995
    5899       1.3153
    5900       1.1536
    5901       1.3224
    5902       1.1900
    5903       1.2956
    5904       1.4998
    5905       1.4223
    5906       1.4651
    5907       1.2227
    5908       1.4126
    5909       1.3743
    5910       1.2751
    5911       1.2126
    5912       1.1726
    5913       1.2814
    5914       1.1582
    5915       1.2339
    5916       1.2506
    5917       1.2069
    5918       1.3057
    5919       1.4444
    5920       1.3050
    5921       1.1384
    5922       1.2290
    5923       1.1557
    5924       1.1240
    5925       1.0171
    5926       1.0605
    5927       1.0562
    5928       1.0793
    5929       1.0887
    5930       1.1372
    5931       1.1764
    5932       1.0573
    5933       1.1147
    5934       1.1495
    5935       1.1140
    5936       1.1146
    5937       1.1709
    5938       1.2261
    5939       1.1066
    5940       1.2326
    5941       1.1512
    5942       1.1009
    5943       1.0668
    5944       1.0506
    5945       1.0943
    5946       1.1016
    5947       1.0705
    5948       1.1901
    5949       1.0548
    5950       1.1510
    5951       1.2127
    5952       1.1419
    5953       1.0917
    5954       1.0227
    5955       1.0811
    5956       0.9191
    5957       1.0686
    5958       1.1050
    5959       1.2012
    5960       1.0101
    5961       1.1943
    5962       1.2415
    5963       1.1098
    5964       1.0784
    5965       1.1210
    5966       1.1141
    5967       1.0527
    5968       1.0513
    5969       1.0361
    5970       1.0509
    5971       1.0047
    5972       1.1025
    5973       1.2522
    5974       1.1911
    5975       1.1858
    5976       1.2790
    5977       1.1713
    5978       1.2814
    5979       1.2681
    5980       1.1084
    5981       1.2258
    5982       1.2262
    5983       1.2185
    5984       1.1673
    5985       1.1391
    5986       1.2103
    5987       1.3033
    5988       1.2960
    5989       1.2351
    5990       1.3341
    5991       1.2826
    5992       1.1311
    5993       1.0932
    5994       1.1774
    5995       1.2514
    5996       1.2471
    5997       1.2184
    5998       1.3315
    5999       1.3427
    6000       1.3017
    6001       1.2807
    6002       1.3826
    6003       1.2604
    6004       1.0409
    6005       1.1141
    6006       1.2263
    6007       1.3263
    6008       1.1332
    6009       1.3085
    6010       1.2901
    6011       1.2930
    6012       1.3185
    6013       1.2028
    6014       1.3991
    6015       1.3525
    6016       1.3059
    6017       1.1664
    6018       1.2015
    6019       1.2134
    6020       1.2449
    6021       1.1356
    6022       1.0409
    6023       1.0276
    6024       1.0794
    6025       0.9144
    6026       0.9648
    6027       1.0026
    6028       1.1186
    6029       1.1804
    6030       1.1864
    6031       1.2204
    6032       1.3138
    6033       1.2301
    6034       1.2606
    6035       1.2730
    6036       1.1732
    6037       1.1821
    6038       1.1677
    6039       1.0783
    6040       1.1028
    6041       1.0033
    6042       1.0688
    6043       0.9621
    6044       1.1355
    6045       1.1587
    6046       1.0239
    6047       1.0722
    6048       1.0127
    6049       0.9844
    6050       1.1039
    6051       1.1163
    6052       1.1530
    6053       1.0552
    6054       1.0386
    6055       1.0796
    6056       1.0939
    6057       1.2573
    6058       1.1821
    6059       1.0623
    6060       1.0851
    6061       1.2172
    6062       1.2141
    6063       1.1809
    6064       1.1974
    6065       1.2834
    6066       1.1569
    6067       1.1166
    6068       1.1698
    6069       1.0682
    6070       1.1847
    6071       1.2538
    6072       1.3177
    6073       1.1408
    6074       1.0755
    6075       1.1765
    6076       1.3179
    6077       1.2648
    6078       1.3124
    6079       1.3392
    6080       1.3452
    6081       1.2981
    6082       1.2994
    6083       1.2317
    6084       1.1917
    6085       1.2016
    6086       1.2748
    6087       1.3245
    6088       1.2722
    6089       1.3769
    6090       1.2822
    6091       1.2608
    6092       1.3108
    6093       1.2574
    6094       1.2171
    6095       1.0683
    6096       1.1013
    6097       1.2717
    6098       1.2541
    6099       1.3515
    6100       1.3978
    6101       1.2227
    6102       1.1328
    6103       1.0673
    6104       1.0665
    6105       1.1289
    6106       1.2815
    6107       1.3106
    6108       1.3186
    6109       1.3189
    6110       1.3388
    6111       1.3774
    6112       1.4460
    6113       1.3980
    6114       1.4188
    6115       1.4340
    6116       1.4227
    6117       1.3676
    6118       1.3778
    6119       1.3783
    6120       1.3865
    6121       1.3685
    6122       1.2964
    6123       1.3971
    6124       1.4031
    6125       1.4730
    6126       1.4772
    6127       1.4774
    6128       1.4757
    6129       1.4685
    6130       1.4607
    6131       1.4438
    6132       1.3240
    6133       1.3620
    6134       1.4415
    6135       1.3966
    6136       1.5056
    6137       1.4180
    6138       1.5270
    6139       1.4132
    6140       1.3813
    6141       1.4916
    6142       1.4105
    6143       1.2465
    6144       1.3535
    6145       1.3374
    6146       1.3515
    6147       1.3726
    6148       1.4308
    6149       1.3210
    6150       1.2430
    6151       1.2408
    6152       1.1729
    6153       1.1209
    6154       1.1616
    6155       1.2622
    6156       1.3574
    6157       1.2890
    6158       1.3058
    6159       1.2171
    6160       1.3125
    6161       1.3611
    6162       1.3559
    6163       1.4629
    6164       1.3961
    6165       1.5838
    6166       1.5797
    6167       1.5111
    6168       1.5777
    6169       1.4268
    6170       1.4942
    6171       1.3952
    6172       1.4349
    6173       1.4720
    6174       1.5192
    6175       1.4785
    6176       1.4930
    6177       1.5928
    6178       1.6379
    6179       1.5247
    6180       1.3832
    6181       1.4819
    6182       1.5066
    6183       1.4675
    6184       1.4692
    6185       1.3835
    6186       1.4196
    6187       1.3410
    6188       1.6111
    6189       1.4782
    6190       1.3657
    6191       1.3740
    6192       1.3162
    6193       1.2307
    6194       1.1340
    6195       1.1793
    6196       1.1578
    6197       1.0408
    6198       1.1010
    6199       1.2043
    6200       1.1511
    6201       1.2723
    6202       1.1491
    6203       1.1173
    6204       1.0755
    6205       1.0250
    6206       1.0644
    6207       1.2078
    6208       1.2073
    6209       1.1945
    6210       1.1835
    6211       1.1747
    6212       1.1503
    6213       1.1482
    6214       1.3333
    6215       1.3515
    6216       1.1813
    6217       1.1507
    6218       1.2949
    6219       1.2382
    6220       1.2069
    6221       1.2399
    6222       1.2732
    6223       1.1332
    6224       1.0551
    6225       1.1347
    6226       1.1297
    6227       1.1339
    6228       1.1203
    6229       1.0538
    6230       1.1223
    6231       1.1555
    6232       1.0496
    6233       1.2172
    6234       1.2167
    6235       1.2566
    6236       1.3049
    6237       1.2553
    6238       1.3005
    6239       1.1936
    6240       1.1747
    6241       1.0993
    6242       1.2593
    6243       1.1826
    6244       1.2838
    6245       1.1990
    6246       1.1300
    6247       1.1707
    6248       1.1901
    6249       1.1105
    6250       1.2130
    6251       1.3800
    6252       1.3799
    6253       1.1965
    6254       1.2179
    6255       1.1778
    6256       1.1218
    6257       1.1322
    6258       1.3233
    6259       1.4602
    6260       1.3674
    6261       1.4977
    6262       1.3798
    6263       1.4826
    6264       1.4449
    6265       1.6365
    6266       1.6248
    6267       1.4464
    6268       1.3732
    6269       1.5974
    6270       1.4995
    6271       1.4296
    6272       1.5634
    6273       1.5353
    6274       1.5850
    6275       1.6551
    6276       1.4281
    6277       1.3081
    6278       1.3820
    6279       1.2668
    6280       1.4126
    6281       1.5065
    6282       1.3685
    6283       1.2792
    6284       1.2994
    6285       1.3180
    6286       1.3280
    6287       1.4149
    6288       1.2488
    6289       1.3245
    6290       1.3315
    6291       1.4224
    6292       1.3711
    6293       1.4150
    6294       1.3414
    6295       1.3578
    6296       1.4258
    6297       1.5584
    6298       1.5921
    6299       1.4452
    6300       1.4680
    6301       1.6686
    6302       1.5230
    6303       1.6073
    6304       1.6934
    6305       1.7268
    6306       1.5825
    6307       1.4182
    6308       1.4279
    6309       1.7559
    6310       1.7331
    6311       1.6309
    6312       1.4888
    6313       1.7556
    6314       1.5249
    6315       1.4470
    6316       1.5213
    6317       1.4156
    6318       1.5683
    6319       1.5107
    6320       1.6154
    6321       1.5832
    6322       1.4602
    6323       1.5358
    6324       1.5767
    6325       1.4491
    6326       1.2944
    6327       1.4466
    6328       1.2909
    6329       1.3786
    6330       1.3455
    6331       1.2992
    6332       1.3270
    6333       1.3341
    6334       1.2356
    6335       1.2247
    6336       1.2463
    6337       1.1148
    6338       1.2781
    6339       1.3868
    6340       1.1462
    6341       1.3117
    6342       1.2785
    6343       1.3062
    6344       1.2490
    6345       1.1099
    6346       1.2099
    6347       1.2486
    6348       1.2472
    6349       1.2148
    6350       1.1726
    6351       1.0920
    6352       1.0111
    6353       1.1632
    6354       1.1917
    6355       1.1807
    6356       1.1224
    6357       1.1486
    6358       1.1917
    6359       1.1987
    6360       1.1318
    6361       1.1821
    6362       1.0961
    6363       1.0838
    6364       1.0346
    6365       1.0533
    6366       1.0243
    6367       0.9813
    6368       1.0151
    6369       1.0132
    6370       0.9489
    6371       1.0747
    6372       1.0449
    6373       1.0857
    6374       1.0039
    6375       1.0299
    6376       1.0363
    6377       1.0925
    6378       1.1299
    6379       1.0402
    6380       1.0961
    6381       1.0109
    6382       1.0473
    6383       1.0768
    6384       1.0564
    6385       1.1901
    6386       1.1978
    6387       1.2579
    6388       1.3180
    6389       1.2975
    6390       1.3420
    6391       1.1001
    6392       1.1650
    6393       1.1532
    6394       1.1035
    6395       1.0587
    6396       1.0230
    6397       1.0378
    6398       0.9618
    6399       1.1131
    6400       1.1480
    6401       1.0619
    6402       1.0552
    6403       0.9901
    6404       1.0115
    6405       1.0419
    6406       1.1170
    6407       1.1179
    6408       1.1674
    6409       1.0259
    6410       1.1042
    6411       1.1199
    6412       1.0942
    6413       1.1100
    6414       1.2403
    6415       1.1790
    6416       1.0906
    6417       0.9698
    6418       1.0926
    6419       1.1499
    6420       1.0466
    6421       0.9956
    6422       1.0489
    6423       1.0409
    6424       1.1997
    6425       1.1627
    6426       1.1691
    6427       1.1665
    6428       1.2061
    6429       1.1708
    6430       1.2226
    6431       1.1864
    6432       1.1911
    6433       1.2209
    6434       1.1789
    6435       1.2125
    6436       1.2662
    6437       1.3271
    6438       1.3885
    6439       1.3245
    6440       1.2935
    6441       1.1792
    6442       1.1718
    6443       1.1659
    6444       1.2939
    6445       1.3210
    6446       1.2158
    6447       1.1548
    6448       1.2217
    6449       1.2140
    6450       1.0740
    6451       1.0619
    6452       1.1031
    6453       1.0772
    6454       1.1613
    6455       1.1106
    6456       1.2382
    6457       1.2882
    6458       1.2104
    6459       1.1234
    6460       1.1415
    6461       1.1340
    6462       1.1145
    6463       1.1598
    6464       1.1486
    6465       1.1863
    6466       1.1011
    6467       1.0849
    6468       1.3207
    6469       1.1758
    6470       1.1770
    6471       1.1525
    6472       1.1600
    6473       1.2520
    6474       1.2992
    6475       1.1489
    6476       1.1699
    6477       1.2199
    6478       1.1526
    6479       1.3205
    6480       1.1346
    6481       1.0636
    6482       1.0552
    6483       1.1349
    6484       1.1093
    6485       1.1882
    6486       1.2229
    6487       1.1449
    6488       1.1952
    6489       1.1955
    6490       1.1667
    6491       1.1506
    6492       1.0594
    6493       1.0462
    6494       1.1265
    6495       1.0362
    6496       1.0149
    6497       1.1278
    6498       1.1019
    6499       1.1712
    6500       1.1418
    6501       1.1306
    6502       1.1313
    6503       1.1849
    6504       1.0592
    6505       1.2203
    6506       1.1371
    6507       1.0702
    6508       1.0913
    6509       1.1199
    6510       1.1330
    6511       1.1471
    6512       0.9455
    6513       1.0395
    6514       1.1108
    6515       1.0515
    6516       1.1065
    6517       1.0508
    6518       1.0261
    6519       1.0513
    6520       1.0761
    6521       1.1779
    6522       1.1733
    6523       1.0894
    6524       1.1741
    6525       1.1158
    6526       1.0701
    6527       1.1427
    6528       1.2091
    6529       1.2781
    6530       1.2496
    6531       1.3197
    6532       1.2237
    6533       1.2280
    6534       1.2612
    6535       1.2509
    6536       1.1885
    6537       1.2925
    6538       1.3002
    6539       1.0737
    6540       1.1151
    6541       1.2338
    6542       1.1805
    6543       1.3490
    6544       1.2697
    6545       1.3796
    6546       1.2268
    6547       1.2580
    6548       1.1204
    6549       1.2073
    6550       1.0820
    6551       1.0485
    6552       1.0749
    6553       0.9793
    6554       1.1256
    6555       1.0506
    6556       1.0378
    6557       1.0446
    6558       1.0375
    6559       1.1963
    6560       1.2270
    6561       1.1329
    6562       1.0089
    6563       1.1616
    6564       1.1424
    6565       1.1279
    6566       1.1360
    6567       1.0885
    6568       1.1392
    6569       1.0836
    6570       1.1387
    6571       1.1336
    6572       1.1871
    6573       1.1577
    6574       1.1352
    6575       1.2412
    6576       1.2759
    6577       1.2240
    6578       1.3141
    6579       1.3935
    6580       1.2469
    6581       1.2089
    6582       1.2717
    6583       1.2389
    6584       1.3213
    6585       1.3414
    6586       1.2917
    6587       1.3246
    6588       1.1473
    6589       1.2547
    6590       1.1593
    6591       1.2317
    6592       1.2405
    6593       1.1879
    6594       1.2183
    6595       1.2851
    6596       1.2580
    6597       1.3287
    6598       1.3975
    6599       1.2265
    6600       1.2472
    6601       1.1899
    6602       1.1397
    6603       1.1069
    6604       1.1049
    6605       1.0880
    6606       1.1124
    6607       1.1077
    6608       1.1140
    6609       1.1266
    6610       1.0525
    6611       1.1566
    6612       1.1682
    6613       1.4218
    6614       1.4600
    6615       1.2258
    6616       1.1590
    6617       1.2445
    6618       1.3313
    6619       1.3345
    6620       1.2685
    6621       1.4399
    6622       1.3353
    6623       1.2630
    6624       1.1344
    6625       1.1936
    6626       1.1909
    6627       1.1166
    6628       0.9957
    6629       1.1748
    6630       1.1537
    6631       1.1480
    6632       1.2579
    6633       1.3193
    6634       1.0925
    6635       1.0522
    6636       1.1415
    6637       1.0616
    6638       1.0607
    6639       1.1106
    6640       1.0524
    6641       1.0607
    6642       1.1679
    6643       1.0950
    6644       1.1885
    6645       1.1149
    6646       1.0506
    6647       1.1111
    6648       1.0913
    6649       1.0864
    6650       1.0724
    6651       1.0165
    6652       0.9778
    6653       1.1382
    6654       1.1421
    6655       1.1946
    6656       1.1804
    6657       1.1619
    6658       1.1525
    6659       1.2339
    6660       1.2772
    6661       1.3183
    6662       1.2605
    6663       1.4253
    6664       1.3546
    6665       1.3572
    6666       1.4338
    6667       1.5994
    6668       1.3995
    6669       1.2531
    6670       1.4066
    6671       1.3903
    6672       1.3285
    6673       1.3200
    6674       1.3453
    6675       1.2751
    6676       1.2550
    6677       1.2546
    6678       1.3397
    6679       1.3608
    6680       1.5634
    6681       1.7081
    6682       1.5308
    6683       1.6175
    6684       1.7585
    6685       1.6958
    6686       1.6162
    6687       1.5963
    6688       1.6351
    6689       1.6075
    6690       1.4457
    6691       1.4290
    6692       1.4391
    6693       1.5423
    6694       1.5049
    6695       1.4439
    6696       1.4784
    6697       1.2847
    6698       1.4645
    6699       1.4602
    6700       1.4801
    6701       1.5500
    6702       1.5403
    6703       1.6132
    6704       1.5112
    6705       1.5739
    6706       1.6253
    6707       1.5546
    6708       1.5621
    6709       1.5013
    6710       1.7435
    6711       1.6695
    6712       1.6095
    6713       1.5201
    6714       1.5736
    6715       1.3322
    6716       1.4693
    6717       1.6372
    6718       1.5341
    6719       1.5332
    6720       1.5964
    6721       1.5831
    6722       1.5682
    6723       1.6494
    6724       1.7112
    6725       1.7747
    6726       1.6990
    6727       1.6227
    6728       1.4647
    6729       1.4419
    6730       1.5367
    6731       1.5065
    6732       1.4551
    6733       1.3851
    6734       1.2649
    6735       1.3328
    6736       1.1924
    6737       1.1441
    6738       1.1821
    6739       1.2341
    6740       1.3506
    6741       1.4590
    6742       1.3444
    6743       1.2794
    6744       1.4299
    6745       1.3794
    6746       1.3536
    6747       1.3181
    6748       1.2045
    6749       1.3112
    6750       1.2417
    6751       1.3636
    6752       1.3196
    6753       1.3433
    6754       1.3138
    6755       1.4226
    6756       1.5156
    6757       1.6453
    6758       1.4370
    6759       1.5046
    6760       1.4877
    6761       1.4147
    6762       1.3166
    6763       1.5150
    6764       1.5902
    6765       1.3967
    6766       1.2457
    6767       1.4381
    6768       1.4622
    6769       1.3855
    6770       1.4087
    6771       1.5279
    6772       1.4554
    6773       1.5084
    6774       1.4518
    6775       1.3886
    6776       1.3228
    6777       1.4516
    6778       1.3706
    6779       1.3392
    6780       1.3544
    6781       1.5749
    6782       1.5738
    6783       1.7296
    6784       1.6601
    6785       1.6220
    6786       1.6808
    6787       1.6307
    6788       1.6442
    6789       1.7152
    6790       1.4964
    6791       1.4191
    6792       1.5870
    6793       1.6299
    6794       1.7388
    6795       1.7137
    6796       1.6729
    6797       1.7106
    6798       1.6700
    6799       1.5406
    6800       1.6077
    6801       1.6165
    6802       1.6700
    6803       1.6189
    6804       1.5174
    6805       1.4043
    6806       1.3515
    6807       1.4595
    6808       1.3698
    6809       1.2745
    6810       1.2425
    6811       1.2040
    6812       1.3636
    6813       1.2945
    6814       1.1946
    6815       1.2847
    6816       1.4286
    6817       1.3994
    6818       1.5390
    6819       1.5057
    6820       1.5377
    6821       1.2609
    6822       1.1256
    6823       1.2330
    6824       1.1080
    6825       1.2072
    6826       1.1459
    6827       1.0921
    6828       1.1148
    6829       1.2165
    6830       1.2960
    6831       1.2906
    6832       1.3383
    6833       1.2461
    6834       1.2549
    6835       1.2684
    6836       1.4904
    6837       1.5481
    6838       1.5272
    6839       1.6524
    6840       1.6620
    6841       1.5871
    6842       1.5239
    6843       1.5002
    6844       1.4304
    6845       1.3613
    6846       1.4141
    6847       1.5177
    6848       1.3270
    6849       1.4138
    6850       1.4474
    6851       1.4573
    6852       1.4676
    6853       1.4112
    6854       1.6077
    6855       1.7212
    6856       1.6174
    6857       1.5007
    6858       1.5084
    6859       1.4617
    6860       1.5695
    6861       1.3269
    6862       1.3695
    6863       1.3765
    6864       1.3817
    6865       1.4618
    6866       1.5202
    6867       1.4973
    6868       1.4755
    6869       1.4113
    6870       1.2662
    6871       1.4084
    6872       1.4073
    6873       1.4220
    6874       1.3793
    6875       1.3148
    6876       1.3732
    6877       1.2801
    6878       1.2526
    6879       1.2226
    6880       1.4193
    6881       1.3004
    6882       1.4808
    6883       1.3632
    6884       1.3730
    6885       1.4456
    6886       1.3871
    6887       1.5118
    6888       1.5107
    6889       1.4631
    6890       1.4029
    6891       1.3585
    6892       1.2815
    6893       1.3418
    6894       1.2981
    6895       1.3817
    6896       1.4323
    6897       1.2940
    6898       1.3503
    6899       1.3858
    6900       1.5263
    6901       1.3689
    6902       1.3096
    6903       1.3274
    6904       1.3873
    6905       1.6267
    6906       1.7437
    6907       1.7083
    6908       1.5881
    6909       1.4805
    6910       1.5517
    6911       1.3286
    6912       1.4268
    6913       1.4246
    6914       1.3927
    6915       1.4512
    6916       1.3995
    6917       1.2662
    6918       1.3674
    6919       1.2801
    6920       1.3427
    6921       1.3584
    6922       1.3070
    6923       1.2751
    6924       1.3071
    6925       1.3250
    6926       1.3322
    6927       1.2648
    6928       1.4598
    6929       1.3396
    6930       1.4548
    6931       1.3992
    6932       1.4090
    6933       1.6163
    6934       1.5391
    6935       1.6264
    6936       1.5008
    6937       1.4572
    6938       1.4067
    6939       1.4452
    6940       1.4640
    6941       1.4497
    6942       1.5078
    6943       1.4393
    6944       1.4694
    6945       1.4539
    6946       1.3265
    6947       1.2105
    6948       1.1697
    6949       1.2277
    6950       1.2678
    6951       1.3030
    6952       1.4484
    6953       1.3400
    6954       1.2976
    6955       1.4426
    6956       1.4030
    6957       1.3247
    6958       1.2614
    6959       1.2244
    6960       1.2504
    6961       1.3521
    6962       1.3123
    6963       1.3409
    6964       1.2782
    6965       1.3772
    6966       1.4589
    6967       1.2455
    6968       1.3728
    6969       1.4594
    6970       1.4748
    6971       1.5108
    6972       1.5798
    6973       1.4269
    6974       1.3939
    6975       1.5210
    6976       1.4071
    6977       1.3696
    6978       1.3928
    6979       1.4232
    6980       1.4005
    6981       1.4230
    6982       1.3783
    6983       1.3017
    6984       1.4406
    6985       1.4541
    6986       1.3116
    6987       1.3506
    6988       1.3274
    6989       1.3875
    6990       1.2059
    6991       1.4106
    6992       1.2831
    6993       1.2759
    6994       1.2187
    6995       1.2214
    6996       1.2384
    6997       1.3293
    6998       1.3655
    6999       1.2985
    7000       1.2309
    7001       1.1270
    7002       1.2113
    7003       1.2162
    7004       1.0857
    7005       1.1162
    7006       1.2047
    7007       1.2138
    7008       1.0664
    7009       0.9903
    7010       1.0593
    7011       1.2633
    7012       1.3243
    7013       1.2762
    7014       1.2186
    7015       1.0941
    7016       1.1596
    7017       1.0393
    7018       1.1123
    7019       0.9836
    7020       1.1083
    7021       1.2010
    7022       1.1920
    7023       1.1429
    7024       1.2145
    7025       1.1787
    7026       1.1185
    7027       1.1529
    7028       1.3022
    7029       1.2817
    7030       1.2647
    7031       1.2483
    7032       1.1498
    7033       1.1304
    7034       1.1377
    7035       1.1764
    7036       1.3400
    7037       1.2148
    7038       1.1836
    7039       1.2200
    7040       1.2433
    7041       1.2050
    7042       1.2674
    7043       1.3458
    7044       1.3359
    7045       1.3274
    7046       1.2586
    7047       1.4315
    7048       1.2171
    7049       1.3486
    7050       1.2451
    7051       1.2158
    7052       1.2754
    7053       1.2131
    7054       1.3077
    7055       1.2908
    7056       1.3067
    7057       1.2913
    7058       1.2981
    7059       1.2466
    7060       1.3262
    7061       1.0907
    7062       1.1544
    7063       1.3185
    7064       1.3167
    7065       1.1690
    7066       1.1906
    7067       1.1728
    7068       1.2983
    7069       1.1583
    7070       1.0766
    7071       1.2394
    7072       1.1942
    7073       1.3183
    7074       1.2737
    7075       1.3244
    7076       1.2474
    7077       1.2443
    7078       1.0962
    7079       1.2401
    7080       1.1184
    7081       1.2579
    7082       1.2169
    7083       1.2975
    7084       1.3063
    7085       1.2863
    7086       1.4947
    7087       1.6880
    7088       1.7106
    7089       1.6734
    7090       1.5512
    7091       1.6373
    7092       1.4002
    7093       1.4768
    7094       1.4316
    7095       1.4040
    7096       1.2884
    7097       1.3684
    7098       1.2999
    7099       1.3757
    7100       1.2758
    7101       1.3435
    7102       1.3632
    7103       1.4623
    7104       1.3870
    7105       1.3119
    7106       1.4810
    7107       1.4325
    7108       1.4447
    7109       1.3522
    7110       1.3702
    7111       1.4926
    7112       1.7336
    7113       1.7184
    7114       1.6745
    7115       1.6118
    7116       1.4311
    7117       1.4404
    7118       1.3165
    7119       1.1626
    7120       1.1957
    7121       1.2605
    7122       1.3640
    7123       1.3318
    7124       1.2830
    7125       1.2059
    7126       1.3416
    7127       1.5152
    7128       1.3883
    7129       1.4159
    7130       1.3188
    7131       1.3500
    7132       1.4058
    7133       1.4907
    7134       1.3624
    7135       1.3926
    7136       1.3195
    7137       1.3652
    7138       1.3454
    7139       1.2518
    7140       1.2904
    7141       1.2713
    7142       1.3534
    7143       1.3581
    7144       1.2387
    7145       1.4433
    7146       1.3880
    7147       1.4619
    7148       1.4795
    7149       1.4697
    7150       1.5142
    7151       1.2715
    7152       1.4238
    7153       1.5798
    7154       1.7046
    7155       1.4830
    7156       1.4284
    7157       1.5322
    7158       1.4297
    7159       1.5390
    7160       1.4366
    7161       1.3357
    7162       1.3421
    7163       1.3258
    7164       1.3568
    7165       1.3698
    7166       1.3300
    7167       1.2300
    7168       1.2112
    7169       1.3048
    7170       1.3958
    7171       1.3146
    7172       1.2277
    7173       1.2717
    7174       1.2381
    7175       1.2553
    7176       1.3051
    7177       1.4051
    7178       1.4527
    7179       1.2610
    7180       1.2892
    7181       1.2939
    7182       1.3541
    7183       1.1744
    7184       1.2307
    7185       1.1231
    7186       1.1943
    7187       1.2736
    7188       1.3835
    7189       1.3952
    7190       1.3249
    7191       1.4288
    7192       1.4902
    7193       1.2261
    7194       1.2950
    7195       1.3935
    7196       1.3319
    7197       1.1465
    7198       1.2232
    7199       1.1940
    7200       1.2822
    7201       1.1572
    7202       1.3213
    7203       1.1957
    7204       1.2297
    7205       1.4443
    7206       1.6111
    7207       1.4978
    7208       1.4824
    7209       1.5260
    7210       1.5377
    7211       1.5033
    7212       1.5241
    7213       1.7224
    7214       1.7568
    7215       1.5639
    7216       1.5217
    7217       1.4411
    7218       1.5171
    7219       1.4951
    7220       1.5898
    7221       1.7052
    7222       1.5611
    7223       1.4496
    7224       1.5290
    7225       1.5561
    7226       1.6473
    7227       1.4907
    7228       1.4840
    7229       1.4107
    7230       1.3537
    7231       1.2601
    7232       1.3801
    7233       1.3692
    7234       1.3382
    7235       1.3400
    7236       1.3063
    7237       1.2690
    7238       1.3370
    7239       1.3142
    7240       1.2526
    7241       1.2373
    7242       1.1682
    7243       1.1965
    7244       1.2727
    7245       1.2946
    7246       1.1475
    7247       1.1872
    7248       1.1545
    7249       1.2525
    7250       1.1515
    7251       1.1348
    7252       1.1105
    7253       1.0522
    7254       1.0151
    7255       1.0362
    7256       1.1414
    7257       1.0817
    7258       1.1049
    7259       1.1088
    7260       1.1514
    7261       1.1643
    7262       1.1273
    7263       1.1362
    7264       1.1404
    7265       1.1486
    7266       1.1590
    7267       1.1829
    7268       1.2243
    7269       1.2675
    7270       1.2300
    7271       1.1354
    7272       1.3206
    7273       1.4131
    7274       1.3867
    7275       1.1590
    7276       1.3086
    7277       1.2799
    7278       1.2204
    7279       1.3076
    7280       1.2598
    7281       1.4209
    7282       1.3588
    7283       1.2510
    7284       1.2561
    7285       1.2387
    7286       1.1739
    7287       1.1657
    7288       1.1210
    7289       1.1235
    7290       1.3158
    7291       1.3790
    7292       1.3238
    7293       1.2503
    7294       1.1146
    7295       1.0674
    7296       1.1161
    7297       1.1839
    7298       1.1285
    7299       1.1530
    7300       1.0912
    7301       1.0518
    7302       1.0444
    7303       1.1611
    7304       1.2275
    7305       1.2034
    7306       1.2464
    7307       1.1502
    7308       1.1659
    7309       1.0343
    7310       1.1847
    7311       1.0653
    7312       1.0830
    7313       1.1910
    7314       1.1721
    7315       1.2077
    7316       1.1925
    7317       1.1634
    7318       1.1646
    7319       1.2308
    7320       1.2221
    7321       1.1539
    7322       1.1958
    7323       1.3225
    7324       1.4175
    7325       1.4140
    7326       1.5971
    7327       1.5108
    7328       1.4762
    7329       1.3486
    7330       1.2838
    7331       1.3015
    7332       1.3300
    7333       1.2890
    7334       1.3074
    7335       1.3104
    7336       1.2636
    7337       1.3201
    7338       1.2094
    7339       1.2135
    7340       1.2260
    7341       1.1804
    7342       1.3863
    7343       1.1669
    7344       1.2642
    7345       1.2748
    7346       1.3048
    7347       1.3348
    7348       1.2444
    7349       1.1085
    7350       1.0704
    7351       1.0643
    7352       1.1825
    7353       1.2332
    7354       1.2890
    7355       1.4022
    7356       1.3949
    7357       1.3423
    7358       1.4484
    7359       1.6520
    7360       1.5128
    7361       1.3593
    7362       1.3658
    7363       1.3671
    7364       1.3321
    7365       1.2493
    7366       1.1887
    7367       1.2228
    7368       1.2134
    7369       1.1628
    7370       1.1501
    7371       1.1418
    7372       1.1991
    7373       1.2959
    7374       1.2824
    7375       1.2197
    7376       1.1530
    7377       1.1805
    7378       1.2942
    7379       1.1672
    7380       1.1677
    7381       1.0546
    7382       1.0539
    7383       1.0439
    7384       1.0352
    7385       0.9781
    7386       1.0646
    7387       1.1691
    7388       1.1095
    7389       1.1728
    7390       1.2420
    7391       1.1700
    7392       1.0643
    7393       1.1916
    7394       1.0197
    7395       1.1377
    7396       1.1350
    7397       1.1599
    7398       1.2158
    7399       1.2802
    7400       1.2633
    7401       1.2121
    7402       1.2220
    7403       1.2010
    7404       1.2015
    7405       1.2175
    7406       1.4067
    7407       1.3321
    7408       1.2696
    7409       1.3572
    7410       1.3088
    7411       1.2478
    7412       1.2577
    7413       1.1974
    7414       1.2551
    7415       1.3289
    7416       1.3216
    7417       1.2920
    7418       1.2848
    7419       1.3847
    7420       1.3255
    7421       1.3713
    7422       1.3608
    7423       1.3339
    7424       1.3493
    7425       1.4925
    7426       1.5346
    7427       1.3981
    7428       1.5456
    7429       1.5201
    7430       1.5580
    7431       1.4246
    7432       1.4218
    7433       1.3829
    7434       1.5540
    7435       1.3888
    7436       1.3370
    7437       1.2006
    7438       1.2823
    7439       1.3436
    7440       1.2685
    7441       1.2739
    7442       1.2850
    7443       1.2398
    7444       1.3770
    7445       1.3033
    7446       1.3032
    7447       1.4017
    7448       1.2845
    7449       1.2768
    7450       1.2356
    7451       1.2439
    7452       1.2839
    7453       1.2703
    7454       1.2428
    7455       1.1994
    7456       1.2179
    7457       1.3004
    7458       1.2633
    7459       1.3077
    7460       1.2304
    7461       1.3320
    7462       1.3254
    7463       1.2460
    7464       1.1993
    7465       1.2678
    7466       1.1620
    7467       1.1870
    7468       1.2320
    7469       1.0708
    7470       1.1339
    7471       1.1121
    7472       1.1188
    7473       1.1970
    7474       1.1922
    7475       1.1589
    7476       1.2702
    7477       1.1090
    7478       1.3513
    7479       1.3837
    7480       1.2889
    7481       1.2205
    7482       1.3440
    7483       1.2558
    7484       1.2328
    7485       1.3026
    7486       1.2381
    7487       1.3344
    7488       1.2278
    7489       1.2329
    7490       1.3271
    7491       1.2308
    7492       1.2151
    7493       1.2357
    7494       1.3543
    7495       1.2106
    7496       1.3196
    7497       1.3140
    7498       1.1943
    7499       1.1392
    7500       1.2569
    7501       1.2053
    7502       1.1345
    7503       1.2940
    7504       1.2840
    7505       1.3099
    7506       1.2983
    7507       1.2704
    7508       1.2425
    7509       1.1711
    7510       1.2386
    7511       1.2126
    7512       1.2499
    7513       1.1963
    7514       1.2082
    7515       1.1505
    7516       1.1240
    7517       1.2262
    7518       1.2918
    7519       1.1920
    7520       1.1223
    7521       1.0913
    7522       0.9909
    7523       1.0836
    7524       1.0864
    7525       1.2024
    7526       1.1278
    7527       1.1882
    7528       0.9877
    7529       1.1344
    7530       1.1649
    7531       1.2170
    7532       1.1963
    7533       1.2183
    7534       1.2975
    7535       1.2053
    7536       1.2169
    7537       1.2906
    7538       1.2801
    7539       1.2363
    7540       1.2665
    7541       1.2181
    7542       1.1546
    7543       1.3029
    7544       1.2584
    7545       1.2416
    7546       1.2341
    7547       1.3008
    7548       1.3259
    7549       1.2296
    7550       1.2203
    7551       1.3028
    7552       1.2775
    7553       1.3394
    7554       1.3958
    7555       1.3805
    7556       1.3801
    7557       1.3943
    7558       1.3084
    7559       1.2270
    7560       1.4066
    7561       1.2543
    7562       1.3656
    7563       1.4177
    7564       1.4753
    7565       1.3663
    7566       1.2788
    7567       1.2751
    7568       1.2431
    7569       1.2820
    7570       1.3682
    7571       1.5226
    7572       1.4233
    7573       1.3044
    7574       1.3470
    7575       1.2277
    7576       1.2751
    7577       1.2543
    7578       1.2271
    7579       1.2247
    7580       1.2784
    7581       1.2171
    7582       1.1490
    7583       1.0830
    7584       1.2118
    7585       1.2290
    7586       1.3063
    7587       1.1747
    7588       1.2231
    7589       1.2364
    7590       1.2345
    7591       1.2514
    7592       1.2308
    7593       1.2178
    7594       1.2605
    7595       1.2759
    7596       1.2754
    7597       1.2896
    7598       1.1822
    7599       1.2842
    7600       1.2601
    7601       1.1856
    7602       1.2884
    7603       1.3208
    7604       1.3145
    7605       1.3064
    7606       1.2495
    7607       1.2830
    7608       1.2166
    7609       1.2016
    7610       1.2189
    7611       1.1671
    7612       1.1720
    7613       1.3193
    7614       1.2314
    7615       1.2829
    7616       1.2938
    7617       1.3053
    7618       1.3171
    7619       1.2579
    7620       1.3534
    7621       1.3072
    7622       1.2381
    7623       1.1205
    7624       1.2089
    7625       1.1612
    7626       1.3651
    7627       1.2352
    7628       1.2806
    7629       1.1887
    7630       1.2178
    7631       1.3754
    7632       1.3348
    7633       1.3916
    7634       1.3921
    7635       1.3563
    7636       1.3564
    7637       1.2579
    7638       1.3209
    7639       1.3154
    7640       1.2287
    7641       1.2020
    7642       1.2839
    7643       1.2900
    7644       1.2120
    7645       1.2317
    7646       1.2057
    7647       1.2071
    7648       1.1519
    7649       1.3138
    7650       1.1294
    7651       1.2988
    7652       1.2276
    7653       1.1871
    7654       1.2290
    7655       1.3610
    7656       1.4232
    7657       1.2846
    7658       1.3029
    7659       1.2549
    7660       1.3455
    7661       1.2660
    7662       1.3462
    7663       1.2707
    7664       1.2399
    7665       1.1781
    7666       1.3274
    7667       1.1632
    7668       1.2033
    7669       1.1413
    7670       1.2157
    7671       1.2668
    7672       1.3347
    7673       1.2335
    7674       1.2603
    7675       1.3327
    7676       1.2934
    7677       1.2107
    7678       1.3367
    7679       1.3038
    7680       1.2073
    7681       1.2131
    7682       1.3466
    7683       1.2523
    7684       1.1145
    7685       1.1706
    7686       1.1387
    7687       1.1646
    7688       1.0804
    7689       1.0961
    7690       1.0466
    7691       1.2303
    7692       1.2651
    7693       1.2869
    7694       1.2661
    7695       1.2396
    7696       1.0412
    7697       1.1514
    7698       1.2492
    7699       1.1616
    7700       1.2037
    7701       1.1582
    7702       1.2730
    7703       1.2269
    7704       1.3681
    7705       1.2807
    7706       1.2858
    7707       1.3625
    7708       1.4657
    7709       1.3353
    7710       1.3545
    7711       1.3096
    7712       1.2366
    7713       1.2096
    7714       1.1581
    7715       1.1941
    7716       1.2157
    7717       1.3142
    7718       1.3434
    7719       1.3104
    7720       1.1964
    7721       1.1981
    7722       1.1606
    7723       1.0795
    7724       1.0495
    7725       1.1678
    7726       1.1313
    7727       1.1279
    7728       1.2395
    7729       1.2701
    7730       1.4164
    7731       1.4703
    7732       1.4411
    7733       1.5016
    7734       1.4141
    7735       1.3937
    7736       1.4702
    7737       1.2898
    7738       1.2926
    7739       1.1751
    7740       1.1516
    7741       1.1937
    7742       1.1844
    7743       1.1134
    7744       1.1537
    7745       1.2151
    7746       1.3767
    7747       1.2823
    7748       1.2929
    7749       1.2553
    7750       1.2642
    7751       1.4003
    7752       1.3654
    7753       1.3260
    7754       1.3451
    7755       1.4049
    7756       1.3668
    7757       1.3011
    7758       1.2653
    7759       1.1421
    7760       1.1987
    7761       1.1513
    7762       1.1987
    7763       1.2243
    7764       1.2196
    7765       1.1399
    7766       1.2460
    7767       1.3766
    7768       1.3243
    7769       1.3633
    7770       1.2831
    7771       1.2802
    7772       1.3259
    7773       1.1847
    7774       1.3643
    7775       1.2968
    7776       1.3649
    7777       1.3520
    7778       1.2252
    7779       1.3030
    7780       1.3868
    7781       1.2623
    7782       1.2041
    7783       1.2766
    7784       1.4647
    7785       1.3732
    7786       1.2860
    7787       1.2623
    7788       1.3135
    7789       1.3669
    7790       1.2550
    7791       1.3169
    7792       1.2043
    7793       1.2009
    7794       1.1834
    7795       1.2677
    7796       1.1884
    7797       1.2364
    7798       1.3438
    7799       1.3682
    7800       1.3915
    7801       1.3131
    7802       1.2549
    7803       1.2953
    7804       1.2620
    7805       1.3243
    7806       1.2470
    7807       1.3186
    7808       1.4170
    7809       1.4757
    7810       1.4289
    7811       1.4360
    7812       1.3567
    7813       1.2746
    7814       1.2747
    7815       1.2737
    7816       1.1626
    7817       1.1333
    7818       1.0887
    7819       1.2460
    7820       1.3685
    7821       1.3544
    7822       1.3004
    7823       1.2546
    7824       1.3123
    7825       1.2715
    7826       1.3141
    7827       1.3444
    7828       1.3031
    7829       1.1997
    7830       1.3045
    7831       1.1826
    7832       1.3445
    7833       1.4995
    7834       1.4611
    7835       1.4985
    7836       1.4645
    7837       1.4664
    7838       1.3422
    7839       1.2436
    7840       1.2512
    7841       1.1531
    7842       1.2136
    7843       1.2618
    7844       1.2882
    7845       1.0374
    7846       1.0726
    7847       1.1802
    7848       1.1823
    7849       1.2582
    7850       1.1883
    7851       1.2000
    7852       1.2992
    7853       1.2364
    7854       1.1963
    7855       1.0595
    7856       1.2563
    7857       1.3189
    7858       1.3263
    7859       1.2264
    7860       1.1240
    7861       1.1177
    7862       1.1723
    7863       1.1422
    7864       1.1135
    7865       1.2414
    7866       1.3101
    7867       1.3069
    7868       1.1828
    7869       1.1589
    7870       1.2322
    7871       1.2017
    7872       1.1485
    7873       1.2055
    7874       1.1856
    7875       1.1787
    7876       1.1677
    7877       1.0489
    7878       1.1689
    7879       1.2524
    7880       1.4025
    7881       1.2579
    7882       1.1879
    7883       1.1817
    7884       1.2123
    7885       1.2136
    7886       1.1376
    7887       1.2212
    7888       1.2385
    7889       1.1848
    7890       1.1035
    7891       1.1272
    7892       1.1206
    7893       0.9999
    7894       1.1543
    7895       1.0156
    7896       0.9891
    7897       1.1587
    7898       1.1351
    7899       1.1358
    7900       1.2423
    7901       1.0898
    7902       1.2860
    7903       1.3283
    7904       1.4381
    7905       1.4263
    7906       1.4116
    7907       1.3929
    7908       1.3205
    7909       1.3307
    7910       1.2011
    7911       1.2058
    7912       1.2470
    7913       1.4345
    7914       1.4783
    7915       1.2755
    7916       1.1686
    7917       1.1906
    7918       1.2341
    7919       1.1763
    7920       1.2789
    7921       1.2794
    7922       1.2748
    7923       1.1807
    7924       1.2848
    7925       1.2280
    7926       1.2785
    7927       1.2213
    7928       1.2908
    7929       1.2633
    7930       1.2702
    7931       1.2936
    7932       1.3508
    7933       1.4759
    7934       1.3253
    7935       1.3118
    7936       1.3448
    7937       1.4059
    7938       1.3235
    7939       1.3675
    7940       1.3525
    7941       1.3233
    7942       1.2829
    7943       1.2680
    7944       1.2166
    7945       1.1710
    7946       1.1891
    7947       1.1983
    7948       1.2249
    7949       1.2123
    7950       1.2665
    7951       1.3192
    7952       1.4242
    7953       1.3144
    7954       1.3121
    7955       1.1184
    7956       1.2446
    7957       1.3276
    7958       1.2109
    7959       1.2265
    7960       1.3216
    7961       1.3432
    7962       1.2745
    7963       1.1511
    7964       1.1742
    7965       1.1682
    7966       1.1562
    7967       1.1377
    7968       1.0366
    7969       1.1610
    7970       1.1757
    7971       1.1371
    7972       0.9918
    7973       1.1016
    7974       1.1477
    7975       1.2072
    7976       1.2003
    7977       1.1730
    7978       1.2116
    7979       1.1271
    7980       1.1332
    7981       1.0990
    7982       1.1340
    7983       1.1092
    7984       1.2180
    7985       1.1147
    7986       1.0965
    7987       1.2013
    7988       1.3024
    7989       1.2491
    7990       1.2796
    7991       1.2553
    7992       1.2145
    7993       1.0849
    7994       1.1852
    7995       1.3830
    7996       1.2755
    7997       1.3606
    7998       1.4581
    7999       1.4217
    8000       1.2610
    8001       1.3058
    8002       1.2528
    8003       1.4094
    8004       1.3247
    8005       1.2586
    8006       1.1371
    8007       1.1518
    8008       1.2050
    8009       1.1066
    8010       1.1191
    8011       1.2698
    8012       1.1745
    8013       1.1914
    8014       1.1928
    8015       1.1479
    8016       1.1551
    8017       1.0840
    8018       1.0315
    8019       1.0040
    8020       1.0373
    8021       1.0952
    8022       0.9630
    8023       1.1126
    8024       1.1249
    8025       1.1575
    8026       1.0890
    8027       1.0691
    8028       1.1039
    8029       1.1080
    8030       1.2173
    8031       1.2192
    8032       1.0898
    8033       1.1752
    8034       1.1131
    8035       1.2166
    8036       1.0674
    8037       1.1370
    8038       1.1405
    8039       1.1773
    8040       1.0483
    8041       1.1906
    8042       1.1321
    8043       1.1393
    8044       1.1456
    8045       1.1015
    8046       1.0812
    8047       1.0413
    8048       0.9612
    8049       0.9102
    8050       0.9281
    8051       0.9604
    8052       0.9390
    8053       1.0265
    8054       1.0418
    8055       1.0557
    8056       1.0419
    8057       0.9739
    8058       1.0080
    8059       1.1727
    8060       1.1951
    8061       1.1755
    8062       0.9636
    8063       0.8904
    8064       0.9999
    8065       1.1526
    8066       1.0959
    8067       1.1410
    8068       1.1415
    8069       1.1797
    8070       1.1561
    8071       1.0997
    8072       1.1164
    8073       1.1346
    8074       1.1904
    8075       1.2359
    8076       1.2572
    8077       1.3159
    8078       1.3174
    8079       1.1764
    8080       1.2348
    8081       1.3162
    8082       1.1221
    8083       1.2453
    8084       1.1267
    8085       1.3347
    8086       1.2611
    8087       1.2926
    8088       1.2189
    8089       1.1940
    8090       1.1672
    8091       1.1394
    8092       1.2136
    8093       1.1790
    8094       1.2302
    8095       1.2171
    8096       1.1470
    8097       1.1954
    8098       1.2031
    8099       1.1708
    8100       1.2113
    8101       1.1535
    8102       1.0649
    8103       1.1078
    8104       1.0180
    8105       1.0527
    8106       1.1332
    8107       0.9172
    8108       1.1157
    8109       1.0722
    8110       1.0859
    8111       0.9596
    8112       1.0057
    8113       1.0031
    8114       1.0693
    8115       1.0465
    8116       1.1585
    8117       1.2751
    8118       1.2273
    8119       1.0485
    8120       1.0366
    8121       1.1332
    8122       1.1297
    8123       1.1337
    8124       1.1794
    8125       1.0192
    8126       0.8969
    8127       0.8559
    8128       0.9443
    8129       1.0254
    8130       1.0967
    8131       1.1656
    8132       1.0247
    8133       1.1251
    8134       1.0805
    8135       1.0150
    8136       1.0376
    8137       0.9518
    8138       0.9395
    8139       0.9644
    8140       1.0423
    8141       1.1294
    8142       0.9711
    8143       0.9799
    8144       0.9721
    8145       0.9112
    8146       0.9587
    8147       1.0280
    8148       0.9758
    8149       0.9529
    8150       0.9048
    8151       0.9212
    8152       0.9608
    8153       0.9799
    8154       0.9331
    8155       0.8463
    8156       0.8778
    8157       0.9998
    8158       1.0050
    8159       1.0065
    8160       0.9885
    8161       1.0182
    8162       0.8791
    8163       0.9297
    8164       1.0960
    8165       1.0522
    8166       1.0663
    8167       0.9652
    8168       1.0144
    8169       1.1000
    8170       1.0333
    8171       1.0837
    8172       1.1769
    8173       1.1113
    8174       0.9975
    8175       1.1040
    8176       0.9985
    8177       1.0297
    8178       1.0151
    8179       1.0471
    8180       1.1038
    8181       0.9727
    8182       0.9690
    8183       0.9691
    8184       0.9315
    8185       1.0363
    8186       1.1513
    8187       1.1349
    8188       1.0831
    8189       1.1628
    8190       1.1688
    8191       1.2569
    8192       1.1224
    8193       1.0469
    8194       0.9552
    8195       0.9416
    8196       0.9849
    8197       0.9509
    8198       0.9924
    8199       1.0100
    8200       0.9656
    8201       1.0209
    8202       1.0443
    8203       0.9795
    8204       0.9693
    8205       0.9147
    8206       0.9311
    8207       0.9417
    8208       1.0464
    8209       0.9847
    8210       1.0878
    8211       0.9365
    8212       1.1530
    8213       1.0296
    8214       1.0195
    8215       1.0485
    8216       1.0460
    8217       1.0366
    8218       0.9250
    8219       0.9517
    8220       0.9761
    8221       0.9246
    8222       0.9051
    8223       0.9438
    8224       0.9571
    8225       0.9932
    8226       0.9118
    8227       0.8835
    8228       0.9243
    8229       0.9265
    8230       0.9906
    8231       0.8824
    8232       0.9475
    8233       0.9111
    8234       0.9881
    8235       1.0224
    8236       1.0392
    8237       1.0693
    8238       1.0227
    8239       1.0908
    8240       1.1736
    8241       1.1803
    8242       1.0369
    8243       0.9957
    8244       1.0793
    8245       1.0058
    8246       1.1241
    8247       1.0476
    8248       1.0789
    8249       1.1263
    8250       1.2986
    8251       1.3302
    8252       1.1067
    8253       1.2159
    8254       1.2702
    8255       1.0329
    8256       1.0648
    8257       0.9547
    8258       1.0693
    8259       0.9510
    8260       1.0547
    8261       1.1624
    8262       1.2914
    8263       1.2293
    8264       1.1775
    8265       1.1049
    8266       1.0737
    8267       1.0986
    8268       1.2345
    8269       1.1944
    8270       1.1647
    8271       1.1325
    8272       1.1488
    8273       1.1857
    8274       1.2200
    8275       1.1875
    8276       1.2094
    8277       1.1922
    8278       1.0992
    8279       1.1220
    8280       1.0570
    8281       1.0898
    8282       1.0671
    8283       1.1364
    8284       1.0954
    8285       1.0690
    8286       1.1650
    8287       1.1939
    8288       1.1853
    8289       1.2045
    8290       1.2481
    8291       1.1476
    8292       1.1876
    8293       1.1437
    8294       1.1179
    8295       1.0450
    8296       1.0926
    8297       1.0911
    8298       1.2087
    8299       1.2473
    8300       1.1878
    8301       1.1998
    8302       1.2962
    8303       1.1254
    8304       1.1445
    8305       1.1523
    8306       1.2150
    8307       1.1995
    8308       1.1580
    8309       1.2635
    8310       1.2738
    8311       1.2934
    8312       1.1715
    8313       1.3138
    8314       1.2559
    8315       1.4097
    8316       1.4543
    8317       1.3664
    8318       1.1916
    8319       1.0824
    8320       1.0963
    8321       1.1299
    8322       1.1204
    8323       1.2654
    8324       1.2330
    8325       1.0939
    8326       1.1444
    8327       1.0647
    8328       1.0150
    8329       1.1065
    8330       1.0999
    8331       1.1183
    8332       1.1284
    8333       1.1659
    8334       1.1931
    8335       1.2411
    8336       1.2125
    8337       1.1827
    8338       1.1381
    8339       1.1896
    8340       1.1829
    8341       1.2922
    8342       1.2061
    8343       1.2540
    8344       1.2392
    8345       1.3031
    8346       1.1264
    8347       1.2136
    8348       1.2085
    8349       1.2431
    8350       1.2382
    8351       1.1932
    8352       1.2615
    8353       1.2291
    8354       1.1840
    8355       1.1061
    8356       1.0802
    8357       0.9091
    8358       0.9456
    8359       1.0236
    8360       0.9070
    8361       0.9774
    8362       1.0723
    8363       0.9743
    8364       0.9464
    8365       1.1090
    8366       1.1262
    8367       1.0977
    8368       1.1162
    8369       1.1276
    8370       1.0981
    8371       1.1544
    8372       1.0258
    8373       0.9358
    8374       0.9927
    8375       0.9526
    8376       1.0144
    8377       1.1216
    8378       1.0072
    8379       1.1445
    8380       1.1915
    8381       1.2635
    8382       1.1991
    8383       1.1144
    8384       1.0037
    8385       0.9489
    8386       0.9752
    8387       0.9413
    8388       1.0823
    8389       1.0315
    8390       1.0013
    8391       1.0842
    8392       1.0953
    8393       1.0859
    8394       1.1995
    8395       1.1245
    8396       1.3015
    8397       1.3406
    8398       1.3611
    8399       1.1208
    8400       1.0982
    8401       1.0772
    8402       1.1578
    8403       1.2113
    8404       1.2781
    8405       1.1812
    8406       1.2298
    8407       1.2442
    8408       1.0797
    8409       1.0680
    8410       1.2344
    8411       1.2461
    8412       1.1648
    8413       1.1367
    8414       1.2100
    8415       1.1380
    8416       1.2143
    8417       1.1916
    8418       1.2615
    8419       1.1576
    8420       1.2436
    8421       1.2433
    8422       1.2701
    8423       1.2516
    8424       1.2153
    8425       1.1980
    8426       1.1930
    8427       1.2352
    8428       1.2340
    8429       1.1623
    8430       1.1027
    8431       1.0745
    8432       1.0760
    8433       1.1588
    8434       1.1357
    8435       1.0623
    8436       0.9444
    8437       1.1009
    8438       1.0938
    8439       1.1609
    8440       0.9853
    8441       1.1415
    8442       1.0199
    8443       1.0398
    8444       1.0945
    8445       1.0274
    8446       1.0794
    8447       1.0537
    8448       1.0039
    8449       1.0447
    8450       1.0379
    8451       0.9925
    8452       0.9798
    8453       1.0636
    8454       1.0937
    8455       0.9865
    8456       0.9760
    8457       0.9209
    8458       0.9666
    8459       0.9523
    8460       1.0172
    8461       0.9615
    8462       0.9831
    8463       1.0195
    8464       0.9622
    8465       0.9297
    8466       0.8864
    8467       0.9079
    8468       0.9589
    8469       1.0830
    8470       1.1534
    8471       1.1142
    8472       1.2171
    8473       1.3398
    8474       1.2345
    8475       1.3851
    8476       1.2722
    8477       1.2925
    8478       1.2906
    8479       1.3155
    8480       1.4366
    8481       1.4382
    8482       1.5235
    8483       1.3065
    8484       1.2344
    8485       1.2391
    8486       1.3162
    8487       1.3468
    8488       1.2747
    8489       1.3516
    8490       1.2990
    8491       1.3895
    8492       1.3114
    8493       1.1411
    8494       1.1194
    8495       1.2465
    8496       1.1504
    8497       1.2990
    8498       1.3013
    8499       1.3830
    8500       1.4137
    8501       1.3243
    8502       1.2398
    8503       1.3253
    8504       1.2982
    8505       1.3277
    8506       1.4520
    8507       1.4969
    8508       1.3927
    8509       1.2951
    8510       1.2986
    8511       1.2511
    8512       1.0436
    8513       1.0932
    8514       1.2116
    8515       1.1598
    8516       1.1303
    8517       1.1411
    8518       1.3087
    8519       1.4653
    8520       1.4191
    8521       1.4304
    8522       1.3505
    8523       1.2971
    8524       1.3193
    8525       1.2191
    8526       1.2988
    8527       1.4188
    8528       1.3818
    8529       1.5000
    8530       1.3859
    8531       1.4710
    8532       1.5379
    8533       1.4505
    8534       1.3524
    8535       1.3563
    8536       1.4208
    8537       1.4007
    8538       1.4411
    8539       1.3685
    8540       1.2850
    8541       1.2495
    8542       1.2624
    8543       1.2835
    8544       1.3775
    8545       1.1390
    8546       1.2171
    8547       1.1681
    8548       1.2916
    8549       1.3754
    8550       1.3703
    8551       1.3676
    8552       1.2400
    8553       1.3516
    8554       1.2644
    8555       1.3205
    8556       1.2908
    8557       1.2212
    8558       1.1774
    8559       1.4059
    8560       1.2793
    8561       1.6201
    8562       1.5785
    8563       1.3135
    8564       1.2115
    8565       1.3480
    8566       1.3931
    8567       1.2228
    8568       1.1922
    8569       1.2691
    8570       1.3886
    8571       1.2645
    8572       1.1312
    8573       1.1470
    8574       1.0755
    8575       1.2181
    8576       1.2813
    8577       1.2384
    8578       1.3188
    8579       1.2584
    8580       1.3502
    8581       1.4472
    8582       1.3218
    8583       1.5851
    8584       1.4238
    8585       1.3601
    8586       1.5687
    8587       1.4800
    8588       1.3382
    8589       1.3827
    8590       1.5177
    8591       1.4239
    8592       1.5850
    8593       1.4716
    8594       1.6816
    8595       1.5236
    8596       1.4680
    8597       1.5381
    8598       1.4909
    8599       1.2738
    8600       1.4055
    8601       1.3960
    8602       1.3289
    8603       1.3608
    8604       1.2593
    8605       1.3544
    8606       1.4960
    8607       1.4184
    8608       1.4334
    8609       1.5077
    8610       1.4180
    8611       1.3969
    8612       1.3269
    8613       1.5247
    8614       1.4785
    8615       1.3584
    8616       1.2792
    8617       1.3745
    8618       1.5371
    8619       1.3410
    8620       1.4077
    8621       1.4230
    8622       1.5506
    8623       1.3361
    8624       1.3679
    8625       1.4107
    8626       1.4996
    8627       1.4218
    8628       1.4138
    8629       1.5144
    8630       1.4050
    8631       1.3904
    8632       1.3060
    8633       1.2993
    8634       1.3566
    8635       1.4461
    8636       1.3430
    8637       1.4981
    8638       1.5194
    8639       1.5751
    8640       1.4852
    8641       1.5332
    8642       1.6418
    8643       1.5348
    8644       1.4971
    8645       1.3010
    8646       1.2855
    8647       1.3228
    8648       1.4689
    8649       1.4889
    8650       1.5122
    8651       1.6310
    8652       1.5538
    8653       1.6057
    8654       1.6367
    8655       1.5610
    8656       1.4175
    8657       1.3481
    8658       1.3845
    8659       1.6116
    8660       1.5767
    8661       1.5511
    8662       1.6000
    8663       1.6363
    8664       1.6997
    8665       1.5822
    8666       1.6217
    8667       1.5020
    8668       1.4330
    8669       1.4248
    8670       1.4417
    8671       1.3358
    8672       1.3070
    8673       1.2312
    8674       1.2549
    8675       1.4058
    8676       1.2829
    8677       1.2729
    8678       1.3577
    8679       1.2834
    8680       1.3088
    8681       1.3865
    8682       1.4077
    8683       1.3476
    8684       1.3463
    8685       1.2072
    8686       1.1604
    8687       1.2280
    8688       1.3320
    8689       1.1527
    8690       1.1434
    8691       1.1727
    8692       1.1709
    8693       1.1641
    8694       1.3089
    8695       1.2331
    8696       1.2938
    8697       1.2522
    8698       1.3387
    8699       1.3070
    8700       1.4347
    8701       1.2660
    8702       1.2202
    8703       1.4521
    8704       1.4609
    8705       1.5528
    8706       1.4607
    8707       1.4089
    8708       1.3569
    8709       1.2977
    8710       1.5438
    8711       1.5393
    8712       1.4594
    8713       1.3318
    8714       1.3925
    8715       1.3705
    8716       1.4023
    8717       1.5057
    8718       1.3470
    8719       1.3101
    8720       1.1888
    8721       1.2569
    8722       1.3835
    8723       1.3738
    8724       1.2333
    8725       1.2122
    8726       1.3260
    8727       1.2629
    8728       1.3335
    8729       1.1481
    8730       1.2353
    8731       1.2151
    8732       1.2366
    8733       1.2753
    8734       1.2231
    8735       1.0636
    8736       1.1653
    8737       1.1919
    8738       1.1029
    8739       1.1295
    8740       1.1008
    8741       1.1352
    8742       1.1839
    8743       1.2894
    8744       1.1995
    8745       1.2715
    8746       1.5334
    8747       1.3402
    8748       1.3035
    8749       1.3853
    8750       1.5401
    8751       1.3561
    8752       1.6361
    8753       1.7017
    8754       1.7237
    8755       1.6401
    8756       1.6975
    8757       1.7463
    8758       1.9209
    8759       1.7641
    8760       1.7009
    8761       1.4737
    8762       1.5106
    8763       1.6466
    8764       1.6241
    8765       1.6156
    8766       1.6181
    8767       1.6746
    8768       1.7566
    8769       1.7524
    8770       1.6114
    8771       1.6189
    8772       1.7751
    8773       1.7260
    8774       1.6703
    8775       1.6087
    8776       1.6900
    8777       1.6301
    8778       1.6983
    8779       1.5800
    8780       1.6135
    8781       1.7672
    8782       1.7902
    8783       1.7516
    8784       1.8094
    8785       1.7313
    8786       1.6597
    8787       1.7743
    8788       1.7771
    8789       1.6606
    8790       1.8928
    8791       1.8987
    8792       2.0583
    8793       1.9777
    8794       1.9676
    8795       2.0034
    8796       2.0505
    8797       2.0587
    8798       1.9732
    8799       1.9594
    8800       1.7569
    8801       1.8572
    8802       1.7908
    8803       1.8823
    8804       1.8987
    8805       2.0629
    8806       2.2365
    8807       2.0202
    8808       2.1209
    8809       2.0934
    8810       2.0190
    8811       1.9097
    8812       1.7437
    8813       1.7962
    8814       1.7906
    8815       1.5764
    8816       1.4114
    8817       1.5018
    8818       1.5218
    8819       1.5524
    8820       1.5851
    8821       1.5527
    8822       1.6662
    8823       1.6461
    8824       1.6297
    8825       1.6218
    8826       1.3515
    8827       1.5858
    8828       1.5658
    8829       1.4896
    8830       1.3070
    8831       1.4424
    8832       1.3840
    8833       1.2983
    8834       1.3647
    8835       1.3832
    8836       1.3660
    8837       1.3786
    8838       1.2467
    8839       1.1112
    8840       1.1771
    8841       1.0621
    8842       0.9015
    8843       0.9346
    8844       0.8961
    8845       0.9799
    8846       1.1773
    8847       1.1026
    8848       1.0060
    8849       1.0717
    8850       1.0132
    8851       0.9564
    8852       0.8807
    8853       0.9507
    8854       0.9345
    8855       0.9437
    8856       1.0356
    8857       1.1489
    8858       1.0877
    8859       1.0332
    8860       1.1025
    8861       1.0097
    8862       0.9988
    8863       1.0184
    8864       1.1675
    8865       1.0661
    8866       1.0553
    8867       0.9314
    8868       0.9762
    8869       0.9914
    8870       0.8813
    8871       0.9717
    8872       0.9970
    8873       1.0549
    8874       1.0658
    8875       1.0297
    8876       1.1363
    8877       1.0305
    8878       1.1332
    8879       1.0085
    8880       1.0516
    8881       1.1020
    8882       1.1218
    8883       1.0785
    8884       1.1321
    8885       1.0980
    8886       1.1054
    8887       1.1785
    8888       1.1784
    8889       1.3192
    8890       1.3078
    8891       1.3466
    8892       1.4559
    8893       1.3086
    8894       1.3150
    8895       1.2944
    8896       1.4086
    8897       1.5019
    8898       1.3687
    8899       1.4364
    8900       1.3862
    8901       1.1885
    8902       1.1655
    8903       1.0680
    8904       1.0258
    8905       1.0258
    8906       0.9117
    8907       0.9559
    8908       0.9310
    8909       1.0569
    8910       1.0445
    8911       1.0290
    8912       1.1389
    8913       1.0456
    8914       1.0760
    8915       0.9311
    8916       1.0033
    8917       1.0182
    8918       1.1300
    8919       1.1388
    8920       1.0455
    8921       0.9224
    8922       1.0040
    8923       1.0020
    8924       1.0653
    8925       0.9594
    8926       0.9058
    8927       1.0656
    8928       1.1006
    8929       1.0160
    8930       0.9734
    8931       1.0658
    8932       1.2204
    8933       0.9278
    8934       0.9870
    8935       0.9576
    8936       0.9825
    8937       0.8990
    8938       1.0390
    8939       1.0329
    8940       1.0553
    8941       0.9905
    8942       0.8706
    8943       0.9690
    8944       0.9681
    8945       0.9882
    8946       1.0406
    8947       1.0178
    8948       1.0564
    8949       0.8720
    8950       0.9310
    8951       0.9247
    8952       0.8730
    8953       0.8274
    8954       0.8932
    8955       1.0004
    8956       0.9549
    8957       1.0358
    8958       1.0824
    8959       1.0090
    8960       0.9748
    8961       1.1055
    8962       1.1292
    8963       1.0923
    8964       0.9821
    8965       0.9738
    8966       0.9970
    8967       1.0674
    8968       1.1055
    8969       1.0775
    8970       1.1042
    8971       1.0217
    8972       0.9864
    8973       1.1227
    8974       0.9226
    8975       0.8500
    8976       0.9590
    8977       0.9803
    8978       0.9443
    8979       0.9796
    8980       0.9950
    8981       0.8871
    8982       0.9342
    8983       0.9272
    8984       0.9200
    8985       1.0156
    8986       1.0197
    8987       0.9888
    8988       0.9658
    8989       1.0168
    8990       1.0255
    8991       0.9848
    8992       1.0705
    8993       1.0640
    8994       1.0052
    8995       1.0538
    8996       1.0232
    8997       1.1166
    8998       1.0133
    8999       1.0444
    9000       0.9667
    9001       1.0133
    9002       1.1234
    9003       1.0633
    9004       0.9895
    9005       0.9937
    9006       0.9550
    9007       0.8537
    9008       0.9694
    9009       0.9243
    9010       0.9353
    9011       0.8763
    9012       0.9581
    9013       0.8491
    9014       0.8711
    9015       0.9758
    9016       1.0084
    9017       1.0193
    9018       1.0192
    9019       1.0239
    9020       0.9712
    9021       1.0597
    9022       1.0570
    9023       0.9201
    9024       0.8237
    9025       0.9773
    9026       0.9325
    9027       0.8923
    9028       0.9034
    9029       1.1233
    9030       1.1886
    9031       1.0476
    9032       0.9500
    9033       0.9029
    9034       0.8966
    9035       0.8754
    9036       0.9464
    9037       1.0376
    9038       0.9778
    9039       0.9207
    9040       0.9538
    9041       0.9846
    9042       0.8984
    9043       0.9830
    9044       1.1209
    9045       1.1730
    9046       1.0848
    9047       1.0738
    9048       0.9887
    9049       0.9246
    9050       0.8836
    9051       1.0090
    9052       0.9614
    9053       1.0355
    9054       0.9491
    9055       0.9730
    9056       0.9824
    9057       0.9627
    9058       1.0110
    9059       1.0094
    9060       1.0414
    9061       1.0170
    9062       0.9254
    9063       0.9634
    9064       0.9792
    9065       1.0193
    9066       1.0293
    9067       0.9902
    9068       0.9415
    9069       0.9542
    9070       1.0229
    9071       0.9738
    9072       1.0325
    9073       0.9727
    9074       0.9151
    9075       1.0262
    9076       1.0304
    9077       1.0299
    9078       0.8910
    9079       1.0006
    9080       0.9997
    9081       1.0970
    9082       1.0377
    9083       1.0485
    9084       0.8998
    9085       1.0234
    9086       0.9271
    9087       0.9284
    9088       0.9535
    9089       0.8689
    9090       0.9424
    9091       0.9831
    9092       0.9840
    9093       1.0629
    9094       1.0098
    9095       1.0591
    9096       1.0509
    9097       1.1224
    9098       1.0288
    9099       0.9296
    9100       1.0066
    9101       0.9773
    9102       0.9890
    9103       0.8772
    9104       1.0059
    9105       1.0001
    9106       1.0710
    9107       0.9954
    9108       1.0712
    9109       1.0625
    9110       1.0865
    9111       1.0819
    9112       1.0733
    9113       1.0817
    9114       0.9945
    9115       1.0390
    9116       1.0497
    9117       0.9837
    9118       0.9988
    9119       1.0229
    9120       1.0135
    9121       0.9626
    9122       0.9370
    9123       0.9277
    9124       0.9292
    9125       1.0540
    9126       0.9884
    9127       1.0150
    9128       0.9058
    9129       0.9257
    9130       0.8790
    9131       1.0043
    9132       0.9371
    9133       0.9608
    9134       0.9254
    9135       1.0901
    9136       1.0602
    9137       1.0541
    9138       1.0246
    9139       1.0228
    9140       0.9497
    9141       0.9247
    9142       0.9707
    9143       1.0367
    9144       1.0499
    9145       0.9943
    9146       1.1113
    9147       0.9467
    9148       1.0430
    9149       1.1065
    9150       1.1885
    9151       1.2497
    9152       1.3193
    9153       1.4187
    9154       1.1402
    9155       1.3822
    9156       1.2265
    9157       1.0883
    9158       1.2056
    9159       1.2452
    9160       1.2002
    9161       1.1958
    9162       1.0660
    9163       0.9127
    9164       0.8818
    9165       0.8553
    9166       0.9275
    9167       0.9737
    9168       0.9723
    9169       0.8724
    9170       0.9941
    9171       0.9260
    9172       0.9698
    9173       0.9763
    9174       0.9761
    9175       0.9373
    9176       0.9445
    9177       1.0384
    9178       1.0309
    9179       1.0643
    9180       1.0844
    9181       0.9208
    9182       0.9827
    9183       0.9700
    9184       1.0983
    9185       1.1123
    9186       1.0163
    9187       1.0363
    9188       0.9822
    9189       1.0540
    9190       0.9286
    9191       0.9891
    9192       0.9196
    9193       0.9899
    9194       0.8916
    9195       1.0904
    9196       0.9984
    9197       0.9985
    9198       1.0199
    9199       0.9530
    9200       0.8877
    9201       0.8940
    9202       0.9315
    9203       1.0129
    9204       1.0003
    9205       1.0406
    9206       0.9816
    9207       0.9089
    9208       0.9671
    9209       1.0169
    9210       1.1034
    9211       1.1084
    9212       1.1528
    9213       1.1722
    9214       1.1470
    9215       1.0515
    9216       1.0050
    9217       0.9899
    9218       1.0487
    9219       1.0714
    9220       1.0626
    9221       1.0753
    9222       1.0850
    9223       0.9410
    9224       1.0495
    9225       1.0335
    9226       1.0142
    9227       1.0646
    9228       1.0402
    9229       0.9309
    9230       0.9862
    9231       0.9485
    9232       0.9571
    9233       1.1197
    9234       1.3257
    9235       1.0882
    9236       1.1140
    9237       1.0886
    9238       1.0222
    9239       0.9935
    9240       0.8663
    9241       0.7963
    9242       0.8886
    9243       0.9620
    9244       0.9909
    9245       0.9641
    9246       0.9723
    9247       1.0306
    9248       0.9668
    9249       0.9758
    9250       1.1244
    9251       1.0360
    9252       1.0893
    9253       1.0589
    9254       0.9384
    9255       0.9178
    9256       0.9502
    9257       0.8541
    9258       1.1016
    9259       1.0174
    9260       1.0867
    9261       1.0294
    9262       0.9697
    9263       0.9539
    9264       1.1485
    9265       1.0360
    9266       1.1429
    9267       1.2283
    9268       1.1616
    9269       1.0495
    9270       1.1439
    9271       0.9816
    9272       0.8644
    9273       1.0600
    9274       0.9629
    9275       1.1129
    9276       1.1144
    9277       1.0716
    9278       0.9542
    9279       1.0628
    9280       1.1121
    9281       0.9945
    9282       1.1057
    9283       0.9394
    9284       0.8934
    9285       1.0049
    9286       1.0546
    9287       1.0388
    9288       1.1044
    9289       1.0213
    9290       0.9433
    9291       0.9219
    9292       0.8859
    9293       0.9222
    9294       1.0287
    9295       0.9236
    9296       0.9482
    9297       0.9724
    9298       1.0195
    9299       0.9529
    9300       0.8830
    9301       0.9419
    9302       0.9646
    9303       0.9811
    9304       1.0148
    9305       0.9516
    9306       0.9331
    9307       0.9075
    9308       1.0357
    9309       0.9704
    9310       0.9080
    9311       0.9502
    9312       0.9509
    9313       0.9825
    9314       1.0443
    9315       1.0206
    9316       1.0132
    9317       1.0277
    9318       1.0493
    9319       1.0077
    9320       1.0138
    9321       0.9580
    9322       1.0344
    9323       0.9568
    9324       1.0133
    9325       1.0251
    9326       0.9930
    9327       0.9706
    9328       0.9537
    9329       1.0277
    9330       1.0487
    9331       1.0067
    9332       1.0834
    9333       1.0610
    9334       1.0007
    9335       1.0565
    9336       0.9728
    9337       0.8920
    9338       1.0075
    9339       1.0202
    9340       1.0287
    9341       0.9812
    9342       1.0413
    9343       1.1963
    9344       1.0969
    9345       1.0341
    9346       1.0690
    9347       0.9945
    9348       0.9959
    9349       1.0508
    9350       1.0921
    9351       1.0973
    9352       1.0637
    9353       1.1491
    9354       1.1421
    9355       1.0053
    9356       0.9721
    9357       0.9727
    9358       0.9645
    9359       1.1301
    9360       1.0641
    9361       1.0712
    9362       1.1640
    9363       1.0465
    9364       1.0621
    9365       1.1269
    9366       1.1209
    9367       1.1930
    9368       0.9988
    9369       1.1507
    9370       1.1670
    9371       1.2138
    9372       1.2243
    9373       1.1568
    9374       1.0937
    9375       1.0787
    9376       0.9893
    9377       1.0451
    9378       1.1064
    9379       1.0128
    9380       1.0390
    9381       1.0675
    9382       0.9651
    9383       1.0395
    9384       1.0882
    9385       0.9899
    9386       1.2784
    9387       1.1482
    9388       1.1036
    9389       0.9975
    9390       1.0320
    9391       1.1553
    9392       1.1279
    9393       1.1290
    9394       1.1621
    9395       1.1687
    9396       1.1465
    9397       1.2366
    9398       1.1486
    9399       0.9686
    9400       1.1156
    9401       1.3007
    9402       1.1703
    9403       1.0326
    9404       1.0914
    9405       0.9424
    9406       1.0078
    9407       1.0845
    9408       1.0668
    9409       1.0362
    9410       0.9698
    9411       1.1053
    9412       1.0574
    9413       1.1634
    9414       1.1826
    9415       1.2497
    9416       1.2935
    9417       1.3489
    9418       1.3891
    9419       1.4216
    9420       1.2250
    9421       1.1980
    9422       1.2112
    9423       1.0962
    9424       1.1477
    9425       1.2194
    9426       1.1315
    9427       0.9841
    9428       1.1103
    9429       1.0500
    9430       1.1002
    9431       1.1662
    9432       1.1640
    9433       1.0718
    9434       1.0623
    9435       1.0477
    9436       1.0119
    9437       1.0267
    9438       0.9224
    9439       0.9262
    9440       1.0007
    9441       1.0888
    9442       1.0170
    9443       1.0192
    9444       1.1053
    9445       1.1941
    9446       1.1852
    9447       1.0791
    9448       1.1428
    9449       1.1514
    9450       1.0346
    9451       1.0851
    9452       1.0485
    9453       1.0201
    9454       1.0437
    9455       1.0105
    9456       0.9567
    9457       1.0212
    9458       1.1006
    9459       1.0271
    9460       1.0338
    9461       1.0321
    9462       1.0152
    9463       1.0488
    9464       1.0588
    9465       0.9987
    9466       1.0497
    9467       1.0788
    9468       1.0314
    9469       1.0846
    9470       1.1256
    9471       1.0178
    9472       0.9709
    9473       1.0129
    9474       1.0953
    9475       1.0392
    9476       1.0223
    9477       0.9804
    9478       1.0751
    9479       1.1617
    9480       1.0391
    9481       0.9591
    9482       0.9799
    9483       0.9861
    9484       1.0924
    9485       1.0211
    9486       1.1025
    9487       1.1134
    9488       1.0648
    9489       1.1238
    9490       1.1542
    9491       1.0238
    9492       1.0295
    9493       1.0205
    9494       1.1445
    9495       1.0058
    9496       1.1235
    9497       1.0547
    9498       1.1151
    9499       1.1032
    9500       0.9309
    9501       1.0527
    9502       1.0140
    9503       0.9622
    9504       1.1150
    9505       1.0333
    9506       0.9858
    9507       1.0524
    9508       1.0711
    9509       0.9465
    9510       0.9957
    9511       0.9577
    9512       1.1327
    9513       1.1208
    9514       1.1393
    9515       1.0600
    9516       1.1198
    9517       1.0663
    9518       1.0550
    9519       0.9919
    9520       1.0042
    9521       1.0361
    9522       1.0769
    9523       1.0738
    9524       1.0823
    9525       1.0547
    9526       1.0656
    9527       0.9659
    9528       1.0530
    9529       1.0010
    9530       0.9323
    9531       0.9484
    9532       0.9898
    9533       0.9983
    9534       1.0377
    9535       1.0206
    9536       1.1370
    9537       1.1578
    9538       1.0730
    9539       0.9834
    9540       1.0060
    9541       0.9529
    9542       1.0532
    9543       1.0245
    9544       1.0057
    9545       0.9432
    9546       1.0961
    9547       1.0641
    9548       1.0427
    9549       0.9493
    9550       0.9972
    9551       1.1025
    9552       1.1245
    9553       1.0686
    9554       1.0647
    9555       0.9848
    9556       1.0475
    9557       1.2081
    9558       0.9994
    9559       1.1114
    9560       1.0865
    9561       1.1558
    9562       1.1175
    9563       1.0979
    9564       1.0630
    9565       1.1427
    9566       1.1303
    9567       1.0280
    9568       1.0136
    9569       1.1231
    9570       1.1644
    9571       0.9992
    9572       1.1491
    9573       1.0376
    9574       1.0474
    9575       1.2163
    9576       1.2049
    9577       1.1693
    9578       1.1963
    9579       1.2176
    9580       1.2371
    9581       1.2087
    9582       1.0317
    9583       1.0551
    9584       1.0197
    9585       1.0029
    9586       1.1440
    9587       1.1827
    9588       1.1680
    9589       1.1216
    9590       1.1730
    9591       1.1224
    9592       1.1099
    9593       1.2221
    9594       1.1461
    9595       1.0766
    9596       0.9754
    9597       1.1874
    9598       1.1310
    9599       1.0980
    9600       1.1017
    9601       1.0807
    9602       1.0703
    9603       1.1155
    9604       1.1820
    9605       1.2302
    9606       1.0802
    9607       1.1515
    9608       1.0377
    9609       0.9244
    9610       0.9887
    9611       1.0289
    9612       1.0250
    9613       1.0670
    9614       0.9948
    9615       0.9746
    9616       1.0170
    9617       1.1112
    9618       1.1876
    9619       1.1428
    9620       1.0590
    9621       0.8493
    9622       1.1165
    9623       0.9595
    9624       0.8605
    9625       0.9848
    9626       0.9607
    9627       1.0365
    9628       0.9525
    9629       0.9297
    9630       1.1069
    9631       1.1315
    9632       1.1596
    9633       1.0161
    9634       1.0520
    9635       1.0351
    9636       0.9763
    9637       1.0344
    9638       1.0136
    9639       0.9780
    9640       1.1294
    9641       1.0380
    9642       1.0998
    9643       1.2209
    9644       1.1627
    9645       1.1672
    9646       0.9668
    9647       1.1499
    9648       1.1474
    9649       1.2093
    9650       1.3530
    9651       1.2663
    9652       0.9886
    9653       1.1544
    9654       1.0699
    9655       1.1929
    9656       1.0321
    9657       1.1033
    9658       1.1538
    9659       1.2171
    9660       1.2329
    9661       1.1042
    9662       1.2101
    9663       1.2086
    9664       1.2623
    9665       1.2335
    9666       1.3301
    9667       1.1974
    9668       1.2571
    9669       1.2342
    9670       1.1195
    9671       1.3146
    9672       1.2828
    9673       1.2256
    9674       1.0967
    9675       1.0490
    9676       1.0854
    9677       1.0325
    9678       1.0530
    9679       0.9344
    9680       0.9750
    9681       0.9108
    9682       1.0631
    9683       1.0304
    9684       1.0681
    9685       1.1384
    9686       0.9693
    9687       1.0286
    9688       1.0023
    9689       1.0099
    9690       1.0400
    9691       1.0629
    9692       1.0068
    9693       1.0935
    9694       1.0269
    9695       0.9893
    9696       1.0094
    9697       1.1418
    9698       1.1383
    9699       1.0983
    9700       1.1747
    9701       1.1399
    9702       1.0717
    9703       1.0614
    9704       1.0617
    9705       1.1038
    9706       1.1506
    9707       0.9312
    9708       1.0380
    9709       1.0519
    9710       1.0681
    9711       1.0200
    9712       1.0705
    9713       1.0102
    9714       0.9875
    9715       1.0522
    9716       1.1597
    9717       1.0602
    9718       1.1536
    9719       1.1178
    9720       1.0828
    9721       1.1400
    9722       1.0789
    9723       0.9855
    9724       1.1544
    9725       1.0788
    9726       1.0859
    9727       1.1163
    9728       1.1317
    9729       1.0184
    9730       0.9925
    9731       1.0033
    9732       0.9942
    9733       0.9748
    9734       1.0311
    9735       0.9840
    9736       1.0192
    9737       1.0908
    9738       0.9973
    9739       1.0027
    9740       1.0479
    9741       1.0086
    9742       1.1075
    9743       1.0855
    9744       0.9726
    9745       1.0460
    9746       1.0982
    9747       1.0308
    9748       1.0392
    9749       1.0646
    9750       1.0143
    9751       0.9331
    9752       1.0265
    9753       1.0278
    9754       1.0765
    9755       1.0519
    9756       0.9905
    9757       1.0263
    9758       1.0874
    9759       1.1353
    9760       1.0614
    9761       1.0910
    9762       1.0590
    9763       1.0217
    9764       1.0471
    9765       1.0135
    9766       0.9624
    9767       1.0209
    9768       1.0373
    9769       1.0074
    9770       1.1117
    9771       1.1830
    9772       1.0576
    9773       0.9469
    9774       1.0873
    9775       1.1062
    9776       1.0766
    9777       1.1853
    9778       1.2930
    9779       1.1367
    9780       1.1612
    9781       1.1900
    9782       1.0598
    9783       1.1208
    9784       1.2179
    9785       1.0457
    9786       1.0461
    9787       1.0472
    9788       1.1056
    9789       1.1002
    9790       0.9050
    9791       1.0052
    9792       1.0452
    9793       1.0979
    9794       1.0923
    9795       1.1129
    9796       0.9761
    9797       0.9755
    9798       1.1079
    9799       0.9678
    9800       1.0230
    9801       0.9890
    9802       0.9387
    9803       0.9830
    9804       0.9898
    9805       1.2238
    9806       1.1095
    9807       1.2094
    9808       1.1952
    9809       1.0981
    9810       1.2566
    9811       1.1995
    9812       1.0381
    9813       1.1642
    9814       1.0029
    9815       0.9194
    9816       1.0835
    9817       1.1063
    9818       1.1122
    9819       1.2242
    9820       1.1666
    9821       1.0719
    9822       1.0669
    9823       1.0594
    9824       1.0012
    9825       1.1000
    9826       1.1247
    9827       1.1621
    9828       1.1845
    9829       1.1203
    9830       1.1736
    9831       1.0326
    9832       1.0698
    9833       0.9545
    9834       1.0031
    9835       1.1676
    9836       1.0757
    9837       1.0593
    9838       0.9720
    9839       0.9903
    9840       0.9341
    9841       1.0029
    9842       0.9665
    9843       1.0036
    9844       0.8888
    9845       0.8509
    9846       0.9071
    9847       0.9509
    9848       0.9055
    9849       1.0596
    9850       0.9516
    9851       0.8745
    9852       0.9262
    9853       1.0398
    9854       0.9337
    9855       0.9901
    9856       0.9653
    9857       0.9660
    9858       0.9112
    9859       0.9117
    9860       0.8962
    9861       1.0189
    9862       1.0435
    9863       1.0528
    9864       1.0493
    9865       0.9799
    9866       1.0302
    9867       1.0025
    9868       1.1419
    9869       1.0711
    9870       1.2035
    9871       1.0704
    9872       0.9805
    9873       1.0969
    9874       1.0171
    9875       1.0116
    9876       1.1501
    9877       1.1002
    9878       1.1911
    9879       1.0459
    9880       1.0084
    9881       1.1458
    9882       0.8879
    9883       1.0374
    9884       1.0710
    9885       1.1432
    9886       1.1067
    9887       1.1133
    9888       1.0534
    9889       1.1064
    9890       0.9945
    9891       1.1038
    9892       1.1470
    9893       0.8822
    9894       0.9538
    9895       0.9573
    9896       1.1062
    9897       1.0014
    9898       0.9984
    9899       0.9355
    9900       0.9012
    9901       0.8955
    9902       0.9377
    9903       0.9300
    9904       0.9232
    9905       0.9483
    9906       0.9151
    9907       0.9340
    9908       1.0295
    9909       0.9199
    9910       0.8873
    9911       0.9925
    9912       1.0148
    9913       0.9678
    9914       1.0312
    9915       1.0358
    9916       0.9884
    9917       0.9928
    9918       0.9695
    9919       0.9844
    9920       1.0750
    9921       1.1229
    9922       1.0216
    9923       0.9770
    9924       0.9795
    9925       0.9781
    9926       1.0439
    9927       1.0134
    9928       1.1282
    9929       1.0765
    9930       1.1339
    9931       1.1330
    9932       1.1526
    9933       1.1540
    9934       1.0686
    9935       1.0243
    9936       1.0572
    9937       1.1467
    9938       1.1409
    9939       1.1250
    9940       1.3003
    9941       1.1110
    9942       1.0744
    9943       1.1431
    9944       1.0276
    9945       1.0429
    9946       1.1003
    9947       1.1642
    9948       1.1864
    9949       1.1669
    9950       1.2650
    9951       0.9969
    9952       1.0408
    9953       1.0103
    9954       1.0545
    9955       0.9736
    9956       1.0652
    9957       1.0432
    9958       1.0713
    9959       0.9978
    9960       0.9536
    9961       1.1061
    9962       1.0674
    9963       1.1427
    9964       1.1136
    9965       1.1085
    9966       1.0211
    9967       1.1093
    9968       1.1573
    9969       1.0060
    9970       0.9959
    9971       1.0159
    9972       1.0684
    9973       0.9697
    9974       1.0174
    9975       0.9841
    9976       1.1243
    9977       1.2126
    9978       1.0921
    9979       0.9887
    9980       1.1363
    9981       1.0319
    9982       1.0216
    9983       0.9546
    9984       0.9878
    9985       1.0049
    9986       1.1223
    9987       1.0885
    9988       1.0852
    9989       1.0414
    9990       1.2140
    9991       1.1431
    9992       1.1393
    9993       1.0693
    9994       0.9440
    9995       0.9865
    9996       1.1469
    9997       1.1251
    9998       1.1133
    9999       0.9809
   10000       1.0411
   10001       1.0822
   10002       1.0568
   10003       0.9539
   10004       1.1264
   10005       1.2007
   10006       1.0952
   10007       1.0501
   10008       1.1967
   10009       0.9887
   10010       1.1222
   10011       1.1194
   10012       1.1210
   10013       1.0947
   10014       1.0527
   10015       1.0535
   10016       1.0166
   10017       1.1297
   10018       1.0601
   10019       1.1782
   10020       1.2380
   10021       1.2574
   10022       1.2573
   10023       1.1944
   10024       1.1925
   10025       1.2036
   10026       1.1441
   10027       1.1139
   10028       0.9929
   10029       1.0051
   10030       1.0358
   10031       1.0368
   10032       0.9223
   10033       1.0013
   10034       0.9915
   10035       1.0888
   10036       1.1202
   10037       0.9778
   10038       1.0303
   10039       0.9710
   10040       1.0093
   10041       1.0057
   10042       0.9433
   10043       0.9649
   10044       1.0450
   10045       1.0368
   10046       0.9736
   10047       0.9301
   10048       0.9312
   10049       0.9550
   10050       0.8531
   10051       1.0012
   10052       1.0155
   10053       0.9680
   10054       0.9194
   10055       1.0355
   10056       0.9729
   10057       0.9096
   10058       0.9771
   10059       0.8699
   10060       0.8929
   10061       0.9311
   10062       0.9029
   10063       0.9449
   10064       1.0326
   10065       0.9412
   10066       0.9930
   10067       0.9007
   10068       0.9591
   10069       0.9475
   10070       0.8989
   10071       0.9254
   10072       0.9797
   10073       0.8925
   10074       0.8252
   10075       0.7952
   10076       0.8416
   10077       0.8625
   10078       0.8609
   10079       0.9707
   10080       1.0413
   10081       0.9485
   10082       1.0392
   10083       1.1131
   10084       1.0281
   10085       0.9402
   10086       0.9306
   10087       0.9229
   10088       0.8780
   10089       0.8575
   10090       1.0127
   10091       0.9025
   10092       1.0023
   10093       0.9960
   10094       0.9035
   10095       0.9128
   10096       0.9059
   10097       0.9341
   10098       0.8758
   10099       0.9992
   10100       0.9592
   10101       0.9122
   10102       0.8468
   10103       0.9824
   10104       0.8812
   10105       1.0891
   10106       0.9844
   10107       0.9660
   10108       0.9288
   10109       0.9161
   10110       0.9551
   10111       0.9157
   10112       0.8432
   10113       0.8514
   10114       0.8441
   10115       0.8288
   10116       0.8815
   10117       0.9186
   10118       0.8768
   10119       0.7816
   10120       0.8573
   10121       0.8316
   10122       0.9238
   10123       0.9140
   10124       0.8657
   10125       0.9144
   10126       0.9384
   10127       1.0074
   10128       0.9245
   10129       0.9854
   10130       0.9050
   10131       1.0044
   10132       0.9587
   10133       0.9771
   10134       1.0054
   10135       0.9102
   10136       1.0494
   10137       1.1115
   10138       1.0654
   10139       0.9628
   10140       1.0380
   10141       1.0801
   10142       1.0690
   10143       0.8670
   10144       0.8495
   10145       0.8343
   10146       0.8609
   10147       0.8444
   10148       0.8069
   10149       0.8437
   10150       0.8500
   10151       0.8408
   10152       0.8667
   10153       0.8950
   10154       0.9642
   10155       0.9540
   10156       0.9220
   10157       1.0250
   10158       1.0904
   10159       0.9865
   10160       0.8912
   10161       1.0128
   10162       1.0104
   10163       1.0507
   10164       0.9508
   10165       0.9327
   10166       1.0019
   10167       1.0690
   10168       1.0957
   10169       1.0990
   10170       1.1022
   10171       1.0096
   10172       1.0202
   10173       1.1104
   10174       0.9698
   10175       1.0381
   10176       1.0189
   10177       1.1487
   10178       1.2779
   10179       1.1433
   10180       1.1741
   10181       1.1629
   10182       1.1234
   10183       1.0366
   10184       1.1111
   10185       1.1738
   10186       1.1571
   10187       1.0636
   10188       1.0294
   10189       1.0409
   10190       1.0846
   10191       1.2336
   10192       1.1761
   10193       1.1624
   10194       1.2538
   10195       1.2442
   10196       1.2672
   10197       1.2781
   10198       1.3052
   10199       1.3998
   10200       1.2820
   10201       1.3061
   10202       1.2573
   10203       1.1878
   10204       1.1596
   10205       1.0928
   10206       1.1357
   10207       1.1464
   10208       1.1701
   10209       1.0405
   10210       1.0132
   10211       1.0995
   10212       1.0275
   10213       1.0900
   10214       1.0003
   10215       0.9388
   10216       0.9230
   10217       0.9850
   10218       0.9744
   10219       0.9212
   10220       0.9569
   10221       1.0372
   10222       1.0269
   10223       1.1025
   10224       0.9842
   10225       0.9302
   10226       0.9928
   10227       0.9472
   10228       0.9470
   10229       0.8086
   10230       0.9610
   10231       0.8849
   10232       0.7996
   10233       0.9632
   10234       1.0355
   10235       1.1549
   10236       1.0351
   10237       1.0947
   10238       1.1179
   10239       1.0295
   10240       1.2217
   10241       1.1693
   10242       1.1316
   10243       1.0682
   10244       1.2800
   10245       1.1494
   10246       1.2594
   10247       1.3716
   10248       1.3876
   10249       1.3318
   10250       1.3336
   10251       1.3648
   10252       1.2833
   10253       1.1783
   10254       1.1463
   10255       1.1501
   10256       1.1814
   10257       1.1090
   10258       1.1174
   10259       1.2352
   10260       1.2318
   10261       1.2938
   10262       1.2790
   10263       1.3387
   10264       1.3180
   10265       1.2887
   10266       1.1555
   10267       1.2628
   10268       1.3424
   10269       1.4445
   10270       1.3952
   10271       1.3381
   10272       1.2705
   10273       1.2957
   10274       1.3423
   10275       1.3031
   10276       1.4889
   10277       1.4195
   10278       1.4215
   10279       1.3977
   10280       1.2167
   10281       1.2590
   10282       1.4350
   10283       1.4706
   10284       1.2734
   10285       1.1770
   10286       1.2557
   10287       1.2060
   10288       1.3043
   10289       1.1621
   10290       1.3178
   10291       1.2381
   10292       1.2615
   10293       1.2941
   10294       1.2657
   10295       1.4044
   10296       1.2872
   10297       1.2465
   10298       1.2293
   10299       1.1216
   10300       1.2096
   10301       1.2600
   10302       1.2292
   10303       1.1415
   10304       1.0998
   10305       1.0624
   10306       1.1068
   10307       1.1056
   10308       0.9798
   10309       0.9241
   10310       1.0247
   10311       1.0152
   10312       1.0253
   10313       1.0260
   10314       0.9946
   10315       1.0372
   10316       1.1199
   10317       1.1461
   10318       1.1550
   10319       1.0949
   10320       1.2837
   10321       1.2264
   10322       1.2140
   10323       1.1565
   10324       1.3003
   10325       1.2375
   10326       1.2708
   10327       1.3573
   10328       1.2380
   10329       1.2212
   10330       1.1536
   10331       1.1174
   10332       1.1655
   10333       1.1973
   10334       1.1552
   10335       1.0679
   10336       1.1016
   10337       1.2151
   10338       1.0837
   10339       1.0876
   10340       1.2211
   10341       1.1359
   10342       1.0686
   10343       1.1990
   10344       1.1187
   10345       1.1572
   10346       1.1873
   10347       1.2645
   10348       1.0590
   10349       1.0716
   10350       0.9217
   10351       1.0099
   10352       0.9662
   10353       1.0221
   10354       1.0450
   10355       0.9601
   10356       0.9466
   10357       0.9588
   10358       0.9739
   10359       0.9357
   10360       1.0282
   10361       1.0216
   10362       1.0195
   10363       0.9327
   10364       0.9364
   10365       0.9694
   10366       1.0846
   10367       1.0394
   10368       1.0808
   10369       1.0799
   10370       1.0550
   10371       1.1531
   10372       1.2360
   10373       1.3288
   10374       1.1241
   10375       1.1093
   10376       1.3028
   10377       1.3189
   10378       1.2190
   10379       1.1880
   10380       1.0839
   10381       1.0971
   10382       1.0275
   10383       1.1629
   10384       1.1634
   10385       1.1116
   10386       1.1611
   10387       1.2166
   10388       1.2080
   10389       1.1026
   10390       1.0880
   10391       1.0417
   10392       1.0892
   10393       1.0127
   10394       1.0323
   10395       1.0333
   10396       1.2317
   10397       1.0676
   10398       1.1542
   10399       1.2338
   10400       1.0363
   10401       1.0420
   10402       0.9393
   10403       1.1346
   10404       1.0524
   10405       0.9849
   10406       1.0854
   10407       0.9964
   10408       1.0061
   10409       0.9567
   10410       0.8817
   10411       0.9878
   10412       1.0874
   10413       1.1005
   10414       1.1929
   10415       1.1884
   10416       1.0968
   10417       1.1347
   10418       1.1215
   10419       1.0791
   10420       0.9928
   10421       0.9951
   10422       0.9820
   10423       0.9886
   10424       0.9156
   10425       0.9964
   10426       1.0122
   10427       0.9978
   10428       1.0177
   10429       0.9353
   10430       1.0321
   10431       1.0163
   10432       1.0587
   10433       1.1216
   10434       1.0495
   10435       1.0123
   10436       0.9169
   10437       1.0128
   10438       0.9875
   10439       1.0555
   10440       0.9194
   10441       1.0659
   10442       1.0983
   10443       1.0261
   10444       0.9558
   10445       0.9844
   10446       1.0257
   10447       0.9828
   10448       0.9908
   10449       1.0215
   10450       0.8769
   10451       1.0091
   10452       1.0446
   10453       0.9861
   10454       1.0955
   10455       0.9954
   10456       1.0647
   10457       1.0704
   10458       1.1113
   10459       1.0814
   10460       1.2035
   10461       1.1344
   10462       1.0472
   10463       1.1646
   10464       1.0513
   10465       1.2017
   10466       1.1452
   10467       0.9361
   10468       0.9504
   10469       1.0545
   10470       1.0232
   10471       1.0407
   10472       1.0024
   10473       1.0824
   10474       1.0376
   10475       1.0241
   10476       0.9748
   10477       1.0014
   10478       1.0280
   10479       0.8426
   10480       0.9027
   10481       0.8889
   10482       0.8583
   10483       0.9821
   10484       1.0240
   10485       0.9426
   10486       0.9139
   10487       0.8185
   10488       0.9550
   10489       0.9666
   10490       0.8790
   10491       0.9605
   10492       0.9260
   10493       0.9980
   10494       0.8154
   10495       0.9588
   10496       1.0503
   10497       1.0054
   10498       1.0199
   10499       1.0104
   10500       0.9529
   10501       0.9470
   10502       1.0287
   10503       1.0758
   10504       1.0050
   10505       0.9750
   10506       1.0888
   10507       1.2199
   10508       0.9884
   10509       1.0881
   10510       1.0952
   10511       1.0174
   10512       1.0130
   10513       1.0710
   10514       1.1236
   10515       1.2068
   10516       1.3193
   10517       1.1687
   10518       1.1484
   10519       1.2119
   10520       1.0803
   10521       0.9897
   10522       1.0335
   10523       1.0645
   10524       1.0135
   10525       1.0998
   10526       1.0068
   10527       1.0280
   10528       1.0557
   10529       1.1723
   10530       1.2219
   10531       1.1263
   10532       1.0597
   10533       1.0502
   10534       1.0001
   10535       1.0650
   10536       1.0690
   10537       1.0373
   10538       0.9693
   10539       1.0499
   10540       1.1519
   10541       1.1632
   10542       1.2352
   10543       1.1134
   10544       1.1814
   10545       1.3015
   10546       1.2704
   10547       1.2368
   10548       1.3314
   10549       1.2344
   10550       1.3743
   10551       1.2578
   10552       1.1081
   10553       1.0755
   10554       1.1335
   10555       1.1124
   10556       0.9901
   10557       1.0927
   10558       1.2445
   10559       1.1868
   10560       1.1349
   10561       1.0788
   10562       1.1380
   10563       1.1366
   10564       1.1850
   10565       1.1658
   10566       1.1687
   10567       1.1947
   10568       1.2105
   10569       1.1257
   10570       1.1545
   10571       1.1295
   10572       1.2468
   10573       1.1372
   10574       1.1738
   10575       1.2760
   10576       1.2528
   10577       1.2513
   10578       1.3976
   10579       1.2717
   10580       1.2241
   10581       1.1992
   10582       1.1897
   10583       1.3550
   10584       1.3082
   10585       1.3311
   10586       1.4023
   10587       1.2900
   10588       1.4243
   10589       1.5076
   10590       1.7029
   10591       1.6679
   10592       1.5169
   10593       1.3921
   10594       1.1382
   10595       1.2902
   10596       1.3323
   10597       1.2643
   10598       1.2127
   10599       1.2366
   10600       1.1259
   10601       1.2496
   10602       1.2735
   10603       1.1147
   10604       1.1831
   10605       1.1527
   10606       1.1671
   10607       1.1633
   10608       1.1863
   10609       1.1817
   10610       1.1070
   10611       1.1765
   10612       1.1178
   10613       0.9705
   10614       0.9428
   10615       0.9250
   10616       0.9229
   10617       0.8472
   10618       1.0188
   10619       1.0369
   10620       0.9687
   10621       0.9715
   10622       0.8915
   10623       1.0661
   10624       0.9698
   10625       0.9997
   10626       1.0128
   10627       0.9868
   10628       0.9688
   10629       0.9310
   10630       0.9642
   10631       0.9974
   10632       0.9642
   10633       1.0199
   10634       0.8718
   10635       0.8560
   10636       0.8171
   10637       0.8438
   10638       0.9426
   10639       0.9982
   10640       0.9358
   10641       0.8451
   10642       0.8613
   10643       0.8765
   10644       0.8820
   10645       0.8665
   10646       0.8294
   10647       0.8607
   10648       0.8767
   10649       0.9031
   10650       0.9737
   10651       0.8695
   10652       0.7756
   10653       0.8397
   10654       0.9128
   10655       0.9144
   10656       0.8759
   10657       0.8732
   10658       0.9592
   10659       0.9269
   10660       1.0071
   10661       1.0232
   10662       0.9246
   10663       1.0408
   10664       1.0145
   10665       1.0284
   10666       0.9741
   10667       0.9298
   10668       0.9084
   10669       0.9530
   10670       0.9165
   10671       1.0425
   10672       0.9226
   10673       0.9964
   10674       1.0388
   10675       0.9931
   10676       0.9774
   10677       0.9300
   10678       0.9337
   10679       1.0107
   10680       0.9677
   10681       1.0398
   10682       0.9753
   10683       0.9844
   10684       1.0887
   10685       1.0893
   10686       1.0483
   10687       0.9767
   10688       1.1054
   10689       1.0907
   10690       1.0625
   10691       0.9517
   10692       1.0539
   10693       1.0324
   10694       0.9693
   10695       0.9077
   10696       0.9912
   10697       1.0682
   10698       1.2026
   10699       1.2120
   10700       1.2228
   10701       1.2687
   10702       1.2075
   10703       1.1667
   10704       1.0136
   10705       1.1239
   10706       1.1551
   10707       1.0189
   10708       1.0659
   10709       1.0629
   10710       1.1218
   10711       1.0454
   10712       1.0950
   10713       1.0622
   10714       1.1166
   10715       0.9662
   10716       1.0351
   10717       0.9684
   10718       1.0710
   10719       0.8713
   10720       0.9732
   10721       0.8736
   10722       1.0543
   10723       1.0612
   10724       1.1191
   10725       1.2050
   10726       1.1622
   10727       1.1962
   10728       1.2443
   10729       1.2447
   10730       1.3058
   10731       1.2820
   10732       1.2224
   10733       1.3254
   10734       1.2613
   10735       1.2429
   10736       1.2340
   10737       1.0471
   10738       1.0841
   10739       1.1088
   10740       1.1984
   10741       1.1903
   10742       1.1117
   10743       1.1562
   10744       1.3072
   10745       1.1404
   10746       1.1658
   10747       1.1479
   10748       0.9512
   10749       0.9470
   10750       1.0198
   10751       1.1482
   10752       1.1113
   10753       1.1098
   10754       1.0387
   10755       1.1375
   10756       1.0973
   10757       1.1456
   10758       1.1255
   10759       1.1923
   10760       1.1029
   10761       1.0169
   10762       0.9124
   10763       0.8421
   10764       0.9990
   10765       0.9457
   10766       1.0215
   10767       1.0853
   10768       1.1388
   10769       0.9103
   10770       0.9981
   10771       0.9405
   10772       0.9517
   10773       0.9811
   10774       0.9232
   10775       0.9299
   10776       0.9269
   10777       1.0907
   10778       0.9417
   10779       0.8668
   10780       0.9637
   10781       0.9517
   10782       1.1252
   10783       1.1668
   10784       1.1682
   10785       1.0359
   10786       0.9342
   10787       0.9754
   10788       0.9293
   10789       0.9872
   10790       0.9594
   10791       0.9781
   10792       0.9188
   10793       0.9513
   10794       1.0920
   10795       1.0670
   10796       1.1783
   10797       0.9779
   10798       1.0925
   10799       1.1002
   10800       1.1915
   10801       1.0279
   10802       1.0517
   10803       0.9651
   10804       1.0302
   10805       1.1226
   10806       1.1132
   10807       1.0075
   10808       1.2015
   10809       1.1283
   10810       1.1307
   10811       1.0891
   10812       1.1803
   10813       1.1778
   10814       1.0930
   10815       1.1049
   10816       1.0242
   10817       1.0342
   10818       1.0758
   10819       1.0073
   10820       0.8364
   10821       1.0180
   10822       0.9447
   10823       1.0092
   10824       1.0182
   10825       0.9682
   10826       1.0982
   10827       1.0984
   10828       1.2729
   10829       1.2440
   10830       1.3440
   10831       1.2854
   10832       1.0729
   10833       1.1669
   10834       1.1441
   10835       1.1183
   10836       1.0579
   10837       1.0341
   10838       1.0066
   10839       1.0397
   10840       1.0139
   10841       0.9931
   10842       0.9344
   10843       1.0352
   10844       1.0676
   10845       1.0215
   10846       1.0918
   10847       1.1735
   10848       0.9879
   10849       0.9963
   10850       0.9898
   10851       1.0078
   10852       0.9027
   10853       0.9853
   10854       1.0031
   10855       1.1531
   10856       1.0741
   10857       1.1629
   10858       1.0711
   10859       1.1480
   10860       1.1249
   10861       1.1458
   10862       1.1270
   10863       1.1082
   10864       1.1975
   10865       1.2346
   10866       1.3038
   10867       1.3455
   10868       1.5195
   10869       1.6723
   10870       1.5665
   10871       1.5572
   10872       1.4989
   10873       1.3416
   10874       1.4785
   10875       1.3547
   10876       1.2244
   10877       1.1379
   10878       1.0481
   10879       1.1023
   10880       1.0335
   10881       1.0300
   10882       0.8689
   10883       0.9764
   10884       1.0353
   10885       1.1911
   10886       1.1430
   10887       1.2588
   10888       1.2910
   10889       1.3115
   10890       1.1543
   10891       1.1505
   10892       0.9912
   10893       0.9940
   10894       1.0365
   10895       0.9983
   10896       1.0077
   10897       0.9568
   10898       0.9866
   10899       0.9263
   10900       1.0630
   10901       1.0511
   10902       1.1545
   10903       0.9784
   10904       1.0534
   10905       1.0336
   10906       1.0120
   10907       0.9560
   10908       0.9855
   10909       1.0998
   10910       1.0790
   10911       1.0871
   10912       1.1520
   10913       1.0446
   10914       0.9974
   10915       1.0142
   10916       1.0542
   10917       1.0876
   10918       1.0946
   10919       1.1551
   10920       1.1116
   10921       1.0034
   10922       0.9514
   10923       0.8971
   10924       0.8530
   10925       0.9559
   10926       1.0479
   10927       0.9050
   10928       0.9610
   10929       0.9778
   10930       0.8915
   10931       1.0475
   10932       1.0752
   10933       1.0910
   10934       0.9427
   10935       1.0543
   10936       1.0103
   10937       1.0602
   10938       1.0603
   10939       1.1224
   10940       1.1669
   10941       1.1315
   10942       1.1179
   10943       1.0728
   10944       1.1850
   10945       1.1164
   10946       1.1387
   10947       1.0836
   10948       1.1876
   10949       1.0881
   10950       1.1878
   10951       1.2405
   10952       1.1970
   10953       1.2695
   10954       1.1333
   10955       1.0852
   10956       1.1313
   10957       1.0705
   10958       1.0604
   10959       1.2279
   10960       1.0842
   10961       1.1348
   10962       0.9742
   10963       0.9809
   10964       1.1188
   10965       1.0006
   10966       0.9734
   10967       1.0477
   10968       1.1532
   10969       1.0280
   10970       1.0282
   10971       0.9100
   10972       1.0793
   10973       1.1143
   10974       1.1792
   10975       1.2291
   10976       1.0561
   10977       1.1290
   10978       1.4365
   10979       1.3194
   10980       1.4589
   10981       1.4658
   10982       1.2926
   10983       1.3948
   10984       1.4036
   10985       1.5554
   10986       1.4875
   10987       1.5167
   10988       1.3209
   10989       1.2408
   10990       1.0352
   10991       1.1028
   10992       1.0879
   10993       1.0719
   10994       1.0750
   10995       1.1680
   10996       1.0737
   10997       1.1203
   10998       1.0482
   10999       1.1756
   11000       1.0805
   11001       1.0710
   11002       0.9700
   11003       1.0863
   11004       1.1016
   11005       0.9262
   11006       1.0003
   11007       1.0697
   11008       1.1378
   11009       1.0564
   11010       1.0690
   11011       1.0247
   11012       1.1156
   11013       1.1313
   11014       1.1806
   11015       1.0651
   11016       1.1147
   11017       1.1243
   11018       1.0294
   11019       1.1464
   11020       1.1430
   11021       1.1553
   11022       1.2049
   11023       1.2074
   11024       1.0408
   11025       1.0740
   11026       0.9567
   11027       1.0103
   11028       1.0410
   11029       1.1081
   11030       1.0077
   11031       1.0237
   11032       1.0784
   11033       1.0057
   11034       1.0205
   11035       1.1065
   11036       1.1980
   11037       1.1801
   11038       1.1023
   11039       1.0174
   11040       0.9738
   11041       1.0277
   11042       1.0821
   11043       1.1683
   11044       1.0632
   11045       0.9793
   11046       1.0341
   11047       1.0421
   11048       0.9474
   11049       0.8779
   11050       0.9696
   11051       1.0355
   11052       1.0285
   11053       0.9643
   11054       0.8875
   11055       0.9804
   11056       0.9724
   11057       1.0554
   11058       1.0557
   11059       1.1137
   11060       1.0051
   11061       1.0305
   11062       1.0292
   11063       0.9591
   11064       1.0514
   11065       1.0211
   11066       1.0728
   11067       1.0183
   11068       1.1029
   11069       1.0577
   11070       1.0037
   11071       0.9164
   11072       0.9034
   11073       1.0015
   11074       0.9427
   11075       0.9161
   11076       0.9314
   11077       0.9840
   11078       1.0365
   11079       0.9543
   11080       1.1625
   11081       1.1577
   11082       1.0567
   11083       1.0848
   11084       1.1502
   11085       1.1012
   11086       1.1151
   11087       1.1287
   11088       1.1476
   11089       1.0831
   11090       1.1325
   11091       1.0783
   11092       1.0077
   11093       1.0370
   11094       1.0715
   11095       0.9918
   11096       1.0952
   11097       0.9051
   11098       1.0053
   11099       1.1171
   11100       1.0733
   11101       1.0611
   11102       1.0161
   11103       1.0428
   11104       1.1739
   11105       1.1527
   11106       1.1706
   11107       1.1026
   11108       1.0563
   11109       1.0054
   11110       0.9165
   11111       1.0654
   11112       1.1904
   11113       1.0531
   11114       1.1877
   11115       1.0564
   11116       0.9939
   11117       0.9907
   11118       0.9785
   11119       1.0234
   11120       0.9572
   11121       1.1108
   11122       0.9624
   11123       0.9175
   11124       0.9245
   11125       1.0146
   11126       0.9952
   11127       0.9462
   11128       1.0835
   11129       0.9102
   11130       0.9478
   11131       1.0014
   11132       1.0806
   11133       1.0310
   11134       1.0359
   11135       1.0067
   11136       1.0540
   11137       0.9490
   11138       1.0685
   11139       1.0611
   11140       1.1052
   11141       1.1747
   11142       1.1484
   11143       1.1461
   11144       1.0767
   11145       0.9288
   11146       0.9218
   11147       0.9848
   11148       1.0250
   11149       1.0245
   11150       1.1249
   11151       1.1223
   11152       1.0792
   11153       1.0589
   11154       1.0286
   11155       1.0657
   11156       0.9814
   11157       1.1802
   11158       1.1781
   11159       1.1916
   11160       1.1658
   11161       1.1446
   11162       1.1096
   11163       1.1905
   11164       1.2211
   11165       1.2026
   11166       0.9858
   11167       0.9724
   11168       1.0219
   11169       0.9731
   11170       0.9282
   11171       0.9459
   11172       0.9590
   11173       0.9562
   11174       1.0147
   11175       0.9351
   11176       0.8601
   11177       1.0029
   11178       0.9857
   11179       0.9552
   11180       0.8766
   11181       1.0483
   11182       1.1761
   11183       1.1082
   11184       1.1709
   11185       1.0753
   11186       1.0454
   11187       1.0065
   11188       1.1085
   11189       1.0979
   11190       1.1809
   11191       1.2331
   11192       1.1018
   11193       1.0188
   11194       0.9777
   11195       0.9011
   11196       0.8894
   11197       1.0216
   11198       0.9487
   11199       0.9220
   11200       1.0589
   11201       1.0043
   11202       0.8882
   11203       1.0283
   11204       1.1093
   11205       1.0744
   11206       1.0997
   11207       1.0386
   11208       0.9518
   11209       0.9311
   11210       0.9728
   11211       0.9011
   11212       0.9333
   11213       0.8288
   11214       0.9242
   11215       0.9020
   11216       0.8414
   11217       0.8876
   11218       0.9525
   11219       0.8344
   11220       0.9153
   11221       0.8504
   11222       0.8444
   11223       0.9692
   11224       1.0355
   11225       0.9022
   11226       1.0439
   11227       1.0718
   11228       0.9916
   11229       0.9510
   11230       0.9932
   11231       0.9813
   11232       0.9744
   11233       0.9406
   11234       0.9300
   11235       0.9434
   11236       0.8953
   11237       0.9404
   11238       0.9444
   11239       0.9519
   11240       1.0769
   11241       1.1111
   11242       1.1207
   11243       1.1140
   11244       1.1214
   11245       1.0811
   11246       1.1466
   11247       0.9582
   11248       0.9455
   11249       1.0321
   11250       1.1496
   11251       1.0616
   11252       1.1198
   11253       1.0636
   11254       0.9875
   11255       1.0770
   11256       1.1454
   11257       1.0751
   11258       0.9628
   11259       1.0654
   11260       1.1739
   11261       1.0288
   11262       0.9722
   11263       0.9918
   11264       0.9218
   11265       0.9422
   11266       0.8615
   11267       0.9022
   11268       0.9781
   11269       0.9248
   11270       0.8586
   11271       0.9824
   11272       1.0280
   11273       0.9920
   11274       0.9854
   11275       0.9235
   11276       0.9309
   11277       0.9662
   11278       0.9504
   11279       1.0364
   11280       1.0539
   11281       1.0211
   11282       1.0674
   11283       0.9856
   11284       1.0264
   11285       0.9293
   11286       0.9963
   11287       1.0522
   11288       1.0475
   11289       0.9975
   11290       0.9052
   11291       0.9014
   11292       0.9403
   11293       1.0745
   11294       0.9092
   11295       0.9710
   11296       0.8680
   11297       0.9200
   11298       0.9864
   11299       1.0531
   11300       0.9904
   11301       0.9706
   11302       0.8371
   11303       0.9250
   11304       0.9452
   11305       1.0027
   11306       0.9680
   11307       1.0299
   11308       1.0037
   11309       0.9953
   11310       0.9412
   11311       0.9000
   11312       0.9723
   11313       0.9848
   11314       1.0318
   11315       1.0265
   11316       1.0025
   11317       1.0581
   11318       0.9541
   11319       0.9229
   11320       0.9384
   11321       1.0962
   11322       1.1484
   11323       1.0158
   11324       1.0385
   11325       0.9441
   11326       0.8262
   11327       1.0177
   11328       1.0778
   11329       0.9820
   11330       0.9252
   11331       0.9294
   11332       0.9081
   11333       0.9119
   11334       0.8854
   11335       0.8165
   11336       0.9659
   11337       1.0499
   11338       0.9695
   11339       0.9317
   11340       0.8842
   11341       0.9044
   11342       0.9229
   11343       1.0141
   11344       0.9367
   11345       1.0993
   11346       1.0968
   11347       0.9475
   11348       1.1553
   11349       1.1842
   11350       1.2440
   11351       1.0726
   11352       1.0402
   11353       1.2495
   11354       1.1847
   11355       1.0139
   11356       1.0494
   11357       1.0617
   11358       1.0977
   11359       1.0794
   11360       0.9122
   11361       0.9922
   11362       1.0053
   11363       0.9157
   11364       1.0152
   11365       1.1250
   11366       1.0709
   11367       1.0031
   11368       1.0196
   11369       1.1063
   11370       1.0830
   11371       1.0220
   11372       1.0473
   11373       1.0586
   11374       1.1124
   11375       1.1273
   11376       1.0396
   11377       1.0101
   11378       0.8077
   11379       0.8651
   11380       0.8671
   11381       0.9770
   11382       0.9089
   11383       0.9551
   11384       0.9684
   11385       1.0042
   11386       1.0191
   11387       1.0805
   11388       1.0343
   11389       1.0350
   11390       1.0620
   11391       0.9589
   11392       1.1064
   11393       1.1240
   11394       1.0449
   11395       1.0421
   11396       0.9486
   11397       1.0103
   11398       1.0201
   11399       1.0670
   11400       1.1763
   11401       1.0656
   11402       1.0177
   11403       1.1451
   11404       1.0205
   11405       1.0041
   11406       1.0178
   11407       1.0808
   11408       1.0065
   11409       0.9796
   11410       1.1440
   11411       1.0902
   11412       1.0457
   11413       1.0411
   11414       1.2345
   11415       1.0593
   11416       1.0291
   11417       1.1236
   11418       1.0319
   11419       1.0609
   11420       0.8874
   11421       0.9155
   11422       0.8984
   11423       0.8599
   11424       0.9846
   11425       0.9872
   11426       0.9837
   11427       0.9637
   11428       0.8383
   11429       1.0499
   11430       1.0551
   11431       1.0843
   11432       1.1007
   11433       1.0197
   11434       1.1496
   11435       1.0129
   11436       1.0092
   11437       0.9430
   11438       0.9154
   11439       0.8884
   11440       0.8923
   11441       0.8993
   11442       0.9466
   11443       0.8887
   11444       1.0260
   11445       0.9511
   11446       0.9121
   11447       0.9308
   11448       0.9246
   11449       0.9808
   11450       1.0132
   11451       0.9026
   11452       0.8965
   11453       0.8691
   11454       0.8307
   11455       0.9179
   11456       0.8387
   11457       0.8698
   11458       0.9776
   11459       1.1644
   11460       1.0904
   11461       1.0446
   11462       1.0640
   11463       1.1225
   11464       1.1770
   11465       1.0300
   11466       1.0821
   11467       0.9682
   11468       1.0199
   11469       1.0998
   11470       1.0213
   11471       0.9627
   11472       1.0045
   11473       0.9852
   11474       1.0013
   11475       1.0413
   11476       1.0382
   11477       1.0526
   11478       1.0526
   11479       0.9540
   11480       1.1490
   11481       0.9517
   11482       1.0593
   11483       1.0205
   11484       0.9221
   11485       1.0184
   11486       1.0190
   11487       0.9637
   11488       1.0583
   11489       1.1266
   11490       1.3000
   11491       1.2770
   11492       1.2462
   11493       1.3500
   11494       1.1200
   11495       1.0913
   11496       1.1140
   11497       1.0133
   11498       1.0396
   11499       1.0647
   11500       0.9681
   11501       1.1149
   11502       1.1166
   11503       1.1253
   11504       1.1452
   11505       1.0676
   11506       1.0959
   11507       1.0449
   11508       1.0810
   11509       1.0097
   11510       0.8937
   11511       1.0064
   11512       0.9631
   11513       0.9728
   11514       0.9769
   11515       1.0453
   11516       0.9755
   11517       1.0135
   11518       1.1460
   11519       1.1071
   11520       1.0085
   11521       0.9718
   11522       1.0988
   11523       1.1771
   11524       1.1146
   11525       1.1713
   11526       1.1367
   11527       1.2029
   11528       1.1407
   11529       1.1524
   11530       1.0982
   11531       1.0917
   11532       1.1252
   11533       1.0344
   11534       1.0221
   11535       1.0733
   11536       0.9123
   11537       0.9062
   11538       1.0618
   11539       1.0499
   11540       0.9300
   11541       1.0603
   11542       1.0419
   11543       1.0686
   11544       1.0540
   11545       1.1175
   11546       1.1705
   11547       1.1528
   11548       1.2643
   11549       1.1885
   11550       1.1023
   11551       1.0184
   11552       1.0598
   11553       1.0256
   11554       0.9819
   11555       1.0388
   11556       1.0043
   11557       1.0003
   11558       0.9492
   11559       1.0346
   11560       1.1432
   11561       1.0986
   11562       1.1264
   11563       1.1029
   11564       1.1047
   11565       0.9857
   11566       0.9775
   11567       1.0379
   11568       0.9372
   11569       0.9512
   11570       0.9726
   11571       0.9395
   11572       0.9490
   11573       0.9921
   11574       1.0046
   11575       0.9704
   11576       1.0811
   11577       0.9767
   11578       0.9240
   11579       0.9774
   11580       0.9387
   11581       1.1162
   11582       0.9966
   11583       0.9497
   11584       1.0259
   11585       1.0438
   11586       1.0108
   11587       0.9721
   11588       0.9813
   11589       0.8987
   11590       1.0786
   11591       1.1272
   11592       1.0744
   11593       1.1002
   11594       1.0818
   11595       1.0892
   11596       1.1615
   11597       1.1090
   11598       1.0975
   11599       1.1029
   11600       1.2172
   11601       1.1053
   11602       1.0686
   11603       1.0457
   11604       1.1290
   11605       1.0095
   11606       1.1115
   11607       1.0496
   11608       1.1259
   11609       0.9449
   11610       0.9656
   11611       1.1127
   11612       1.2456
   11613       1.1287
   11614       1.0943
   11615       1.0075
   11616       1.0125
   11617       1.0910
   11618       1.0178
   11619       1.1201
   11620       1.0825
   11621       1.1082
   11622       1.0787
   11623       1.1443
   11624       1.1199
   11625       1.1429
   11626       0.9988
   11627       1.0542
   11628       1.0774
   11629       1.0131
   11630       1.0997
   11631       1.1388
   11632       1.0361
   11633       1.0464
   11634       1.0950
   11635       1.2429
   11636       1.1969
   11637       1.2942
   11638       1.2234
   11639       1.2713
   11640       1.2383
   11641       1.0722
   11642       1.0669
   11643       1.1177
   11644       1.2447
   11645       1.2374
   11646       1.1380
   11647       1.2649
   11648       1.1705
   11649       1.2572
   11650       1.2579
   11651       1.2421
   11652       1.1917
   11653       1.1809
   11654       1.1164
   11655       1.1926
   11656       1.2459
   11657       1.3229
   11658       1.1559
   11659       1.1910
   11660       1.1891
   11661       1.1333
   11662       1.1321
   11663       1.2308
   11664       1.0835
   11665       0.9911
   11666       0.8863
   11667       1.0396
   11668       1.0778
   11669       0.9836
   11670       0.9851
   11671       1.0382
   11672       1.0089
   11673       1.0101
   11674       0.9874
   11675       0.9926
   11676       1.0645
   11677       1.0166
   11678       1.1547
   11679       0.9634
   11680       0.9672
   11681       1.0396
   11682       1.0815
   11683       1.0760
   11684       1.2216
   11685       1.1439
   11686       1.0863
   11687       1.1261
   11688       1.0766
   11689       1.1683
   11690       1.0958
   11691       1.0392
   11692       1.1748
   11693       1.1383
   11694       1.1363
   11695       1.2669
   11696       1.0463
   11697       1.1321
   11698       1.2857
   11699       1.1786
   11700       1.2419
   11701       1.1914
   11702       1.1863
   11703       1.1031
   11704       1.1133
   11705       1.0628
   11706       0.9784
   11707       0.9451
   11708       1.0768
   11709       1.0953
   11710       1.0564
   11711       1.0718
   11712       0.9903
   11713       1.1100
   11714       1.1234
   11715       1.1442
   11716       1.0731
   11717       1.0998
   11718       1.0681
   11719       1.0402
   11720       1.1893
   11721       1.0749
   11722       1.0748
   11723       1.2335
   11724       1.0315
   11725       1.0738
   11726       1.0019
   11727       1.0857
   11728       1.0349
   11729       1.0419
   11730       1.0793
   11731       1.0330
   11732       1.1636
   11733       1.0984
   11734       1.2415
   11735       1.2051
   11736       1.0934
   11737       1.0842
   11738       1.0375
   11739       1.0204
   11740       1.1163
   11741       1.0970
   11742       1.1088
   11743       1.1080
   11744       1.1627
   11745       1.2493
   11746       1.1280
   11747       1.3008
   11748       1.1888
   11749       1.1996
   11750       1.1692
   11751       1.0181
   11752       0.9670
   11753       0.8797
   11754       1.0910
   11755       1.2189
   11756       1.2184
   11757       1.1594
   11758       1.1692
   11759       1.1055
   11760       1.0223
   11761       0.9996
   11762       1.0266
   11763       1.0473
   11764       1.0043
   11765       1.1154
   11766       1.1760
   11767       1.0715
   11768       1.0818
   11769       1.0448
   11770       1.0018
   11771       0.8868
   11772       1.0409
   11773       0.9453
   11774       0.9300
   11775       0.9610
   11776       1.0427
   11777       0.9647
   11778       1.0078
   11779       0.9523
   11780       1.0499
   11781       1.0400
   11782       1.0060
   11783       0.9776
   11784       1.1292
   11785       1.0567
   11786       1.0112
   11787       1.1528
   11788       1.0095
   11789       1.0224
   11790       0.9708
   11791       1.1179
   11792       0.9581
   11793       1.0421
   11794       0.9409
   11795       0.9958
   11796       0.9681
   11797       0.9007
   11798       0.9421
   11799       0.9114
   11800       0.9468
   11801       1.0001
   11802       1.0350
   11803       0.9310
   11804       0.9267
   11805       1.0869
   11806       1.0211
   11807       1.0101
   11808       0.9132
   11809       0.9883
   11810       1.0162
   11811       1.1128
   11812       1.0645
   11813       1.0141
   11814       1.0776
   11815       1.2205
   11816       1.0176
   11817       1.0518
   11818       0.9905
   11819       1.1633
   11820       1.0259
   11821       0.9618
   11822       0.9504
   11823       0.9793
   11824       0.9270
   11825       0.9007
   11826       0.9828
   11827       0.9767
   11828       0.8465
   11829       0.8009
   11830       0.9131
   11831       0.8747
   11832       0.8874
   11833       0.8783
   11834       0.9129
   11835       0.8491
   11836       0.8582
   11837       0.8688
   11838       0.8584
   11839       0.8562
   11840       0.7991
   11841       0.9207
   11842       0.8844
   11843       0.8432
   11844       0.8305
   11845       0.8457
   11846       0.9666
   11847       0.8968
   11848       0.9961
   11849       0.9728
   11850       0.9061
   11851       0.9210
   11852       0.9340
   11853       0.9930
   11854       1.1400
   11855       1.1820
   11856       1.0656
   11857       1.1027
   11858       1.0572
   11859       1.1865
   11860       1.1533
   11861       1.2079
   11862       1.1429
   11863       1.1630
   11864       1.2047
   11865       1.1131
   11866       1.1138
   11867       1.0199
   11868       1.0610
   11869       1.0246
   11870       0.9633
   11871       0.8933
   11872       1.1241
   11873       1.1107
   11874       0.9789
   11875       0.9725
   11876       1.0074
   11877       1.0192
   11878       1.0602
   11879       1.0891
   11880       1.0941
   11881       1.0719
   11882       1.1179
   11883       1.0656
   11884       1.1482
   11885       0.9871
   11886       0.9908
   11887       0.9655
   11888       0.9433
   11889       0.8662
   11890       1.1200
   11891       1.0213
   11892       1.1044
   11893       1.1011
   11894       1.1884
   11895       1.0924
   11896       0.9777
   11897       1.1441
   11898       1.0477
   11899       1.0155
   11900       0.9630
   11901       1.0012
   11902       0.9813
   11903       0.8273
   11904       0.8753
   11905       0.8950
   11906       0.9056
   11907       0.9262
   11908       0.9333
   11909       1.0079
   11910       0.9323
   11911       0.8482
   11912       0.8822
   11913       0.8637
   11914       0.8561
   11915       0.8342
   11916       0.8636
   11917       0.8708
   11918       0.9629
   11919       0.8906
   11920       0.8567
   11921       0.8527
   11922       0.9549
   11923       0.9790
   11924       0.9031
   11925       1.0049
   11926       1.0468
   11927       1.0334
   11928       1.0160
   11929       1.0815
   11930       1.0649
   11931       0.9627
   11932       1.0709
   11933       0.9597
   11934       0.9402
   11935       1.0189
   11936       0.9934
   11937       0.9903
   11938       0.9421
   11939       0.9837
   11940       0.9533
   11941       0.9054
   11942       1.0091
   11943       0.8920
   11944       0.9076
   11945       0.9401
   11946       0.9136
   11947       0.9160
   11948       0.8800
   11949       0.9495
   11950       0.9802
   11951       0.9853
   11952       0.9572
   11953       0.9169
   11954       0.9254
   11955       0.8475
   11956       0.9384
   11957       0.8112
   11958       1.0065
   11959       1.0140
   11960       0.9988
   11961       0.9388
   11962       0.9554
   11963       0.9817
   11964       1.0482
   11965       1.0769
   11966       0.9939
   11967       1.0373
   11968       0.9779
   11969       1.0112
   11970       0.9444
   11971       0.9112
   11972       0.9970
   11973       0.9479
   11974       0.9499
   11975       1.0430
   11976       1.0530
   11977       0.9606
   11978       1.0668
   11979       0.9733
   11980       1.1246
   11981       1.0456
   11982       1.0832
   11983       1.0374
   11984       1.0402
   11985       0.9379
   11986       1.0168
   11987       1.0256
   11988       0.9424
   11989       1.0113
   11990       1.0485
   11991       1.0967
   11992       0.9718
   11993       0.9346
   11994       0.9089
   11995       0.9445
   11996       0.9892
   11997       0.9838
   11998       1.0487
   11999       0.9306
   12000       0.9213
   12001       1.0047
   12002       0.9983
   12003       0.9902
   12004       0.9380
   12005       0.9010
   12006       0.9075
   12007       0.9424
   12008       0.9262
   12009       0.9398
   12010       0.8865
   12011       0.9087
   12012       1.0207
   12013       1.0359
   12014       0.9953
   12015       0.8820
   12016       0.9522
   12017       0.9708
   12018       0.9296
   12019       0.9315
   12020       0.8996
   12021       0.9927
   12022       1.0803
   12023       0.9663
   12024       0.9146
   12025       0.9737
   12026       1.0544
   12027       1.0388
   12028       0.9548
   12029       0.9580
   12030       0.9056
   12031       0.8863
   12032       0.8837
   12033       0.8919
   12034       0.9300
   12035       0.9633
   12036       0.9605
   12037       0.9001
   12038       0.9924
   12039       1.0166
   12040       0.9133
   12041       0.8826
   12042       1.0019
   12043       0.9595
   12044       0.9851
   12045       1.1421
   12046       1.1113
   12047       1.0234
   12048       1.0437
   12049       1.0313
   12050       1.0084
   12051       1.0551
   12052       1.1377
   12053       1.0946
   12054       1.1500
   12055       1.0452
   12056       1.1822
   12057       1.2827
   12058       1.1264
   12059       1.1007
   12060       1.0958
   12061       1.0931
   12062       1.2227
   12063       1.1591
   12064       1.2312
   12065       1.3435
   12066       1.1996
   12067       1.1935
   12068       1.2264
   12069       1.2822
   12070       1.1631
   12071       1.1460
   12072       1.0950
   12073       1.1080
   12074       1.1164
   12075       1.1406
   12076       1.1928
   12077       1.2280
   12078       1.1722
   12079       1.1167
   12080       1.0247
   12081       1.0171
   12082       1.0521
   12083       1.1831
   12084       1.1933
   12085       1.1509
   12086       1.1597
   12087       1.0243
   12088       1.0515
   12089       1.0156
   12090       0.9535
   12091       1.0063
   12092       0.9936
   12093       0.9829
   12094       1.0199
   12095       1.0215
   12096       1.0150
   12097       1.0493
   12098       1.0514
   12099       0.9492
   12100       1.0515
   12101       1.0224
   12102       1.0669
   12103       0.9974
   12104       1.1040
   12105       1.1991
   12106       1.2000
   12107       1.2504
   12108       1.2345
   12109       1.2955
   12110       1.3448
   12111       1.3862
   12112       1.3378
   12113       1.2896
   12114       1.2142
   12115       1.1137
   12116       1.0762
   12117       1.1565
   12118       1.1647
   12119       0.9545
   12120       0.9952
   12121       0.8969
   12122       1.0408
   12123       1.1815
   12124       1.0619
   12125       1.0121
   12126       1.0698
   12127       1.1417
   12128       1.0773
   12129       1.1059
   12130       1.0868
   12131       1.1033
   12132       1.0942
   12133       1.0160
   12134       1.0692
   12135       1.0976
   12136       1.0869
   12137       1.1612
   12138       1.0299
   12139       1.0709
   12140       1.0764
   12141       1.0519
   12142       0.9318
   12143       0.9293
   12144       0.9944
   12145       1.1343
   12146       1.2208
   12147       1.1058
   12148       1.1005
   12149       1.0063
   12150       1.1295
   12151       1.0948
   12152       1.1799
   12153       1.2068
   12154       1.0798
   12155       1.1067
   12156       1.1026
   12157       1.0229
   12158       1.0783
   12159       1.1363
   12160       1.1368
   12161       1.1814
   12162       1.2135
   12163       1.2900
   12164       1.3425
   12165       1.2830
   12166       1.2720
   12167       1.0584
   12168       1.1200
   12169       1.1749
   12170       1.1473
   12171       1.2133
   12172       1.1477
   12173       1.1173
   12174       1.1666
   12175       1.1627
   12176       1.0570
   12177       1.0333
   12178       0.9891
   12179       0.9266
   12180       1.1176
   12181       0.9402
   12182       0.9687
   12183       1.0399
   12184       1.1312
   12185       1.1202
   12186       1.0653
   12187       1.0859
   12188       1.0201
   12189       0.8894
   12190       0.9077
   12191       0.9531
   12192       0.8931
   12193       1.0274
   12194       1.0447
   12195       0.9363
   12196       1.0154
   12197       1.0795
   12198       1.0138
   12199       1.0439
   12200       0.9937
   12201       0.9405
   12202       1.0474
   12203       0.9300
   12204       0.9921
   12205       0.9871
   12206       1.0986
   12207       1.0536
   12208       1.0169
   12209       0.9934
   12210       0.9116
   12211       1.0424
   12212       0.9479
   12213       0.9238
   12214       0.9462
   12215       0.9662
   12216       0.9045
   12217       0.9621
   12218       1.1162
   12219       1.0899
   12220       1.0244
   12221       0.9539
   12222       1.0495
   12223       1.0415
   12224       1.0005
   12225       1.0962
   12226       0.9438
   12227       0.9634
   12228       0.9415
   12229       1.0730
   12230       1.0512
   12231       1.1229
   12232       1.2439
   12233       1.0976
   12234       1.1147
   12235       1.2762
   12236       1.0584
   12237       1.0056
   12238       0.9869
   12239       1.0638
   12240       1.0964
   12241       1.0240
   12242       1.1009
   12243       0.9605
   12244       0.9272
   12245       1.0044
   12246       1.0587
   12247       0.9546
   12248       1.0311
   12249       1.0079
   12250       1.0257
   12251       1.0369
   12252       1.1077
   12253       0.9922
   12254       1.0812
   12255       1.0787
   12256       1.0835
   12257       1.0712
   12258       1.0953
   12259       1.1809
   12260       1.2038
   12261       1.0636
   12262       1.1380
   12263       1.0765
   12264       1.0463
   12265       1.0690
   12266       1.0796
   12267       1.1141
   12268       1.1112
   12269       1.2573
   12270       1.2041
   12271       1.1261
   12272       1.1368
   12273       1.1312
   12274       1.1143
   12275       1.1136
   12276       1.0641
   12277       1.1421
   12278       1.1296
   12279       1.2474
   12280       1.2421
   12281       1.2516
   12282       1.2863
   12283       1.1702
   12284       1.2437
   12285       1.2455
   12286       1.2942
   12287       1.1441
   12288       1.2228
   12289       1.2418
   12290       1.1801
   12291       1.2106
   12292       1.3188
   12293       1.2252
   12294       1.1525
   12295       1.0971
   12296       1.0465
   12297       1.0836
   12298       1.0707
   12299       0.9313
   12300       1.0370
   12301       1.0857
   12302       1.0866
   12303       1.1377
   12304       1.0751
   12305       1.1505
   12306       1.2274
   12307       1.2323
   12308       1.2493
   12309       1.1350
   12310       1.2638
   12311       1.2023
   12312       1.2194
   12313       1.2256
   12314       1.3279
   12315       1.3450
   12316       1.1598
   12317       1.2321
   12318       1.0530
   12319       1.1521
   12320       1.1865
   12321       1.1554
   12322       1.1197
   12323       1.1338
   12324       1.0905
   12325       1.1768
   12326       1.0770
   12327       1.1356
   12328       1.1288
   12329       1.0884
   12330       1.2275
   12331       1.1623
   12332       1.0493
   12333       1.2207
   12334       1.1044
   12335       1.0678
   12336       1.1183
   12337       1.1601
   12338       1.2120
   12339       1.1072
   12340       1.0571
   12341       1.1057
   12342       1.2014
   12343       1.1930
   12344       1.0545
   12345       1.1195
   12346       1.0261
   12347       0.9927
   12348       1.0460
   12349       1.0826
   12350       1.1152
   12351       1.1162
   12352       1.1188
   12353       1.1259
   12354       1.1336
   12355       1.1720
   12356       1.0618
   12357       1.2018
   12358       1.2075
   12359       1.2644
   12360       1.2006
   12361       1.3461
   12362       1.3697
   12363       1.2742
   12364       1.2123
   12365       1.2633
   12366       1.1358
   12367       1.1317
   12368       1.1063
   12369       1.1127
   12370       1.1718
   12371       1.1286
   12372       1.1427
   12373       1.0173
   12374       1.0141
   12375       1.1329
   12376       1.0125
   12377       1.0449
   12378       1.1361
   12379       1.1689
   12380       1.0842
   12381       1.1051
   12382       1.1568
   12383       1.2040
   12384       1.1693
   12385       1.3308
   12386       1.1388
   12387       1.2093
   12388       1.2145
   12389       1.1984
   12390       1.1750
   12391       1.1939
   12392       1.1700
   12393       1.3203
   12394       1.3497
   12395       1.2470
   12396       1.2489
   12397       1.2572
   12398       1.3065
   12399       1.3968
   12400       1.2768
   12401       1.3014
   12402       1.1699
   12403       1.3941
   12404       1.4101
   12405       1.3222
   12406       1.4076
   12407       1.1613
   12408       1.3858
   12409       1.3980
   12410       1.2981
   12411       1.2220
   12412       1.2395
   12413       1.1832
   12414       1.2189
   12415       1.3351
   12416       1.4064
   12417       1.3275
   12418       1.4401
   12419       1.3806
   12420       1.3859
   12421       1.2801
   12422       1.2749
   12423       1.3755
   12424       1.4495
   12425       1.3836
   12426       1.3839
   12427       1.3852
   12428       1.4431
   12429       1.4044
   12430       1.3732
   12431       1.3048
   12432       1.3282
   12433       1.1555
   12434       1.3241
   12435       1.3394
   12436       1.3843
   12437       1.3386
   12438       1.3629
   12439       1.3098
   12440       1.3171
   12441       1.2136
   12442       1.3160
   12443       1.2689
   12444       1.3793
   12445       1.3597
   12446       1.3659
   12447       1.1775
   12448       1.2305
   12449       1.4624
   12450       1.3622
   12451       1.3324
   12452       1.3824
   12453       1.2728
   12454       1.3726
   12455       1.3216
   12456       1.1982
   12457       1.2986
   12458       1.3082
   12459       1.1924
   12460       1.2901
   12461       1.4495
   12462       1.2709
   12463       1.2695
   12464       1.3719
   12465       1.4192
   12466       1.3785
   12467       1.4568
   12468       1.4124
   12469       1.3297
   12470       1.2895
   12471       1.2834
   12472       1.3650
   12473       1.3499
   12474       1.3586
   12475       1.2430
   12476       1.1793
   12477       1.3957
   12478       1.3589
   12479       1.3467
   12480       1.2743
   12481       1.3528
   12482       1.3364
   12483       1.3202
   12484       1.3026
   12485       1.2670
   12486       1.2467
   12487       1.1297
   12488       1.0865
   12489       1.2142
   12490       1.1198
   12491       1.2511
   12492       1.2992
   12493       1.3503
   12494       1.1207
   12495       1.2650
   12496       1.3356
   12497       1.2239
   12498       1.2242
   12499       1.2728
   12500       1.1863
   12501       1.2059
   12502       1.3982
   12503       1.3355
   12504       1.1764
   12505       1.3048
   12506       1.1944
   12507       1.3274
   12508       1.3473
   12509       1.3077
   12510       1.3128
   12511       1.2456
   12512       1.3579
   12513       1.4126
   12514       1.2923
   12515       1.4303
   12516       1.4378
   12517       1.2834
   12518       1.2563
   12519       1.2179
   12520       1.2854
   12521       1.2655
   12522       1.0621
   12523       1.1483
   12524       1.1373
   12525       1.2022
   12526       1.0567
   12527       1.1980
   12528       1.2914
   12529       1.1329
   12530       1.1199
   12531       1.1445
   12532       1.0494
   12533       0.9840
   12534       1.1093
   12535       1.1564
   12536       1.0971
   12537       1.0760
   12538       1.1840
   12539       1.1255
   12540       1.2151
   12541       1.0924
   12542       1.1659
   12543       1.1359
   12544       1.1020
   12545       1.0416
   12546       1.1176
   12547       1.1135
   12548       1.2182
   12549       1.3719
   12550       1.3337
   12551       1.4243
   12552       1.3100
   12553       1.3062
   12554       1.1723
   12555       1.2796
   12556       1.3035
   12557       1.2847
   12558       1.2031
   12559       1.3327
   12560       1.3967
   12561       1.3774
   12562       1.3359
   12563       1.2711
   12564       1.2081
   12565       1.3221
   12566       1.2266
   12567       1.3801
   12568       1.2874
   12569       1.3071
   12570       1.1953
   12571       1.3329
   12572       1.2728
   12573       1.2398
   12574       1.3787
   12575       1.3299
   12576       1.2272
   12577       1.2889
   12578       1.3375
   12579       1.4335
   12580       1.2720
   12581       1.1599
   12582       1.3755
   12583       1.3202
   12584       1.1947
   12585       1.3319
   12586       1.3438
   12587       1.3295
   12588       1.1900
   12589       1.3452
   12590       1.2716
   12591       1.3254
   12592       1.2292
   12593       1.4321
   12594       1.2283
   12595       1.2391
   12596       1.2365
   12597       1.3068
   12598       1.3476
   12599       1.3567
   12600       1.2957
   12601       1.3405
   12602       1.3469
   12603       1.4387
   12604       1.4651
   12605       1.3026
   12606       1.3357
   12607       1.4125
   12608       1.5444
   12609       1.4740
   12610       1.2441
   12611       1.2838
   12612       1.2179
   12613       1.1332
   12614       1.2013
   12615       1.2973
   12616       1.1447
   12617       1.1990
   12618       1.1802
   12619       1.0838
   12620       1.3023
   12621       1.1658
   12622       1.1511
   12623       1.2403
   12624       1.1518
   12625       1.2169
   12626       1.2811
   12627       1.2167
   12628       1.1524
   12629       1.1513
   12630       1.2473
   12631       1.1758
   12632       1.1419
   12633       1.2320
   12634       1.2616
   12635       1.2230
   12636       1.2998
   12637       1.3097
   12638       1.2928
   12639       1.2731
   12640       1.2824
   12641       1.2637
   12642       1.3405
   12643       1.3370
   12644       1.2834
   12645       1.2525
   12646       1.2517
   12647       1.1561
   12648       1.1123
   12649       1.0796
   12650       1.2397
   12651       1.1883
   12652       1.1886
   12653       1.1617
   12654       1.1755
   12655       1.1546
   12656       1.1976
   12657       1.2176
   12658       1.1595
   12659       1.1676
   12660       1.2336
   12661       1.3770
   12662       1.1811
   12663       1.2678
   12664       1.2611
   12665       1.1576
   12666       1.0843
   12667       1.2318
   12668       1.0934
   12669       1.0938
   12670       1.1019
   12671       1.1515
   12672       1.1390
   12673       1.1055
   12674       1.0884
   12675       1.0163
   12676       1.0533
   12677       1.0038
   12678       1.0607
   12679       1.1192
   12680       1.2390
   12681       1.2351
   12682       1.0804
   12683       1.1786
   12684       1.1334
   12685       1.0890
   12686       1.0938
   12687       1.0898
   12688       1.0218
   12689       0.9917
   12690       0.9512
   12691       0.8833
   12692       0.8878
   12693       0.9328
   12694       0.8930
   12695       0.9264
   12696       1.0446
   12697       1.0522
   12698       0.9192
   12699       1.0210
   12700       1.0247
   12701       0.8817
   12702       1.1061
   12703       0.9824
   12704       0.9802
   12705       0.9738
   12706       0.9735
   12707       1.0390
   12708       1.0642
   12709       1.0447
   12710       1.0838
   12711       1.1381
   12712       0.9390
   12713       1.0394
   12714       1.1102
   12715       1.2765
   12716       1.1252
   12717       1.1314
   12718       1.0804
   12719       1.0687
   12720       1.0330
   12721       1.1304
   12722       1.1872
   12723       1.2103
   12724       1.0472
   12725       1.1536
   12726       1.2482
   12727       1.2298
   12728       1.1498
   12729       1.1106
   12730       1.0143
   12731       1.0848
   12732       1.0428
   12733       1.1847
   12734       1.1988
   12735       1.3179
   12736       1.0874
   12737       1.0812
   12738       0.9303
   12739       1.0261
   12740       1.0268
   12741       1.1259
   12742       1.0334
   12743       1.0794
   12744       1.0947
   12745       1.0545
   12746       1.1700
   12747       1.1953
   12748       1.2711
   12749       1.2786
   12750       1.4308
   12751       1.2529
   12752       1.3832
   12753       1.1848
   12754       1.2623
   12755       1.3392
   12756       1.2415
   12757       1.2264
   12758       1.2159
   12759       1.0557
   12760       1.1330
   12761       1.2424
   12762       1.0845
   12763       1.1561
   12764       1.0920
   12765       1.0791
   12766       1.0078
   12767       1.0094
   12768       0.9829
   12769       1.0394
   12770       1.1334
   12771       0.9291
   12772       1.1119
   12773       1.0144
   12774       1.0560
   12775       1.1272
   12776       1.1261
   12777       1.2092
   12778       1.1914
   12779       1.1547
   12780       1.0766
   12781       1.0223
   12782       0.9505
   12783       0.8030
   12784       1.0094
   12785       0.8753
   12786       0.9794
   12787       0.8348
   12788       0.8667
   12789       0.9552
   12790       0.9934
   12791       0.9855
   12792       0.8731
   12793       0.9042
   12794       0.9540
   12795       0.9795
   12796       0.8615
   12797       0.9677
   12798       0.9694
   12799       1.0322
   12800       0.9927
   12801       1.0485
   12802       0.9241
   12803       1.1533
   12804       1.0867
   12805       1.0477
   12806       1.0813
   12807       1.0386
   12808       1.0685
   12809       1.0765
   12810       1.0711
   12811       1.1297
   12812       1.0612
   12813       1.0556
   12814       1.0678
   12815       1.1534
   12816       1.1835
   12817       1.0807
   12818       0.9159
   12819       1.0693
   12820       1.0673
   12821       0.9998
   12822       1.0478
   12823       1.0981
   12824       1.0125
   12825       1.0655
   12826       1.0948
   12827       1.1747
   12828       1.0321
   12829       0.9668
   12830       0.9416
   12831       1.0242
   12832       1.0115
   12833       1.1188
   12834       1.0810
   12835       1.1477
   12836       1.2187
   12837       1.1652
   12838       1.1551
   12839       1.2314
   12840       1.0102
   12841       1.1199
   12842       1.0351
   12843       1.0656
   12844       1.1428
   12845       1.0215
   12846       1.0063
   12847       1.2030
   12848       1.1830
   12849       1.2161
   12850       1.1820
   12851       1.1196
   12852       1.1231
   12853       1.1904
   12854       1.1348
   12855       1.1418
   12856       1.2258
   12857       1.1372
   12858       1.1079
   12859       0.9925
   12860       1.0040
   12861       1.0658
   12862       1.1179
   12863       1.1020
   12864       1.1383
   12865       1.0392
   12866       1.1285
   12867       1.0721
   12868       1.0749
   12869       1.0741
   12870       1.2413
   12871       1.0453
   12872       0.9864
   12873       1.0275
   12874       1.0992
   12875       1.0592
   12876       1.1869
   12877       1.1944
   12878       1.0222
   12879       1.0349
   12880       1.0436
   12881       1.1103
   12882       1.0869
   12883       1.0770
   12884       1.0751
   12885       1.0878
   12886       1.1007
   12887       1.0491
   12888       1.1923
   12889       1.1327
   12890       1.0204
   12891       1.0879
   12892       1.0125
   12893       1.0162
   12894       1.0877
   12895       1.0992
   12896       1.1476
   12897       1.0799
   12898       1.0306
   12899       0.9946
   12900       0.9950
   12901       1.0536
   12902       1.1158
   12903       1.2449
   12904       1.0008
   12905       1.0637
   12906       1.0777
   12907       1.1428
   12908       1.1891
   12909       1.3161
   12910       1.2127
   12911       1.2640
   12912       1.2923
   12913       1.0530
   12914       1.1442
   12915       1.2075
   12916       1.1004
   12917       1.1523
   12918       1.0641
   12919       1.0076
   12920       1.0934
   12921       1.2391
   12922       1.1440
   12923       1.2414
   12924       1.2686
   12925       1.2521
   12926       1.1593
   12927       1.2445
   12928       1.2635
   12929       1.0858
   12930       1.2266
   12931       1.1855
   12932       1.0729
   12933       1.1199
   12934       0.9300
   12935       1.1711
   12936       1.1156
   12937       1.1854
   12938       1.1169
   12939       1.1073
   12940       1.1755
   12941       1.2432
   12942       1.1655
   12943       1.2979
   12944       1.3449
   12945       1.4244
   12946       1.2905
   12947       1.3660
   12948       1.4134
   12949       1.3192
   12950       1.2437
   12951       1.2479
   12952       1.3539
   12953       1.2831
   12954       1.1533
   12955       1.1615
   12956       1.2840
   12957       1.3362
   12958       1.2937
   12959       1.2669
   12960       1.3458
   12961       1.2006
   12962       1.2806
   12963       1.3349
   12964       1.4456
   12965       1.2750
   12966       1.1888
   12967       1.2752
   12968       1.1019
   12969       1.1205
   12970       1.1856
   12971       1.1293
   12972       1.1319
   12973       1.1858
   12974       1.0515
   12975       1.2176
   12976       1.0848
   12977       1.0729
   12978       1.1502
   12979       0.9336
   12980       1.1140
   12981       1.1400
   12982       1.2074
   12983       1.2957
   12984       1.4008
   12985       1.1875
   12986       1.1243
   12987       1.0770
   12988       1.0011
   12989       1.1621
   12990       1.1509
   12991       1.0561
   12992       1.0180
   12993       1.0453
   12994       0.9922
   12995       0.9870
   12996       1.0610
   12997       1.0638
   12998       0.9971
   12999       1.0403
   13000       0.9906
   13001       1.0890
   13002       0.9813
   13003       0.9925
   13004       1.0814
   13005       1.1376
   13006       1.1958
   13007       1.0922
   13008       0.9617
   13009       1.0906
   13010       1.1323
   13011       1.1367
   13012       1.1405
   13013       1.1559
   13014       1.3828
   13015       1.2306
   13016       1.4345
   13017       1.4557
   13018       1.6207
   13019       1.6142
   13020       1.7198
   13021       1.6436
   13022       1.7492
   13023       1.6259
   13024       1.5716
   13025       1.5077
   13026       1.5415
   13027       1.6269
   13028       1.7401
   13029       1.6613
   13030       1.7974
   13031       1.7700
   13032       1.9078
   13033       1.9770
   13034       1.8432
   13035       1.8226
   13036       1.5981
   13037       1.6352
   13038       1.6464
   13039       1.5376
   13040       1.4860
   13041       1.4406
   13042       1.4131
   13043       1.3184
   13044       1.3998
   13045       1.4748
   13046       1.4419
   13047       1.2727
   13048       1.3886
   13049       1.5743
   13050       1.4835
   13051       1.3797
   13052       1.4097
   13053       1.2923
   13054       1.1178
   13055       1.1194
   13056       1.1627
   13057       1.0273
   13058       1.0335
   13059       1.0607
   13060       1.1092
   13061       1.1143
   13062       1.2268
   13063       1.2717
   13064       1.1744
   13065       1.1261
   13066       1.3223
   13067       1.0665
   13068       1.0953
   13069       1.1873
   13070       1.1856
   13071       1.1889
   13072       1.1529
   13073       1.1312
   13074       1.3137
   13075       1.2701
   13076       1.3309
   13077       1.1661
   13078       1.1375
   13079       1.0325
   13080       1.0131
   13081       1.0418
   13082       1.0243
   13083       1.0168
   13084       1.0203
   13085       1.0168
   13086       1.0556
   13087       1.1379
   13088       1.0596
   13089       0.9802
   13090       0.9904
   13091       1.0718
   13092       1.0460
   13093       1.0420
   13094       1.1435
   13095       1.1239
   13096       1.2691
   13097       1.3570
   13098       1.2573
   13099       1.2819
   13100       1.3847
   13101       1.3134
   13102       1.1296
   13103       1.2612
   13104       1.2969
   13105       1.3403
   13106       1.2144
   13107       0.9764
   13108       1.1740
   13109       1.0719
   13110       1.0812
   13111       1.2499
   13112       1.0083
   13113       1.0323
   13114       1.0804
   13115       1.1858
   13116       1.1751
   13117       1.0941
   13118       1.0871
   13119       1.1366
   13120       1.0216
   13121       0.9931
   13122       0.9296
   13123       0.9471
   13124       0.9279
   13125       1.0518
   13126       1.0241
   13127       1.3210
   13128       1.3071
   13129       1.4428
   13130       1.4645
   13131       1.5113
   13132       1.4706
   13133       1.5880
   13134       1.4775
   13135       1.3396
   13136       1.4137
   13137       1.3279
   13138       1.1960
   13139       1.2400
   13140       1.2017
   13141       1.2236
   13142       1.0836
   13143       1.0805
   13144       1.0223
   13145       1.0482
   13146       0.9315
   13147       0.8670
   13148       0.7649
   13149       0.8704
   13150       0.9266
   13151       0.9636
   13152       0.9812
   13153       1.0838
   13154       1.0935
   13155       1.1069
   13156       1.0065
   13157       0.9407
   13158       1.0332
   13159       1.1870
   13160       1.1457
   13161       1.1064
   13162       0.9561
   13163       0.9136
   13164       0.8116
   13165       1.0111
   13166       1.0543
   13167       0.9950
   13168       1.0942
   13169       1.0854
   13170       1.0759
   13171       1.0275
   13172       0.9405
   13173       0.9786
   13174       0.9127
   13175       0.9480
   13176       0.8848
   13177       0.9165
   13178       0.8925
   13179       0.8939
   13180       0.9925
   13181       0.9809
   13182       0.9663
   13183       0.9704
   13184       0.9837
   13185       0.8843
   13186       1.0302
   13187       1.0323
   13188       1.0862
   13189       1.0051
   13190       1.0816
   13191       1.0848
   13192       1.0053
   13193       1.0798
   13194       1.0130
   13195       1.0405
   13196       0.9863
   13197       0.9514
   13198       0.9608
   13199       0.9516
   13200       1.0979
   13201       1.0490
   13202       0.9587
   13203       0.9901
   13204       0.9525
   13205       0.8896
   13206       0.8934
   13207       0.9767
   13208       0.9175
   13209       0.8269
   13210       0.8971
   13211       0.9494
   13212       0.9704
   13213       0.9058
   13214       0.8869
   13215       0.8958
   13216       0.8971
   13217       0.9319
   13218       0.8939
   13219       0.8971
   13220       0.8328
   13221       0.8727
   13222       0.9131
   13223       0.8953
   13224       1.0622
   13225       0.9374
   13226       1.0195
   13227       1.1298
   13228       1.0247
   13229       0.9765
   13230       1.1207
   13231       0.9673
   13232       1.0584
   13233       1.0439
   13234       1.0261
   13235       0.9939
   13236       1.0726
   13237       1.0983
   13238       0.9062
   13239       1.0599
   13240       0.9860
   13241       0.9622
   13242       1.1006
   13243       0.9021
   13244       0.9100
   13245       1.0499
   13246       0.9688
   13247       0.8472
   13248       1.0324
   13249       0.9503
   13250       0.9554
   13251       0.8938
   13252       1.1674
   13253       1.1289
   13254       1.1100
   13255       1.2120
   13256       1.2691
   13257       1.3825
   13258       1.3331
   13259       1.1395
   13260       1.0151
   13261       1.0484
   13262       1.0428
   13263       1.2129
   13264       1.2300
   13265       1.1218
   13266       1.2961
   13267       1.1786
   13268       1.2151
   13269       1.2446
   13270       1.4107
   13271       1.3920
   13272       1.2903
   13273       1.1890
   13274       1.2800
   13275       1.2247
   13276       1.1215
   13277       0.9985
   13278       1.0680
   13279       1.0808
   13280       1.0512
   13281       1.0395
   13282       1.0219
   13283       0.9474
   13284       0.9708
   13285       1.0519
   13286       1.1811
   13287       1.0902
   13288       1.1197
   13289       1.0168
   13290       1.0374
   13291       1.1439
   13292       1.2076
   13293       1.1934
   13294       1.2739
   13295       1.1219
   13296       1.1471
   13297       1.1871
   13298       1.4717
   13299       1.2407
   13300       1.2415
   13301       1.2992
   13302       1.2442
   13303       1.2750
   13304       1.2384
   13305       1.2501
   13306       1.2638
   13307       1.1275
   13308       1.1981
   13309       1.1480
   13310       1.2151
   13311       1.1826
   13312       1.2493
   13313       1.2130
   13314       1.1785
   13315       1.1588
   13316       1.3450
   13317       1.1821
   13318       1.1679
   13319       1.2743
   13320       1.3599
   13321       1.2788
   13322       1.2185
   13323       1.2051
   13324       1.2182
   13325       1.1640
   13326       1.2066
   13327       1.2781
   13328       1.1989
   13329       1.3003
   13330       1.2317
   13331       1.0207
   13332       1.1792
   13333       1.2190
   13334       1.1568
   13335       1.1543
   13336       1.2430
   13337       1.1694
   13338       1.2102
   13339       1.0796
   13340       1.3435
   13341       1.2135
   13342       1.4160
   13343       1.3204
   13344       1.3797
   13345       1.1733
   13346       1.4262
   13347       1.2452
   13348       1.1660
   13349       1.1075
   13350       1.0608
   13351       1.2335
   13352       1.2452
   13353       1.3375
   13354       1.5681
   13355       1.4800
   13356       1.4230
   13357       1.4259
   13358       1.2960
   13359       1.3473
   13360       1.3100
   13361       1.5091
   13362       1.5150
   13363       1.5390
   13364       1.5446
   13365       1.4426
   13366       1.5811
   13367       1.5924
   13368       1.6144
   13369       1.7473
   13370       1.6253
   13371       1.6087
   13372       1.7143
   13373       1.6049
   13374       1.5163
   13375       1.6228
   13376       1.4942
   13377       1.6352
   13378       1.5040
   13379       1.5137
   13380       1.5619
   13381       1.4151
   13382       1.3908
   13383       1.4156
   13384       1.4422
   13385       1.3625
   13386       1.3993
   13387       1.4127
   13388       1.5741
   13389       1.6114
   13390       1.6800
   13391       1.7040
   13392       1.6312
   13393       1.8162
   13394       1.6512
   13395       1.6688
   13396       1.5123
   13397       1.2902
   13398       1.3413
   13399       1.3706
   13400       1.5464
   13401       1.4328
   13402       1.3576
   13403       1.3384
   13404       1.2738
   13405       1.3386
   13406       1.4520
   13407       1.4916
   13408       1.4050
   13409       1.4220
   13410       1.5554
   13411       1.5735
   13412       1.5344
   13413       1.4618
   13414       1.3776
   13415       1.3795
   13416       1.2453
   13417       1.3455
   13418       1.3370
   13419       1.4310
   13420       1.4125
   13421       1.4069
   13422       1.5625
   13423       1.5205
   13424       1.4799
   13425       1.4730
   13426       1.3877
   13427       1.4037
   13428       1.3722
   13429       1.3631
   13430       1.3902
   13431       1.3239
   13432       1.4553
   13433       1.5536
   13434       1.4884
   13435       1.4136
   13436       1.2701
   13437       1.3902
   13438       1.3243
   13439       1.3258
   13440       1.4553
   13441       1.6600
   13442       1.6118
   13443       1.4780
   13444       1.5609
   13445       1.5289
   13446       1.5468
   13447       1.5503
   13448       1.4507
   13449       1.4122
   13450       1.4719
   13451       1.4219
   13452       1.5327
   13453       1.4764
   13454       1.4674
   13455       1.4324
   13456       1.2918
   13457       1.4669
   13458       1.3604
   13459       1.3274
   13460       1.1683
   13461       1.2353
   13462       1.2509
   13463       1.2135
   13464       1.3425
   13465       1.1857
   13466       1.2968
   13467       1.2403
   13468       1.5537
   13469       1.6077
   13470       1.6253
   13471       1.6754
   13472       1.6473
   13473       1.6662
   13474       1.6855
   13475       1.6613
   13476       1.6246
   13477       1.6317
   13478       1.4643
   13479       1.5524
   13480       1.5479
   13481       1.7449
   13482       1.8260
   13483       1.7138
   13484       1.8699
   13485       1.6298
   13486       1.4473
   13487       1.4510
   13488       1.5026
   13489       1.5432
   13490       1.3750
   13491       1.3246
   13492       1.3261
   13493       1.1819
   13494       1.0664
   13495       1.1778
   13496       1.3422
   13497       1.3634
   13498       1.2600
   13499       1.2953
   13500       1.3451
   13501       1.2019
   13502       1.3248
   13503       1.2844
   13504       1.3041
   13505       1.2557
   13506       1.3660
   13507       1.3285
   13508       1.3286
   13509       1.5509
   13510       1.4949
   13511       1.4860
   13512       1.4484
   13513       1.5528
   13514       1.5440
   13515       1.5326
   13516       1.5124
   13517       1.6022
   13518       1.4924
   13519       1.5112
   13520       1.4794
   13521       1.4114
   13522       1.5110
   13523       1.4198
   13524       1.3650
   13525       1.4174
   13526       1.4437
   13527       1.3022
   13528       1.4250
   13529       1.3427
   13530       1.3668
   13531       1.4453
   13532       1.4741
   13533       1.5478
   13534       1.6403
   13535       1.4917
   13536       1.5844
   13537       1.5160
   13538       1.4172
   13539       1.3647
   13540       1.1955
   13541       1.2372
   13542       1.2203
   13543       1.3171
   13544       1.3903
   13545       1.4102
   13546       1.1761
   13547       0.9970
   13548       1.0440
   13549       1.2486
   13550       1.1802
   13551       1.2113
   13552       1.1225
   13553       1.0508
   13554       1.0997
   13555       1.1706
   13556       1.2688
   13557       1.2302
   13558       1.3791
   13559       1.4220
   13560       1.2252
   13561       1.2360
   13562       1.2281
   13563       1.4858
   13564       1.2868
   13565       1.3680
   13566       1.1821
   13567       1.1215
   13568       1.1711
   13569       1.1139
   13570       1.0834
   13571       1.0721
   13572       1.2415
   13573       1.2565
   13574       1.2156
   13575       1.1126
   13576       1.0514
   13577       1.3136
   13578       1.3113
   13579       1.3420
   13580       1.2684
   13581       1.2658
   13582       1.1331
   13583       1.1267
   13584       1.2510
   13585       1.1868
   13586       1.1925
   13587       1.1582
   13588       1.1602
   13589       1.2320
   13590       1.1726
   13591       1.0765
   13592       1.1487
   13593       0.9423
   13594       0.9636
   13595       1.0469
   13596       1.0915
   13597       1.0623
   13598       1.2959
   13599       1.1703
   13600       1.2073
   13601       1.1923
   13602       1.0409
   13603       1.1607
   13604       1.3558
   13605       1.3167
   13606       1.2815
   13607       1.2991
   13608       1.4657
   13609       1.4756
   13610       1.2781
   13611       1.3455
   13612       1.2977
   13613       1.2278
   13614       1.3773
   13615       1.1646
   13616       1.2345
   13617       1.3284
   13618       1.4784
   13619       1.4889
   13620       1.5993
   13621       1.4323
   13622       1.2117
   13623       1.4265
   13624       1.4410
   13625       1.3072
   13626       1.1564
   13627       1.1115
   13628       1.2665
   13629       1.3066
   13630       1.2466
   13631       1.3131
   13632       1.3606
   13633       1.3917
   13634       1.4451
   13635       1.4126
   13636       1.3424
   13637       1.2224
   13638       1.4586
   13639       1.2992
   13640       1.5105
   13641       1.5419
   13642       1.4761
   13643       1.4583
   13644       1.4938
   13645       1.3471
   13646       1.3326
   13647       1.2424
   13648       1.2564
   13649       1.0970
   13650       1.3652
   13651       1.3130
   13652       1.1441
   13653       1.0590
   13654       1.0014
   13655       1.1073
   13656       1.0367
   13657       1.1569
   13658       1.1738
   13659       1.2888
   13660       1.1866
   13661       1.1411
   13662       1.1414
   13663       1.1356
   13664       1.3370
   13665       1.2626
   13666       1.1741
   13667       1.0459
   13668       1.1631
   13669       1.1709
   13670       1.1319
   13671       1.1037
   13672       0.9745
   13673       0.9834
   13674       0.8517
   13675       0.9532
   13676       1.0623
   13677       1.0529
   13678       1.0298
   13679       0.9736
   13680       1.0084
   13681       1.0258
   13682       1.0162
   13683       1.0902
   13684       1.0525
   13685       1.0452
   13686       1.0157
   13687       1.0781
   13688       1.1712
   13689       1.1532
   13690       1.1050
   13691       1.1275
   13692       1.0644
   13693       1.1615
   13694       1.0697
   13695       1.1075
   13696       1.0435
   13697       1.0463
   13698       1.1033
   13699       1.0829
   13700       1.2018
   13701       1.0964
   13702       1.2013
   13703       1.0746
   13704       0.9532
   13705       0.9786
   13706       0.9194
   13707       1.0354
   13708       1.1211
   13709       0.9919
   13710       0.8965
   13711       1.0205
   13712       1.1153
   13713       1.1272
   13714       1.0549
   13715       1.0289
   13716       1.1323
   13717       1.0498
   13718       1.1469
   13719       1.1568
   13720       1.0839
   13721       1.2232
   13722       1.2840
   13723       1.1888
   13724       1.1726
   13725       1.0893
   13726       1.1816
   13727       1.0298
   13728       1.1920
   13729       1.3817
   13730       1.2976
   13731       1.2289
   13732       1.1322
   13733       1.0634
   13734       1.1266
   13735       1.0700
   13736       1.0525
   13737       1.1773
   13738       1.0876
   13739       1.0381
   13740       1.0513
   13741       1.0033
   13742       0.9210
   13743       0.9358
   13744       1.0275
   13745       1.0022
   13746       1.0235
   13747       1.0385
   13748       0.9280
   13749       1.0003
   13750       1.0317
   13751       1.0883
   13752       1.1191
   13753       1.0713
   13754       1.0277
   13755       1.2136
   13756       1.1998
   13757       1.2368
   13758       1.0333
   13759       1.3312
   13760       1.3445
   13761       1.1032
   13762       1.0237
   13763       0.9234
   13764       1.0578
   13765       0.9601
   13766       1.1019
   13767       1.0706
   13768       1.1336
   13769       1.2939
   13770       1.1873
   13771       1.0580
   13772       1.1254
   13773       1.0315
   13774       1.0392
   13775       0.9996
   13776       1.0510
   13777       0.9961
   13778       1.1164
   13779       0.8932
   13780       0.8689
   13781       0.9209
   13782       0.8645
   13783       0.8632
   13784       0.8510
   13785       0.9380
   13786       0.9090
   13787       0.7795
   13788       0.7738
   13789       0.8187
   13790       0.9567
   13791       1.0283
   13792       1.1100
   13793       1.1028
   13794       1.0859
   13795       1.0558
   13796       0.9902
   13797       0.9359
   13798       0.9875
   13799       1.0400
   13800       0.9240
   13801       0.8855
   13802       1.0682
   13803       1.0530
   13804       0.9577
   13805       0.9576
   13806       0.9191
   13807       1.0781
   13808       1.0393
   13809       1.0337
   13810       0.9711
   13811       1.1073
   13812       1.0593
   13813       1.2288
   13814       1.2269
   13815       1.3667
   13816       1.2626
   13817       1.1580
   13818       1.1167
   13819       1.1635
   13820       0.9819
   13821       1.0690
   13822       1.1230
   13823       1.0889
   13824       1.0600
   13825       1.1994
   13826       1.0966
   13827       1.1764
   13828       1.1863
   13829       1.0178
   13830       1.1573
   13831       1.2248
   13832       1.1355
   13833       1.0988
   13834       1.2470
   13835       1.3232
   13836       1.2491
   13837       1.2475
   13838       1.2659
   13839       1.2781
   13840       1.3611
   13841       1.2586
   13842       1.2470
   13843       1.3636
   13844       1.3983
   13845       1.2432
   13846       1.1855
   13847       1.1461
   13848       1.1683
   13849       1.2039
   13850       1.3078
   13851       1.4289
   13852       1.2275
   13853       1.1816
   13854       1.2495
   13855       1.2081
   13856       1.3894
   13857       1.2295
   13858       1.3810
   13859       1.4204
   13860       1.3429
   13861       1.4925
   13862       1.4314
   13863       1.5612
   13864       1.4882
   13865       1.5442
   13866       1.4541
   13867       1.4708
   13868       1.3639
   13869       1.4028
   13870       1.1937
   13871       1.1657
   13872       1.0893
   13873       1.1500
   13874       1.1674
   13875       1.1232
   13876       1.2329
   13877       1.2646
   13878       1.0886
   13879       1.1340
   13880       1.1367
   13881       1.1305
   13882       1.0669
   13883       1.0916
   13884       1.1104
   13885       1.1677
   13886       1.2128
   13887       1.1979
   13888       1.1723
   13889       1.1534
   13890       1.2220
   13891       1.2627
   13892       1.3320
   13893       1.2061
   13894       0.9916
   13895       1.0754
   13896       1.0979
   13897       1.1003
   13898       1.2180
   13899       1.1051
   13900       1.1789
   13901       1.0461
   13902       1.0750
   13903       1.1292
   13904       1.2023
   13905       1.0748
   13906       1.1740
   13907       1.1457
   13908       1.0666
   13909       1.0728
   13910       1.1116
   13911       1.1577
   13912       0.9206
   13913       0.9724
   13914       1.0570
   13915       0.9864
   13916       0.9315
   13917       0.9743
   13918       0.9829
   13919       0.9667
   13920       0.9677
   13921       1.0282
   13922       1.1424
   13923       0.9797
   13924       0.9705
   13925       1.0167
   13926       1.0140
   13927       1.0197
   13928       1.0260
   13929       1.0649
   13930       1.0938
   13931       1.0094
   13932       0.9946
   13933       0.9854
   13934       1.0001
   13935       0.9076
   13936       0.9487
   13937       1.0082
   13938       0.9660
   13939       0.9991
   13940       1.0889
   13941       1.0379
   13942       1.0583
   13943       1.1678
   13944       1.0234
   13945       0.9293
   13946       0.8655
   13947       0.9230
   13948       0.9553
   13949       1.0722
   13950       1.1153
   13951       1.0701
   13952       0.9253
   13953       0.9408
   13954       0.8660
   13955       0.8532
   13956       0.9295
   13957       0.9955
   13958       0.9082
   13959       0.9700
   13960       1.0192
   13961       1.0749
   13962       1.1002
   13963       1.0207
   13964       1.0140
   13965       1.0426
   13966       1.0679
   13967       1.0901
   13968       0.9752
   13969       1.0632
   13970       1.0490
   13971       1.0268
   13972       1.0566
   13973       0.9100
   13974       1.0694
   13975       1.0999
   13976       1.1474
   13977       1.2039
   13978       1.0913
   13979       1.0358
   13980       1.1420
   13981       0.9755
   13982       0.9799
   13983       1.0159
   13984       1.0005
   13985       0.9100
   13986       0.9234
   13987       0.9203
   13988       0.9308
   13989       0.9438
   13990       0.9092
   13991       0.9685
   13992       0.9841
   13993       1.0307
   13994       1.0540
   13995       0.9465
   13996       1.0842
   13997       1.1217
   13998       1.0344
   13999       1.0796
   14000       1.0997
   14001       1.1184
   14002       1.0987
   14003       1.1193
   14004       1.1811
   14005       1.1120
   14006       1.0231
   14007       1.0865
   14008       0.9742
   14009       0.9698
   14010       1.1351
   14011       1.0395
   14012       1.1854
   14013       1.1040
   14014       1.1715
   14015       1.0594
   14016       1.1928
   14017       1.3504
   14018       1.0925
   14019       0.9843
   14020       0.9031
   14021       0.9251
   14022       0.9635
   14023       0.9965
   14024       0.9634
   14025       0.9176
   14026       0.8743
   14027       0.8844
   14028       0.9814
   14029       0.9960
   14030       1.0933
   14031       1.0127
   14032       1.1537
   14033       1.1449
   14034       1.0913
   14035       1.0369
   14036       0.9302
   14037       0.9761
   14038       0.9353
   14039       0.8451
   14040       0.9364
   14041       0.9650
   14042       0.9499
   14043       0.8689
   14044       0.8992
   14045       0.8509
   14046       0.7808
   14047       0.8786
   14048       0.8781
   14049       0.9607
   14050       0.9459
   14051       1.0184
   14052       1.0700
   14053       1.1430
   14054       1.0348
   14055       1.1077
   14056       1.2240
   14057       1.2071
   14058       1.2220
   14059       1.2844
   14060       1.2028
   14061       1.1311
   14062       1.0662
   14063       0.9932
   14064       1.0421
   14065       0.9432
   14066       0.9660
   14067       1.0242
   14068       0.9791
   14069       1.0059
   14070       1.0332
   14071       0.9954
   14072       1.0145
   14073       1.0469
   14074       0.9865
   14075       0.9225
   14076       0.8458
   14077       0.8461
   14078       0.9167
   14079       0.9462
   14080       0.9977
   14081       0.9809
   14082       1.1935
   14083       1.2136
   14084       1.0294
   14085       1.0408
   14086       0.8528
   14087       0.8603
   14088       0.8556
   14089       0.8476
   14090       0.8375
   14091       0.8269
   14092       0.8086
   14093       0.9391
   14094       0.8865
   14095       0.7829
   14096       0.9027
   14097       0.9379
   14098       0.9313
   14099       1.0380
   14100       1.0735
   14101       1.0259
   14102       0.9656
   14103       0.9057
   14104       1.0174
   14105       1.0118
   14106       1.0885
   14107       1.0504
   14108       0.9107
   14109       1.0304
   14110       0.9333
   14111       0.9725
   14112       1.0101
   14113       1.0078
   14114       1.1190
   14115       1.0396
   14116       1.1534
   14117       0.9853
   14118       0.9384
   14119       1.1285
   14120       1.1522
   14121       1.1985
   14122       1.2006
   14123       1.1425
   14124       1.1251
   14125       1.0146
   14126       1.0791
   14127       1.2037
   14128       1.1097
   14129       1.1201
   14130       1.2136
   14131       1.2190
   14132       1.1120
   14133       0.9635
   14134       0.9784
   14135       1.1041
   14136       1.0958
   14137       1.1545
   14138       1.1326
   14139       1.0494
   14140       1.2120
   14141       1.1301
   14142       0.9936
   14143       0.9878
   14144       1.0015
   14145       1.0643
   14146       1.0249
   14147       0.9445
   14148       1.0840
   14149       1.1734
   14150       1.1458
   14151       1.1669
   14152       1.1528
   14153       1.1055
   14154       1.1513
   14155       1.2071
   14156       1.1784
   14157       1.1495
   14158       1.1654
   14159       1.0393
   14160       0.9475
   14161       0.9625
   14162       0.8872
   14163       0.9997
   14164       1.1050
   14165       1.0008
   14166       0.9736
   14167       0.9042
   14168       0.7734
   14169       0.8663
   14170       0.8740
   14171       0.7750
   14172       0.8683
   14173       0.9124
   14174       0.9990
   14175       1.0346
   14176       1.0159
   14177       1.0188
   14178       0.9792
   14179       1.0121
   14180       1.0793
   14181       1.2250
   14182       1.1266
   14183       1.0493
   14184       1.1204
   14185       1.0700
   14186       1.0326
   14187       1.0569
   14188       1.0651
   14189       0.9681
   14190       0.9226
   14191       0.9091
   14192       0.8465
   14193       1.0087
   14194       1.1219
   14195       1.0389
   14196       0.8665
   14197       0.8683
   14198       0.8500
   14199       0.9248
   14200       0.9511
   14201       1.0502
   14202       0.9872
   14203       1.0937
   14204       1.0910
   14205       1.1729
   14206       1.2519
   14207       1.2603
   14208       1.2409
   14209       1.1890
   14210       1.2427
   14211       1.1050
   14212       1.1889
   14213       1.0977
   14214       1.1242
   14215       1.2223
   14216       1.3352
   14217       1.3174
   14218       1.1014
   14219       1.0892
   14220       1.1802
   14221       1.2596
   14222       1.3092
   14223       1.1762
   14224       1.0699
   14225       1.1681
   14226       1.0191
   14227       0.9758
   14228       0.9158
   14229       1.0621
   14230       0.9860
   14231       1.0570
   14232       1.0994
   14233       0.8528
   14234       1.0856
   14235       0.9029
   14236       0.8756
   14237       0.9579
   14238       0.8634
   14239       0.9298
   14240       0.9984
   14241       1.0695
   14242       1.0620
   14243       1.0530
   14244       0.9695
   14245       0.9258
   14246       0.9491
   14247       0.9351
   14248       0.9054
   14249       1.1098
   14250       1.0572
   14251       1.0085
   14252       0.8472
   14253       0.9085
   14254       0.9354
   14255       0.8694
   14256       1.0063
   14257       1.0194
   14258       1.0853
   14259       0.9727
   14260       0.9563
   14261       1.0021
   14262       0.9778
   14263       0.9935
   14264       0.9349
   14265       1.0796
   14266       1.0757
   14267       1.1138
   14268       1.1439
   14269       1.0595
   14270       1.0630
   14271       0.9933
   14272       1.0945
   14273       1.0338
   14274       1.1700
   14275       1.1861
   14276       1.1763
   14277       1.0908
   14278       1.2228
   14279       1.3967
   14280       1.2556
   14281       1.3648
   14282       1.1967
   14283       1.1631
   14284       1.1670
   14285       0.9826
   14286       1.0945
   14287       1.0438
   14288       1.0131
   14289       0.9831
   14290       1.0187
   14291       1.1120
   14292       1.0558
   14293       0.9754
   14294       0.9547
   14295       0.9583
   14296       0.9728
   14297       1.0453
   14298       1.3074
   14299       1.2134
   14300       1.0751
   14301       1.1537
   14302       1.1864
   14303       1.1257
   14304       1.0622
   14305       1.1333
   14306       1.1045
   14307       1.0750
   14308       1.0690
   14309       0.9426
   14310       0.9855
   14311       0.8294
   14312       0.9779
   14313       1.0183
   14314       1.0638
   14315       1.0288
   14316       0.9864
   14317       0.9352
   14318       0.8831
   14319       0.9118
   14320       0.8637
   14321       0.9028
   14322       0.9861
   14323       0.9401
   14324       0.8780
   14325       1.0592
   14326       1.0059
   14327       0.9560
   14328       0.8916
   14329       0.9930
   14330       0.9717
   14331       0.9735
   14332       0.9351
   14333       0.9122
   14334       0.9956
   14335       1.1758
   14336       1.0183
   14337       0.9353
   14338       0.8996
   14339       1.0160
   14340       1.0097
   14341       0.9681
   14342       0.9041
   14343       0.9598
   14344       1.0194
   14345       1.0850
   14346       1.0868
   14347       0.9927
   14348       0.8596
   14349       0.9385
   14350       0.9814
   14351       0.8363
   14352       0.8384
   14353       0.8932
   14354       0.9121
   14355       0.9123
   14356       1.0806
   14357       0.9902
   14358       1.0686
   14359       1.0295
   14360       1.0109
   14361       1.0633
   14362       1.1589
   14363       1.1352
   14364       1.0844
   14365       0.8602
   14366       0.9674
   14367       1.0182
   14368       0.9313
   14369       0.9117
   14370       0.9799
   14371       1.0295
   14372       0.9803
   14373       1.0698
   14374       0.9221
   14375       0.9871
   14376       1.0529
   14377       1.0051
   14378       1.1482
   14379       1.0474
   14380       0.8913
   14381       0.9097
   14382       0.8960
   14383       0.9250
   14384       0.9750
   14385       0.9604
   14386       1.0784
   14387       0.9888
   14388       1.0693
   14389       0.9510
   14390       0.9647
   14391       0.9672
   14392       1.0356
   14393       0.8964
   14394       1.0361
   14395       0.9363
   14396       0.9246
   14397       0.8387
   14398       0.8850
   14399       0.9069
   14400       0.9455
   14401       1.0005
   14402       1.0179
   14403       1.1207
   14404       1.0013
   14405       1.0340
   14406       0.9953
   14407       1.0199
   14408       0.9787
   14409       0.9683
   14410       1.0093
   14411       1.0160
   14412       0.8507
   14413       0.8747
   14414       0.8919
   14415       0.8436
   14416       0.9800
   14417       0.9782
   14418       0.8962
   14419       0.8902
   14420       0.8975
   14421       0.9615
   14422       0.9141
   14423       0.9561
   14424       0.9183
   14425       1.0101
   14426       1.0259
   14427       1.0258
   14428       1.0773
   14429       0.9348
   14430       0.9576
   14431       0.9364
   14432       1.0046
   14433       1.0991
   14434       1.0460
   14435       1.1214
   14436       1.0231
   14437       1.1366
   14438       0.9050
   14439       0.9955
   14440       1.0148
   14441       0.9443
   14442       0.9993
   14443       0.9821
   14444       1.0468
   14445       0.9769
   14446       0.9465
   14447       0.8926
   14448       0.9254
   14449       0.8645
   14450       0.9607
   14451       0.9683
   14452       0.9585
   14453       1.0914
   14454       1.0044
   14455       1.0635
   14456       1.2848
   14457       1.1701
   14458       1.1455
   14459       1.2141
   14460       1.1811
   14461       1.1100
   14462       1.3799
   14463       1.2531
   14464       1.0365
   14465       0.9866
   14466       1.1605
   14467       1.0730
   14468       1.2014
   14469       1.1116
   14470       1.1629
   14471       1.0246
   14472       0.9385
   14473       0.9724
   14474       0.9110
   14475       1.0230
   14476       1.0542
   14477       1.0435
   14478       1.0804
   14479       1.1018
   14480       1.1990
   14481       1.2575
   14482       1.1981
   14483       1.2040
   14484       1.2277
   14485       1.1813
   14486       1.0634
   14487       1.1641
   14488       1.1274
   14489       1.0422
   14490       1.0929
   14491       1.1098
   14492       1.0066
   14493       1.0346
   14494       1.0310
   14495       0.9188
   14496       1.0882
   14497       1.0577
   14498       1.0237
   14499       0.9965
   14500       1.2566
   14501       1.3325
   14502       1.3619
   14503       1.4166
   14504       1.3723
   14505       1.2064
   14506       1.1027
   14507       1.0328
   14508       1.0781
   14509       1.0630
   14510       1.1988
   14511       1.1166
   14512       1.1124
   14513       1.0525
   14514       1.1431
   14515       1.1777
   14516       1.2523
   14517       1.4233
   14518       1.2811
   14519       1.1704
   14520       1.2308
   14521       1.1103
   14522       1.1415
   14523       0.9956
   14524       1.0735
   14525       1.0109
   14526       1.0754
   14527       0.8933
   14528       0.9946
   14529       1.0015
   14530       1.1580
   14531       1.1717
   14532       1.2599
   14533       1.3640
   14534       1.2661
   14535       1.2691
   14536       1.2037
   14537       1.1952
   14538       1.2065
   14539       1.1259
   14540       1.1476
   14541       1.1270
   14542       1.1046
   14543       1.0554
   14544       1.1471
   14545       1.0483
   14546       1.0040
   14547       0.9811
   14548       1.0321
   14549       1.1440
   14550       1.2674
   14551       1.1837
   14552       1.0988
   14553       1.2428
   14554       1.1071
   14555       1.1528
   14556       1.1269
   14557       1.1483
   14558       1.1015
   14559       1.0425
   14560       1.0142
   14561       1.1227
   14562       1.2179
   14563       1.1972
   14564       1.3306
   14565       1.2869
   14566       1.3561
   14567       1.2176
   14568       1.2378
   14569       1.3891
   14570       1.3823
   14571       1.2879
   14572       1.2416
   14573       1.1899
   14574       1.1453
   14575       1.1182
   14576       1.0515
   14577       1.1145
   14578       1.1295
   14579       1.1613
   14580       1.1512
   14581       1.1804
   14582       1.1766
   14583       1.3461
   14584       1.2193
   14585       1.0833
   14586       1.1915
   14587       1.2017
   14588       1.2017
   14589       1.0836
   14590       1.1121
   14591       1.0558
   14592       1.1177
   14593       1.1974
   14594       1.0762
   14595       0.9424
   14596       1.0835
   14597       1.0636
   14598       1.1831
   14599       1.2416
   14600       1.1953
   14601       1.1285
   14602       1.1290
   14603       0.9922
   14604       1.0478
   14605       1.1235
   14606       1.0966
   14607       1.1093
   14608       1.1397
   14609       1.0646
   14610       1.1233
   14611       1.0320
   14612       0.9087
   14613       0.9857
   14614       0.9767
   14615       1.0033
   14616       1.0463
   14617       1.0677
   14618       1.0961
   14619       1.1232
   14620       1.0734
   14621       1.0126
   14622       1.1129
   14623       1.0221
   14624       1.0643
   14625       1.1054
   14626       1.1108
   14627       1.0460
   14628       1.1716
   14629       1.1326
   14630       1.0190
   14631       1.1173
   14632       1.0688
   14633       1.0604
   14634       1.1142
   14635       1.1663
   14636       1.2123
   14637       1.0457
   14638       1.0618
   14639       1.1007
   14640       1.1068
   14641       1.0421
   14642       1.1178
   14643       1.1143
   14644       1.1022
   14645       1.0783
   14646       1.1302
   14647       1.1535
   14648       1.1348
   14649       1.2586
   14650       1.0632
   14651       1.1205
   14652       1.0592
   14653       1.0843
   14654       1.1600
   14655       1.0823
   14656       1.0404
   14657       0.9868
   14658       0.9388
   14659       1.0457
   14660       0.9288
   14661       0.9659
   14662       1.0356
   14663       0.9317
   14664       0.9848
   14665       0.8858
   14666       0.9800
   14667       0.9012
   14668       0.8446
   14669       0.9657
   14670       0.9584
   14671       1.0517
   14672       1.0435
   14673       1.1185
   14674       0.9983
   14675       0.9928
   14676       1.0384
   14677       0.9955
   14678       0.8708
   14679       1.0514
   14680       1.0331
   14681       0.9229
   14682       0.8156
   14683       0.9156
   14684       0.8770
   14685       0.9018
   14686       0.8472
   14687       0.8392
   14688       0.9876
   14689       0.9823
   14690       0.9845
   14691       0.9921
   14692       0.9709
   14693       1.0993
   14694       1.0412
   14695       0.8883
   14696       0.9996
   14697       1.0357
   14698       1.0144
   14699       1.0765
   14700       1.0118
   14701       1.0386
   14702       1.0234
   14703       1.0235
   14704       0.8798
   14705       0.9559
   14706       0.9020
   14707       0.8580
   14708       0.9600
   14709       0.9281
   14710       0.9095
   14711       1.0445
   14712       0.9408
   14713       1.0817
   14714       1.0014
   14715       0.9258
   14716       0.8867
   14717       0.9261
   14718       0.9977
   14719       0.9329
   14720       1.0233
   14721       1.0943
   14722       0.9814
   14723       1.0286
   14724       1.0780
   14725       1.0720
   14726       1.0195
   14727       0.9719
   14728       0.9139
   14729       0.9136
   14730       0.9853
   14731       1.0212
   14732       0.9312
   14733       0.8937
   14734       1.0011
   14735       0.9410
   14736       1.0457
   14737       0.9252
   14738       1.1063
   14739       1.2174
   14740       1.2001
   14741       1.1175
   14742       1.0037
   14743       1.0889
   14744       1.1064
   14745       1.0652
   14746       0.9718
   14747       0.9643
   14748       0.9211
   14749       0.9185
   14750       0.9526
   14751       1.0055
   14752       0.9626
   14753       1.0170
   14754       1.0212
   14755       1.0037
   14756       1.1309
   14757       1.1064
   14758       1.0827
   14759       1.2543
   14760       1.1629
   14761       1.2634
   14762       1.1009
   14763       1.0562
   14764       1.1405
   14765       1.1512
   14766       1.0996
   14767       1.0474
   14768       1.0788
   14769       1.0301
   14770       1.0242
   14771       1.0659
   14772       1.2202
   14773       1.3604
   14774       1.3643
   14775       1.3100
   14776       1.0239
   14777       0.9636
   14778       1.0201
   14779       1.0478
   14780       1.0204
   14781       1.0874
   14782       1.1687
   14783       1.0771
   14784       1.1478
   14785       1.0166
   14786       1.0395
   14787       0.9817
   14788       1.0092
   14789       1.0103
   14790       0.9504
   14791       0.9410
   14792       0.9873
   14793       0.9707
   14794       0.9854
   14795       1.1126
   14796       1.1167
   14797       0.9575
   14798       0.9269
   14799       0.8841
   14800       0.9259
   14801       0.9912
   14802       0.9313
   14803       0.9362
   14804       0.9241
   14805       1.0045
   14806       0.9315
   14807       0.9202
   14808       0.9957
   14809       0.9233
   14810       1.0406
   14811       0.9166
   14812       0.9323
   14813       0.9849
   14814       0.9363
   14815       0.9876
   14816       0.8654
   14817       1.0089
   14818       0.9987
   14819       1.1609
   14820       1.0806
   14821       0.9309
   14822       0.9867
   14823       1.0285
   14824       1.0510
   14825       0.9863
   14826       0.9058
   14827       0.9180
   14828       0.9042
   14829       0.9186
   14830       0.9154
   14831       0.8694
   14832       0.8254
   14833       0.8413
   14834       0.9100
   14835       0.9539
   14836       0.8985
   14837       0.8900
   14838       0.9257
   14839       0.8926
   14840       0.9906
   14841       0.9349
   14842       0.9035
   14843       1.0483
   14844       1.0857
   14845       0.9985
   14846       1.0151
   14847       0.9740
   14848       0.9836
   14849       0.9050
   14850       0.8889
   14851       0.9431
   14852       1.0102
   14853       0.9295
   14854       1.0931
   14855       1.0342
   14856       1.0238
   14857       0.9699
   14858       1.0550
   14859       1.1068
   14860       1.3175
   14861       1.1983
   14862       1.0658
   14863       1.0828
   14864       1.0936
   14865       1.0439
   14866       0.9839
   14867       0.9157
   14868       1.0275
   14869       1.1042
   14870       1.1396
   14871       1.2636
   14872       1.1198
   14873       1.1944
   14874       1.1526
   14875       1.0871
   14876       1.0728
   14877       0.9230
   14878       0.8841
   14879       0.8870
   14880       0.9591
   14881       1.0145
   14882       0.8408
   14883       0.8719
   14884       0.9119
   14885       0.8736
   14886       0.9114
   14887       0.9105
   14888       0.8901
   14889       0.9339
   14890       0.8430
   14891       0.9332
   14892       0.8720
   14893       0.9381
   14894       0.9007
   14895       0.9100
   14896       0.9435
   14897       1.0872
   14898       1.0912
   14899       1.1305
   14900       1.1775
   14901       1.1955
   14902       1.2091
   14903       1.2873
   14904       1.1957
   14905       1.1723
   14906       1.1325
   14907       1.0538
   14908       1.1143
   14909       0.8844
   14910       0.9997
   14911       1.0052
   14912       1.0151
   14913       1.0524
   14914       1.0836
   14915       1.0997
   14916       1.0710
   14917       0.9550
   14918       0.9957
   14919       1.0717
   14920       1.0037
   14921       0.9354
   14922       0.9137
   14923       0.8897
   14924       0.9240
   14925       0.9522
   14926       1.0316
   14927       1.0149
   14928       0.9815
   14929       0.9448
   14930       1.0234
   14931       0.9316
   14932       0.9268
   14933       0.8930
   14934       0.9492
   14935       0.9867
   14936       0.9684
   14937       0.9353
   14938       0.9958
   14939       0.9198
   14940       0.9136
   14941       0.9100
   14942       1.0959
   14943       0.9670
   14944       0.8926
   14945       1.0385
   14946       0.9310
   14947       1.0429
   14948       0.9564
   14949       1.0431
   14950       1.0055
   14951       0.9548
   14952       0.9181
   14953       0.8358
   14954       0.7654
   14955       0.7947
   14956       0.8488
   14957       1.0183
   14958       0.9294
   14959       0.8966
   14960       0.8933
   14961       1.0118
   14962       0.9656
   14963       1.0098
   14964       1.0870
   14965       0.9475
   14966       0.8913
   14967       0.8169
   14968       0.9020
   14969       0.8989
   14970       0.8422
   14971       1.1590
   14972       0.9892
   14973       1.0739
   14974       0.9564
   14975       0.8766
   14976       0.9772
   14977       0.9861
   14978       0.9021
   14979       0.9382
   14980       1.0157
   14981       0.9475
   14982       0.9205
   14983       0.9699
   14984       0.9994
   14985       0.9123
   14986       1.0122
   14987       0.9490
   14988       0.9238
   14989       0.8719
   14990       0.9410
   14991       0.9169
   14992       0.8422
   14993       0.9101
   14994       0.8705
   14995       0.8655
   14996       0.8057
   14997       0.8897
   14998       1.0108
   14999       0.9023
   15000       1.0219
   15001       1.0023
   15002       1.1013
   15003       1.1015
   15004       1.1897
   15005       1.2201
   15006       1.1609
   15007       1.0947
   15008       1.1750
   15009       1.2216
   15010       1.2531
   15011       1.2304
   15012       1.1898
   15013       1.1898
   15014       1.1872
   15015       1.2217
   15016       1.1255
   15017       1.1437
   15018       1.1213
   15019       1.1578
   15020       1.1136
   15021       1.0018
   15022       1.0183
   15023       0.9341
   15024       0.8762
   15025       0.8907
   15026       0.8251
   15027       0.9352
   15028       0.9510
   15029       0.8918
   15030       0.9848
   15031       0.9025
   15032       1.0540
   15033       0.9416
   15034       1.0023
   15035       0.9554
   15036       0.9100
   15037       1.0489
   15038       1.0332
   15039       1.0509
   15040       0.9081
   15041       0.9603
   15042       1.0593
   15043       0.9743
   15044       1.0459
   15045       0.8865
   15046       0.8820
   15047       1.0555
   15048       0.9839
   15049       0.9198
   15050       0.8163
   15051       0.8217
   15052       0.9696
   15053       1.0492
   15054       0.9259
   15055       0.8480
   15056       0.9171
   15057       0.8912
   15058       0.9225
   15059       0.9440
   15060       0.8182
   15061       0.8226
   15062       0.8720
   15063       0.9491
   15064       0.9288
   15065       0.9292
   15066       0.8418
   15067       0.7971
   15068       0.7888
   15069       0.9151
   15070       0.9274
   15071       0.8932
   15072       0.8596
   15073       0.8846
   15074       0.8090
   15075       0.8792
   15076       0.9946
   15077       0.9647
   15078       1.0604
   15079       1.0262
   15080       1.0297
   15081       0.8861
   15082       0.9623
   15083       1.0580
   15084       0.9488
   15085       1.0101
   15086       0.9719
   15087       1.0239
   15088       0.9620
   15089       0.9104
   15090       0.8693
   15091       0.8350
   15092       0.9355
   15093       0.8874
   15094       1.0433
   15095       1.0146
   15096       0.9968
   15097       1.0371
   15098       0.9734
   15099       0.8999
   15100       0.9108
   15101       0.9198
   15102       0.9403
   15103       0.8222
   15104       0.8052
   15105       0.8606
   15106       0.8679
   15107       0.9865
   15108       0.9206
   15109       0.9679
   15110       0.8618
   15111       0.8616
   15112       0.8242
   15113       0.8597
   15114       0.8873
   15115       0.9064
   15116       0.9505
   15117       0.9786
   15118       1.1091
   15119       1.0458
   15120       1.0038
   15121       1.1541
   15122       1.1118
   15123       1.0819
   15124       1.1470
   15125       1.3517
   15126       1.0052
   15127       1.0476
   15128       1.1596
   15129       1.0663
   15130       1.0129
   15131       0.8610
   15132       0.9000
   15133       0.9783
   15134       0.9190
   15135       1.0271
   15136       1.0959
   15137       0.9537
   15138       0.9671
   15139       0.9315
   15140       0.9853
   15141       0.9990
   15142       1.0630
   15143       0.9397
   15144       0.8778
   15145       0.9861
   15146       0.8858
   15147       0.8889
   15148       0.8297
   15149       0.9125
   15150       0.8770
   15151       0.8865
   15152       0.8593
   15153       0.9962
   15154       1.0196
   15155       0.9982
   15156       0.9047
   15157       0.8643
   15158       0.9793
   15159       0.9943
   15160       0.9609
   15161       0.8887
   15162       1.0152
   15163       0.8813
   15164       0.8934
   15165       1.0520
   15166       0.8720
   15167       0.9233
   15168       0.8837
   15169       0.9435
   15170       0.9060
   15171       0.9128
   15172       0.9579
   15173       0.8532
   15174       0.8213
   15175       0.8629
   15176       0.9807
   15177       0.9666
   15178       0.9868
   15179       0.8918
   15180       0.8612
   15181       0.8203
   15182       0.7746
   15183       0.8227
   15184       0.8439
   15185       0.9161
   15186       1.0062
   15187       1.0368
   15188       1.0359
   15189       1.1235
   15190       1.1646
   15191       1.1201
   15192       1.1435
   15193       0.9947
   15194       1.0831
   15195       1.2013
   15196       1.0144
   15197       1.0232
   15198       0.9136
   15199       1.0045
   15200       1.0036
   15201       0.8582
   15202       0.9073
   15203       0.8642
   15204       0.7857
   15205       0.8666
   15206       0.9090
   15207       0.9345
   15208       1.1011
   15209       0.9499
   15210       1.0188
   15211       0.9985
   15212       0.9794
   15213       0.9507
   15214       0.9988
   15215       0.9282
   15216       1.0128
   15217       0.9407
   15218       0.9783
   15219       0.9929
   15220       1.0444
   15221       1.0782
   15222       0.9592
   15223       0.9635
   15224       0.9848
   15225       1.0553
   15226       0.9849
   15227       1.0480
   15228       1.0849
   15229       1.1440
   15230       1.0367
   15231       0.9778
   15232       1.1236
   15233       1.1462
   15234       1.1514
   15235       1.0289
   15236       0.9803
   15237       1.0656
   15238       0.9749
   15239       1.0017
   15240       0.9986
   15241       0.9808
   15242       0.9489
   15243       1.0022
   15244       1.0060
   15245       1.0409
   15246       0.9446
   15247       1.1083
   15248       0.9336
   15249       0.8998
   15250       1.0462
   15251       1.2117
   15252       1.2260
   15253       1.1191
   15254       1.1957
   15255       1.0689
   15256       1.1064
   15257       1.0442
   15258       1.0596
   15259       0.9532
   15260       0.9542
   15261       1.0088
   15262       1.0903
   15263       1.2117
   15264       1.2979
   15265       1.1575
   15266       0.9177
   15267       0.9324
   15268       0.8668
   15269       0.8396
   15270       0.9583
   15271       0.9565
   15272       0.9252
   15273       0.7780
   15274       0.9574
   15275       0.9427
   15276       0.8731
   15277       0.8983
   15278       0.8527
   15279       0.9827
   15280       0.8891
   15281       0.9644
   15282       0.8933
   15283       0.9228
   15284       0.9774
   15285       0.8659
   15286       0.7899
   15287       0.8267
   15288       0.9582
   15289       0.9193
   15290       0.8330
   15291       0.9118
   15292       0.8258
   15293       0.8805
   15294       0.9614
   15295       0.9097
   15296       0.8014
   15297       0.8334
   15298       0.8434
   15299       1.0253
   15300       1.0492
   15301       0.9431
   15302       0.8476
   15303       0.8330
   15304       0.8448
   15305       0.8119
   15306       0.8268
   15307       0.7657
   15308       0.7238
   15309       0.9327
   15310       1.0330
   15311       1.0144
   15312       0.9959
   15313       1.0616
   15314       0.9583
   15315       1.1470
   15316       1.1095
   15317       1.1253
   15318       0.9700
   15319       1.1587
   15320       0.9622
   15321       1.2062
   15322       1.2000
   15323       1.1001
   15324       1.2631
   15325       1.2261
   15326       1.3298
   15327       1.4132
   15328       1.4482
   15329       1.4470
   15330       1.3416
   15331       1.1983
   15332       1.1956
   15333       1.4038
   15334       1.3107
   15335       1.3821
   15336       1.4679
   15337       1.3823
   15338       1.2148
   15339       1.2479
   15340       1.0917
   15341       1.3955
   15342       1.0634
   15343       1.1080
   15344       0.9671
   15345       1.0375
   15346       0.9591
   15347       0.9635
   15348       1.0621
   15349       1.0248
   15350       1.0552
   15351       1.0038
   15352       0.9982
   15353       0.9463
   15354       0.9613
   15355       1.0876
   15356       1.1458
   15357       1.1887
   15358       1.2365
   15359       1.1872
   15360       1.0739
   15361       1.0226
   15362       1.0994
   15363       0.9299
   15364       1.1463
   15365       1.0869
   15366       1.1095
   15367       1.2078
   15368       1.2681
   15369       1.2037
   15370       1.1508
   15371       1.2645
   15372       1.1226
   15373       1.1368
   15374       0.9450
   15375       0.9293
   15376       0.9860
   15377       1.0074
   15378       1.0139
   15379       0.9022
   15380       0.8261
   15381       0.9355
   15382       0.7910
   15383       0.9567
   15384       0.9396
   15385       0.9669
   15386       0.9844
   15387       1.0945
   15388       0.9863
   15389       1.1960
   15390       1.0840
   15391       1.1149
   15392       1.1724
   15393       1.0678
   15394       1.1964
   15395       1.0361
   15396       0.9779
   15397       1.1325
   15398       1.0807
   15399       0.9382
   15400       0.9734
   15401       0.9891
   15402       0.9270
   15403       0.9920
   15404       0.9143
   15405       0.9831
   15406       0.9801
   15407       0.9256
   15408       0.9060
   15409       1.0425
   15410       1.0425
   15411       1.1189
   15412       1.0039
   15413       1.0276
   15414       0.9101
   15415       1.0340
   15416       1.1624
   15417       1.0714
   15418       1.0386
   15419       1.0321
   15420       1.1166
   15421       1.1840
   15422       1.0293
   15423       1.0540
   15424       1.1911
   15425       1.0635
   15426       1.1951
   15427       1.1102
   15428       1.0537
   15429       0.9426
   15430       1.0263
   15431       1.0184
   15432       0.8640
   15433       0.9859
   15434       0.9509
   15435       1.0012
   15436       1.0644
   15437       1.0625
   15438       1.0377
   15439       1.1719
   15440       0.8770
   15441       1.1358
   15442       0.9375
   15443       1.0362
   15444       1.0685
   15445       1.0644
   15446       1.0363
   15447       1.1024
   15448       1.0141
   15449       0.8328
   15450       0.9737
   15451       0.9844
   15452       1.0831
   15453       0.9964
   15454       0.8015
   15455       0.9279
   15456       0.8401
   15457       0.8240
   15458       0.9738
   15459       0.9137
   15460       0.8730
   15461       0.9069
   15462       0.9979
   15463       0.9887
   15464       0.8498
   15465       0.7918
   15466       0.8125
   15467       0.9703
   15468       0.8647
   15469       0.9004
   15470       0.8409
   15471       0.8383
   15472       0.9559
   15473       0.9425
   15474       0.8785
   15475       0.9946
   15476       0.8853
   15477       0.8314
   15478       0.7646
   15479       0.8851
   15480       0.8691
   15481       0.8166
   15482       0.9926
   15483       0.9771
   15484       0.8078
   15485       0.8840
   15486       0.8741
   15487       1.0687
   15488       0.8833
   15489       0.8900
   15490       0.8915
   15491       0.8735
   15492       0.8815
   15493       0.8231
   15494       0.8868
   15495       0.9252
   15496       0.8849
   15497       0.8907
   15498       0.8071
   15499       0.9198
   15500       0.8083
   15501       0.9449
   15502       0.8418
   15503       0.8366
   15504       0.8270
   15505       0.9382
   15506       0.8945
   15507       0.9035
   15508       0.9859
   15509       0.9525
   15510       0.9326
   15511       0.8683
   15512       0.8916
   15513       0.8706
   15514       0.8741
   15515       0.9095
   15516       1.0061
   15517       1.1696
   15518       0.9867
   15519       1.0982
   15520       1.1171
   15521       1.1335
   15522       1.1779
   15523       1.1617
   15524       0.8753
   15525       0.8378
   15526       0.9967
   15527       0.9519
   15528       1.0130
   15529       1.0710
   15530       0.9324
   15531       1.0020
   15532       1.0066
   15533       1.1212
   15534       0.9202
   15535       0.9120
   15536       0.9951
   15537       0.8766
   15538       0.9899
   15539       0.8879
   15540       0.9124
   15541       0.9122
   15542       0.9424
   15543       0.9193
   15544       0.8781
   15545       0.8958
   15546       0.9541
   15547       0.9055
   15548       0.8741
   15549       0.9325
   15550       0.8991
   15551       0.8779
   15552       0.8343
   15553       0.7915
   15554       0.8647
   15555       0.8574
   15556       0.9857
   15557       1.0432
   15558       0.9510
   15559       0.9779
   15560       1.0471
   15561       1.0542
   15562       1.0735
   15563       1.0213
   15564       1.0363
   15565       1.1004
   15566       1.1122
   15567       1.0777
   15568       1.0567
   15569       0.9487
   15570       0.8377
   15571       0.9853
   15572       0.9237
   15573       0.9757
   15574       1.1172
   15575       1.1059
   15576       1.1741
   15577       1.0456
   15578       1.0599
   15579       1.0849
   15580       0.8640
   15581       0.9285
   15582       1.0836
   15583       1.1157
   15584       1.2024
   15585       1.0978
   15586       1.1294
   15587       1.0791
   15588       1.0616
   15589       1.0744
   15590       1.1645
   15591       1.0941
   15592       1.0170
   15593       1.0357
   15594       1.1232
   15595       0.9782
   15596       0.9660
   15597       0.9253
   15598       0.8840
   15599       0.9478
   15600       0.9391
   15601       0.9278
   15602       0.9702
   15603       1.0997
   15604       0.9551
   15605       0.9635
   15606       1.0871
   15607       1.0239
   15608       1.0302
   15609       0.9473
   15610       1.0695
   15611       1.0689
   15612       1.0392
   15613       0.9514
   15614       1.0084
   15615       1.1117
   15616       1.0560
   15617       1.0743
   15618       0.9470
   15619       0.9593
   15620       0.8393
   15621       0.9134
   15622       0.9303
   15623       0.8600
   15624       0.8979
   15625       0.8974
   15626       0.8568
   15627       0.9217
   15628       0.9976
   15629       1.0793
   15630       1.1322
   15631       1.1358
   15632       1.0901
   15633       0.9825
   15634       1.1219
   15635       1.1706
   15636       1.2018
   15637       1.2227
   15638       1.2666
   15639       1.2229
   15640       1.3676
   15641       1.2069
   15642       1.3375
   15643       1.3507
   15644       1.2598
   15645       1.3000
   15646       1.1864
   15647       1.1763
   15648       1.0666
   15649       1.1411
   15650       1.2664
   15651       1.2164
   15652       1.2909
   15653       1.3375
   15654       1.1354
   15655       1.3155
   15656       1.3782
   15657       1.4524
   15658       1.3360
   15659       1.2667
   15660       1.2303
   15661       1.2940
   15662       1.1084
   15663       1.0767
   15664       1.0667
   15665       0.9502
   15666       0.9787
   15667       1.1307
   15668       1.0784
   15669       1.0285
   15670       1.0609
   15671       1.0787
   15672       1.0671
   15673       1.0841
   15674       1.2198
   15675       1.2754
   15676       1.3046
   15677       1.3710
   15678       1.2460
   15679       1.2798
   15680       1.2031
   15681       1.1463
   15682       1.3468
   15683       1.2797
   15684       1.1420
   15685       1.1499
   15686       1.1639
   15687       1.1367
   15688       1.1351
   15689       1.1695
   15690       1.0664
   15691       1.1030
   15692       1.1355
   15693       1.0526
   15694       0.9548
   15695       0.9917
   15696       1.0724
   15697       0.9602
   15698       1.0296
   15699       1.1031
   15700       1.0503
   15701       0.9291
   15702       0.8055
   15703       0.9164
   15704       0.9403
   15705       0.9654
   15706       0.9106
   15707       0.9157
   15708       0.8749
   15709       0.8953
   15710       1.0548
   15711       0.9889
   15712       0.9493
   15713       0.9507
   15714       0.8506
   15715       0.9255
   15716       0.8804
   15717       0.9034
   15718       1.0152
   15719       1.0390
   15720       0.9989
   15721       1.0608
   15722       1.0524
   15723       0.9101
   15724       1.0123
   15725       1.0109
   15726       0.9622
   15727       0.9708
   15728       1.1422
   15729       1.0129
   15730       1.1004
   15731       1.0999
   15732       1.0432
   15733       1.0776
   15734       1.0696
   15735       1.0052
   15736       1.0432
   15737       1.2142
   15738       1.1504
   15739       1.0621
   15740       1.0900
   15741       0.9226
   15742       1.0014
   15743       1.0330
   15744       1.0108
   15745       1.0830
   15746       1.1118
   15747       1.0554
   15748       1.0657
   15749       1.1348
   15750       0.9665
   15751       1.0585
   15752       0.9400
   15753       0.8071
   15754       0.9129
   15755       0.9075
   15756       1.0288
   15757       1.1192
   15758       1.0888
   15759       1.0363
   15760       1.0993
   15761       0.9395
   15762       1.1496
   15763       1.1467
   15764       1.3033
   15765       1.2216
   15766       1.1756
   15767       1.2290
   15768       1.2995
   15769       1.2592
   15770       0.9897
   15771       1.0384
   15772       1.0752
   15773       1.1167
   15774       0.9964
   15775       1.0413
   15776       1.0895
   15777       0.9976
   15778       1.0730
   15779       0.9963
   15780       1.0522
   15781       1.1802
   15782       1.1559
   15783       1.0892
   15784       1.0733
   15785       1.0716
   15786       1.0896
   15787       1.1302
   15788       1.1127
   15789       1.1942
   15790       1.1900
   15791       1.0537
   15792       1.1279
   15793       1.0964
   15794       0.9812
   15795       1.0682
   15796       1.0321
   15797       0.9388
   15798       0.9733
   15799       1.0081
   15800       1.0031
   15801       0.9821
   15802       0.9120
   15803       0.9772
   15804       0.9120
   15805       0.9541
   15806       0.9754
   15807       0.9339
   15808       0.9670
   15809       1.0695
   15810       1.1645
   15811       1.2640
   15812       1.1596
   15813       1.2170
   15814       1.2443
   15815       1.1404
   15816       1.0695
   15817       0.9387
   15818       0.9716
   15819       1.0730
   15820       1.1871
   15821       1.1989
   15822       1.1147
   15823       1.1238
   15824       1.1616
   15825       1.2004
   15826       1.2245
   15827       1.0075
   15828       1.0509
   15829       1.0974
   15830       1.0855
   15831       1.0766
   15832       1.0157
   15833       1.0599
   15834       0.9467
   15835       0.9771
   15836       1.0030
   15837       1.1638
   15838       1.1316
   15839       1.0033
   15840       1.0907
   15841       1.1265
   15842       1.1129
   15843       1.1501
   15844       1.0526
   15845       1.1070
   15846       1.1242
   15847       1.1425
   15848       1.1762
   15849       1.1301
   15850       1.1192
   15851       1.2094
   15852       1.2170
   15853       1.3584
   15854       1.2144
   15855       1.1389
   15856       1.1749
   15857       1.0397
   15858       1.0735
   15859       1.0342
   15860       1.0520
   15861       1.0313
   15862       1.0526
   15863       0.9221
   15864       1.0405
   15865       1.0209
   15866       0.9518
   15867       0.9247
   15868       1.0164
   15869       0.9628
   15870       1.0053
   15871       1.1115
   15872       0.9855
   15873       1.0498
   15874       1.0580
   15875       0.9160
   15876       0.9429
   15877       0.9175
   15878       1.0195
   15879       0.9869
   15880       0.9105
   15881       1.0536
   15882       1.0716
   15883       1.1124
   15884       1.1684
   15885       1.1251
   15886       1.0908
   15887       0.9824
   15888       0.9719
   15889       0.8968
   15890       0.9553
   15891       1.0576
   15892       0.9321
   15893       1.1313
   15894       1.1932
   15895       1.2032
   15896       1.1183
   15897       1.2116
   15898       1.1179
   15899       1.0957
   15900       1.0144
   15901       1.0080
   15902       1.0671
   15903       1.0135
   15904       1.0264
   15905       0.9913
   15906       0.9958
   15907       1.0591
   15908       0.9305
   15909       1.0176
   15910       0.9848
   15911       0.9719
   15912       1.0574
   15913       1.0077
   15914       1.0181
   15915       1.0209
   15916       1.0560
   15917       1.1658
   15918       1.0986
   15919       0.9844
   15920       1.2013
   15921       1.2370
   15922       1.1790
   15923       1.0558
   15924       0.9595
   15925       1.0129
   15926       0.9291
   15927       0.9068
   15928       0.9051
   15929       0.9107
   15930       0.9196
   15931       0.8777
   15932       0.9310
   15933       0.9176
   15934       0.9097
   15935       0.8725
   15936       0.9424
   15937       0.9411
   15938       0.9342
   15939       0.9773
   15940       0.9977
   15941       1.0032
   15942       1.0002
   15943       1.1421
   15944       0.9686
   15945       0.9719
   15946       0.9561
   15947       0.9698
   15948       1.0313
   15949       0.9051
   15950       1.0548
   15951       1.0843
   15952       0.9431
   15953       1.1333
   15954       1.0739
   15955       1.0699
   15956       0.9929
   15957       0.9123
   15958       0.9191
   15959       0.9122
   15960       0.9247
   15961       1.0455
   15962       1.0297
   15963       0.9440
   15964       1.0142
   15965       1.0839
   15966       1.0220
   15967       0.9507
   15968       0.8636
   15969       0.9523
   15970       0.9839
   15971       0.9194
   15972       0.9390
   15973       0.8607
   15974       0.8881
   15975       0.8229
   15976       0.8079
   15977       0.8111
   15978       0.8798
   15979       1.0337
   15980       1.0219
   15981       1.0161
   15982       0.8774
   15983       0.9828
   15984       1.1037
   15985       1.0190
   15986       0.9883
   15987       1.0037
   15988       0.9900
   15989       0.9915
   15990       1.0060
   15991       0.9780
   15992       1.0185
   15993       0.9428
   15994       0.9467
   15995       0.9308
   15996       0.9321
   15997       0.9636
   15998       1.0317
   15999       0.9843
   16000       0.9216
   16001       0.9938
   16002       0.9845
   16003       1.0075
   16004       1.0634
   16005       1.0325
   16006       1.0078
   16007       1.1023
   16008       1.1026
   16009       1.1992
   16010       1.0176
   16011       1.0534
   16012       1.1131
   16013       1.0674
   16014       1.0528
   16015       0.9422
   16016       0.9028
   16017       0.9557
   16018       0.9844
   16019       0.9177
   16020       0.9934
   16021       0.9519
   16022       1.0312
   16023       1.0267
   16024       0.8173
   16025       0.7673
   16026       0.8933
   16027       1.0155
   16028       0.9181
   16029       0.9206
   16030       0.9781
   16031       0.9209
   16032       1.0641
   16033       1.0016
   16034       0.9713
   16035       1.0316
   16036       0.9995
   16037       0.9763
   16038       1.1649
   16039       1.0354
   16040       1.0955
   16041       0.9848
   16042       1.0181
   16043       0.9344
   16044       0.9406
   16045       0.9770
   16046       0.8606
   16047       0.8129
   16048       0.8766
   16049       0.8686
   16050       0.8907
   16051       0.8453
   16052       0.7698
   16053       0.8429
   16054       0.7871
   16055       0.8349
   16056       0.8279
   16057       0.8271
   16058       0.8768
   16059       0.8284
   16060       0.8440
   16061       0.9370
   16062       0.8841
   16063       0.9537
   16064       1.0165
   16065       0.9840
   16066       0.8354
   16067       0.8306
   16068       0.8843
   16069       0.9461
   16070       0.9580
   16071       0.8648
   16072       0.9811
   16073       0.8502
   16074       0.8292
   16075       0.8049
   16076       0.8236
   16077       0.8612
   16078       0.8789
   16079       1.0125
   16080       0.9663
   16081       0.8465
   16082       0.9229
   16083       0.9443
   16084       0.9135
   16085       1.0703
   16086       0.9909
   16087       1.0524
   16088       0.9382
   16089       1.0198
   16090       0.9992
   16091       0.9411
   16092       0.8919
   16093       0.8499
   16094       0.9009
   16095       0.8914
   16096       0.8807
   16097       1.0589
   16098       0.8991
   16099       0.9416
   16100       0.9758
   16101       1.0427
   16102       1.0699
   16103       0.9151
   16104       1.0151
   16105       1.0128
   16106       0.9787
   16107       0.9434
   16108       0.8627
   16109       0.8860
   16110       0.9809
   16111       1.0389
   16112       1.1661
   16113       1.2115
   16114       1.2789
   16115       1.2317
   16116       1.1625
   16117       0.9957
   16118       0.9158
   16119       0.9616
   16120       0.9984
   16121       0.9667
   16122       0.9163
   16123       0.8328
   16124       0.8904
   16125       0.8999
   16126       0.9877
   16127       1.0157
   16128       0.9148
   16129       0.9608
   16130       1.1226
   16131       1.1890
   16132       1.0381
   16133       1.0034
   16134       1.1648
   16135       1.1260
   16136       1.1963
   16137       1.0065
   16138       1.0018
   16139       1.0552
   16140       1.0030
   16141       1.0236
   16142       0.8823
   16143       0.9409
   16144       1.0419
   16145       0.9796
   16146       0.9634
   16147       0.9334
   16148       0.8725
   16149       0.8694
   16150       1.0155
   16151       1.0182
   16152       0.9420
   16153       0.9405
   16154       0.8777
   16155       0.9459
   16156       0.8268
   16157       0.9730
   16158       0.8763
   16159       0.9592
   16160       0.9292
   16161       1.0332
   16162       0.9733
   16163       1.1486
   16164       1.2516
   16165       1.1548
   16166       1.2264
   16167       1.0828
   16168       1.0113
   16169       1.2042
   16170       0.9536
   16171       0.9188
   16172       0.9140
   16173       0.9951
   16174       1.0217
   16175       1.0356
   16176       1.0393
   16177       0.8944
   16178       0.9597
   16179       0.8581
   16180       0.9072
   16181       0.8566
   16182       0.7902
   16183       0.9210
   16184       0.8292
   16185       0.8731
   16186       0.8996
   16187       1.0236
   16188       1.0461
   16189       0.9532
   16190       1.0885
   16191       1.1145
   16192       1.2258
   16193       1.4209
   16194       1.0740
   16195       1.0628
   16196       1.0778
   16197       1.0414
   16198       0.9853
   16199       0.9854
   16200       0.9524
   16201       1.0146
   16202       0.9254
   16203       0.8946
   16204       0.8701
   16205       0.8628
   16206       0.9454
   16207       0.9201
   16208       0.8996
   16209       0.9263
   16210       0.9866
   16211       1.0799
   16212       1.0147
   16213       0.9556
   16214       0.8978
   16215       0.9237
   16216       0.8835
   16217       0.9960
   16218       0.8869
   16219       1.0436
   16220       1.0862
   16221       1.0566
   16222       1.0112
   16223       0.9725
   16224       0.9699
   16225       0.8841
   16226       0.8736
   16227       0.8599
   16228       0.8712
   16229       0.9620
   16230       0.9606
   16231       1.0184
   16232       0.9674
   16233       0.9336
   16234       1.0235
   16235       1.0104
   16236       1.1059
   16237       1.0651
   16238       1.1331
   16239       1.1042
   16240       0.9341
   16241       1.0303
   16242       0.9551
   16243       1.0093
   16244       0.9463
   16245       0.9650
   16246       1.0205
   16247       1.0830
   16248       0.9501
   16249       1.0319
   16250       0.9607
   16251       0.9790
   16252       1.0129
   16253       1.1171
   16254       1.1887
   16255       0.9966
   16256       1.0634
   16257       1.1747
   16258       1.0565
   16259       1.0923
   16260       1.1349
   16261       1.1233
   16262       1.0967
   16263       1.1707
   16264       1.0959
   16265       1.0408
   16266       1.1339
   16267       1.0565
   16268       0.9694
   16269       0.9081
   16270       0.9858
   16271       0.9724
   16272       0.9994
   16273       0.9289
   16274       1.0253
   16275       1.1114
   16276       1.2019
   16277       1.1093
   16278       1.1791
   16279       1.0665
   16280       1.0988
   16281       1.0990
   16282       1.0229
   16283       1.0384
   16284       1.0888
   16285       1.0285
   16286       0.9344
   16287       1.0165
   16288       1.0275
   16289       1.0492
   16290       1.0173
   16291       1.1084
   16292       1.0207
   16293       0.9796
   16294       1.0833
   16295       1.1152
   16296       1.2174
   16297       1.1624
   16298       1.1671
   16299       1.0739
   16300       1.1648
   16301       1.1572
   16302       1.2383
   16303       1.1657
   16304       1.1369
   16305       1.2166
   16306       1.1148
   16307       1.1505
   16308       1.1588
   16309       1.2187
   16310       1.3299
   16311       1.3396
   16312       1.2875
   16313       1.2420
   16314       1.1601
   16315       1.0515
   16316       1.1685
   16317       1.1139
   16318       1.2085
   16319       1.2207
   16320       1.0259
   16321       1.1308
   16322       1.0980
   16323       1.0432
   16324       1.1085
   16325       1.0463
   16326       1.1207
   16327       1.0446
   16328       1.0604
   16329       1.0720
   16330       1.0859
   16331       1.0591
   16332       1.0191
   16333       1.1388
   16334       1.1974
   16335       1.2403
   16336       1.2414
   16337       1.1408
   16338       1.2496
   16339       1.2454
   16340       1.2548
   16341       1.3202
   16342       1.1949
   16343       1.1026
   16344       1.1004
   16345       1.0763
   16346       1.0945
   16347       1.0354
   16348       1.1062
   16349       1.1854
   16350       1.1289
   16351       1.1642
   16352       1.2265
   16353       1.1989
   16354       1.2602
   16355       1.1945
   16356       1.2444
   16357       1.3177
   16358       1.2635
   16359       1.3975
   16360       1.2488
   16361       1.2447
   16362       1.3620
   16363       1.2445
   16364       1.3230
   16365       1.3700
   16366       1.1966
   16367       1.0635
   16368       1.1619
   16369       1.1996
   16370       1.4015
   16371       1.2250
   16372       1.2155
   16373       0.9806
   16374       1.0123
   16375       0.9240
   16376       0.9146
   16377       1.0295
   16378       0.9914
   16379       1.0076
   16380       1.0743
   16381       1.1866
   16382       1.0776
   16383       1.0373
   16384       1.0816
   16385       1.2375
   16386       1.1305
   16387       1.1799
   16388       1.2134
   16389       1.1644
   16390       1.0598
   16391       1.1942
   16392       1.0226
   16393       0.9312
   16394       1.0769
   16395       1.0619
   16396       1.1194
   16397       1.0945
   16398       1.1419
   16399       1.3149
   16400       1.1032
   16401       1.3664
   16402       1.2035
   16403       1.2789
   16404       1.2572
   16405       1.1521
   16406       1.1166
   16407       1.2757
   16408       1.3012
   16409       1.3225
   16410       1.3727
   16411       1.2936
   16412       1.2150
   16413       1.2633
   16414       1.2973
   16415       1.3289
   16416       1.3432
   16417       1.3293
   16418       1.3232
   16419       1.4983
   16420       1.4234
   16421       1.5450
   16422       1.3602
   16423       1.2644
   16424       1.2006
   16425       1.3319
   16426       1.2854
   16427       1.3712
   16428       1.4856
   16429       1.3608
   16430       1.3090
   16431       1.2400
   16432       1.1946
   16433       1.2020
   16434       1.3605
   16435       1.3430
   16436       1.4414
   16437       1.5604
   16438       1.3986
   16439       1.2585
   16440       1.2278
   16441       1.5109
   16442       1.2999
   16443       1.0987
   16444       1.2007
   16445       1.4157
   16446       1.2836
   16447       1.2337
   16448       1.2711
   16449       1.3522
   16450       1.4028
   16451       1.3054
   16452       1.3020
   16453       1.2299
   16454       1.2685
   16455       1.3080
   16456       1.2682
   16457       1.3880
   16458       1.3150
   16459       1.3293
   16460       1.3741
   16461       1.2724
   16462       1.3089
   16463       1.4016
   16464       1.2993
   16465       1.3702
   16466       1.3507
   16467       1.3686
   16468       1.1662
   16469       1.2975
   16470       1.5550
   16471       1.3899
   16472       1.2971
   16473       1.2951
   16474       1.4156
   16475       1.3327
   16476       1.2905
   16477       1.3304
   16478       1.2759
   16479       1.2508
   16480       1.2585
   16481       1.1750
   16482       1.2006
   16483       1.2749
   16484       1.4777
   16485       1.4055
   16486       1.3128
   16487       1.2909
   16488       1.3007
   16489       1.3743
   16490       1.3804
   16491       1.4578
   16492       1.2779
   16493       1.2673
   16494       1.4219
   16495       1.4139
   16496       1.2908
   16497       1.2359
   16498       1.1652
   16499       1.1219
   16500       1.2833
   16501       1.3929
   16502       1.2667
   16503       1.2213
   16504       1.1341
   16505       1.2369
   16506       1.2078
   16507       1.2077
   16508       1.2202
   16509       1.1825
   16510       1.1626
   16511       1.1409
   16512       1.2317
   16513       1.2329
   16514       1.1354
   16515       1.2580
   16516       1.1373
   16517       1.2754
   16518       1.3054
   16519       1.4238
   16520       1.3733
   16521       1.3608
   16522       1.2928
   16523       1.2341
   16524       1.1580
   16525       1.3772
   16526       1.3009
   16527       1.3130
   16528       1.3570
   16529       1.3270
   16530       1.1297
   16531       1.1683
   16532       1.1773
   16533       1.1342
   16534       1.1553
   16535       1.0870
   16536       1.1025
   16537       1.0875
   16538       1.1854
   16539       1.2348
   16540       1.1465
   16541       1.1544
   16542       1.1164
   16543       1.2203
   16544       1.3119
   16545       1.3334
   16546       1.3068
   16547       1.5570
   16548       1.3846
   16549       1.3743
   16550       1.3819
   16551       1.3440
   16552       1.4157
   16553       1.4400
   16554       1.6060
   16555       1.5647
   16556       1.5044
   16557       1.3485
   16558       1.3658
   16559       1.3956
   16560       1.4671
   16561       1.3601
   16562       1.1765
   16563       1.1423
   16564       1.1884
   16565       1.1842
   16566       1.3037
   16567       1.3340
   16568       1.3020
   16569       1.3234
   16570       1.3404
   16571       1.3286
   16572       1.4339
   16573       1.3444
   16574       1.4262
   16575       1.4539
   16576       1.5160
   16577       1.4667
   16578       1.4523
   16579       1.3484
   16580       1.4942
   16581       1.3381
   16582       1.2434
   16583       1.1556
   16584       1.3198
   16585       1.2785
   16586       1.1183
   16587       1.1842
   16588       1.2168
   16589       1.2347
   16590       1.3149
   16591       1.3623
   16592       1.3338
   16593       1.4337
   16594       1.3986
   16595       1.1556
   16596       1.2399
   16597       1.0678
   16598       1.1318
   16599       1.2788
   16600       1.1441
   16601       1.1121
   16602       1.2366
   16603       1.0710
   16604       1.0969
   16605       1.0331
   16606       1.0931
   16607       1.1909
   16608       1.0762
   16609       0.9362
   16610       1.0104
   16611       0.9835
   16612       0.9161
   16613       0.9688
   16614       1.0023
   16615       0.9717
   16616       1.0485
   16617       1.0538
   16618       0.9314
   16619       1.0061
   16620       1.0291
   16621       1.0489
   16622       1.0108
   16623       1.0702
   16624       1.0953
   16625       1.0908
   16626       1.0727
   16627       1.1673
   16628       1.0496
   16629       1.0899
   16630       1.1626
   16631       1.0835
   16632       1.0037
   16633       1.0172
   16634       1.0765
   16635       0.9958
   16636       1.1523
   16637       0.9410
   16638       1.0871
   16639       0.9981
   16640       1.0348
   16641       0.9783
   16642       0.9473
   16643       0.9871
   16644       1.0556
   16645       0.9488
   16646       0.9316
   16647       1.1178
   16648       1.1663
   16649       1.0445
   16650       1.0561
   16651       1.0940
   16652       1.1896
   16653       1.3672
   16654       1.2770
   16655       1.1691
   16656       1.2414
   16657       1.2748
   16658       1.3680
   16659       1.2047
   16660       1.0910
   16661       1.1528
   16662       1.1677
   16663       1.2555
   16664       1.1518
   16665       1.1841
   16666       1.2445
   16667       1.1006
   16668       1.1763
   16669       1.2628
   16670       1.1612
   16671       1.1273
   16672       1.2002
   16673       1.2188
   16674       1.1543
   16675       1.2696
   16676       1.2554
   16677       1.3205
   16678       1.3275
   16679       1.0214
   16680       1.0498
   16681       0.9585
   16682       1.0416
   16683       1.0997
   16684       1.1766
   16685       1.2185
   16686       1.3375
   16687       1.2728
   16688       1.3263
   16689       1.2960
   16690       1.2552
   16691       1.0844
   16692       0.9986
   16693       1.0975
   16694       1.2195
   16695       1.1148
   16696       1.2408
   16697       1.0800
   16698       1.1185
   16699       1.1734
   16700       1.0964
   16701       1.1364
   16702       1.0091
   16703       0.9787
   16704       1.0722
   16705       1.1214
   16706       1.1374
   16707       1.2395
   16708       1.1943
   16709       1.2255
   16710       1.1765
   16711       1.1382
   16712       1.0256
   16713       1.0094
   16714       1.0146
   16715       1.0459
   16716       1.2074
   16717       1.2518
   16718       1.2065
   16719       1.2192
   16720       1.4299
   16721       1.5105
   16722       1.3331
   16723       1.3548
   16724       1.3346
   16725       1.1861
   16726       1.2197
   16727       1.1605
   16728       1.0847
   16729       1.2451
   16730       1.1279
   16731       1.0418
   16732       1.2482
   16733       1.2270
   16734       1.1076
   16735       1.1901
   16736       1.2235
   16737       1.1993
   16738       1.2291
   16739       1.2996
   16740       1.3099
   16741       1.1794
   16742       1.1002
   16743       1.1645
   16744       1.0064
   16745       0.9639
   16746       1.0580
   16747       1.2287
   16748       1.1385
   16749       1.0877
   16750       1.0646
   16751       0.9546
   16752       0.9737
   16753       0.9328
   16754       0.8939
   16755       0.9435
   16756       0.9369
   16757       0.8608
   16758       1.0512
   16759       1.1318
   16760       1.1620
   16761       1.2355
   16762       1.3591
   16763       1.3579
   16764       1.2053
   16765       1.0677
   16766       1.1543
   16767       0.9514
   16768       1.0897
   16769       1.2096
   16770       1.3912
   16771       1.3340
   16772       1.1837
   16773       1.1366
   16774       1.1834
   16775       1.1794
   16776       0.9610
   16777       1.0934
   16778       1.0466
   16779       1.0821
   16780       1.0940
   16781       1.0125
   16782       0.9714
   16783       1.0056
   16784       0.9699
   16785       0.9677
   16786       1.0532
   16787       1.1084
   16788       1.0678
   16789       1.0826
   16790       1.0544
   16791       1.2054
   16792       1.1944
   16793       1.1938
   16794       1.1134
   16795       1.0030
   16796       1.0794
   16797       1.1291
   16798       1.2436
   16799       1.1985
   16800       1.1776
   16801       1.0883
   16802       1.1402
   16803       1.1321
   16804       1.0911
   16805       1.0958
   16806       1.0694
   16807       0.9911
   16808       1.0399
   16809       1.0041
   16810       1.0184
   16811       1.0592
   16812       1.0510
   16813       1.0880
   16814       1.0386
   16815       1.0354
   16816       1.1191
   16817       1.0636
   16818       1.0921
   16819       1.0129
   16820       1.0964
   16821       1.1403
   16822       1.0496
   16823       1.0295
   16824       0.9458
   16825       0.8191
   16826       0.9414
   16827       1.0583
   16828       0.9952
   16829       1.0344
   16830       0.9326
   16831       0.8966
   16832       0.9362
   16833       0.9841
   16834       0.8140
   16835       0.9113
   16836       0.9859
   16837       0.9634
   16838       1.0666
   16839       1.0481
   16840       1.0038
   16841       0.9909
   16842       0.9581
   16843       0.9800
   16844       1.1814
   16845       0.9388
   16846       1.0188
   16847       0.9677
   16848       1.0019
   16849       1.0572
   16850       0.9878
   16851       0.9626
   16852       1.0249
   16853       1.0626
   16854       1.0475
   16855       1.0380
   16856       0.9089
   16857       1.0454
   16858       0.9790
   16859       0.9279
   16860       0.9828
   16861       0.9967
   16862       1.1067
   16863       1.0577
   16864       1.0139
   16865       0.9433
   16866       1.0746
   16867       0.9805
   16868       0.9465
   16869       0.9548
   16870       0.9453
   16871       0.8808
   16872       1.0384
   16873       1.1112
   16874       1.0724
   16875       1.1807
   16876       1.1249
   16877       1.0753
   16878       1.1307
   16879       1.0366
   16880       1.0074
   16881       1.0337
   16882       0.9532
   16883       1.0119
   16884       1.0252
   16885       0.9290
   16886       1.0846
   16887       1.0636
   16888       1.0657
   16889       0.9246
   16890       0.9798
   16891       1.0885
   16892       1.1053
   16893       1.1024
   16894       1.0608
   16895       1.0986
   16896       1.0421
   16897       1.1118
   16898       1.1467
   16899       1.0091
   16900       0.9859
   16901       1.0127
   16902       0.8992
   16903       0.8850
   16904       0.9530
   16905       0.9934
   16906       1.1847
   16907       1.0533
   16908       1.0172
   16909       0.9600
   16910       1.0568
   16911       1.0568
   16912       1.0186
   16913       1.0825
   16914       1.0843
   16915       1.0539
   16916       1.1491
   16917       0.9974
   16918       1.0858
   16919       1.0824
   16920       1.1223
   16921       1.2305
   16922       1.2071
   16923       0.9717
   16924       0.9437
   16925       0.8704
   16926       0.9650
   16927       0.9751
   16928       1.0214
   16929       0.9983
   16930       1.0222
   16931       1.0751
   16932       0.9574
   16933       1.0372
   16934       1.0305
   16935       0.9762
   16936       0.9882
   16937       0.9749
   16938       0.9253
   16939       0.9366
   16940       0.9716
   16941       1.0593
   16942       0.9399
   16943       0.9583
   16944       0.9158
   16945       0.9853
   16946       1.0235
   16947       0.9532
   16948       0.9349
   16949       1.0049
   16950       0.9472
   16951       0.8669
   16952       0.9956
   16953       0.9410
   16954       0.8944
   16955       0.9464
   16956       0.9974
   16957       0.9721
   16958       0.9345
   16959       0.8759
   16960       0.8246
   16961       0.7923
   16962       0.8450
   16963       0.8776
   16964       0.9249
   16965       0.9885
   16966       0.9740
   16967       0.9402
   16968       0.9946
   16969       0.9620
   16970       0.8856
   16971       0.8686
   16972       0.9002
   16973       0.8700
   16974       0.7759
   16975       0.8941
   16976       0.9050
   16977       0.9379
   16978       0.9941
   16979       0.9262
   16980       0.8988
   16981       1.0287
   16982       1.0217
   16983       0.9799
   16984       1.0350
   16985       1.0160
   16986       0.9208
   16987       0.9453
   16988       1.0066
   16989       1.1735
   16990       1.0927
   16991       1.0936
   16992       1.1245
   16993       1.0393
   16994       1.0227
   16995       1.0696
   16996       1.0994
   16997       0.9781
   16998       1.0291
   16999       1.0195
   17000       1.0642
   17001       1.0120
   17002       1.0941
   17003       0.9989
   17004       1.0472
   17005       1.0580
   17006       1.1766
   17007       1.1248
   17008       1.0766
   17009       1.0566
   17010       1.0270
   17011       1.1354
   17012       1.0356
   17013       1.1352
   17014       1.1821
   17015       1.0522
   17016       0.9828
   17017       1.0268
   17018       1.1389
   17019       0.9678
   17020       0.9418
   17021       1.1194
   17022       1.1208
   17023       1.0513
   17024       1.0635
   17025       0.9947
   17026       1.0005
   17027       0.9877
   17028       1.0294
   17029       1.0056
   17030       1.0017
   17031       0.9958
   17032       0.9643
   17033       0.9963
   17034       0.9826
   17035       1.0861
   17036       1.1168
   17037       1.0504
   17038       1.1698
   17039       1.1569
   17040       1.0501
   17041       0.9881
   17042       1.0563
   17043       1.0075
   17044       1.0551
   17045       1.1149
   17046       1.1934
   17047       1.1844
   17048       1.4360
   17049       1.3810
   17050       1.3419
   17051       1.3768
   17052       1.3324
   17053       1.3899
   17054       1.2760
   17055       1.3538
   17056       1.2500
   17057       1.2083
   17058       1.3427
   17059       1.3085
   17060       1.4054
   17061       1.5711
   17062       1.4202
   17063       1.5083
   17064       1.6521
   17065       1.4659
   17066       1.5820
   17067       1.5940
   17068       1.4977
   17069       1.4507
   17070       1.2749
   17071       1.3894
   17072       1.2673
   17073       1.3140
   17074       1.2504
   17075       1.2663
   17076       1.4051
   17077       1.4430
   17078       1.4107
   17079       1.4692
   17080       1.5954
   17081       1.4917
   17082       1.3839
   17083       1.3333
   17084       1.4740
   17085       1.4329
   17086       1.3886
   17087       1.3422
   17088       1.2431
   17089       1.2488
   17090       1.1914
   17091       1.2229
   17092       1.0930
   17093       1.2159
   17094       1.2253
   17095       1.1290
   17096       1.1305
   17097       1.1631
   17098       1.1041
   17099       0.9427
   17100       0.8930
   17101       0.9153
   17102       0.9693
   17103       0.9548
   17104       0.9826
   17105       0.9484
   17106       0.9077
   17107       1.0118
   17108       0.9634
   17109       0.9890
   17110       1.0806
   17111       0.9519
   17112       0.9925
   17113       0.9758
   17114       1.0975
   17115       1.0863
   17116       1.1915
   17117       1.0779
   17118       1.1231
   17119       1.0558
   17120       1.0757
   17121       1.1827
   17122       1.1428
   17123       1.0804
   17124       1.1284
   17125       1.1278
   17126       1.1222
   17127       1.1465
   17128       1.2092
   17129       1.2596
   17130       1.1079
   17131       1.0975
   17132       1.0843
   17133       1.0482
   17134       0.9500
   17135       1.0115
   17136       0.9223
   17137       1.0934
   17138       1.0367
   17139       1.0818
   17140       1.0201
   17141       1.1993
   17142       1.2753
   17143       1.1936
   17144       1.0462
   17145       1.1071
   17146       1.1766
   17147       1.1367
   17148       1.0710
   17149       1.0513
   17150       1.1066
   17151       1.1826
   17152       1.2946
   17153       1.1955
   17154       1.3973
   17155       1.2361
   17156       1.1429
   17157       1.2266
   17158       1.1496
   17159       1.0625
   17160       1.2072
   17161       1.0180
   17162       0.9887
   17163       1.0477
   17164       1.0643
   17165       1.1557
   17166       1.1746
   17167       1.2050
   17168       1.2075
   17169       1.1726
   17170       1.1193
   17171       1.0275
   17172       0.9910
   17173       0.9766
   17174       1.2138
   17175       1.0769
   17176       0.9858
   17177       1.0220
   17178       1.0984
   17179       1.0400
   17180       0.9805
   17181       0.9774
   17182       1.0895
   17183       1.0106
   17184       0.9367
   17185       1.0005
   17186       0.9574
   17187       0.9172
   17188       0.9100
   17189       0.9463
   17190       0.9548
   17191       0.9650
   17192       0.9636
   17193       0.9862
   17194       1.0786
   17195       0.9995
   17196       0.9951
   17197       1.1700
   17198       1.0496
   17199       0.9891
   17200       1.0043
   17201       0.9683
   17202       1.0493
   17203       0.9999
   17204       0.9815
   17205       0.8987
   17206       1.0040
   17207       1.0592
   17208       1.0153
   17209       0.9182
   17210       0.9085
   17211       0.8697
   17212       0.8595
   17213       0.7783
   17214       0.9782
   17215       0.8392
   17216       0.9233
   17217       0.8899
   17218       0.8556
   17219       0.9306
   17220       0.9065
   17221       0.9567
   17222       1.0272
   17223       0.8711
   17224       0.9319
   17225       1.0014
   17226       1.1929
   17227       1.0008
   17228       0.9516
   17229       1.0670
   17230       1.1500
   17231       1.0613
   17232       0.9928
   17233       0.9959
   17234       1.0354
   17235       1.1705
   17236       1.0684
   17237       1.1441
   17238       0.9984
   17239       1.0336
   17240       1.0561
   17241       0.9660
   17242       1.0351
   17243       1.0737
   17244       1.0726
   17245       0.9521
   17246       0.9036
   17247       1.0163
   17248       0.9053
   17249       0.9012
   17250       0.8879
   17251       0.9464
   17252       1.0803
   17253       1.0732
   17254       1.1618
   17255       1.1186
   17256       1.1493
   17257       1.2114
   17258       1.1876
   17259       1.0882
   17260       1.2747
   17261       1.0481
   17262       1.0129
   17263       0.9797
   17264       0.9398
   17265       0.9328
   17266       1.0342
   17267       1.0032
   17268       1.0311
   17269       0.9998
   17270       1.0223
   17271       1.0285
   17272       1.0505
   17273       0.9360
   17274       0.8574
   17275       1.1418
   17276       1.1550
   17277       1.1478
   17278       1.1531
   17279       1.1402
   17280       1.1628
   17281       1.2527
   17282       1.1224
   17283       1.2550
   17284       1.2781
   17285       1.2554
   17286       1.3008
   17287       1.1888
   17288       1.1497
   17289       1.2100
   17290       1.1377
   17291       1.0229
   17292       1.2018
   17293       1.1218
   17294       1.1651
   17295       1.2443
   17296       1.2497
   17297       1.3644
   17298       1.2391
   17299       1.1948
   17300       1.1633
   17301       1.1527
   17302       1.1475
   17303       1.0436
   17304       1.0127
   17305       1.0006
   17306       1.0312
   17307       1.0207
   17308       1.1578
   17309       1.0881
   17310       1.0799
   17311       0.9763
   17312       1.0192
   17313       1.0220
   17314       1.1234
   17315       1.0731
   17316       0.9487
   17317       1.0106
   17318       1.0049
   17319       1.0301
   17320       1.0148
   17321       1.0055
   17322       1.0437
   17323       0.8913
   17324       0.9423
   17325       0.9320
   17326       1.0918
   17327       1.1104
   17328       1.1860
   17329       1.1378
   17330       1.1185
   17331       1.0434
   17332       0.9286
   17333       1.1220
   17334       1.0601
   17335       1.0039
   17336       1.0309
   17337       0.9618
   17338       0.8911
   17339       0.8658
   17340       0.9464
   17341       0.9072
   17342       0.9056
   17343       0.9615
   17344       0.9864
   17345       0.9255
   17346       0.8990
   17347       0.9646
   17348       0.8301
   17349       0.9107
   17350       0.9422
   17351       0.9579
   17352       0.8967
   17353       1.0147
   17354       1.0986
   17355       1.0480
   17356       1.0365
   17357       0.9939
   17358       0.9875
   17359       0.9712
   17360       1.0386
   17361       1.1020
   17362       1.2471
   17363       1.2673
   17364       1.0682
   17365       1.0667
   17366       1.1100
   17367       0.9870
   17368       1.1246
   17369       1.1523
   17370       1.1718
   17371       1.2357
   17372       1.2721
   17373       1.3842
   17374       1.2976
   17375       1.2024
   17376       1.4100
   17377       1.3526
   17378       1.4205
   17379       1.3892
   17380       1.2118
   17381       1.1664
   17382       1.3087
   17383       1.2859
   17384       1.2524
   17385       1.2035
   17386       1.1252
   17387       1.0641
   17388       1.0136
   17389       1.1593
   17390       1.2215
   17391       1.1246
   17392       1.1917
   17393       1.1295
   17394       1.1060
   17395       1.1373
   17396       1.1511
   17397       1.1218
   17398       1.3671
   17399       1.3856
   17400       1.5047
   17401       1.4815
   17402       1.4341
   17403       1.4765
   17404       1.4667
   17405       1.5348
   17406       1.6734
   17407       1.5727
   17408       1.6021
   17409       1.5248
   17410       1.2586
   17411       1.1976
   17412       1.2148
   17413       1.2976
   17414       1.3674
   17415       1.2683
   17416       1.4173
   17417       1.3509
   17418       1.3822
   17419       1.2783
   17420       1.4311
   17421       1.4398
   17422       1.5997
   17423       1.5727
   17424       1.4790
   17425       1.4035
   17426       1.2606
   17427       1.2350
   17428       1.2445
   17429       1.1616
   17430       1.1646
   17431       1.2293
   17432       1.2275
   17433       1.2702
   17434       1.1849
   17435       1.1913
   17436       1.3359
   17437       1.3408
   17438       1.5122
   17439       1.2224
   17440       1.4063
   17441       1.2950
   17442       1.2716
   17443       1.2277
   17444       1.3285
   17445       1.2975
   17446       1.4195
   17447       1.4501
   17448       1.3743
   17449       1.2835
   17450       1.5841
   17451       1.5070
   17452       1.5979
   17453       1.6169
   17454       1.5871
   17455       1.4286
   17456       1.4471
   17457       1.3140
   17458       1.2414
   17459       1.3256
   17460       1.2036
   17461       1.1871
   17462       1.3147
   17463       1.2494
   17464       1.2482
   17465       1.1866
   17466       1.1973
   17467       1.2172
   17468       1.0863
   17469       1.3150
   17470       1.2299
   17471       1.2835
   17472       1.1383
   17473       1.1773
   17474       1.1501
   17475       1.1291
   17476       1.2400
   17477       1.0931
   17478       1.1658
   17479       1.1039
   17480       1.1186
   17481       1.1352
   17482       1.0304
   17483       1.0334
   17484       1.0940
   17485       1.1027
   17486       0.9890
   17487       1.0752
   17488       1.0239
   17489       0.9893
   17490       1.0201
   17491       1.0286
   17492       1.0332
   17493       1.2254
   17494       1.1863
   17495       1.2771
   17496       1.1567
   17497       1.1632
   17498       1.3096
   17499       1.2421
   17500       1.0126
   17501       1.0478
   17502       1.2118
   17503       1.1162
   17504       1.1674
   17505       1.0702
   17506       1.1644
   17507       1.2303
   17508       1.1682
   17509       1.1684
   17510       1.0944
   17511       1.2174
   17512       1.0198
   17513       1.0796
   17514       1.0187
   17515       1.1569
   17516       1.0679
   17517       1.0960
   17518       1.0363
   17519       1.1103
   17520       1.2932
   17521       1.2612
   17522       1.2639
   17523       1.1761
   17524       1.0701
   17525       1.0719
   17526       1.3360
   17527       1.2128
   17528       1.0939
   17529       0.9750
   17530       0.9319
   17531       0.9189
   17532       0.9425
   17533       0.9683
   17534       0.9446
   17535       1.0993
   17536       1.0737
   17537       0.9691
   17538       0.8956
   17539       0.9530
   17540       0.9600
   17541       0.9404
   17542       0.8818
   17543       0.9542
   17544       1.0094
   17545       1.1783
   17546       1.1020
   17547       1.0482
   17548       0.9634
   17549       0.9873
   17550       1.1102
   17551       1.0951
   17552       1.2448
   17553       1.1335
   17554       1.1892
   17555       1.2222
   17556       1.1359
   17557       1.1038
   17558       1.1980
   17559       1.2550
   17560       1.2788
   17561       1.3747
   17562       1.4016
   17563       1.5840
   17564       1.4493
   17565       1.3864
   17566       1.2400
   17567       1.0915
   17568       1.0066
   17569       1.0167
   17570       1.1115
   17571       1.0918
   17572       1.0768
   17573       1.0106
   17574       0.9499
   17575       1.1367
   17576       1.3165
   17577       1.2698
   17578       1.1320
   17579       1.0678
   17580       1.2425
   17581       1.1205
   17582       1.0921
   17583       1.0850
   17584       0.9673
   17585       1.1012
   17586       1.0413
   17587       1.1367
   17588       1.1509
   17589       1.1691
   17590       1.2568
   17591       1.1591
   17592       1.0811
   17593       1.1507
   17594       1.0570
   17595       1.0170
   17596       1.0114
   17597       1.1992
   17598       1.2321
   17599       1.2494
   17600       1.1693
   17601       1.3143
   17602       1.3905
   17603       1.3502
   17604       1.2484
   17605       1.1334
   17606       1.2175
   17607       1.2655
   17608       1.1652
   17609       1.0294
   17610       1.0619
   17611       1.1147
   17612       1.1840
   17613       1.2034
   17614       1.2749
   17615       1.2925
   17616       1.1800
   17617       1.1948
   17618       1.3138
   17619       1.2746
   17620       1.2157
   17621       1.1318
   17622       1.2032
   17623       1.0972
   17624       1.1197
   17625       1.0048
   17626       1.0812
   17627       0.9764
   17628       0.8394
   17629       0.8284
   17630       1.0627
   17631       1.1270
   17632       1.2251
   17633       1.2946
   17634       1.1124
   17635       1.1172
   17636       1.2533
   17637       1.1888
   17638       1.1480
   17639       1.1313
   17640       1.1890
   17641       1.0156
   17642       1.0952
   17643       0.9230
   17644       0.9843
   17645       1.0344
   17646       1.2029
   17647       1.1748
   17648       1.0945
   17649       1.2160
   17650       1.0788
   17651       1.1691
   17652       1.0861
   17653       1.2421
   17654       1.1637
   17655       1.1749
   17656       1.0989
   17657       1.0846
   17658       1.1748
   17659       1.0108
   17660       1.3189
   17661       1.3409
   17662       1.3484
   17663       1.4682
   17664       1.3958
   17665       1.3676
   17666       1.2054
   17667       1.3912
   17668       1.3365
   17669       1.1402
   17670       0.9890
   17671       1.0318
   17672       0.9993
   17673       0.8865
   17674       1.0183
   17675       0.9820
   17676       0.9679
   17677       1.0886
   17678       0.9509
   17679       0.9119
   17680       1.0885
   17681       1.0910
   17682       1.0677
   17683       1.1003
   17684       1.2887
   17685       1.1613
   17686       1.1342
   17687       1.0925
   17688       1.1964
   17689       1.1504
   17690       1.1367
   17691       1.0071
   17692       1.0563
   17693       1.1265
   17694       1.1689
   17695       1.1011
   17696       1.2506
   17697       1.2085
   17698       1.1383
   17699       1.1044
   17700       1.1863
   17701       1.1988
   17702       1.1030
   17703       1.0053
   17704       1.0771
   17705       1.3320
   17706       1.2558
   17707       1.0942
   17708       1.1782
   17709       1.2526
   17710       1.2132
   17711       1.3166
   17712       1.1918
   17713       1.0099
   17714       0.9693
   17715       1.0119
   17716       0.9657
   17717       0.9877
   17718       0.9831
   17719       1.0206
   17720       0.9684
   17721       1.0693
   17722       1.1255
   17723       1.1663
   17724       1.1197
   17725       0.9865
   17726       0.9113
   17727       1.0502
   17728       0.9578
   17729       1.1050
   17730       1.0633
   17731       0.9704
   17732       0.9971
   17733       1.1573
   17734       1.2225
   17735       1.1746
   17736       1.0916
   17737       1.1248
   17738       1.1061
   17739       1.1969
   17740       1.1934
   17741       1.2495
   17742       1.2827
   17743       1.2168
   17744       1.1330
   17745       1.1402
   17746       1.0445
   17747       1.1017
   17748       1.1078
   17749       1.0117
   17750       1.0700
   17751       1.2158
   17752       1.3229
   17753       1.0871
   17754       1.0407
   17755       1.0437
   17756       1.0677
   17757       1.1739
   17758       1.0957
   17759       1.1685
   17760       1.0955
   17761       1.0157
   17762       1.0748
   17763       1.0300
   17764       0.9358
   17765       0.7964
   17766       0.8042
   17767       0.9812
   17768       0.9205
   17769       0.8669
   17770       0.7538
   17771       0.8661
   17772       0.9552
   17773       0.9018
   17774       1.0076
   17775       1.0972
   17776       1.0024
   17777       1.1471
   17778       1.1011
   17779       1.0802
   17780       1.0444
   17781       0.9138
   17782       1.0440
   17783       1.1021
   17784       1.0917
   17785       1.0341
   17786       1.2510
   17787       1.1235
   17788       1.1929
   17789       0.9813
   17790       1.1527
   17791       1.1450
   17792       1.1362
   17793       1.1186
   17794       1.0716
   17795       0.9799
   17796       0.9652
   17797       1.0288
   17798       1.0181
   17799       0.9798
   17800       1.0044
   17801       0.8945
   17802       0.9455
   17803       1.0361
   17804       0.9592
   17805       0.8275
   17806       0.9661
   17807       0.9402
   17808       0.9720
   17809       1.0134
   17810       0.9995
   17811       1.0675
   17812       1.0843
   17813       1.0197
   17814       1.0496
   17815       1.0378
   17816       1.0909
   17817       0.9618
   17818       1.0969
   17819       1.0077
   17820       1.0629
   17821       1.0679
   17822       0.9795
   17823       1.0103
   17824       0.9390
   17825       0.9909
   17826       1.0481
   17827       1.0763
   17828       1.0570
   17829       0.9594
   17830       1.0670
   17831       0.9833
   17832       0.9946
   17833       1.0397
   17834       1.0019
   17835       0.9363
   17836       0.8941
   17837       0.9963
   17838       1.1255
   17839       1.0647
   17840       1.0395
   17841       0.9285
   17842       1.0490
   17843       1.1246
   17844       1.0983
   17845       1.1361
   17846       1.0877
   17847       1.1345
   17848       1.2430
   17849       1.1008
   17850       1.2954
   17851       1.2697
   17852       1.2715
   17853       1.0852
   17854       1.0607
   17855       1.1053
   17856       1.2762
   17857       1.1775
   17858       1.1657
   17859       1.1409
   17860       0.9704
   17861       1.0052
   17862       0.9380
   17863       1.0379
   17864       1.0999
   17865       1.0870
   17866       0.9941
   17867       1.0430
   17868       1.1421
   17869       1.1706
   17870       1.1200
   17871       1.0775
   17872       1.0559
   17873       0.9082
   17874       1.0098
   17875       1.1248
   17876       1.1156
   17877       1.0219
   17878       0.9954
   17879       1.1611
   17880       1.0067
   17881       1.0946
   17882       1.0040
   17883       1.1423
   17884       1.0879
   17885       0.9858
   17886       1.1662
   17887       1.1072
   17888       1.3370
   17889       1.2499
   17890       1.1129
   17891       1.1837
   17892       1.1550
   17893       1.1368
   17894       1.1382
   17895       0.9907
   17896       0.9785
   17897       1.1044
   17898       1.1806
   17899       1.0893
   17900       1.1320
   17901       1.0404
   17902       1.1255
   17903       1.0808
   17904       1.1193
   17905       1.2159
   17906       1.2363
   17907       1.1449
   17908       1.0945
   17909       1.1781
   17910       1.2209
   17911       1.0386
   17912       1.0339
   17913       1.0732
   17914       0.9460
   17915       1.0880
   17916       0.9431
   17917       1.1685
   17918       1.0795
   17919       1.2435
   17920       1.1852
   17921       1.1215
   17922       1.1620
   17923       0.9835
   17924       1.0340
   17925       1.1957
   17926       1.0804
   17927       1.3303
   17928       1.1587
   17929       1.1836
   17930       1.2834
   17931       1.3398
   17932       1.3622
   17933       1.4508
   17934       1.4867
   17935       1.3970
   17936       1.3014
   17937       1.2506
   17938       1.2340
   17939       1.2707
   17940       1.1893
   17941       1.3026
   17942       1.3231
   17943       1.2990
   17944       1.1601
   17945       1.1234
   17946       1.2814
   17947       1.1527
   17948       1.0712
   17949       1.1362
   17950       1.1031
   17951       1.1135
   17952       1.2241
   17953       1.2877
   17954       1.2165
   17955       1.1959
   17956       1.2050
   17957       1.3092
   17958       1.3247
   17959       1.2929
   17960       1.2434
   17961       1.2617
   17962       1.3420
   17963       1.3778
   17964       1.4671
   17965       1.4041
   17966       1.3059
   17967       1.3078
   17968       1.2374
   17969       1.2810
   17970       1.1704
   17971       1.1371
   17972       1.4043
   17973       1.1818
   17974       1.3814
   17975       1.2901
   17976       1.2724
   17977       1.2841
   17978       1.2803
   17979       1.2072
   17980       1.2775
   17981       1.3057
   17982       1.0654
   17983       1.1233
   17984       1.2137
   17985       1.3158
   17986       1.2138
   17987       1.0671
   17988       1.0859
   17989       1.1036
   17990       0.9753
   17991       1.0672
   17992       1.0716
   17993       1.0059
   17994       1.0659
   17995       0.9820
   17996       1.0036
   17997       1.1316
   17998       1.0917
   17999       1.1519
   18000       1.1371
   18001       1.0799
   18002       1.1443
   18003       1.1624
   18004       1.0758
   18005       1.1668
   18006       1.0872
   18007       1.2469
   18008       1.1268
   18009       1.1938
   18010       1.2603
   18011       1.2599
   18012       1.2653
   18013       1.2120
   18014       1.0946
   18015       1.1776
   18016       1.2238
   18017       1.1457
   18018       1.2082
   18019       1.1709
   18020       1.1997
   18021       1.2119
   18022       1.1751
   18023       1.1041
   18024       1.0141
   18025       1.0505
   18026       1.1722
   18027       1.2284
   18028       1.1368
   18029       1.0102
   18030       0.9808
   18031       0.9243
   18032       1.0021
   18033       1.0758
   18034       1.0661
   18035       1.1523
   18036       1.1625
   18037       1.2617
   18038       1.0857
   18039       1.1007
   18040       1.1580
   18041       1.2344
   18042       1.2165
   18043       1.0731
   18044       1.1168
   18045       1.2761
   18046       1.4282
   18047       1.3097
   18048       1.1555
   18049       1.0936
   18050       1.1357
   18051       1.2063
   18052       1.1400
   18053       1.0389
   18054       0.9926
   18055       0.8660
   18056       0.9535
   18057       0.8731
   18058       0.8328
   18059       0.9479
   18060       0.9478
   18061       0.9424
   18062       0.9115
   18063       0.9281
   18064       0.9706
   18065       0.8888
   18066       0.8881
   18067       0.8251
   18068       0.8683
   18069       0.8564
   18070       0.8665
   18071       0.8246
   18072       0.8180
   18073       0.9938
   18074       0.8869
   18075       1.0456
   18076       1.0784
   18077       1.1065
   18078       1.0427
   18079       1.0794
   18080       0.9508
   18081       1.0452
   18082       1.0196
   18083       1.0602
   18084       1.1442
   18085       1.0933
   18086       1.1595
   18087       1.1097
   18088       1.1234
   18089       1.2157
   18090       1.1989
   18091       1.2283
   18092       1.2225
   18093       1.1882
   18094       1.1916
   18095       1.1045
   18096       1.0883
   18097       0.9284
   18098       0.8990
   18099       0.9415
   18100       0.9125
   18101       1.0747
   18102       0.9042
   18103       0.9336
   18104       1.1256
   18105       1.0640
   18106       1.0316
   18107       1.0879
   18108       1.2342
   18109       1.3276
   18110       1.0558
   18111       1.1295
   18112       1.1938
   18113       1.2056
   18114       1.2411
   18115       1.1450
   18116       1.1455
   18117       1.2200
   18118       1.2090
   18119       1.0905
   18120       1.1345
   18121       0.9329
   18122       0.8825
   18123       1.0911
   18124       1.0991
   18125       1.0595
   18126       0.9633
   18127       0.9912
   18128       0.8967
   18129       0.8660
   18130       0.9101
   18131       0.9544
   18132       1.0331
   18133       0.9787
   18134       0.9144
   18135       0.9664
   18136       0.8639
   18137       0.9754
   18138       0.9862
   18139       0.9449
   18140       0.8995
   18141       0.8926
   18142       0.9473
   18143       1.1048
   18144       0.9421
   18145       0.9654
   18146       0.9204
   18147       0.9929
   18148       1.0127
   18149       0.9465
   18150       0.9606
   18151       0.9195
   18152       0.9510
   18153       0.9999
   18154       1.0558
   18155       1.0079
   18156       0.9994
   18157       1.0602
   18158       1.2549
   18159       1.1582
   18160       1.0706
   18161       0.9285
   18162       0.9240
   18163       1.0055
   18164       0.9778
   18165       1.0289
   18166       0.9397
   18167       1.0861
   18168       0.9936
   18169       0.9878
   18170       0.8396
   18171       0.8673
   18172       0.9117
   18173       0.9096
   18174       0.9543
   18175       0.9222
   18176       0.9159
   18177       0.8958
   18178       0.8739
   18179       0.8649
   18180       0.9108
   18181       0.8692
   18182       0.8603
   18183       0.9254
   18184       0.9248
   18185       0.9299
   18186       0.8506
   18187       0.8457
   18188       0.8314
   18189       0.8788
   18190       0.8949
   18191       0.8178
   18192       0.9807
   18193       0.9395
   18194       0.8003
   18195       0.8632
   18196       0.9570
   18197       0.9943
   18198       0.8850
   18199       0.9592
   18200       0.9636
   18201       0.9002
   18202       0.9537
   18203       0.9867
   18204       0.9953
   18205       0.9176
   18206       1.0595
   18207       1.1559
   18208       1.1894
   18209       1.1111
   18210       0.9462
   18211       0.9093
   18212       0.8928
   18213       0.9243
   18214       0.8171
   18215       0.9647
   18216       0.9164
   18217       0.9797
   18218       0.9673
   18219       1.0119
   18220       1.0524
   18221       1.0751
   18222       0.9755
   18223       0.9796
   18224       1.0166
   18225       0.9646
   18226       0.9645
   18227       0.9658
   18228       0.9594
   18229       1.0115
   18230       1.0289
   18231       0.9684
   18232       0.9612
   18233       1.0239
   18234       0.9689
   18235       0.9922
   18236       0.8733
   18237       0.8531
   18238       0.8879
   18239       0.9584
   18240       1.0178
   18241       0.9551
   18242       0.9493
   18243       0.9013
   18244       0.9217
   18245       0.8805
   18246       0.9205
   18247       0.9339
   18248       0.8966
   18249       0.9491
   18250       0.9799
   18251       0.9300
   18252       0.8950
   18253       1.0113
   18254       0.9586
   18255       0.8977
   18256       1.0235
   18257       1.1258
   18258       1.0606
   18259       1.0119
   18260       1.0751
   18261       0.9532
   18262       0.8641
   18263       0.9912
   18264       0.9709
   18265       0.9637
   18266       1.0300
   18267       1.0427
   18268       1.2148
   18269       1.2569
   18270       1.2900
   18271       1.1721
   18272       1.1192
   18273       1.2062
   18274       1.1359
   18275       1.1756
   18276       1.2045
   18277       1.1134
   18278       1.2280
   18279       0.9738
   18280       0.9651
   18281       0.8786
   18282       0.9439
   18283       0.9909
   18284       0.9907
   18285       0.9144
   18286       1.0606
   18287       1.0106
   18288       1.0635
   18289       1.0320
   18290       1.2194
   18291       1.0200
   18292       1.0614
   18293       1.1010
   18294       0.9790
   18295       1.0707
   18296       1.1714
   18297       1.2139
   18298       1.1264
   18299       1.0095
   18300       0.9361
   18301       0.9115
   18302       0.9044
   18303       0.9908
   18304       0.9567
   18305       0.9851
   18306       1.0299
   18307       1.0204
   18308       1.0334
   18309       1.0185
   18310       1.0564
   18311       1.1362
   18312       1.0436
   18313       1.0156
   18314       1.0016
   18315       0.9387
   18316       0.9596
   18317       0.9878
   18318       1.0749
   18319       1.0837
   18320       0.9814
   18321       0.9349
   18322       0.9451
   18323       1.0856
   18324       1.1027
   18325       0.9836
   18326       0.9741
   18327       1.0091
   18328       1.0153
   18329       1.0645
   18330       0.9725
   18331       1.0318
   18332       1.0079
   18333       1.1468
   18334       1.1630
   18335       1.1302
   18336       1.2100
   18337       1.0097
   18338       0.9753
   18339       1.0988
   18340       1.0043
   18341       1.0578
   18342       1.0838
   18343       1.0652
   18344       1.0926
   18345       1.1594
   18346       1.0887
   18347       1.2030
   18348       1.1350
   18349       1.0800
   18350       1.1873
   18351       1.1539
   18352       1.1686
   18353       1.2598
   18354       1.2566
   18355       1.0902
   18356       1.1523
   18357       1.0165
   18358       0.9575
   18359       0.9840
   18360       1.0388
   18361       1.0872
   18362       1.0095
   18363       0.9341
   18364       0.9726
   18365       1.0571
   18366       1.0185
   18367       0.8912
   18368       1.0155
   18369       0.9846
   18370       1.0574
   18371       1.0836
   18372       1.0460
   18373       1.0043
   18374       1.0583
   18375       1.0257
   18376       0.9483
   18377       0.9236
   18378       0.9900
   18379       1.0379
   18380       1.1673
   18381       1.0180
   18382       1.0150
   18383       1.0239
   18384       1.0918
   18385       1.0890
   18386       1.1437
   18387       1.0263
   18388       0.9954
   18389       1.1158
   18390       1.0969
   18391       1.2052
   18392       1.2412
   18393       1.1817
   18394       1.1038
   18395       1.2130
   18396       1.0855
   18397       1.0742
   18398       1.1678
   18399       1.1344
   18400       1.0310
   18401       1.0311
   18402       0.9205
   18403       0.9319
   18404       0.9908
   18405       1.0533
   18406       0.9045
   18407       0.8817
   18408       0.9868
   18409       1.0080
   18410       1.0174
   18411       0.9335
   18412       0.8927
   18413       0.8970
   18414       0.8900
   18415       0.9978
   18416       0.8771
   18417       0.9185
   18418       0.9291
   18419       0.9989
   18420       0.8964
   18421       0.9671
   18422       1.0274
   18423       1.0468
   18424       1.0483
   18425       1.1054
   18426       1.0974
   18427       1.2110
   18428       1.1587
   18429       1.1671
   18430       1.1710
   18431       1.2623
   18432       1.3490
   18433       1.3573
   18434       1.3772
   18435       1.2797
   18436       1.1532
   18437       1.1561
   18438       1.1298
   18439       1.2107
   18440       1.2165
   18441       1.1195
   18442       1.0992
   18443       1.1212
   18444       1.0240
   18445       0.9581
   18446       1.0697
   18447       0.9893
   18448       1.1131
   18449       1.1102
   18450       1.1144
   18451       1.1241
   18452       1.0742
   18453       1.1406
   18454       1.0498
   18455       1.0751
   18456       1.0442
   18457       1.1365
   18458       1.2218
   18459       1.1217
   18460       1.1257
   18461       0.9629
   18462       1.0325
   18463       1.0090
   18464       1.1324
   18465       1.1505
   18466       1.0359
   18467       1.1250
   18468       1.1073
   18469       1.1460
   18470       1.0606
   18471       1.2568
   18472       1.1190
   18473       1.0822
   18474       0.9900
   18475       1.0111
   18476       1.1202
   18477       1.0784
   18478       1.1278
   18479       1.1128
   18480       1.0530
   18481       1.0816
   18482       1.0990
   18483       1.0558
   18484       1.0003
   18485       1.0143
   18486       1.0278
   18487       1.0628
   18488       1.0983
   18489       1.0170
   18490       1.0793
   18491       0.9324
   18492       1.0091
   18493       0.9510
   18494       0.9989
   18495       1.0457
   18496       1.0708
   18497       1.1604
   18498       1.2661
   18499       1.1285
   18500       1.1860
   18501       1.1256
   18502       1.1227
   18503       1.0409
   18504       0.9759
   18505       1.0515
   18506       0.9708
   18507       1.0488
   18508       1.0532
   18509       0.9781
   18510       1.1051
   18511       1.1722
   18512       1.1563
   18513       1.1173
   18514       1.0763
   18515       1.0293
   18516       1.1106
   18517       1.0740
   18518       1.0226
   18519       1.1476
   18520       1.2120
   18521       1.2293
   18522       1.1509
   18523       1.1569
   18524       1.2249
   18525       1.1669
   18526       1.3078
   18527       1.2379
   18528       1.2681
   18529       1.1313
   18530       1.2251
   18531       1.2765
   18532       1.2279
   18533       1.1999
   18534       1.1595
   18535       1.1851
   18536       1.1739
   18537       1.0182
   18538       1.1181
   18539       1.0715
   18540       1.0318
   18541       0.9760
   18542       0.9666
   18543       1.0582
   18544       1.0851
   18545       1.1417
   18546       1.3611
   18547       1.2500
   18548       1.1933
   18549       1.2344
   18550       1.1413
   18551       1.1226
   18552       1.1486
   18553       1.1981
   18554       1.2265
   18555       1.2107
   18556       1.1566
   18557       1.0933
   18558       1.1432
   18559       1.0759
   18560       1.0498
   18561       1.1293
   18562       1.0107
   18563       0.9796
   18564       1.0619
   18565       1.0421
   18566       0.9904
   18567       1.0527
   18568       1.0645
   18569       1.0747
   18570       0.9576
   18571       1.0503
   18572       1.1109
   18573       1.0210
   18574       1.1967
   18575       1.0472
   18576       1.0945
   18577       1.1332
   18578       1.1333
   18579       1.1331
   18580       1.0519
   18581       1.0753
   18582       1.1589
   18583       1.0978
   18584       1.1174
   18585       1.1207
   18586       1.1696
   18587       1.1541
   18588       1.1917
   18589       1.0134
   18590       1.0620
   18591       1.0778
   18592       1.2228
   18593       1.3023
   18594       1.2992
   18595       1.1859
   18596       1.2174
   18597       1.1394
   18598       1.1088
   18599       0.9595
   18600       0.9952
   18601       1.0392
   18602       1.0857
   18603       1.0247
   18604       1.0163
   18605       0.9550
   18606       1.1021
   18607       1.1405
   18608       1.0554
   18609       1.0305
   18610       1.0886
   18611       1.0118
   18612       1.0872
   18613       1.1761
   18614       1.1465
   18615       1.1281
   18616       1.0424
   18617       1.0633
   18618       1.2081
   18619       1.0826
   18620       0.9771
   18621       1.0144
   18622       1.0272
   18623       1.2039
   18624       1.1625
   18625       1.0062
   18626       1.1043
   18627       1.0634
   18628       1.1163
   18629       1.0651
   18630       1.0799
   18631       1.0509
   18632       1.1458
   18633       1.2637
   18634       1.1852
   18635       1.1187
   18636       1.0192
   18637       1.0503
   18638       1.0978
   18639       1.1868
   18640       1.1197
   18641       1.0964
   18642       1.0216
   18643       0.9453
   18644       1.1171
   18645       1.1089
   18646       1.0018
   18647       1.0699
   18648       0.9931
   18649       0.9909
   18650       1.0142
   18651       0.9078
   18652       1.0252
   18653       0.9190
   18654       0.9575
   18655       0.9565
   18656       1.0082
   18657       0.9527
   18658       0.9804
   18659       0.9373
   18660       0.9038
   18661       0.9277
   18662       0.9827
   18663       0.9604
   18664       0.9547
   18665       1.0829
   18666       1.1251
   18667       1.0863
   18668       1.0919
   18669       0.9777
   18670       0.9502
   18671       1.1351
   18672       1.0276
   18673       1.0633
   18674       1.2099
   18675       1.1163
   18676       1.1714
   18677       1.1829
   18678       1.2246
   18679       1.1879
   18680       1.1463
   18681       0.9805
   18682       1.1178
   18683       1.1645
   18684       1.1180
   18685       1.1400
   18686       1.1961
   18687       1.0314
   18688       1.0711
   18689       1.0251
   18690       1.0384
   18691       0.9404
   18692       1.0744
   18693       1.0431
   18694       0.9579
   18695       1.0126
   18696       0.9861
   18697       0.9874
   18698       0.9272
   18699       0.8257
   18700       0.9151
   18701       0.9908
   18702       1.0369
   18703       1.0277
   18704       0.9642
   18705       1.1326
   18706       1.1753
   18707       1.1313
   18708       1.2657
   18709       1.4670
   18710       1.3640
   18711       1.2106
   18712       1.2713
   18713       1.1701
   18714       1.1352
   18715       1.0150
   18716       1.0405
   18717       1.1227
   18718       0.9780
   18719       1.0745
   18720       1.1585
   18721       1.1257
   18722       1.2114
   18723       1.3507
   18724       1.2959
   18725       1.2950
   18726       1.3236
   18727       1.1387
   18728       1.0808
   18729       1.1685
   18730       1.0742
   18731       1.0209
   18732       0.9552
   18733       1.0380
   18734       1.1252
   18735       1.0179
   18736       1.0946
   18737       1.2016
   18738       1.3575
   18739       1.1284
   18740       1.2215
   18741       1.2067
   18742       1.1220
   18743       1.1982
   18744       1.0864
   18745       1.2205
   18746       1.0984
   18747       1.1946
   18748       1.3219
   18749       1.2949
   18750       1.1728
   18751       1.2452
   18752       1.0813
   18753       1.0163
   18754       1.0479
   18755       1.0836
   18756       1.0157
   18757       1.1215
   18758       1.1648
   18759       1.1300
   18760       1.1926
   18761       1.3152
   18762       1.0380
   18763       1.1093
   18764       1.1941
   18765       1.1913
   18766       1.2204
   18767       1.1407
   18768       1.3079
   18769       1.2617
   18770       1.2029
   18771       1.2668
   18772       1.2268
   18773       1.1401
   18774       1.1286
   18775       0.9963
   18776       1.0715
   18777       1.0954
   18778       1.1194
   18779       1.1445
   18780       1.1811
   18781       1.1388
   18782       1.0255
   18783       0.9806
   18784       1.0176
   18785       1.2056
   18786       1.0364
   18787       1.0126
   18788       1.1792
   18789       1.2803
   18790       1.2901
   18791       1.0950
   18792       1.1358
   18793       1.1919
   18794       1.2209
   18795       1.0464
   18796       1.0090
   18797       1.0192
   18798       1.0248
   18799       1.0921
   18800       1.0358
   18801       1.0873
   18802       1.1844
   18803       1.1782
   18804       1.1913
   18805       1.1787
   18806       1.1587
   18807       1.3373
   18808       1.1624
   18809       1.1787
   18810       1.0855
   18811       1.0513
   18812       1.0998
   18813       1.1415
   18814       1.0312
   18815       0.9584
   18816       1.0505
   18817       0.9737
   18818       0.9471
   18819       1.0036
   18820       0.9478
   18821       0.9458
   18822       0.8837
   18823       0.9043
   18824       0.9594
   18825       1.0300
   18826       0.9753
   18827       1.0509
   18828       1.1102
   18829       1.1612
   18830       1.1494
   18831       1.2383
   18832       1.2380
   18833       1.1228
   18834       1.1762
   18835       1.1114
   18836       1.1355
   18837       1.0433
   18838       1.1746
   18839       1.1095
   18840       1.1991
   18841       1.1512
   18842       1.1952
   18843       1.0154
   18844       0.9750
   18845       1.1642
   18846       1.1328
   18847       0.9735
   18848       0.8646
   18849       0.9555
   18850       0.9559
   18851       0.9009
   18852       1.0060
   18853       1.0069
   18854       0.9314
   18855       0.9870
   18856       0.9932
   18857       1.1497
   18858       1.0374
   18859       1.1162
   18860       1.0857
   18861       1.1797
   18862       1.0541
   18863       1.1238
   18864       1.0843
   18865       1.0691
   18866       1.0920
   18867       0.9394
   18868       1.0900
   18869       0.9500
   18870       1.1436
   18871       1.1244
   18872       1.1646
   18873       1.0298
   18874       0.9750
   18875       0.9416
   18876       0.9529
   18877       0.9611
   18878       0.9802
   18879       0.9907
   18880       1.0107
   18881       0.9456
   18882       0.8775
   18883       1.0041
   18884       0.9331
   18885       0.9911
   18886       1.0424
   18887       0.9364
   18888       1.0477
   18889       1.0891
   18890       1.0630
   18891       0.9428
   18892       0.8919
   18893       0.9707
   18894       0.9476
   18895       0.9860
   18896       1.1751
   18897       1.1936
   18898       1.1422
   18899       1.0563
   18900       1.0672
   18901       0.9779
   18902       1.0621
   18903       1.0921
   18904       1.0845
   18905       1.0605
   18906       1.0386
   18907       1.0801
   18908       1.1004
   18909       1.0036
   18910       1.0312
   18911       1.2910
   18912       1.0916
   18913       1.1635
   18914       1.1377
   18915       1.1192
   18916       1.0618
   18917       1.0264
   18918       1.1855
   18919       1.1839
   18920       1.0159
   18921       1.0564
   18922       1.0528
   18923       1.1336
   18924       1.1868
   18925       1.0490
   18926       1.0943
   18927       1.1074
   18928       1.0328
   18929       1.1164
   18930       1.0788
   18931       1.0799
   18932       1.1179
   18933       1.0562
   18934       1.0648
   18935       1.1509
   18936       1.2399
   18937       1.0831
   18938       1.0029
   18939       1.1325
   18940       1.0647
   18941       1.0545
   18942       1.0933
   18943       1.0417
   18944       1.0436
   18945       1.0551
   18946       1.1172
   18947       1.0166
   18948       0.9845
   18949       1.0404
   18950       1.0765
   18951       1.1691
   18952       1.1244
   18953       1.0004
   18954       1.0643
   18955       1.1495
   18956       1.2005
   18957       1.1712
   18958       1.2536
   18959       1.0803
   18960       1.1985
   18961       1.2163
   18962       1.0731
   18963       1.0489
   18964       1.0736
   18965       1.0769
   18966       0.9985
   18967       1.0565
   18968       1.1523
   18969       1.1939
   18970       1.1195
   18971       1.1108
   18972       1.2537
   18973       1.2373
   18974       1.0793
   18975       1.2012
   18976       1.1659
   18977       1.1657
   18978       1.1065
   18979       1.1172
   18980       1.1369
   18981       1.0946
   18982       1.1954
   18983       1.2783
   18984       1.2548
   18985       1.3381
   18986       1.2019
   18987       1.1083
   18988       1.0789
   18989       1.0816
   18990       1.1111
   18991       1.2596
   18992       1.1620
   18993       1.0941
   18994       1.0594
   18995       1.0007
   18996       0.9827
   18997       0.9932
   18998       1.0227
   18999       1.1102
   19000       1.1054
   19001       1.1332
   19002       1.0507
   19003       1.0816
   19004       1.2009
   19005       1.2294
   19006       1.3180
   19007       1.1543
   19008       1.2240
   19009       1.1970
   19010       1.3096
   19011       1.3665
   19012       1.3413
   19013       1.2356
   19014       1.1097
   19015       1.1784
   19016       1.2319
   19017       1.1950
   19018       1.2482
   19019       1.0514
   19020       1.0227
   19021       1.0412
   19022       1.1622
   19023       1.2083
   19024       1.1838
   19025       1.1968
   19026       1.1998
   19027       1.0992
   19028       1.0152
   19029       1.1106
   19030       0.9776
   19031       0.8832
   19032       1.0366
   19033       1.0873
   19034       1.0524
   19035       1.1125
   19036       1.0804
   19037       1.0309
   19038       1.0589
   19039       1.0845
   19040       1.0572
   19041       1.1687
   19042       1.1120
   19043       1.0428
   19044       1.1250
   19045       0.9878
   19046       1.0608
   19047       0.9976
   19048       1.0362
   19049       1.0807
   19050       1.0877
   19051       1.0740
   19052       0.9893
   19053       0.9185
   19054       0.9043
   19055       0.9803
   19056       0.9740
   19057       1.0760
   19058       1.1091
   19059       1.0415
   19060       1.1159
   19061       1.1068
   19062       1.1020
   19063       0.9864
   19064       1.0038
   19065       1.0585
   19066       1.0934
   19067       1.0525
   19068       0.9538
   19069       1.0240
   19070       1.0547
   19071       0.9603
   19072       1.0132
   19073       1.0047
   19074       0.9754
   19075       0.9110
   19076       0.9606
   19077       0.9009
   19078       1.0333
   19079       0.9155
   19080       0.8919
   19081       0.8933
   19082       0.8548
   19083       0.8721
   19084       0.9174
   19085       1.0148
   19086       0.8843
   19087       0.9790
   19088       0.9871
   19089       0.9480
   19090       0.9843
   19091       0.9319
   19092       1.0102
   19093       1.0094
   19094       0.9320
   19095       0.9946
   19096       0.9265
   19097       0.9267
   19098       1.0105
   19099       0.8329
   19100       0.9050
   19101       1.1196
   19102       1.0642
   19103       0.9998
   19104       1.0377
   19105       1.0338
   19106       1.1135
   19107       1.0417
   19108       1.0162
   19109       0.9394
   19110       0.9949
   19111       1.0881
   19112       1.0276
   19113       1.0452
   19114       1.1740
   19115       1.1826
   19116       1.1715
   19117       1.0352
   19118       1.1534
   19119       1.1519
   19120       1.1349
   19121       1.1719
   19122       1.0742
   19123       1.0741
   19124       1.1004
   19125       1.0322
   19126       1.1342
   19127       1.1474
   19128       1.2382
   19129       1.4508
   19130       1.4891
   19131       1.4083
   19132       1.2814
   19133       1.2542
   19134       1.2954
   19135       1.3045
   19136       1.1560
   19137       1.0912
   19138       1.0870
   19139       1.0749
   19140       1.1047
   19141       1.1243
   19142       1.1156
   19143       1.2428
   19144       1.3240
   19145       1.2007
   19146       1.1334
   19147       1.2406
   19148       1.3114
   19149       1.2255
   19150       1.2066
   19151       1.1258
   19152       1.1615
   19153       1.2009
   19154       1.2174
   19155       1.2893
   19156       1.1776
   19157       1.3055
   19158       1.1039
   19159       1.1696
   19160       1.0289
   19161       1.1321
   19162       1.1117
   19163       1.0678
   19164       1.0053
   19165       1.0281
   19166       0.9118
   19167       0.9752
   19168       1.0383
   19169       1.1002
   19170       0.9704
   19171       0.9437
   19172       0.9020
   19173       0.9928
   19174       1.0367
   19175       0.9872
   19176       1.0104
   19177       1.0809
   19178       1.0338
   19179       1.0219
   19180       1.0177
   19181       0.9571
   19182       1.0489
   19183       0.8273
   19184       1.0020
   19185       1.0351
   19186       1.0375
   19187       1.0349
   19188       1.0291
   19189       1.0165
   19190       1.0132
   19191       0.9549
   19192       1.0183
   19193       1.0615
   19194       1.1015
   19195       1.0986
   19196       0.9459
   19197       0.9452
   19198       1.0984
   19199       0.9546
   19200       1.0432
   19201       1.0744
   19202       1.0123
   19203       1.0102
   19204       0.9767
   19205       0.9807
   19206       1.0427
   19207       0.9350
   19208       1.0005
   19209       1.0814
   19210       1.0629
   19211       1.0684
   19212       1.1199
   19213       1.2524
   19214       1.0618
   19215       1.0345
   19216       1.1747
   19217       1.0931
   19218       1.0797
   19219       1.1315
   19220       1.1488
   19221       0.9584
   19222       0.9170
   19223       1.0583
   19224       0.9408
   19225       0.8463
   19226       0.9396
   19227       0.9547
   19228       1.0337
   19229       1.0674
   19230       1.1330
   19231       1.1359
   19232       1.0308
   19233       0.9339
   19234       1.0491
   19235       0.9804
   19236       1.0594
   19237       0.9757
   19238       0.9023
   19239       1.0481
   19240       0.9654
   19241       0.9641
   19242       0.9884
   19243       1.0644
   19244       1.0955
   19245       1.0882
   19246       1.1183
   19247       1.0721
   19248       1.1394
   19249       1.0074
   19250       1.0094
   19251       1.1122
   19252       1.0920
   19253       1.1575
   19254       1.1407
   19255       1.1803
   19256       1.1141
   19257       1.0089
   19258       1.0947
   19259       1.0803
   19260       0.9942
   19261       1.0521
   19262       0.9510
   19263       1.0008
   19264       0.9219
   19265       0.9452
   19266       1.0824
   19267       1.0064
   19268       1.0845
   19269       1.0330
   19270       1.1311
   19271       1.0566
   19272       1.0909
   19273       1.0263
   19274       1.2289
   19275       1.0817
   19276       1.0580
   19277       1.1628
   19278       1.0672
   19279       1.1738
   19280       1.3171
   19281       1.2774
   19282       1.1652
   19283       1.0562
   19284       1.0102
   19285       1.1469
   19286       1.1694
   19287       1.0551
   19288       1.1596
   19289       1.1993
   19290       1.1950
   19291       1.1805
   19292       1.1253
   19293       1.2817
   19294       1.2756
   19295       1.1578
   19296       1.2066
   19297       1.1879
   19298       1.1989
   19299       1.1416
   19300       1.1230
   19301       1.2509
   19302       1.2833
   19303       1.3560
   19304       1.3289
   19305       1.3837
   19306       1.3173
   19307       1.3036
   19308       1.2547
   19309       1.3231
   19310       1.2748
   19311       1.3065
   19312       1.2490
   19313       1.2924
   19314       1.2013
   19315       1.1765
   19316       1.0781
   19317       1.2027
   19318       1.0933
   19319       1.3108
   19320       1.3060
   19321       1.3594
   19322       1.3318
   19323       1.2575
   19324       1.1251
   19325       1.2283
   19326       1.2715
   19327       1.2626
   19328       1.3548
   19329       1.3732
   19330       1.4113
   19331       1.2983
   19332       1.3102
   19333       1.2136
   19334       1.1977
   19335       1.2387
   19336       1.2721
   19337       1.2241
   19338       1.1465
   19339       1.0904
   19340       1.0500
   19341       1.0352
   19342       1.0729
   19343       1.0759
   19344       1.1821
   19345       1.0935
   19346       0.9308
   19347       1.0106
   19348       0.9525
   19349       1.0297
   19350       0.9316
   19351       1.0668
   19352       1.1189
   19353       1.2220
   19354       1.2509
   19355       1.2246
   19356       1.0684
   19357       1.0639
   19358       1.0748
   19359       1.1363
   19360       1.1255
   19361       1.2941
   19362       1.3343
   19363       1.2938
   19364       1.3307
   19365       1.2462
   19366       1.2560
   19367       1.2421
   19368       1.2273
   19369       1.1634
   19370       1.1654
   19371       1.1885
   19372       1.1192
   19373       1.2108
   19374       1.2290
   19375       1.2463
   19376       1.0735
   19377       1.2011
   19378       1.1600
   19379       1.2258
   19380       1.0660
   19381       1.3596
   19382       1.2584
   19383       1.2765
   19384       1.1421
   19385       1.0434
   19386       1.0160
   19387       0.9552
   19388       1.0389
   19389       0.9817
   19390       1.0230
   19391       1.0513
   19392       1.0763
   19393       0.9568
   19394       0.9742
   19395       0.9534
   19396       1.0329
   19397       1.1101
   19398       1.0714
   19399       0.9877
   19400       1.0646
   19401       1.1198
   19402       1.0853
   19403       0.9842
   19404       1.0465
   19405       1.0700
   19406       0.9629
   19407       0.9553
   19408       1.0637
   19409       1.0109
   19410       1.0350
   19411       0.9618
   19412       1.1176
   19413       0.9781
   19414       0.9687
   19415       1.0079
   19416       1.0060
   19417       0.9231
   19418       0.9676
   19419       0.8702
   19420       0.8387
   19421       0.8471
   19422       0.8829
   19423       0.8855
   19424       1.0187
   19425       0.9325
   19426       0.9431
   19427       0.8689
   19428       0.9745
   19429       0.8016
   19430       0.9559
   19431       1.0483
   19432       0.9120
   19433       0.9021
   19434       0.8813
   19435       1.0290
   19436       0.9403
   19437       0.8579
   19438       0.8639
   19439       0.8868
   19440       0.9466
   19441       0.9447
   19442       0.9818
   19443       1.0178
   19444       0.9556
   19445       1.0232
   19446       0.9977
   19447       1.2203
   19448       1.0393
   19449       1.1150
   19450       1.1091
   19451       1.0998
   19452       1.1295
   19453       1.1274
   19454       1.2185
   19455       1.1706
   19456       1.0186
   19457       1.1070
   19458       1.2168
   19459       1.2984
   19460       1.0910
   19461       1.0034
   19462       1.1717
   19463       1.0989
   19464       1.0684
   19465       1.0110
   19466       1.0562
   19467       1.1304
   19468       1.0153
   19469       1.1009
   19470       1.0627
   19471       0.8726
   19472       1.0567
   19473       0.9558
   19474       0.9817
   19475       0.9844
   19476       1.0218
   19477       0.9781
   19478       0.9863
   19479       0.8631
   19480       0.8848
   19481       0.9315
   19482       0.9129
   19483       1.1609
   19484       0.9914
   19485       0.9996
   19486       1.0864
   19487       1.0295
   19488       0.9744
   19489       1.0109
   19490       0.9789
   19491       1.1265
   19492       1.1704
   19493       1.2777
   19494       1.0483
   19495       1.0601
   19496       0.9952
   19497       0.9869
   19498       0.9899
   19499       1.0241
   19500       1.0161
   19501       0.9430
   19502       0.9620
   19503       0.9608
   19504       0.9072
   19505       0.9077
   19506       0.8220
   19507       0.8868
   19508       0.8937
   19509       0.9074
   19510       0.7843
   19511       0.8459
   19512       0.8945
   19513       0.8613
   19514       0.8502
   19515       1.0377
   19516       0.9529
   19517       0.8891
   19518       0.8318
   19519       0.9089
   19520       1.0088
   19521       0.8986
   19522       0.9582
   19523       0.8450
   19524       0.9003
   19525       0.8513
   19526       0.8777
   19527       0.9164
   19528       0.8405
   19529       0.8613
   19530       0.8625
   19531       0.9322
   19532       1.0055
   19533       1.0087
   19534       0.9893
   19535       1.0428
   19536       1.1162
   19537       1.0747
   19538       0.9556
   19539       1.0812
   19540       0.9424
   19541       1.0209
   19542       1.0588
   19543       0.9648
   19544       0.9011
   19545       0.9714
   19546       1.0339
   19547       0.9613
   19548       0.9999
   19549       0.9439
   19550       1.0634
   19551       0.9640
   19552       1.0954
   19553       1.0749
   19554       1.1380
   19555       1.1188
   19556       1.0765
   19557       0.8697
   19558       0.9957
   19559       0.8624
   19560       1.0403
   19561       0.9923
   19562       1.0159
   19563       1.0080
   19564       1.0365
   19565       1.0717
   19566       1.1776
   19567       1.0914
   19568       1.1803
   19569       1.1969
   19570       1.1514
   19571       1.1210
   19572       1.0998
   19573       1.2237
   19574       1.2066
   19575       1.1831
   19576       1.1111
   19577       0.9743
   19578       1.0391
   19579       0.9976
   19580       1.0007
   19581       0.9252
   19582       0.9298
   19583       0.9484
   19584       0.8832
   19585       0.9565
   19586       0.9629
   19587       0.9887
   19588       1.1105
   19589       1.0469
   19590       1.0902
   19591       1.2557
   19592       1.1932
   19593       1.3569
   19594       1.3400
   19595       1.3429
   19596       1.1278
   19597       1.1304
   19598       1.0915
   19599       1.0231
   19600       0.9643
   19601       0.9652
   19602       0.9334
   19603       1.0686
   19604       1.0288
   19605       1.0384
   19606       0.9536
   19607       0.9458
   19608       0.9592
   19609       0.9821
   19610       1.0259
   19611       1.0792
   19612       1.0596
   19613       1.1781
   19614       1.1621
   19615       1.0137
   19616       1.0473
   19617       1.0324
   19618       1.1134
   19619       1.0987
   19620       0.9930
   19621       1.0395
   19622       1.0880
   19623       0.9637
   19624       0.9032
   19625       0.9990
   19626       0.9379
   19627       1.0415
   19628       0.9813
   19629       0.9828
   19630       1.0242
   19631       1.0675
   19632       0.9409
   19633       0.8458
   19634       0.9315
   19635       0.8387
   19636       0.8777
   19637       0.8718
   19638       0.9283
   19639       0.9372
   19640       1.0375
   19641       0.9679
   19642       0.9939
   19643       1.0192
   19644       1.0467
   19645       1.1098
   19646       1.0570
   19647       1.1916
   19648       1.2202
   19649       0.9677
   19650       0.9451
   19651       0.9560
   19652       0.9234
   19653       0.9563
   19654       0.9559
   19655       0.9134
   19656       0.9414
   19657       0.8334
   19658       0.9075
   19659       0.9104
   19660       0.9884
   19661       0.9492
   19662       1.0575
   19663       1.1711
   19664       1.0843
   19665       1.1262
   19666       1.0062
   19667       0.9920
   19668       1.0296
   19669       1.0209
   19670       0.9528
   19671       0.9215
   19672       0.9359
   19673       0.9970
   19674       1.0407
   19675       1.0182
   19676       0.9179
   19677       0.9529
   19678       1.0396
   19679       1.0382
   19680       0.9868
   19681       0.9323
   19682       1.0685
   19683       1.1716
   19684       1.1944
   19685       1.1663
   19686       1.0655
   19687       1.1124
   19688       1.0936
   19689       0.9115
   19690       1.0355
   19691       1.0013
   19692       1.0522
   19693       0.9652
   19694       0.9185
   19695       0.9925
   19696       0.9363
   19697       0.8479
   19698       0.8745
   19699       0.9840
   19700       0.9110
   19701       0.9014
   19702       0.9001
   19703       0.8044
   19704       0.9917
   19705       0.9071
   19706       0.9744
   19707       1.0045
   19708       0.8850
   19709       1.0596
   19710       0.9354
   19711       1.0150
   19712       1.0153
   19713       0.9112
   19714       0.8725
   19715       0.9000
   19716       0.8764
   19717       0.9463
   19718       1.0788
   19719       1.1232
   19720       1.0513
   19721       1.0923
   19722       1.1281
   19723       1.0478
   19724       1.0222
   19725       1.0080
   19726       1.0552
   19727       1.0255
   19728       1.1578
   19729       1.1434
   19730       0.9504
   19731       1.0393
   19732       1.0762
   19733       1.1555
   19734       1.0947
   19735       1.1156
   19736       1.0944
   19737       1.0706
   19738       1.0872
   19739       1.0118
   19740       1.0454
   19741       1.0999
   19742       1.0797
   19743       0.9897
   19744       1.0405
   19745       1.0370
   19746       0.9937
   19747       0.9547
   19748       1.0007
   19749       1.0164
   19750       1.1944
   19751       1.2476
   19752       1.0698
   19753       1.1299
   19754       1.1823
   19755       1.1578
   19756       1.2278
   19757       1.1781
   19758       1.2468
   19759       1.2428
   19760       1.1983
   19761       1.1947
   19762       1.1504
   19763       1.0820
   19764       1.0330
   19765       1.0094
   19766       0.9713
   19767       0.9172
   19768       0.9195
   19769       1.0141
   19770       1.0018
   19771       0.8940
   19772       0.9929
   19773       0.9826
   19774       1.0308
   19775       0.9898
   19776       0.9112
   19777       1.0204
   19778       0.9734
   19779       0.9541
   19780       0.8921
   19781       1.0605
   19782       1.1344
   19783       1.1235
   19784       1.0879
   19785       1.1635
   19786       1.2479
   19787       1.3000
   19788       1.2415
   19789       1.1591
   19790       1.1766
   19791       1.0780
   19792       1.1324
   19793       1.1775
   19794       1.2010
   19795       1.2871
   19796       1.2804
   19797       1.3183
   19798       1.2623
   19799       1.1683
   19800       0.9670
   19801       1.0944
   19802       1.1846
   19803       1.1967
   19804       1.1125
   19805       1.0703
   19806       1.1009
   19807       1.0755
   19808       1.0995
   19809       1.2718
   19810       1.1648
   19811       1.0988
   19812       1.1711
   19813       1.1878
   19814       1.1271
   19815       1.2216
   19816       1.1570
   19817       1.2825
   19818       1.4211
   19819       1.2799
   19820       1.1655
   19821       1.0461
   19822       1.1939
   19823       1.0640
   19824       1.1087
   19825       1.1138
   19826       1.1380
   19827       1.0364
   19828       1.0928
   19829       0.9782
   19830       1.0208
   19831       0.9775
   19832       1.0783
   19833       0.9414
   19834       1.0496
   19835       1.0904
   19836       1.0089
   19837       1.0588
   19838       0.9925
   19839       0.8964
   19840       0.8653
   19841       0.9571
   19842       1.0440
   19843       1.0187
   19844       1.0909
   19845       0.9367
   19846       0.9025
   19847       0.9036
   19848       0.9592
   19849       0.8722
   19850       0.9128
   19851       0.9860
   19852       1.0794
   19853       1.0478
   19854       0.9634
   19855       0.9793
   19856       0.9360
   19857       0.9524
   19858       1.0740
   19859       1.0828
   19860       0.9724
   19861       0.9449
   19862       0.9877
   19863       0.9534
   19864       0.9161
   19865       1.0418
   19866       1.1057
   19867       0.9990
   19868       1.0470
   19869       0.9833
   19870       1.0317
   19871       0.9679
   19872       1.0142
   19873       1.0038
   19874       0.9772
   19875       1.0000
   19876       0.9415
   19877       0.9701
   19878       1.1472
   19879       1.0709
   19880       0.9504
   19881       0.9561
   19882       1.0512
   19883       1.0558
   19884       1.0582
   19885       0.9895
   19886       0.8911
   19887       1.1058
   19888       1.0184
   19889       0.8767
   19890       0.8992
   19891       0.8409
   19892       0.9037
   19893       0.9186
   19894       0.8741
   19895       1.0220
   19896       0.9763
   19897       0.9018
   19898       0.9132
   19899       0.8892
   19900       0.9275
   19901       0.9206
   19902       0.8918
   19903       0.9846
   19904       0.9268
   19905       0.8909
   19906       0.8842
   19907       0.9067
   19908       1.0143
   19909       0.8996
   19910       0.9469
   19911       0.9709
   19912       1.0641
   19913       0.8840
   19914       0.9343
   19915       0.9430
   19916       0.9654
   19917       1.0900
   19918       1.0753
   19919       1.0215
   19920       1.0922
   19921       1.1033
   19922       1.1738
   19923       1.1379
   19924       1.0934
   19925       1.1844
   19926       1.2620
   19927       1.0797
   19928       1.1254
   19929       1.2599
   19930       1.2886
   19931       1.1660
   19932       1.0441
   19933       1.1170
   19934       1.1293
   19935       0.9895
   19936       0.9857
   19937       1.0333
   19938       1.0056
   19939       1.0587
   19940       0.9569
   19941       1.0580
   19942       1.0258
   19943       1.2139
   19944       1.0282
   19945       1.0647
   19946       1.0252
   19947       0.8784
   19948       0.8992
   19949       0.9284
   19950       1.0643
   19951       1.0211
   19952       0.9661
   19953       0.9603
   19954       1.0175
   19955       0.8960
   19956       1.0295
   19957       0.8465
   19958       0.8935
   19959       0.9749
   19960       0.9802
   19961       0.9401
   19962       0.9144
   19963       0.9720
   19964       0.9199
   19965       0.9386
   19966       0.9582
   19967       0.9397
   19968       0.9129
   19969       1.0027
   19970       0.9896
   19971       0.9990
   19972       1.0346
   19973       1.0747
   19974       1.3427
   19975       1.1167
   19976       1.0181
   19977       1.0527
   19978       1.1251
   19979       1.2389
   19980       1.2689
   19981       1.2102
   19982       1.2131
   19983       1.2311
   19984       1.1910
   19985       1.1732
   19986       1.2717
   19987       1.2895
   19988       1.2418
   19989       1.0948
   19990       1.2552
   19991       1.2419
   19992       1.1506
   19993       1.0513
   19994       0.9485
   19995       0.9957
   19996       0.9687
   19997       0.8702
   19998       0.9980
   19999       0.9679
   20000       0.9675
   20001       0.8372
   20002       1.0097
   20003       0.9776
   20004       0.9571
   20005       0.9930
   20006       1.0486
   20007       1.0431
   20008       1.0301
   20009       1.0263
   20010       1.0561
   20011       0.9466
   20012       1.0833
   20013       1.0077
   20014       1.1048
   20015       0.9976
   20016       1.2279
   20017       1.2217
   20018       1.2823
   20019       1.4322
   20020       1.2960
   20021       1.1031
   20022       0.9512
   20023       0.9734
   20024       0.9513
   20025       1.0282
   20026       0.9956
   20027       1.1190
   20028       0.9626
   20029       0.9662
   20030       1.1754
   20031       1.0281
   20032       0.9830
   20033       1.0896
   20034       1.0506
   20035       1.0891
   20036       1.1987
   20037       0.9485
   20038       0.9329
   20039       0.9314
   20040       0.8779
   20041       1.0140
   20042       0.9659
   20043       0.9770
   20044       0.8864
   20045       1.0367
   20046       0.9263
   20047       1.0455
   20048       0.9483
   20049       1.0273
   20050       0.9031
   20051       0.8867
   20052       0.9394
   20053       1.0806
   20054       1.0768
   20055       1.1544
   20056       1.1990
   20057       1.1684
   20058       1.2773
   20059       1.2158
   20060       1.1682
   20061       1.2023
   20062       1.2673
   20063       1.1710
   20064       1.0461
   20065       0.9983
   20066       0.9911
   20067       0.9528
   20068       0.8819
   20069       1.0674
   20070       1.1283
   20071       1.0004
   20072       0.8522
   20073       0.8240
   20074       0.9366
   20075       0.9405
   20076       0.9344
   20077       0.9131
   20078       0.8786
   20079       0.9315
   20080       1.0897
   20081       1.1073
   20082       1.0045
   20083       1.0684
   20084       0.9870
   20085       0.9537
   20086       1.0876
   20087       0.9646
   20088       1.0732
   20089       1.0323
   20090       0.9069
   20091       0.9497
   20092       0.9294
   20093       0.9038
   20094       0.9574
   20095       1.0263
   20096       1.0350
   20097       0.9791
   20098       1.1218
   20099       1.1661
   20100       1.0357
   20101       1.0443
   20102       1.0981
   20103       1.3352
   20104       1.3481
   20105       1.4006
   20106       1.4251
   20107       1.3636
   20108       1.3053
   20109       1.1474
   20110       1.1744
   20111       1.2270
   20112       1.3015
   20113       1.3073
   20114       1.3584
   20115       1.3187
   20116       1.3753
   20117       1.2857
   20118       1.2477
   20119       1.2470
   20120       1.2099
   20121       1.4861
   20122       1.3449
   20123       1.4082
   20124       1.3266
   20125       1.2672
   20126       1.1137
   20127       1.2604
   20128       1.2366
   20129       1.3761
   20130       1.3914
   20131       1.5477
   20132       1.3486
   20133       1.3128
   20134       1.1484
   20135       1.1954
   20136       1.2062
   20137       1.1091
   20138       1.0794
   20139       1.0801
   20140       1.0916
   20141       1.1562
   20142       1.2171
   20143       1.1000
   20144       1.1691
   20145       1.1676
   20146       1.2196
   20147       1.2032
   20148       1.1956
   20149       1.1420
   20150       1.1096
   20151       1.0869
   20152       1.0690
   20153       0.9622
   20154       1.1322
   20155       1.2500
   20156       1.1841
   20157       1.2241
   20158       1.2478
   20159       1.2536
   20160       1.1866
   20161       1.0645
   20162       1.0884
   20163       1.1376
   20164       1.1057
   20165       1.2056
   20166       1.2154
   20167       1.1639
   20168       1.2992
   20169       1.3536
   20170       1.2908
   20171       1.3636
   20172       1.2793
   20173       1.2057
   20174       1.2513
   20175       1.1922
   20176       1.2780
   20177       1.2132
   20178       1.1980
   20179       1.1058
   20180       1.1167
   20181       1.0195
   20182       1.1252
   20183       1.0767
   20184       0.9351
   20185       0.9788
   20186       1.0213
   20187       1.1686
   20188       1.1893
   20189       1.0210
   20190       1.0312
   20191       1.2078
   20192       1.1862
   20193       1.1943
   20194       1.1305
   20195       1.1477
   20196       0.9770
   20197       1.0306
   20198       1.0198
   20199       1.0151
   20200       1.0647
   20201       1.0245
   20202       1.1034
   20203       1.0691
   20204       0.9781
   20205       1.0231
   20206       1.1658
   20207       1.2178
   20208       1.0450
   20209       1.1137
   20210       1.1356
   20211       1.0302
   20212       1.1263
   20213       1.1671
   20214       1.0333
   20215       1.1033
   20216       1.2180
   20217       1.1000
   20218       1.1702
   20219       1.0949
   20220       1.1669
   20221       0.9680
   20222       0.9662
   20223       1.0457
   20224       1.0213
   20225       0.9692
   20226       1.1211
   20227       1.1573
   20228       1.0936
   20229       0.9875
   20230       1.1801
   20231       1.1347
   20232       1.2264
   20233       1.2736
   20234       1.3203
   20235       1.2332
   20236       1.1659
   20237       1.0806
   20238       1.1634
   20239       1.1411
   20240       1.0574
   20241       1.0318
   20242       1.0470
   20243       1.1297
   20244       1.1016
   20245       1.1165
   20246       1.0629
   20247       1.0478
   20248       1.0733
   20249       0.9903
   20250       1.0714
   20251       1.0528
   20252       0.9818
   20253       0.9907
   20254       1.0276
   20255       1.0206
   20256       1.0443
   20257       1.0441
   20258       0.8984
   20259       1.1007
   20260       1.0933
   20261       1.0357
   20262       0.9383
   20263       0.8942
   20264       1.0139
   20265       0.8964
   20266       0.9314
   20267       0.8804
   20268       1.0474
   20269       1.0075
   20270       1.0948
   20271       1.0233
   20272       1.0195
   20273       0.9771
   20274       0.9118
   20275       0.8072
   20276       0.9482
   20277       1.0858
   20278       0.9532
   20279       0.9225
   20280       0.9125
   20281       1.0293
   20282       1.0219
   20283       0.9932
   20284       0.8697
   20285       1.0005
   20286       0.9057
   20287       0.9521
   20288       0.8878
   20289       0.9692
   20290       1.0047
   20291       0.9505
   20292       1.0467
   20293       0.9751
   20294       0.9073
   20295       0.9390
   20296       0.9118
   20297       0.9381
   20298       0.9121
   20299       0.9267
   20300       0.9932
   20301       0.9707
   20302       1.0116
   20303       1.0239
   20304       0.8577
   20305       0.8856
   20306       0.9737
   20307       0.9704
   20308       1.1264
   20309       1.0287
   20310       1.0458
   20311       1.1161
   20312       1.0003
   20313       1.0329
   20314       1.0662
   20315       1.0066
   20316       1.0745
   20317       1.0381
   20318       1.1092
   20319       1.0821
   20320       1.1026
   20321       1.0653
   20322       1.0281
   20323       0.9593
   20324       1.0078
   20325       1.0236
   20326       1.0471
   20327       1.1338
   20328       1.0130
   20329       1.0127
   20330       1.0253
   20331       0.9528
   20332       1.0810
   20333       1.0668
   20334       0.9353
   20335       0.9736
   20336       0.9706
   20337       0.8611
   20338       1.0043
   20339       0.9371
   20340       0.9860
   20341       1.0744
   20342       1.0783
   20343       0.9946
   20344       0.9835
   20345       1.0599
   20346       1.0302
   20347       1.0522
   20348       0.9978
   20349       1.0782
   20350       1.0152
   20351       1.1322
   20352       1.0811
   20353       1.2435
   20354       1.2613
   20355       1.2664
   20356       1.1707
   20357       1.1588
   20358       1.2278
   20359       1.1824
   20360       1.2406
   20361       1.2879
   20362       1.3964
   20363       1.2920
   20364       1.3142
   20365       1.3883
   20366       1.3093
   20367       1.2982
   20368       1.4143
   20369       1.2172
   20370       1.2341
   20371       1.3142
   20372       1.1950
   20373       1.1964
   20374       1.3065
   20375       1.2314
   20376       1.2390
   20377       1.1981
   20378       1.2158
   20379       1.1854
   20380       1.1351
   20381       1.0883
   20382       1.1925
   20383       1.3207
   20384       1.2435
   20385       1.2578
   20386       1.3049
   20387       1.2428
   20388       1.1316
   20389       1.1857
   20390       1.2221
   20391       1.1840
   20392       1.2662
   20393       1.2320
   20394       1.1798
   20395       1.2040
   20396       1.2897
   20397       1.1509
   20398       1.3377
   20399       1.3753
   20400       1.3019
   20401       1.1778
   20402       1.2151
   20403       1.1464
   20404       1.0463
   20405       1.2753
   20406       1.0809
   20407       0.8863
   20408       0.9576
   20409       1.0634
   20410       1.1952
   20411       1.2469
   20412       1.0614
   20413       0.9417
   20414       0.9954
   20415       1.0114
   20416       0.9982
   20417       1.0418
   20418       0.9705
   20419       1.1368
   20420       1.1929
   20421       1.0956
   20422       1.1755
   20423       1.1164
   20424       1.1468
   20425       0.9588
   20426       0.9167
   20427       1.0194
   20428       1.0155
   20429       1.0926
   20430       1.0750
   20431       1.0707
   20432       1.0174
   20433       0.9761
   20434       0.9921
   20435       1.0329
   20436       1.1600
   20437       1.2656
   20438       1.1286
   20439       1.1816
   20440       1.1173
   20441       1.0814
   20442       1.0850
   20443       1.1363
   20444       1.2540
   20445       1.1071
   20446       0.9852
   20447       1.0315
   20448       1.0426
   20449       1.0533
   20450       1.1053
   20451       1.1361
   20452       1.1207
   20453       1.0700
   20454       1.1539
   20455       1.0674
   20456       1.1368
   20457       1.0983
   20458       1.0075
   20459       1.0465
   20460       1.1315
   20461       1.0377
   20462       0.9859
   20463       1.0890
   20464       1.0050
   20465       1.0320
   20466       1.0953
   20467       0.9932
   20468       1.1570
   20469       1.1901
   20470       1.0560
   20471       1.1589
   20472       1.1046
   20473       1.0476
   20474       0.9918
   20475       0.9833
   20476       0.9112
   20477       1.0151
   20478       1.0894
   20479       1.0155
   20480       0.9309
   20481       0.9924
   20482       1.1419
   20483       1.1561
   20484       1.0327
   20485       1.0313
   20486       1.0116
   20487       1.0260
   20488       1.0302
   20489       1.0404
   20490       1.0675
   20491       1.0139
   20492       1.0876
   20493       1.1486
   20494       1.1654
   20495       1.1180
   20496       1.1836
   20497       1.1860
   20498       1.1816
   20499       1.1924
   20500       1.1553
   20501       1.2471
   20502       1.2520
   20503       1.2324
   20504       1.2749
   20505       1.0986
   20506       1.3255
   20507       1.2723
   20508       1.2988
   20509       1.2434
   20510       1.1971
   20511       1.2371
   20512       1.1496
   20513       1.2380
   20514       1.1980
   20515       1.4093
   20516       1.3093
   20517       1.2745
   20518       1.2553
   20519       1.2942
   20520       1.3543
   20521       1.3143
   20522       1.3956
   20523       1.3290
   20524       1.4194
   20525       1.3407
   20526       1.2194
   20527       1.1922
   20528       1.2006
   20529       1.0978
   20530       1.1290
   20531       1.2654
   20532       1.2171
   20533       1.2846
   20534       1.3547
   20535       1.2475
   20536       1.3248
   20537       1.2387
   20538       1.2878
   20539       1.2833
   20540       1.1619
   20541       1.1357
   20542       1.0389
   20543       1.1485
   20544       1.1456
   20545       1.0589
   20546       1.1462
   20547       1.1374
   20548       1.0531
   20549       1.0551
   20550       1.0479
   20551       0.9403
   20552       1.0370
   20553       1.0663
   20554       1.0030
   20555       1.1190
   20556       1.1661
   20557       1.2118
   20558       1.1445
   20559       1.0996
   20560       1.1988
   20561       1.2651
   20562       1.1893
   20563       1.1912
   20564       1.2254
   20565       1.2506
   20566       1.2126
   20567       1.2653
   20568       1.2493
   20569       1.1794
   20570       1.0561
   20571       1.2570
   20572       1.2423
   20573       1.3241
   20574       1.2082
   20575       1.1176
   20576       1.0062
   20577       1.0477
   20578       1.2251
   20579       1.1464
   20580       1.0246
   20581       1.0722
   20582       1.1980
   20583       1.1798
   20584       1.1224
   20585       1.2320
   20586       1.2663
   20587       1.2963
   20588       1.2917
   20589       1.2195
   20590       1.1197
   20591       1.1182
   20592       1.2605
   20593       1.2298
   20594       1.3412
   20595       1.3565
   20596       1.3735
   20597       1.3630
   20598       1.2388
   20599       1.3525
   20600       1.2293
   20601       1.3149
   20602       1.2739
   20603       1.3104
   20604       1.2059
   20605       1.2375
   20606       1.3656
   20607       1.3099
   20608       1.1425
   20609       1.2045
   20610       1.1710
   20611       1.1300
   20612       1.1719
   20613       1.2359
   20614       1.2548
   20615       1.2884
   20616       1.3249
   20617       1.3392
   20618       1.2105
   20619       1.1023
   20620       1.1855
   20621       1.1998
   20622       1.2134
   20623       1.3382
   20624       1.1629
   20625       1.1499
   20626       1.1176
   20627       1.1363
   20628       1.2319
   20629       1.2155
   20630       1.2375
   20631       1.1812
   20632       1.1366
   20633       1.1442
   20634       1.3653
   20635       1.3073
   20636       1.2988
   20637       1.2561
   20638       1.3434
   20639       1.2821
   20640       1.1874
   20641       1.1897
   20642       1.1967
   20643       1.1982
   20644       1.1572
   20645       1.1817
   20646       1.1523
   20647       1.1026
   20648       1.2416
   20649       1.2148
   20650       1.2034
   20651       1.1530
   20652       1.0406
   20653       1.1554
   20654       1.1472
   20655       1.1660
   20656       1.2539
   20657       1.1710
   20658       1.1805
   20659       1.1108
   20660       1.1368
   20661       1.1484
   20662       1.1968
   20663       1.2466
   20664       1.1283
   20665       1.0854
   20666       1.2370
   20667       1.1601
   20668       1.1944
   20669       1.2046
   20670       1.1296
   20671       1.1296
   20672       1.1216
   20673       1.0945
   20674       1.2757
   20675       1.3067
   20676       1.1822
   20677       1.2438
   20678       1.2059
   20679       1.2580
   20680       1.2795
   20681       1.2567
   20682       1.2970
   20683       1.2817
   20684       1.1376
   20685       0.9459
   20686       1.0430
   20687       0.9763
   20688       0.8521
   20689       0.9545
   20690       1.1082
   20691       1.1023
   20692       1.0957
   20693       1.0273
   20694       1.0438
   20695       1.0585
   20696       1.0010
   20697       1.1491
   20698       1.0009
   20699       1.0499
   20700       1.1075
   20701       1.0270
   20702       1.1176
   20703       1.0288
   20704       1.0599
   20705       1.1578
   20706       1.1687
   20707       1.0755
   20708       1.2029
   20709       1.1144
   20710       1.0124
   20711       1.0441
   20712       1.0462
   20713       1.0579
   20714       1.1669
   20715       1.1624
   20716       1.0841
   20717       1.0773
   20718       1.0838
   20719       1.1633
   20720       0.9425
   20721       0.9926
   20722       1.1328
   20723       1.2919
   20724       1.2587
   20725       1.2400
   20726       1.0254
   20727       1.1566
   20728       1.0630
   20729       1.1158
   20730       1.0532
   20731       1.0519
   20732       1.0326
   20733       0.9937
   20734       0.9579
   20735       1.1194
   20736       1.0370
   20737       1.0517
   20738       1.0530
   20739       1.1172
   20740       1.0728
   20741       1.1247
   20742       1.0873
   20743       0.9568
   20744       0.9602
   20745       1.0538
   20746       1.0721
   20747       1.0191
   20748       1.2204
   20749       1.1571
   20750       1.2267
   20751       1.1020
   20752       1.0625
   20753       1.1882
   20754       1.1337
   20755       1.0604
   20756       1.0244
   20757       0.9976
   20758       0.9570
   20759       0.9148
   20760       0.9625
   20761       1.0980
   20762       1.0518
   20763       1.1140
   20764       1.1030
   20765       1.0638
   20766       1.0392
   20767       1.0928
   20768       1.1770
   20769       1.2487
   20770       1.2299
   20771       1.2911
   20772       1.1682
   20773       1.0313
   20774       1.0965
   20775       1.0630
   20776       1.1212
   20777       1.3046
   20778       1.2504
   20779       1.2178
   20780       1.2419
   20781       1.1779
   20782       1.0954
   20783       1.2090
   20784       1.2962
   20785       1.2147
   20786       1.3072
   20787       1.3304
   20788       1.3328
   20789       1.2547
   20790       1.1732
   20791       1.2331
   20792       1.1373
   20793       1.0984
   20794       1.0864
   20795       1.2160
   20796       1.1767
   20797       1.1300
   20798       1.1248
   20799       1.1179
   20800       1.1254
   20801       1.0667
   20802       1.0850
   20803       1.1711
   20804       1.1102
   20805       1.1716
   20806       1.1133
   20807       1.1222
   20808       1.1984
   20809       1.1395
   20810       1.0749
   20811       1.1255
   20812       1.0565
   20813       0.9897
   20814       1.0095
   20815       1.0402
   20816       0.8967
   20817       0.9444
   20818       1.0223
   20819       0.9193
   20820       0.9754
   20821       0.9226
   20822       0.9690
   20823       0.9350
   20824       0.8854
   20825       0.9507
   20826       0.9151
   20827       0.8951
   20828       0.9875
   20829       1.0096
   20830       0.8989
   20831       1.0340
   20832       0.9901
   20833       1.1872
   20834       1.2075
   20835       1.1384
   20836       1.1860
   20837       1.0108
   20838       1.2268
   20839       1.2551
   20840       1.1534
   20841       1.3139
   20842       1.2017
   20843       1.0595
   20844       1.0398
   20845       1.1798
   20846       1.1070
   20847       1.0977
   20848       1.1393
   20849       1.1650
   20850       1.2472
   20851       1.1588
   20852       1.3098
   20853       1.1173
   20854       1.0938
   20855       1.1159
   20856       1.1224
   20857       1.0979
   20858       1.0229
   20859       1.0316
   20860       1.0874
   20861       1.0661
   20862       1.1006
   20863       1.0621
   20864       1.1542
   20865       1.1185
   20866       1.1884
   20867       1.1301
   20868       1.3128
   20869       1.2941
   20870       1.3031
   20871       1.2840
   20872       1.2893
   20873       1.1965
   20874       1.2051
   20875       1.3086
   20876       1.3207
   20877       1.2284
   20878       1.1241
   20879       1.0900
   20880       1.1181
   20881       1.2123
   20882       1.0669
   20883       1.0813
   20884       1.0499
   20885       1.0738
   20886       1.0853
   20887       1.0596
   20888       1.0152
   20889       1.1538
   20890       1.0866
   20891       1.0475
   20892       1.0768
   20893       1.1396
   20894       1.1190
   20895       1.1236
   20896       1.1547
   20897       1.1540
   20898       1.1881
   20899       1.1659
   20900       1.1955
   20901       1.2182
   20902       1.4087
   20903       1.3784
   20904       1.3429
   20905       1.2506
   20906       1.1314
   20907       1.1699
   20908       1.2428
   20909       1.1386
   20910       1.2001
   20911       1.1517
   20912       1.2456
   20913       1.3583
   20914       1.2537
   20915       1.0479
   20916       1.1174
   20917       1.2329
   20918       1.1696
   20919       1.2000
   20920       1.2321
   20921       1.2242
   20922       1.2497
   20923       1.3119
   20924       1.2456
   20925       1.2244
   20926       1.2215
   20927       1.2159
   20928       1.3448
   20929       1.2150
   20930       1.1652
   20931       1.2489
   20932       1.1450
   20933       1.2377
   20934       1.2303
   20935       1.2521
   20936       1.3518
   20937       1.3599
   20938       1.3151
   20939       1.3539
   20940       1.3703
   20941       1.4067
   20942       1.4326
   20943       1.5314
   20944       1.4317
   20945       1.5022
   20946       1.3849
   20947       1.4124
   20948       1.5983
   20949       1.5343
   20950       1.4300
   20951       1.4219
   20952       1.4768
   20953       1.5188
   20954       1.4841
   20955       1.4445
   20956       1.4586
   20957       1.3443
   20958       1.3068
   20959       1.1452
   20960       1.2936
   20961       1.2339
   20962       1.2730
   20963       1.3708
   20964       1.4301
   20965       1.3594
   20966       1.3680
   20967       1.5077
   20968       1.6777
   20969       1.5990
   20970       1.5669
   20971       1.4337
   20972       1.5391
   20973       1.4889
   20974       1.4897
   20975       1.5605
   20976       1.6143
   20977       1.5645
   20978       1.5034
   20979       1.4307
   20980       1.5902
   20981       1.6101
   20982       1.4758
   20983       1.4073
   20984       1.4595
   20985       1.5002
   20986       1.5112
   20987       1.4841
   20988       1.3437
   20989       1.3896
   20990       1.5361
   20991       1.4499
   20992       1.5072
   20993       1.4097
   20994       1.4584
   20995       1.4144
   20996       1.3185
   20997       1.4942
   20998       1.5338
   20999       1.4243
   21000       1.5707
   21001       1.5010
   21002       1.5351
   21003       1.6689
   21004       1.6052
   21005       1.6615
   21006       1.6252
   21007       1.7008
   21008       1.6192
   21009       1.4635
   21010       1.4005
   21011       1.3407
   21012       1.2425
   21013       1.3320
   21014       1.4951
   21015       1.4591
   21016       1.5358
   21017       1.6563
   21018       1.3990
   21019       1.3523
   21020       1.3848
   21021       1.3081
   21022       1.4049
   21023       1.4728
   21024       1.4457
   21025       1.4364
   21026       1.3392
   21027       1.2685
   21028       1.3124
   21029       1.2854
   21030       1.2777
   21031       1.3043
   21032       1.3565
   21033       1.3873
   21034       1.4163
   21035       1.3203
   21036       1.2538
   21037       1.2983
   21038       1.2459
   21039       1.2469
   21040       1.2303
   21041       1.0942
   21042       1.1964
   21043       1.3135
   21044       1.3649
   21045       1.2062
   21046       1.3402
   21047       1.4835
   21048       1.4502
   21049       1.3524
   21050       1.3307
   21051       1.2597
   21052       1.2529
   21053       1.3808
   21054       1.3927
   21055       1.4135
   21056       1.4438
   21057       1.4560
   21058       1.4449
   21059       1.3738
   21060       1.3847
   21061       1.4026
   21062       1.4676
   21063       1.4567
   21064       1.4475
   21065       1.4783
   21066       1.3164
   21067       1.4256
   21068       1.3099
   21069       1.4012
   21070       1.4024
   21071       1.4098
   21072       1.2952
   21073       1.3502
   21074       1.2446
   21075       1.2182
   21076       1.2210
   21077       1.3571
   21078       1.2708
   21079       1.3967
   21080       1.2195
   21081       1.3610
   21082       1.2899
   21083       1.3545
   21084       1.3098
   21085       1.2111
   21086       1.3873
   21087       1.2519
   21088       1.2926
   21089       1.2988
   21090       1.3448
   21091       1.2848
   21092       1.2602
   21093       1.2257
   21094       1.3505
   21095       1.3239
   21096       1.3429
   21097       1.2586
   21098       1.2304
   21099       1.3568
   21100       1.3658
   21101       1.3448
   21102       1.3416
   21103       1.2635
   21104       1.3316
   21105       1.4014
   21106       1.2992
   21107       1.3056
   21108       1.2472
   21109       1.3397
   21110       1.3688
   21111       1.2548
   21112       1.2539
   21113       1.2428
   21114       1.3119
   21115       1.4403
   21116       1.2922
   21117       1.2609
   21118       1.3115
   21119       1.2879
   21120       1.2652
   21121       1.2285
   21122       1.1807
   21123       1.2256
   21124       1.3147
   21125       1.3163
   21126       1.3595
   21127       1.4111
   21128       1.4362
   21129       1.3080
   21130       1.2758
   21131       1.2863
   21132       1.4019
   21133       1.3621
   21134       1.3926
   21135       1.2556
   21136       1.1722
   21137       1.4175
   21138       1.2283
   21139       1.2883
   21140       1.3504
   21141       1.3131
   21142       1.4350
   21143       1.3621
   21144       1.3631
   21145       1.2429
   21146       1.2561
   21147       1.2800
   21148       1.2877
   21149       1.1564
   21150       1.2820
   21151       1.3229
   21152       1.3068
   21153       1.3559
   21154       1.3617
   21155       1.3660
   21156       1.3136
   21157       1.3239
   21158       1.2997
   21159       1.2542
   21160       1.2686
   21161       1.2911
   21162       1.2857
   21163       1.2734
   21164       1.2586
   21165       1.2919
   21166       1.4579
   21167       1.3676
   21168       1.2755
   21169       1.3106
   21170       1.3312
   21171       1.3883
   21172       1.3397
   21173       1.2620
   21174       1.2875
   21175       1.2204
   21176       1.2899
   21177       1.2893
   21178       1.2174
   21179       1.2528
   21180       1.1423
   21181       1.2658
   21182       1.2469
   21183       1.3050
   21184       1.1937
   21185       1.2129
   21186       1.3275
   21187       1.2375
   21188       1.3808
   21189       1.3522
   21190       1.3366
   21191       1.3490
   21192       1.3561
   21193       1.4173
   21194       1.2675
   21195       1.3132
   21196       1.3819
   21197       1.2601
   21198       1.3477
   21199       1.3160
   21200       1.3495
   21201       1.2283
   21202       1.3339
   21203       1.1828
   21204       1.1440
   21205       1.2370
   21206       1.1879
   21207       1.1692
   21208       1.1235
   21209       1.2304
   21210       1.1129
   21211       1.0816
   21212       1.0853
   21213       1.0811
   21214       1.1001
   21215       1.1431
   21216       1.0732
   21217       1.0745
   21218       1.0865
   21219       1.1181
   21220       1.2221
   21221       1.4074
   21222       1.2742
   21223       1.2619
   21224       1.1442
   21225       1.1745
   21226       1.1650
   21227       1.1989
   21228       1.1600
   21229       1.2179
   21230       1.1778
   21231       1.2082
   21232       1.1128
   21233       1.1799
   21234       1.2214
   21235       1.2496
   21236       1.2379
   21237       1.2311
   21238       1.1311
   21239       1.1345
   21240       1.2427
   21241       1.2575
   21242       1.3340
   21243       1.1711
   21244       1.2277
   21245       1.2753
   21246       1.1769
   21247       1.1709
   21248       1.1377
   21249       1.1916
   21250       1.2321
   21251       1.1406
   21252       1.1067
   21253       1.1481
   21254       1.1636
   21255       1.1200
   21256       1.2481
   21257       1.1988
   21258       1.1374
   21259       1.1398
   21260       1.2130
   21261       1.1858
   21262       1.1740
   21263       1.2130
   21264       1.2028
   21265       1.1575
   21266       1.1500
   21267       1.1618
   21268       1.2209
   21269       1.2193
   21270       1.2195
   21271       1.2814
   21272       1.2724
   21273       1.2403
   21274       1.2668
   21275       1.2383
   21276       1.2207
   21277       1.2452
   21278       1.3176
   21279       1.2686
   21280       1.0885
   21281       1.1099
   21282       1.1327
   21283       1.1349
   21284       1.1574
   21285       1.2213
   21286       1.1841
   21287       1.1800
   21288       1.1998
   21289       1.2110
   21290       1.2037
   21291       1.1823
   21292       1.0730
   21293       1.1702
   21294       1.3248
   21295       1.2648
   21296       1.2818
   21297       1.2609
   21298       1.3104
   21299       1.2434
   21300       1.2016
   21301       1.1324
   21302       1.2130
   21303       1.1807
   21304       1.2694
   21305       1.2334
   21306       1.2272
   21307       1.2388
   21308       1.0977
   21309       1.1787
   21310       1.2209
   21311       1.2179
   21312       1.0726
   21313       1.0372
   21314       1.1216
   21315       1.0952
   21316       1.1115
   21317       1.0189
   21318       1.1431
   21319       1.1393
   21320       1.0842
   21321       1.0638
   21322       1.0331
   21323       1.0801
   21324       1.0229
   21325       1.0404
   21326       1.1204
   21327       1.1259
   21328       1.0628
   21329       1.2041
   21330       1.1727
   21331       1.0639
   21332       1.1200
   21333       1.1114
   21334       1.1391
   21335       1.1260
   21336       1.3247
   21337       1.2071
   21338       1.2999
   21339       1.1840
   21340       1.1289
   21341       1.2190
   21342       1.1583
   21343       1.2490
   21344       1.3029
   21345       1.2020
   21346       1.2847
   21347       1.1639
   21348       1.2086
   21349       1.1916
   21350       0.9085
   21351       1.1294
   21352       1.1497
   21353       1.0198
   21354       1.0478
   21355       0.9919
   21356       0.9646
   21357       0.9869
   21358       0.9261
   21359       0.9752
   21360       0.9778
   21361       1.0321
   21362       1.0145
   21363       1.0738
   21364       1.1029
   21365       1.0784
   21366       1.0454
   21367       1.0241
   21368       1.1107
   21369       1.0468
   21370       1.0636
   21371       1.0268
   21372       1.0611
   21373       1.0339
   21374       1.0249
   21375       0.9626
   21376       0.8927
   21377       0.8911
   21378       0.9393
   21379       1.0006
   21380       1.0402
   21381       1.0489
   21382       1.0786
   21383       0.9172
   21384       0.9562
   21385       0.9700
   21386       1.0600
   21387       1.0558
   21388       1.1178
   21389       1.1644
   21390       1.0333
   21391       1.0750
   21392       0.9450
   21393       1.0208
   21394       1.0987
   21395       1.0900
   21396       1.0288
   21397       0.9683
   21398       0.9077
   21399       0.9879
   21400       0.9290
   21401       0.8839
   21402       0.9556
   21403       0.8391
   21404       0.9243
   21405       0.9100
   21406       0.9331
   21407       0.9748
   21408       1.0510
   21409       0.9939
   21410       0.9912
   21411       0.9649
   21412       0.9046
   21413       0.8574
   21414       0.8869
   21415       0.8738
   21416       0.9557
   21417       0.9005
   21418       0.8548
   21419       0.8806
   21420       0.9020
   21421       0.9448
   21422       0.9381
   21423       0.9458
   21424       1.0234
   21425       1.1038
   21426       1.1739
   21427       1.1587
   21428       1.1476
   21429       1.0801
   21430       0.9448
   21431       1.0477
   21432       0.9827
   21433       1.0220
   21434       1.1326
   21435       1.0726
   21436       1.1115
   21437       1.0033
   21438       1.0942
   21439       1.1171
   21440       1.1446
   21441       1.1128
   21442       1.0088
   21443       0.9974
   21444       1.0674
   21445       1.0739
   21446       1.0564
   21447       0.9204
   21448       0.9796
   21449       0.9140
   21450       0.9075
   21451       0.9166
   21452       0.9225
   21453       0.9305
   21454       0.8046
   21455       0.8551
   21456       0.8720
   21457       0.9585
   21458       0.9724
   21459       1.0316
   21460       0.8963
   21461       0.8373
   21462       1.0165
   21463       1.0076
   21464       1.0369
   21465       0.9658
   21466       1.0771
   21467       1.1440
   21468       0.9087
   21469       1.0575
   21470       1.0050
   21471       0.9361
   21472       1.0142
   21473       0.9156
   21474       0.8616
   21475       0.8997
   21476       0.9235
   21477       0.9278
   21478       1.0308
   21479       0.9880
   21480       0.9979
   21481       1.0499
   21482       0.9762
   21483       0.8887
   21484       0.8779
   21485       0.9357
   21486       0.9394
   21487       1.0818
   21488       0.9615
   21489       0.8282
   21490       0.8735
   21491       0.9461
   21492       0.9066
   21493       1.0199
   21494       0.9738
   21495       1.0887
   21496       1.0374
   21497       1.0395
   21498       0.8970
   21499       1.0050
   21500       0.9495
   21501       0.9765
   21502       0.9357
   21503       1.0473
   21504       1.0138
   21505       0.9872
   21506       1.1706
   21507       1.1405
   21508       0.9816
   21509       1.0234
   21510       1.0156
   21511       0.9916
   21512       1.0340
   21513       0.9743
   21514       1.0186
   21515       1.0620
   21516       1.0312
   21517       1.0169
   21518       1.0026
   21519       0.9092
   21520       0.9660
   21521       0.8201
   21522       1.0022
   21523       0.8639
   21524       0.8255
   21525       1.0165
   21526       1.0489
   21527       1.0893
   21528       1.0314
   21529       1.1018
   21530       1.1041
   21531       1.0048
   21532       0.8961
   21533       0.9786
   21534       1.0659
   21535       0.9725
   21536       0.8664
   21537       0.9332
   21538       0.9842
   21539       1.0132
   21540       1.0184
   21541       0.9569
   21542       0.9364
   21543       0.9850
   21544       1.0772
   21545       1.0228
   21546       1.0593
   21547       0.9799
   21548       1.0298
   21549       1.0052
   21550       1.0089
   21551       1.0452
   21552       1.1004
   21553       1.2120
   21554       1.3328
   21555       1.1271
   21556       1.2230
   21557       1.0881
   21558       1.1306
   21559       1.1815
   21560       1.1387
   21561       1.2011
   21562       1.3523
   21563       1.2729
   21564       1.2225
   21565       1.2709
   21566       1.1575
   21567       1.1827
   21568       1.0823
   21569       1.0888
   21570       1.0847
   21571       1.0519
   21572       0.9923
   21573       1.0694
   21574       1.0484
   21575       0.9858
   21576       0.9813
   21577       0.9706
   21578       1.0938
   21579       1.1317
   21580       1.1636
   21581       1.1067
   21582       1.1679
   21583       1.1876
   21584       1.2097
   21585       1.2528
   21586       1.1795
   21587       1.0737
   21588       1.1964
   21589       1.1687
   21590       1.2117
   21591       1.2072
   21592       1.3376
   21593       1.2578
   21594       1.2597
   21595       1.2735
   21596       1.2027
   21597       1.2035
   21598       1.0934
   21599       1.2347
   21600       1.2175
   21601       1.2525
   21602       1.2067
   21603       1.1502
   21604       1.2409
   21605       1.3351
   21606       1.3667
   21607       1.3949
   21608       1.3919
   21609       1.2912
   21610       1.1886
   21611       1.2236
   21612       1.1643
   21613       1.1646
   21614       1.2420
   21615       1.1817
   21616       1.1237
   21617       1.1897
   21618       1.1411
   21619       1.1446
   21620       1.0732
   21621       1.1936
   21622       1.1113
   21623       1.1796
   21624       1.1796
   21625       1.1884
   21626       1.2065
   21627       1.2070
   21628       1.1091
   21629       1.1508
   21630       1.2632
   21631       1.1390
   21632       1.2439
   21633       1.3117
   21634       1.2134
   21635       1.2280
   21636       1.2082
   21637       1.2441
   21638       1.2063
   21639       1.1677
   21640       1.1016
   21641       1.0739
   21642       1.1059
   21643       1.1127
   21644       1.2356
   21645       1.3752
   21646       1.2074
   21647       1.3088
   21648       1.1915
   21649       1.1934
   21650       1.1609
   21651       1.1757
   21652       1.2398
   21653       1.1416
   21654       1.1385
   21655       1.2301
   21656       1.1788
   21657       1.1255
   21658       1.2160
   21659       1.2434
   21660       1.2187
   21661       1.1791
   21662       1.1444
   21663       1.1719
   21664       1.3624
   21665       1.2991
   21666       1.2117
   21667       1.2253
   21668       1.1596
   21669       1.1936
   21670       1.2480
   21671       1.1764
   21672       1.1409
   21673       1.1605
   21674       1.1179
   21675       1.2023
   21676       1.1710
   21677       1.2751
   21678       1.2266
   21679       1.2005
   21680       1.2980
   21681       1.1569
   21682       1.2645
   21683       1.3713
   21684       1.2930
   21685       1.2936
   21686       1.3862
   21687       1.3270
   21688       1.2726
   21689       1.3089
   21690       1.3418
   21691       1.4111
   21692       1.4091
   21693       1.4426
   21694       1.3934
   21695       1.2354
   21696       1.2180
   21697       1.2395
   21698       1.2826
   21699       1.3632
   21700       1.4471
   21701       1.4078
   21702       1.2899
   21703       1.3910
   21704       1.3482
   21705       1.3543
   21706       1.4130
   21707       1.3348
   21708       1.3288
   21709       1.3061
   21710       1.3221
   21711       1.1158
   21712       1.1601
   21713       1.1904
   21714       1.2038
   21715       1.3440
   21716       1.3617
   21717       1.3056
   21718       1.3048
   21719       1.3365
   21720       1.3748
   21721       1.2972
   21722       1.3785
   21723       1.3703
   21724       1.3754
   21725       1.3550
   21726       1.3344
   21727       1.3178
   21728       1.3270
   21729       1.3419
   21730       1.3971
   21731       1.3236
   21732       1.2745
   21733       1.2852
   21734       1.2493
   21735       1.2259
   21736       1.3233
   21737       1.4513
   21738       1.3968
   21739       1.4370
   21740       1.3348
   21741       1.4630
   21742       1.3598
   21743       1.3460
   21744       1.3704
   21745       1.3683
   21746       1.2856
   21747       1.3632
   21748       1.3610
   21749       1.3450
   21750       1.4211
   21751       1.4839
   21752       1.3507
   21753       1.3327
   21754       1.3081
   21755       1.3257
   21756       1.4503
   21757       1.4231
   21758       1.4262
   21759       1.3153
   21760       1.3267
   21761       1.3412
   21762       1.3820
   21763       1.3883
   21764       1.3498
   21765       1.3937
   21766       1.4183
   21767       1.3599
   21768       1.4089
   21769       1.3860
   21770       1.4448
   21771       1.4185
   21772       1.4742
   21773       1.5181
   21774       1.5009
   21775       1.5640
   21776       1.4592
   21777       1.3554
   21778       1.3588
   21779       1.3457
   21780       1.4020
   21781       1.3698
   21782       1.4605
   21783       1.4007
   21784       1.4814
   21785       1.5133
   21786       1.4500
   21787       1.4577
   21788       1.4074
   21789       1.4508
   21790       1.3630
   21791       1.4451
   21792       1.4189
   21793       1.3516
   21794       1.5052
   21795       1.6057
   21796       1.4799
   21797       1.5498
   21798       1.4945
   21799       1.5249
   21800       1.5613
   21801       1.5107
   21802       1.5046
   21803       1.3304
   21804       1.3649
   21805       1.3464
   21806       1.4205
   21807       1.3886
   21808       1.3350
   21809       1.4023
   21810       1.4219
   21811       1.4070
   21812       1.3675
   21813       1.3644
   21814       1.3008
   21815       1.2683
   21816       1.2914
   21817       1.3428
   21818       1.3145
   21819       1.2918
   21820       1.3454
   21821       1.4106
   21822       1.3970
   21823       1.3456
   21824       1.3425
   21825       1.3403
   21826       1.4248
   21827       1.3402
   21828       1.4062
   21829       1.4084
   21830       1.4078
   21831       1.3710
   21832       1.4306
   21833       1.3879
   21834       1.4316
   21835       1.4003
   21836       1.4068
   21837       1.4535
   21838       1.2847
   21839       1.3147
   21840       1.3406
   21841       1.3338
   21842       1.3211
   21843       1.3424
   21844       1.3761
   21845       1.4464
   21846       1.3785
   21847       1.3745
   21848       1.4070
   21849       1.3737
   21850       1.2983
   21851       1.3634
   21852       1.3589
   21853       1.4175
   21854       1.4856
   21855       1.4500
   21856       1.3995
   21857       1.4426
   21858       1.4540
   21859       1.4562
   21860       1.5112
   21861       1.5183
   21862       1.5086
   21863       1.4575
   21864       1.6421
   21865       1.5603
   21866       1.4951
   21867       1.4125
   21868       1.4118
   21869       1.3897
   21870       1.4184
   21871       1.3605
   21872       1.2945
   21873       1.2811
   21874       1.2518
   21875       1.2385
   21876       1.2985
   21877       1.2699
   21878       1.4052
   21879       1.3641
   21880       1.4743
   21881       1.3855
   21882       1.3944
   21883       1.3717
   21884       1.3125
   21885       1.4348
   21886       1.3297
   21887       1.4041
   21888       1.3247
   21889       1.3879
   21890       1.3374
   21891       1.2836
   21892       1.3461
   21893       1.4115
   21894       1.4112
   21895       1.4295
   21896       1.3725
   21897       1.3630
   21898       1.3723
   21899       1.3616
   21900       1.4301
   21901       1.3463
   21902       1.3645
   21903       1.3490
   21904       1.4106
   21905       1.4647
   21906       1.4685
   21907       1.4733
   21908       1.3545
   21909       1.3542
   21910       1.4613
   21911       1.5057
   21912       1.4533
   21913       1.5029
   21914       1.4255
   21915       1.4194
   21916       1.6201
   21917       1.5501
   21918       1.3665
   21919       1.3214
   21920       1.3335
   21921       1.4002
   21922       1.4106
   21923       1.4794
   21924       1.3969
   21925       1.3593
   21926       1.3251
   21927       1.3674
   21928       1.4624
   21929       1.3711
   21930       1.4008
   21931       1.4405
   21932       1.4544
   21933       1.3908
   21934       1.3255
   21935       1.3285
   21936       1.3324
   21937       1.3186
   21938       1.3004
   21939       1.3483
   21940       1.3598
   21941       1.3321
   21942       1.4062
   21943       1.3777
   21944       1.3565
   21945       1.4511
   21946       1.4149
   21947       1.4050
   21948       1.4281
   21949       1.3478
   21950       1.3853
   21951       1.4448
   21952       1.4127
   21953       1.3732
   21954       1.3963
   21955       1.2254
   21956       1.1615
   21957       1.0955
   21958       1.2114
   21959       1.1880
   21960       1.3219
   21961       1.2692
   21962       1.2072
   21963       1.3450
   21964       1.3219
   21965       1.2117
   21966       1.3664
   21967       1.4043
   21968       1.3453
   21969       1.2538
   21970       1.3160
   21971       1.4445
   21972       1.4619
   21973       1.2310
   21974       1.2143
   21975       1.2711
   21976       1.2213
   21977       1.4292
   21978       1.4122
   21979       1.3614
   21980       1.2686
   21981       1.3700
   21982       1.3512
   21983       1.4475
   21984       1.3230
   21985       1.3791
   21986       1.3354
   21987       1.2265
   21988       1.2693
   21989       1.2968
   21990       1.3221
   21991       1.3541
   21992       1.4424
   21993       1.4123
   21994       1.5407
   21995       1.3481
   21996       1.3769
   21997       1.4554
   21998       1.4470
   21999       1.4195
   22000       1.5152
   22001       1.3411
   22002       1.4827
   22003       1.4230
   22004       1.4768
   22005       1.4740
   22006       1.3406
   22007       1.3651
   22008       1.3424
   22009       1.3259
   22010       1.3792
   22011       1.2305
   22012       1.2794
   22013       1.3396
   22014       1.3261
   22015       1.1996
   22016       1.2239
   22017       1.1708
   22018       1.2982
   22019       1.3294
   22020       1.3215
   22021       1.3687
   22022       1.3473
   22023       1.3229
   22024       1.3463
   22025       1.3874
   22026       1.2121
   22027       1.2605
   22028       1.2137
   22029       1.3741
   22030       1.2505
   22031       1.2609
   22032       1.2417
   22033       1.3158
   22034       1.3533
   22035       1.2395
   22036       1.2767
   22037       1.3870
   22038       1.2787
   22039       1.2634
   22040       1.2521
   22041       1.3053
   22042       1.3648
   22043       1.2468
   22044       1.1624
   22045       1.2076
   22046       1.3060
   22047       1.3312
   22048       1.2635
   22049       1.3371
   22050       1.3929
   22051       1.3413
   22052       1.3711
   22053       1.3193
   22054       1.2369
   22055       1.2413
   22056       1.3349
   22057       1.3581
   22058       1.3440
   22059       1.3055
   22060       1.3564
   22061       1.3786
   22062       1.3932
   22063       1.3589
   22064       1.4106
   22065       1.4706
   22066       1.3082
   22067       1.4806
   22068       1.5373
   22069       1.4237
   22070       1.3170
   22071       1.2619
   22072       1.3331
   22073       1.3465
   22074       1.4730
   22075       1.4510
   22076       1.4565
   22077       1.3589
   22078       1.3970
   22079       1.4158
   22080       1.4258
   22081       1.4953
   22082       1.4682
   22083       1.5449
   22084       1.4201
   22085       1.4844
   22086       1.6491
   22087       1.4835
   22088       1.5689
   22089       1.5808
   22090       1.6787
   22091       1.4837
   22092       1.4929
   22093       1.4063
   22094       1.4598
   22095       1.4964
   22096       1.5657
   22097       1.5358
   22098       1.5533
   22099       1.4852
   22100       1.3169
   22101       1.2709
   22102       1.2946
   22103       1.2856
   22104       1.3615
   22105       1.5855
   22106       1.5210
   22107       1.5634
   22108       1.5155
   22109       1.4245
   22110       1.3649
   22111       1.5309
   22112       1.4801
   22113       1.4596
   22114       1.5220
   22115       1.2983
   22116       1.4999
   22117       1.4685
   22118       1.5174
   22119       1.3210
   22120       1.3540
   22121       1.2142
   22122       1.2387
   22123       1.3215
   22124       1.2313
   22125       1.2331
   22126       1.2261
   22127       1.3014
   22128       1.4078
   22129       1.5040
   22130       1.3399
   22131       1.3217
   22132       1.2901
   22133       1.1872
   22134       1.3959
   22135       1.3505
   22136       1.3500
   22137       1.3395
   22138       1.4053
   22139       1.3605
   22140       1.3759
   22141       1.3580
   22142       1.3022
   22143       1.3300
   22144       1.3795
   22145       1.4707
   22146       1.3012
   22147       1.2604
   22148       1.1930
   22149       1.1694
   22150       1.1364
   22151       1.2538
   22152       1.3561
   22153       1.3471
   22154       1.4603
   22155       1.4500
   22156       1.4422
   22157       1.4427
   22158       1.3665
   22159       1.3472
   22160       1.3168
   22161       1.3311
   22162       1.2577
   22163       1.2280
   22164       1.3999
   22165       1.3014
   22166       1.2108
   22167       1.1749
   22168       1.2728
   22169       1.2455
   22170       1.2253
   22171       1.2084
   22172       1.0600
   22173       1.1105
   22174       1.1991
   22175       1.0862
   22176       1.2052
   22177       1.2048
   22178       1.1755
   22179       1.1777
   22180       1.1292
   22181       1.1641
   22182       1.1466
   22183       1.0914
   22184       1.3138
   22185       1.2418
   22186       1.4420
   22187       1.3687
   22188       1.4028
   22189       1.1745
   22190       1.2664
   22191       1.2134
   22192       1.0616
   22193       1.0905
   22194       1.1618
   22195       1.2102
   22196       1.1518
   22197       1.2705
   22198       1.1419
   22199       1.2878
   22200       1.2770
   22201       1.2155
   22202       1.3085
   22203       1.2719
   22204       1.1917
   22205       1.1449
   22206       0.9798
   22207       0.9669
   22208       0.9703
   22209       1.0005
   22210       0.9341
   22211       1.0995
   22212       1.0926
   22213       1.0945
   22214       1.2263
   22215       1.0743
   22216       1.1667
   22217       1.2421
   22218       1.0726
   22219       1.1840
   22220       1.1130
   22221       1.2754
   22222       1.2435
   22223       1.1448
   22224       1.1535
   22225       1.2061
   22226       1.1859
   22227       1.2000
   22228       1.1799
   22229       1.2060
   22230       1.1513
   22231       1.2735
   22232       1.2953
   22233       1.3069
   22234       1.2278
   22235       1.3066
   22236       1.3515
   22237       1.2532
   22238       1.2802
   22239       1.2027
   22240       1.2201
   22241       1.2093
   22242       1.2337
   22243       1.3035
   22244       1.2906
   22245       1.2825
   22246       1.2941
   22247       1.2193
   22248       1.2724
   22249       1.3056
   22250       1.1981
   22251       1.2002
   22252       1.3091
   22253       1.1979
   22254       1.2906
   22255       1.4817
   22256       1.3113
   22257       1.2832
   22258       1.3041
   22259       1.3939
   22260       1.2800
   22261       1.1632
   22262       1.1008
   22263       1.1675
   22264       1.2179
   22265       1.0899
   22266       1.3349
   22267       1.3015
   22268       1.3046
   22269       1.2699
   22270       1.2290
   22271       1.2131
   22272       1.2048
   22273       1.2390
   22274       1.2345
   22275       1.0505
   22276       1.0153
   22277       1.1826
   22278       1.0690
   22279       0.9916
   22280       1.0187
   22281       1.0368
   22282       1.1197
   22283       1.1387
   22284       1.1104
   22285       1.1567
   22286       1.0997
   22287       1.1423
   22288       1.3362
   22289       1.3141
   22290       1.2658
   22291       1.2535
   22292       1.3085
   22293       1.2229
   22294       1.1280
   22295       1.0598
   22296       1.2476
   22297       1.1092
   22298       1.0512
   22299       1.1381
   22300       1.1599
   22301       1.1394
   22302       1.1599
   22303       1.2478
   22304       1.1694
   22305       1.1376
   22306       1.1435
   22307       1.1276
   22308       1.1644
   22309       1.1175
   22310       1.2450
   22311       1.1581
   22312       1.0989
   22313       1.1610
   22314       1.1446
   22315       1.1595
   22316       1.1755
   22317       1.1144
   22318       1.1218
   22319       1.1005
   22320       1.2314
   22321       1.1710
   22322       1.1904
   22323       1.1042
   22324       1.2138
   22325       1.3054
   22326       1.2505
   22327       1.2178
   22328       1.2865
   22329       1.2564
   22330       1.2714
   22331       1.2061
   22332       1.2554
   22333       1.1085
   22334       1.1466
   22335       1.1753
   22336       1.2680
   22337       1.1964
   22338       1.0618
   22339       1.2139
   22340       1.2644
   22341       1.3819
   22342       1.3246
   22343       1.2436
   22344       1.2208
   22345       1.1224
   22346       1.0744
   22347       1.0346
   22348       1.2135
   22349       1.2251
   22350       1.2307
   22351       1.2325
   22352       1.2906
   22353       1.3018
   22354       1.3755
   22355       1.2156
   22356       1.1706
   22357       1.1841
   22358       1.1346
   22359       1.1346
   22360       1.1382
   22361       1.1531
   22362       1.1981
   22363       1.2587
   22364       1.1339
   22365       1.3915
   22366       1.3345
   22367       1.3339
   22368       1.3836
   22369       1.4702
   22370       1.4347
   22371       1.5082
   22372       1.6127
   22373       1.6114
   22374       1.6501
   22375       1.6141
   22376       1.6673
   22377       1.7909
   22378       1.7605
   22379       1.6442
   22380       1.6571
   22381       1.6520
   22382       1.5860
   22383       1.4870
   22384       1.6074
   22385       1.5796
   22386       1.5683
   22387       1.5326
   22388       1.5107
   22389       1.5702
   22390       1.5407
   22391       1.6047
   22392       1.5253
   22393       1.3739
   22394       1.3712
   22395       1.3844
   22396       1.4510
   22397       1.4475
   22398       1.4237
   22399       1.3347
   22400       1.2625
   22401       1.1716
   22402       1.2658
   22403       1.2016
   22404       1.2365
   22405       1.2896
   22406       1.2058
   22407       1.1662
   22408       1.2646
   22409       1.3131
   22410       1.3781
   22411       1.2803
   22412       1.4083
   22413       1.2275
   22414       1.2554
   22415       1.2394
   22416       1.3067
   22417       1.2903
   22418       1.3886
   22419       1.3454
   22420       1.3011
   22421       1.5302
   22422       1.3517
   22423       1.4121
   22424       1.4106
   22425       1.5078
   22426       1.5200
   22427       1.5101
   22428       1.6371
   22429       1.4541
   22430       1.6601
   22431       1.5318
   22432       1.5312
   22433       1.4643
   22434       1.4904
   22435       1.4947
   22436       1.4877
   22437       1.6755
   22438       1.5300
   22439       1.4929
   22440       1.4542
   22441       1.4726
   22442       1.5012
   22443       1.4341
   22444       1.5277
   22445       1.4492
   22446       1.4468
   22447       1.5404
   22448       1.5348
   22449       1.4681
   22450       1.5174
   22451       1.4282
   22452       1.3651
   22453       1.4408
   22454       1.5562
   22455       1.5162
   22456       1.4820
   22457       1.5535
   22458       1.4419
   22459       1.5068
   22460       1.5587
   22461       1.6149
   22462       1.5734
   22463       1.6434
   22464       1.6597
   22465       1.6250
   22466       1.6494
   22467       1.4993
   22468       1.4682
   22469       1.5474
   22470       1.5256
   22471       1.4181
   22472       1.4150
   22473       1.4425
   22474       1.3923
   22475       1.4148
   22476       1.3545
   22477       1.3838
   22478       1.4836
   22479       1.2279
   22480       1.4342
   22481       1.2852
   22482       1.3145
   22483       1.3716
   22484       1.4803
   22485       1.3969
   22486       1.3151
   22487       1.3718
   22488       1.3150
   22489       1.3371
   22490       1.3901
   22491       1.3145
   22492       1.3021
   22493       1.3524
   22494       1.3098
   22495       1.4183
   22496       1.4538
   22497       1.4455
   22498       1.4143
   22499       1.5388
   22500       1.4132
   22501       1.4261
   22502       1.4333
   22503       1.4175
   22504       1.4100
   22505       1.4158
   22506       1.4843
   22507       1.4535
   22508       1.4126
   22509       1.3979
   22510       1.3141
   22511       1.1749
   22512       1.3532
   22513       1.2038
   22514       1.2967
   22515       1.2065
   22516       1.2851
   22517       1.2559
   22518       1.2188
   22519       1.3311
   22520       1.2233
   22521       1.2260
   22522       1.3975
   22523       1.3236
   22524       1.3387
   22525       1.2750
   22526       1.2984
   22527       1.2335
   22528       1.2245
   22529       1.1863
   22530       1.2795
   22531       1.1730
   22532       1.3157
   22533       1.2564
   22534       1.1701
   22535       1.1565
   22536       1.2727
   22537       1.1094
   22538       1.2655
   22539       1.3687
   22540       1.2645
   22541       1.3226
   22542       1.4045
   22543       1.4651
   22544       1.4435
   22545       1.3544
   22546       1.2401
   22547       1.2910
   22548       1.2377
   22549       1.1676
   22550       1.2150
   22551       1.1984
   22552       1.2192
   22553       1.2909
   22554       1.2249
   22555       1.1248
   22556       1.1845
   22557       1.2890
   22558       1.1167
   22559       1.1233
   22560       1.0789
   22561       1.1199
   22562       1.1386
   22563       1.1617
   22564       1.2824
   22565       1.3376
   22566       1.1411
   22567       1.0713
   22568       1.0997
   22569       0.9403
   22570       1.0657
   22571       1.1275
   22572       1.1281
   22573       1.1490
   22574       1.2816
   22575       1.1942
   22576       1.3220
   22577       1.3970
   22578       1.3849
   22579       1.2133
   22580       1.2107
   22581       1.1738
   22582       1.2679
   22583       1.2611
   22584       1.2000
   22585       1.1924
   22586       1.1630
   22587       1.1998
   22588       0.9482
   22589       1.1369
   22590       1.1118
   22591       1.1604
   22592       1.1374
   22593       1.2832
   22594       1.3119
   22595       1.3360
   22596       1.2723
   22597       1.2669
   22598       1.3238
   22599       1.2665
   22600       1.2296
   22601       1.1599
   22602       1.1896
   22603       1.2806
   22604       1.2085
   22605       1.1743
   22606       1.1034
   22607       1.2970
   22608       1.1222
   22609       1.1245
   22610       1.0172
   22611       0.9004
   22612       1.0052
   22613       1.1420
   22614       1.0952
   22615       1.1728
   22616       1.2937
   22617       1.2696
   22618       1.2587
   22619       1.1621
   22620       1.2569
   22621       1.3992
   22622       1.4108
   22623       1.3059
   22624       1.3470
   22625       1.3054
   22626       1.1437
   22627       1.1701
   22628       1.2115
   22629       1.2144
   22630       1.2409
   22631       1.3150
   22632       1.2268
   22633       1.1080
   22634       1.0296
   22635       1.1872
   22636       1.2220
   22637       1.2570
   22638       1.1722
   22639       1.2992
   22640       1.2950
   22641       1.2241
   22642       1.2919
   22643       1.2363
   22644       1.1767
   22645       1.2956
   22646       1.2699
   22647       1.2246
   22648       1.3591
   22649       1.3771
   22650       1.1609
   22651       1.1298
   22652       1.1769
   22653       1.0798
   22654       1.1445
   22655       1.2425
   22656       1.1763
   22657       1.1533
   22658       1.1496
   22659       1.0602
   22660       1.0596
   22661       1.1798
   22662       1.1157
   22663       1.1218
   22664       1.0587
   22665       1.0808
   22666       1.0727
   22667       1.1329
   22668       1.0756
   22669       1.0946
   22670       1.1258
   22671       1.1362
   22672       1.1028
   22673       1.1949
   22674       1.1436
   22675       1.2489
   22676       1.2783
   22677       1.2828
   22678       1.0741
   22679       1.0448
   22680       1.0835
   22681       1.1998
   22682       1.0800
   22683       1.0870
   22684       1.1963
   22685       1.2837
   22686       1.3167
   22687       1.1991
   22688       1.0406
   22689       1.1195
   22690       1.1474
   22691       1.1232
   22692       1.2436
   22693       1.1549
   22694       1.1592
   22695       1.2061
   22696       1.0915
   22697       1.1138
   22698       1.0520
   22699       0.9930
   22700       1.0357
   22701       1.2320
   22702       1.1584
   22703       1.1986
   22704       1.1416
   22705       1.1641
   22706       1.0001
   22707       1.0412
   22708       1.0855
   22709       0.9948
   22710       1.0292
   22711       1.0070
   22712       0.9960
   22713       1.0925
   22714       1.1498
   22715       1.0753
   22716       0.9882
   22717       1.0076
   22718       1.0795
   22719       1.0601
   22720       1.0843
   22721       1.0048
   22722       0.9732
   22723       0.9889
   22724       1.0136
   22725       0.9767
   22726       0.9888
   22727       0.9435
   22728       0.9135
   22729       1.0322
   22730       1.0304
   22731       0.8827
   22732       0.8895
   22733       1.1420
   22734       1.0702
   22735       1.0500
   22736       1.0936
   22737       1.0699
   22738       1.0655
   22739       0.9623
   22740       1.0506
   22741       1.1404
   22742       1.0038
   22743       1.0965
   22744       1.0839
   22745       1.0043
   22746       1.0034
   22747       1.0777
   22748       1.0707
   22749       1.0906
   22750       1.1198
   22751       1.1974
   22752       1.1176
   22753       1.1973
   22754       1.0815
   22755       1.0708
   22756       1.1096
   22757       1.1121
   22758       1.0222
   22759       1.0363
   22760       1.1038
   22761       1.0967
   22762       1.0833
   22763       1.4092
   22764       1.3432
   22765       1.2179
   22766       1.1015
   22767       1.2102
   22768       1.0598
   22769       1.1227
   22770       1.1033
   22771       1.0316
   22772       1.0348
   22773       1.1271
   22774       1.0417
   22775       1.0423
   22776       1.0586
   22777       1.0374
   22778       1.1302
   22779       1.1437
   22780       1.2209
   22781       1.1283
   22782       1.1838
   22783       1.1734
   22784       1.1527
   22785       1.1983
   22786       1.2418
   22787       1.1660
   22788       1.1767
   22789       1.1736
   22790       1.1975
   22791       1.1098
   22792       1.1585
   22793       1.0826
   22794       1.1111
   22795       1.2006
   22796       1.1459
   22797       1.1495
   22798       1.0159
   22799       1.1475
   22800       1.1347
   22801       1.0835
   22802       0.9758
   22803       1.1416
   22804       1.0630
   22805       1.1546
   22806       1.0445
   22807       0.9990
   22808       0.9638
   22809       1.0159
   22810       1.1601
   22811       1.0308
   22812       1.0824
   22813       1.0383
   22814       0.9834
   22815       0.9700
   22816       0.9758
   22817       1.0589
   22818       1.1139
   22819       1.0284
   22820       1.0403
   22821       1.1004
   22822       1.0308
   22823       1.1195
   22824       1.1209
   22825       1.1479
   22826       1.0777
   22827       1.2378
   22828       1.3397
   22829       1.4036
   22830       1.4893
   22831       1.2229
   22832       1.2871
   22833       1.2577
   22834       1.2052
   22835       1.1869
   22836       1.3173
   22837       1.1644
   22838       1.1671
   22839       1.2289
   22840       1.2276
   22841       1.2179
   22842       1.1495
   22843       1.2171
   22844       1.2992
   22845       1.2745
   22846       1.2302
   22847       1.4184
   22848       1.3188
   22849       1.3118
   22850       1.2109
   22851       1.2000
   22852       1.2699
   22853       1.3863
   22854       1.5017
   22855       1.5053
   22856       1.3300
   22857       1.3241
   22858       1.2801
   22859       1.2317
   22860       1.1315
   22861       1.2268
   22862       1.2668
   22863       1.1041
   22864       1.1208
   22865       1.1284
   22866       1.1689
   22867       1.1821
   22868       1.2326
   22869       1.2660
   22870       1.2922
   22871       1.3521
   22872       1.3943
   22873       1.5551
   22874       1.6607
   22875       1.7051
   22876       1.8974
   22877       1.6780
   22878       1.6311
   22879       1.6560
   22880       1.5347
   22881       1.5905
   22882       1.5778
   22883       1.4905
   22884       1.5112
   22885       1.4153
   22886       1.3946
   22887       1.2414
   22888       1.3200
   22889       1.3050
   22890       1.2663
   22891       1.4443
   22892       1.3412
   22893       1.4246
   22894       1.4522
   22895       1.4897
   22896       1.4374
   22897       1.4277
   22898       1.5443
   22899       1.5472
   22900       1.5253
   22901       1.4467
   22902       1.5036
   22903       1.2948
   22904       1.4607
   22905       1.5475
   22906       1.6761
   22907       1.4965
   22908       1.4108
   22909       1.3999
   22910       1.4779
   22911       1.5360
   22912       1.3906
   22913       1.3591
   22914       1.3618
   22915       1.3180
   22916       1.3790
   22917       1.4403
   22918       1.4118
   22919       1.3745
   22920       1.2564
   22921       1.4527
   22922       1.4067
   22923       1.2562
   22924       1.3049
   22925       1.2167
   22926       1.1611
   22927       1.0597
   22928       1.0840
   22929       1.3652
   22930       1.1888
   22931       1.1162
   22932       1.3339
   22933       1.2905
   22934       1.1956
   22935       1.2930
   22936       1.1973
   22937       1.3528
   22938       1.2838
   22939       1.2950
   22940       1.2508
   22941       1.2130
   22942       1.3769
   22943       1.3346
   22944       1.3704
   22945       1.3187
   22946       1.2916
   22947       1.2490
   22948       1.1614
   22949       1.2715
   22950       1.2453
   22951       1.1552
   22952       1.2636
   22953       1.2761
   22954       1.2626
   22955       1.2557
   22956       1.2285
   22957       1.2686
   22958       1.2069
   22959       1.1398
   22960       1.1836
   22961       1.1237
   22962       1.1132
   22963       1.2445
   22964       1.1186
   22965       1.2260
   22966       1.2958
   22967       1.5046
   22968       1.2928
   22969       1.2835
   22970       1.0878
   22971       1.0977
   22972       1.1049
   22973       1.3203
   22974       1.3336
   22975       1.3144
   22976       1.3468
   22977       1.1578
   22978       1.2283
   22979       1.2097
   22980       1.1262
   22981       1.1380
   22982       1.2856
   22983       1.1915
   22984       1.2515
   22985       1.1321
   22986       1.2208
   22987       1.2019
   22988       1.3408
   22989       1.3429
   22990       1.3042
   22991       1.2759
   22992       1.1633
   22993       1.2650
   22994       1.2866
   22995       1.2902
   22996       1.3530
   22997       1.4994
   22998       1.3556
   22999       1.3578
   23000       1.2404
   23001       1.1625
   23002       1.2667
   23003       1.0708
   23004       1.1290
   23005       1.2319
   23006       1.3237
   23007       1.3543
   23008       1.2944
   23009       1.3388
   23010       1.2401
   23011       1.2588
   23012       1.3111
   23013       1.2699
   23014       1.1950
   23015       1.3333
   23016       1.3019
   23017       1.3272
   23018       1.4754
   23019       1.4130
   23020       1.3245
   23021       1.3686
   23022       1.4559
   23023       1.4332
   23024       1.3485
   23025       1.4708
   23026       1.4575
   23027       1.5431
   23028       1.5076
   23029       1.5757
   23030       1.5658
   23031       1.5556
   23032       1.6086
   23033       1.6589
   23034       1.5160
   23035       1.5810
   23036       1.6365
   23037       1.6300
   23038       1.6292
   23039       1.5812
   23040       1.4257
   23041       1.4401
   23042       1.4609
   23043       1.5162
   23044       1.5201
   23045       1.3823
   23046       1.4387
   23047       1.5419
   23048       1.3025
   23049       1.3827
   23050       1.4251
   23051       1.4472
   23052       1.3764
   23053       1.3291
   23054       1.2280
   23055       1.2462
   23056       1.3017
   23057       1.4776
   23058       1.4591
   23059       1.4915
   23060       1.4533
   23061       1.2558
   23062       1.3884
   23063       1.3457
   23064       1.2694
   23065       1.3691
   23066       1.4013
   23067       1.4333
   23068       1.4013
   23069       1.3413
   23070       1.3511
   23071       1.2001
   23072       1.1913
   23073       1.0912
   23074       1.1150
   23075       1.0281
   23076       0.9743
   23077       1.2095
   23078       1.0779
   23079       1.1922
   23080       1.1794
   23081       1.1805
   23082       1.1995
   23083       1.1912
   23084       1.3842
   23085       1.3577
   23086       1.3721
   23087       1.3757
   23088       1.3949
   23089       1.2979
   23090       1.4062
   23091       1.3904
   23092       1.3115
   23093       1.3939
   23094       1.3326
   23095       1.3062
   23096       1.2040
   23097       1.2147
   23098       1.0370
   23099       1.2120
   23100       1.2232
   23101       1.0570
   23102       1.1163
   23103       1.0941
   23104       1.0800
   23105       1.1830
   23106       1.2550
   23107       1.2097
   23108       1.1270
   23109       1.1968
   23110       1.1083
   23111       1.1899
   23112       1.2019
   23113       1.0939
   23114       1.1730
   23115       1.1603
   23116       1.1763
   23117       1.1870
   23118       1.1511
   23119       1.1749
   23120       1.0865
   23121       1.1091
   23122       0.9634
   23123       1.1508
   23124       1.1860
   23125       1.2217
   23126       1.2285
   23127       1.2416
   23128       1.1813
   23129       1.1992
   23130       1.1994
   23131       1.0932
   23132       1.2067
   23133       1.0875
   23134       1.0869
   23135       1.1677
   23136       1.1798
   23137       1.0805
   23138       1.2069
   23139       1.2247
   23140       1.2598
   23141       1.2158
   23142       1.2050
   23143       1.1452
   23144       1.1847
   23145       1.1501
   23146       1.0830
   23147       1.1186
   23148       1.2306
   23149       1.1670
   23150       1.3004
   23151       1.2360
   23152       1.2563
   23153       1.2137
   23154       1.2754
   23155       1.2382
   23156       1.3549
   23157       1.3067
   23158       1.3603
   23159       1.3618
   23160       1.2931
   23161       1.2987
   23162       1.3413
   23163       1.1762
   23164       1.3086
   23165       1.2804
   23166       1.4525
   23167       1.3275
   23168       1.2564
   23169       1.0921
   23170       1.1151
   23171       1.0822
   23172       1.0586
   23173       1.0605
   23174       1.1835
   23175       1.1254
   23176       1.1623
   23177       1.2282
   23178       1.1868
   23179       1.2020
   23180       1.2223
   23181       1.2875
   23182       1.4004
   23183       1.1652
   23184       1.2099
   23185       1.0181
   23186       1.1300
   23187       1.1229
   23188       1.1636
   23189       1.1169
   23190       1.0582
   23191       1.2021
   23192       1.1402
   23193       1.0672
   23194       1.0581
   23195       1.0779
   23196       1.1636
   23197       1.2342
   23198       1.2254
   23199       1.2417
   23200       1.1707
   23201       1.1809
   23202       1.1416
   23203       1.2061
   23204       1.2380
   23205       1.3657
   23206       1.4453
   23207       1.3541
   23208       1.2345
   23209       1.3072
   23210       1.2901
   23211       1.2740
   23212       1.3370
   23213       1.3120
   23214       1.2506
   23215       1.2305
   23216       1.1971
   23217       1.3250
   23218       1.3684
   23219       1.3401
   23220       1.5189
   23221       1.3983
   23222       1.5034
   23223       1.3051
   23224       1.3218
   23225       1.4606
   23226       1.4717
   23227       1.4411
   23228       1.3424
   23229       1.1924
   23230       1.3066
   23231       1.2622
   23232       1.3185
   23233       1.2227
   23234       1.2681
   23235       1.2343
   23236       1.3650
   23237       1.3305
   23238       1.3064
   23239       1.2643
   23240       1.4285
   23241       1.3203
   23242       1.3307
   23243       1.4140
   23244       1.4726
   23245       1.5108
   23246       1.4812
   23247       1.4015
   23248       1.3949
   23249       1.4490
   23250       1.4639
   23251       1.5403
   23252       1.6349
   23253       1.5728
   23254       1.5618
   23255       1.4542
   23256       1.5929
   23257       1.6286
   23258       1.6046
   23259       1.6401
   23260       1.5972
   23261       1.6786
   23262       1.6340
   23263       1.6553
   23264       1.7289
   23265       1.7348
   23266       1.7010
   23267       1.7791
   23268       1.8301
   23269       1.8051
   23270       1.6979
   23271       1.6422
   23272       1.6216
   23273       1.7456
   23274       1.6796
   23275       1.6667
   23276       1.7855
   23277       1.7808
   23278       1.7006
   23279       1.6845
   23280       1.7148
   23281       1.6745
   23282       1.6809
   23283       1.5039
   23284       1.5514
   23285       1.4542
   23286       1.6000
   23287       1.6192
   23288       1.5970
   23289       1.4431
   23290       1.4037
   23291       1.4521
   23292       1.4936
   23293       1.3662
   23294       1.2317
   23295       1.1698
   23296       1.2019
   23297       1.4300
   23298       1.2992
   23299       1.2750
   23300       1.2191
   23301       1.3461
   23302       1.3551
   23303       1.3376
   23304       1.2668
   23305       1.3100
   23306       1.1254
   23307       1.1191
   23308       1.1407
   23309       1.0124
   23310       1.1577
   23311       1.2155
   23312       1.2637
   23313       1.2195
   23314       1.2162
   23315       1.0274
   23316       1.0003
   23317       0.9611
   23318       1.0545
   23319       1.0481
   23320       1.0696
   23321       1.1510
   23322       1.0051
   23323       1.0333
   23324       1.1055
   23325       1.0887
   23326       1.0328
   23327       1.0853
   23328       1.0860
   23329       1.0365
   23330       1.0722
   23331       1.2797
   23332       1.1775
   23333       1.0342
   23334       1.1149
   23335       1.0711
   23336       1.0710
   23337       1.0966
   23338       1.1180
   23339       1.0371
   23340       1.0496
   23341       1.1125
   23342       1.3980
   23343       1.2495
   23344       1.1979
   23345       1.0982
   23346       1.0541
   23347       1.0939
   23348       1.2141
   23349       1.2411
   23350       1.3871
   23351       1.2308
   23352       1.3651
   23353       1.1745
   23354       1.2112
   23355       1.1960
   23356       1.2877
   23357       1.1958
   23358       1.3025
   23359       1.2161
   23360       1.0400
   23361       1.1496
   23362       1.1571
   23363       0.9889
   23364       1.0390
   23365       1.0295
   23366       0.9027
   23367       0.9595
   23368       1.1596
   23369       1.0808
   23370       1.1300
   23371       0.9748
   23372       0.9321
   23373       0.9789
   23374       0.9845
   23375       1.0467
   23376       1.0674
   23377       1.0055
   23378       1.0250
   23379       1.0764
   23380       1.0185
   23381       1.0344
   23382       0.8653
   23383       0.8459
   23384       0.8784
   23385       0.8349
   23386       0.8480
   23387       0.8956
   23388       0.9573
   23389       0.8808
   23390       0.9290
   23391       1.0269
   23392       1.1643
   23393       1.0748
   23394       1.0232
   23395       1.0031
   23396       0.8552
   23397       1.0231
   23398       1.0607
   23399       1.0468
   23400       1.1048
   23401       1.1285
   23402       1.1034
   23403       0.9803
   23404       1.0051
   23405       1.0652
   23406       1.0108
   23407       0.9764
   23408       0.9667
   23409       1.0986
   23410       0.9356
   23411       1.0306
   23412       1.0089
   23413       1.1155
   23414       1.1438
   23415       1.1832
   23416       1.1263
   23417       1.0531
   23418       1.1726
   23419       1.1405
   23420       1.0658
   23421       1.1799
   23422       1.0192
   23423       0.9103
   23424       0.9096
   23425       0.8008
   23426       0.9099
   23427       0.9918
   23428       1.0649
   23429       0.9537
   23430       1.0414
   23431       0.9882
   23432       1.0144
   23433       1.0008
   23434       1.0024
   23435       0.9908
   23436       1.0513
   23437       0.8773
   23438       0.8184
   23439       0.8503
   23440       1.0506
   23441       1.0102
   23442       0.9965
   23443       0.9837
   23444       1.1311
   23445       1.0951
   23446       1.0139
   23447       1.0352
   23448       0.9925
   23449       0.9571
   23450       1.0207
   23451       0.8861
   23452       1.0521
   23453       1.0442
   23454       1.0416
   23455       1.0049
   23456       1.0651
   23457       1.0509
   23458       1.1247
   23459       1.0792
   23460       1.2006
   23461       1.0825
   23462       1.0477
   23463       1.0921
   23464       1.0877
   23465       1.0457
   23466       0.8797
   23467       0.8484
   23468       0.9203
   23469       1.0743
   23470       1.0194
   23471       0.9676
   23472       0.9717
   23473       1.0603
   23474       1.0768
   23475       1.2523
   23476       1.1597
   23477       1.1752
   23478       0.9548
   23479       1.0092
   23480       1.0438
   23481       0.8946
   23482       0.9207
   23483       0.8642
   23484       0.9073
   23485       0.9718
   23486       1.0492
   23487       1.0451
   23488       1.0550
   23489       1.1543
   23490       1.2557
   23491       1.1460
   23492       1.0654
   23493       1.2293
   23494       1.1060
   23495       1.0963
   23496       1.0171
   23497       1.0832
   23498       1.1259
   23499       0.9648
   23500       1.0963
   23501       1.1732
   23502       1.2601
   23503       1.2048
   23504       1.0698
   23505       1.1736
   23506       1.2565
   23507       1.1924
   23508       1.0294
   23509       0.9778
   23510       1.0528
   23511       1.1816
   23512       1.1523
   23513       1.2942
   23514       1.1930
   23515       1.2385
   23516       1.0427
   23517       1.1862
   23518       0.9792
   23519       1.1020
   23520       1.0597
   23521       1.1098
   23522       1.0732
   23523       1.1726
   23524       1.0408
   23525       1.0746
   23526       1.0621
   23527       1.1188
   23528       1.0820
   23529       0.9975
   23530       1.0006
   23531       1.0814
   23532       1.0508
   23533       1.1363
   23534       1.2380
   23535       1.2034
   23536       1.2721
   23537       1.1887
   23538       1.1306
   23539       1.0364
   23540       0.8674
   23541       1.0905
   23542       1.0233
   23543       1.0343
   23544       1.0203
   23545       0.8692
   23546       0.8355
   23547       0.9341
   23548       0.8223
   23549       0.9691
   23550       1.0562
   23551       1.0935
   23552       1.0267
   23553       1.0408
   23554       1.0606
   23555       1.0261
   23556       0.8729
   23557       0.9491
   23558       0.9632
   23559       0.8872
   23560       0.9385
   23561       0.7709
   23562       0.8367
   23563       0.9175
   23564       0.8976
   23565       0.8888
   23566       0.8379
   23567       0.9707
   23568       0.9931
   23569       0.9870
   23570       0.9459
   23571       0.9522
   23572       1.0518
   23573       1.1671
   23574       1.1346
   23575       1.1346
   23576       1.2462
   23577       1.1237
   23578       1.0339
   23579       0.9561
   23580       0.9397
   23581       0.9652
   23582       0.8862
   23583       0.9210
   23584       0.8423
   23585       0.8804
   23586       0.9058
   23587       0.9480
   23588       1.0391
   23589       1.0036
   23590       1.1369
   23591       1.0991
   23592       1.0763
   23593       1.0413
   23594       1.1333
   23595       1.1469
   23596       1.1266
   23597       1.1824
   23598       1.1661
   23599       1.1079
   23600       1.1319
   23601       1.0839
   23602       1.0715
   23603       1.1132
   23604       0.9645
   23605       1.1108
   23606       1.0734
   23607       0.9263
   23608       0.9290
   23609       0.8932
   23610       1.0304
   23611       1.0455
   23612       1.1581
   23613       1.0903
   23614       1.0800
   23615       1.0009
   23616       1.0766
   23617       0.9830
   23618       1.0758
   23619       1.1552
   23620       1.1603
   23621       1.2070
   23622       1.0194
   23623       1.0029
   23624       0.9867
   23625       0.9145
   23626       0.8759
   23627       0.8223
   23628       0.8766
   23629       0.9186
   23630       0.9057
   23631       0.8512
   23632       0.9470
   23633       1.0086
   23634       0.9687
   23635       0.9186
   23636       0.9751
   23637       1.0340
   23638       0.9036
   23639       0.9798
   23640       1.0266
   23641       0.9546
   23642       1.0051
   23643       1.0964
   23644       1.1027
   23645       1.0522
   23646       0.9886
   23647       0.9603
   23648       1.0267
   23649       0.9534
   23650       0.9292
   23651       0.9950
   23652       0.9192
   23653       1.0480
   23654       1.1550
   23655       1.1063
   23656       1.0715
   23657       1.1333
   23658       1.3483
   23659       1.3922
   23660       1.2131
   23661       1.2940
   23662       1.2090
   23663       1.1640
   23664       1.1417
   23665       1.1397
   23666       1.0666
   23667       1.2710
   23668       1.1743
   23669       1.1437
   23670       1.1346
   23671       1.0149
   23672       1.1190
   23673       0.9380
   23674       0.9704
   23675       0.9585
   23676       0.9506
   23677       0.9301
   23678       1.0159
   23679       0.9577
   23680       0.9430
   23681       0.9831
   23682       0.9488
   23683       1.0021
   23684       1.1410
   23685       0.9765
   23686       1.0889
   23687       0.8890
   23688       0.9645
   23689       0.9843
   23690       1.0363
   23691       1.1531
   23692       1.0015
   23693       1.0573
   23694       1.0471
   23695       1.1447
   23696       1.1462
   23697       1.1936
   23698       1.1811
   23699       1.0703
   23700       1.0130
   23701       1.0931
   23702       1.1190
   23703       1.0747
   23704       1.0380
   23705       1.0995
   23706       1.1955
   23707       1.1355
   23708       1.2211
   23709       1.1006
   23710       1.1055
   23711       1.1464
   23712       1.1422
   23713       1.2012
   23714       1.1107
   23715       1.1916
   23716       1.1193
   23717       1.0593
   23718       1.0128
   23719       1.0377
   23720       1.1890
   23721       1.1946
   23722       1.1826
   23723       1.1997
   23724       1.0843
   23725       1.0387
   23726       0.9591
   23727       1.0235
   23728       1.0262
   23729       0.9872
   23730       0.9990
   23731       0.9074
   23732       0.8965
   23733       1.0234
   23734       1.0148
   23735       1.0628
   23736       1.1838
   23737       1.1124
   23738       1.2280
   23739       1.1345
   23740       1.1238
   23741       1.2349
   23742       1.3417
   23743       1.2520
   23744       1.3653
   23745       1.3925
   23746       1.1173
   23747       1.1080
   23748       1.1776
   23749       1.1313
   23750       1.1483
   23751       1.1589
   23752       1.0783
   23753       1.1797
   23754       0.9790
   23755       1.0601
   23756       1.0269
   23757       1.0450
   23758       1.0487
   23759       1.1046
   23760       1.1714
   23761       1.0629
   23762       1.0258
   23763       1.0101
   23764       1.1496
   23765       1.2093
   23766       1.1601
   23767       1.1936
   23768       1.0680
   23769       1.1057
   23770       1.0831
   23771       1.0530
   23772       1.1268
   23773       1.1119
   23774       1.1610
   23775       1.3377
   23776       1.1931
   23777       1.1063
   23778       1.2430
   23779       1.1630
   23780       1.4012
   23781       1.3204
   23782       1.1565
   23783       1.2750
   23784       1.3850
   23785       1.1130
   23786       1.1702
   23787       1.2060
   23788       1.3366
   23789       1.2590
   23790       1.1670
   23791       1.0956
   23792       1.1061
   23793       1.2862
   23794       1.3653
   23795       1.4910
   23796       1.3436
   23797       1.3216
   23798       1.2874
   23799       1.3381
   23800       1.2904
   23801       1.3271
   23802       1.2895
   23803       1.2801
   23804       1.1870
   23805       1.1807
   23806       1.1887
   23807       1.1776
   23808       1.1708
   23809       1.2040
   23810       1.1624
   23811       1.2348
   23812       1.1678
   23813       1.2312
   23814       1.1719
   23815       1.2005
   23816       1.2493
   23817       1.2208
   23818       1.3679
   23819       1.3706
   23820       1.3250
   23821       1.2415
   23822       1.2201
   23823       1.1852
   23824       1.3703
   23825       1.3227
   23826       1.5260
   23827       1.3786
   23828       1.3979
   23829       1.3425
   23830       1.3458
   23831       1.3801
   23832       1.3330
   23833       1.1940
   23834       1.2104
   23835       1.1510
   23836       1.2877
   23837       1.1281
   23838       1.1363
   23839       1.1654
   23840       1.2807
   23841       1.2369
   23842       1.3040
   23843       1.2065
   23844       1.2451
   23845       1.1727
   23846       1.3227
   23847       1.2664
   23848       1.3448
   23849       1.3863
   23850       1.2436
   23851       1.2355
   23852       1.3969
   23853       1.2960
   23854       1.1314
   23855       1.2829
   23856       1.2573
   23857       1.2029
   23858       1.2238
   23859       1.2481
   23860       1.2135
   23861       1.2378
   23862       1.2973
   23863       1.2638
   23864       1.3668
   23865       1.3542
   23866       1.1819
   23867       1.2349
   23868       1.2933
   23869       1.3647
   23870       1.4094
   23871       1.3468
   23872       1.4321
   23873       1.3365
   23874       1.3240
   23875       1.4107
   23876       1.2706
   23877       1.3957
   23878       1.3402
   23879       1.4315
   23880       1.4211
   23881       1.3125
   23882       1.2850
   23883       1.4346
   23884       1.4057
   23885       1.2397
   23886       1.2525
   23887       1.3178
   23888       1.3898
   23889       1.2951
   23890       1.1849
   23891       1.2270
   23892       1.2640
   23893       1.2153
   23894       1.1336
   23895       1.2344
   23896       1.1620
   23897       1.1894
   23898       1.3055
   23899       1.2756
   23900       1.4338
   23901       1.4864
   23902       1.1934
   23903       1.2528
   23904       1.2617
   23905       1.2669
   23906       1.2080
   23907       1.2116
   23908       1.1993
   23909       1.1303
   23910       1.1223
   23911       1.2335
   23912       1.3083
   23913       1.1779
   23914       1.1762
   23915       1.1115
   23916       0.9538
   23917       0.9617
   23918       1.0508
   23919       1.1847
   23920       1.0804
   23921       1.0411
   23922       0.8961
   23923       1.0939
   23924       1.0990
   23925       1.1139
   23926       1.0977
   23927       1.1016
   23928       1.1332
   23929       1.1365
   23930       1.1786
   23931       1.1348
   23932       1.2127
   23933       1.1123
   23934       1.1200
   23935       1.2292
   23936       1.1391
   23937       1.1424
   23938       1.0593
   23939       1.1132
   23940       1.2517
   23941       1.2801
   23942       1.2449
   23943       1.2154
   23944       1.1185
   23945       1.2137
   23946       1.1199
   23947       1.0432
   23948       0.9543
   23949       1.0812
   23950       1.0650
   23951       0.9793
   23952       1.0250
   23953       1.0993
   23954       1.1026
   23955       1.0161
   23956       1.0861
   23957       1.1553
   23958       1.0998
   23959       1.2739
   23960       1.1713
   23961       1.0031
   23962       1.1157
   23963       1.1505
   23964       1.1881
   23965       1.3679
   23966       1.2754
   23967       1.2304
   23968       1.1267
   23969       1.1487
   23970       1.2530
   23971       1.2971
   23972       1.1792
   23973       1.2063
   23974       1.0658
   23975       0.9659
   23976       0.9301
   23977       1.0595
   23978       1.1022
   23979       1.0638
   23980       1.2589
   23981       1.1629
   23982       1.2035
   23983       1.2384
   23984       1.1435
   23985       1.0820
   23986       1.0844
   23987       1.0478
   23988       1.0336
   23989       1.1268
   23990       1.1910
   23991       1.1986
   23992       1.2390
   23993       1.2358
   23994       1.1916
   23995       1.1802
   23996       1.1172
   23997       1.1588
   23998       1.1302
   23999       1.1447
   24000       1.3473
   24001       1.3247
   24002       1.2048
   24003       1.2447
   24004       1.2221
   24005       1.1334
   24006       1.1840
   24007       1.2664
   24008       1.2954
   24009       1.3285
   24010       1.3135
   24011       1.2024
   24012       1.2173
   24013       1.1518
   24014       1.2140
   24015       1.0614
   24016       1.1654
   24017       1.1151
   24018       1.1934
   24019       1.1509
   24020       1.1323
   24021       1.2246
   24022       1.2430
   24023       1.3582
   24024       1.3426
   24025       1.2534
   24026       1.2057
   24027       1.2582
   24028       1.1272
   24029       1.1229
   24030       1.2221
   24031       1.3108
   24032       1.2963
   24033       1.4179
   24034       1.1097
   24035       1.0282
   24036       1.1882
   24037       1.1431
   24038       1.1568
   24039       1.1978
   24040       1.0516
   24041       1.0508
   24042       1.1164
   24043       0.9258
   24044       0.9624
   24045       0.9582
   24046       1.0146
   24047       1.0881
   24048       1.0991
   24049       1.0152
   24050       1.0454
   24051       1.0300
   24052       0.9962
   24053       1.0089
   24054       1.0589
   24055       1.1579
   24056       1.2341
   24057       1.1570
   24058       1.1065
   24059       1.1060
   24060       1.0467
   24061       1.1544
   24062       1.0846
   24063       0.9947
   24064       1.0823
   24065       1.3499
   24066       1.0502
   24067       1.0754
   24068       1.0249
   24069       1.0455
   24070       1.0098
   24071       0.9934
   24072       0.9790
   24073       1.0224
   24074       1.0754
   24075       1.1017
   24076       1.1317
   24077       0.9789
   24078       0.9173
   24079       1.0216
   24080       1.0467
   24081       0.9962
   24082       1.0103
   24083       1.0126
   24084       0.9771
   24085       1.0090
   24086       1.1106
   24087       1.1217
   24088       0.9844
   24089       0.9067
   24090       0.8485
   24091       0.9817
   24092       1.0358
   24093       1.0261
   24094       1.1149
   24095       1.0981
   24096       1.0382
   24097       0.9903
   24098       1.0396
   24099       1.1326
   24100       1.1162
   24101       1.1160
   24102       1.1020
   24103       1.1661
   24104       1.1537
   24105       1.1772
   24106       1.3195
   24107       1.2557
   24108       1.3511
   24109       1.3506
   24110       1.2650
   24111       1.3183
   24112       1.2970
   24113       1.3119
   24114       1.2587
   24115       1.2563
   24116       1.2731
   24117       1.3229
   24118       1.2191
   24119       1.2651
   24120       1.2745
   24121       1.2303
   24122       1.2046
   24123       1.2401
   24124       1.1422
   24125       1.2972
   24126       1.1788
   24127       1.1510
   24128       1.1356
   24129       0.9934
   24130       1.1055
   24131       1.0631
   24132       1.0933
   24133       1.0735
   24134       1.0497
   24135       1.1828
   24136       1.1526
   24137       1.2035
   24138       0.9884
   24139       1.0149
   24140       1.0181
   24141       1.0677
   24142       1.2235
   24143       1.1783
   24144       1.1173
   24145       1.1760
   24146       1.1126
   24147       1.1579
   24148       1.1574
   24149       1.2073
   24150       1.1067
   24151       1.1917
   24152       1.2189
   24153       1.3212
   24154       1.3676
   24155       1.4618
   24156       1.4797
   24157       1.4221
   24158       1.3489
   24159       1.4148
   24160       1.3100
   24161       1.2659
   24162       1.3005
   24163       1.1360
   24164       1.2758
   24165       1.2861
   24166       1.2271
   24167       1.0929
   24168       1.0006
   24169       1.0935
   24170       1.0568
   24171       1.0682
   24172       1.0708
   24173       1.0506
   24174       1.2097
   24175       1.1410
   24176       1.2238
   24177       1.3960
   24178       1.1600
   24179       1.1995
   24180       1.0746
   24181       0.9303
   24182       0.9884
   24183       1.1151
   24184       1.0280
   24185       1.0431
   24186       0.9514
   24187       1.0564
   24188       1.0213
   24189       1.0228
   24190       1.0261
   24191       1.1150
   24192       1.1418
   24193       1.2167
   24194       1.0122
   24195       1.0411
   24196       1.1149
   24197       1.1861
   24198       1.2145
   24199       1.2503
   24200       1.1240
   24201       1.0507
   24202       1.1145
   24203       1.2160
   24204       1.0468
   24205       1.1679
   24206       1.1409
   24207       1.1764
   24208       1.0514
   24209       1.1389
   24210       1.1131
   24211       1.1836
   24212       1.3207
   24213       1.3554
   24214       1.3227
   24215       1.2597
   24216       1.2470
   24217       1.1705
   24218       1.1631
   24219       0.8850
   24220       0.9228
   24221       0.9939
   24222       1.0054
   24223       1.0259
   24224       1.0941
   24225       0.9181
   24226       0.9082
   24227       0.9094
   24228       0.9927
   24229       0.9963
   24230       1.0676
   24231       1.1697
   24232       1.0107
   24233       1.0911
   24234       0.9101
   24235       1.0154
   24236       0.9782
   24237       1.0638
   24238       1.0231
   24239       1.0170
   24240       1.1312
   24241       1.1527
   24242       1.2001
   24243       1.1605
   24244       1.2508
   24245       1.1814
   24246       1.0699
   24247       1.0511
   24248       1.0256
   24249       1.0617
   24250       1.1059
   24251       1.0771
   24252       0.9728
   24253       0.9361
   24254       1.0838
   24255       1.0656
   24256       0.9993
   24257       1.0787
   24258       1.1959
   24259       1.0978
   24260       1.1538
   24261       1.0614
   24262       1.0614
   24263       1.1917
   24264       1.0843
   24265       1.1154
   24266       1.1321
   24267       1.0780
   24268       1.0033
   24269       1.0684
   24270       1.0751
   24271       1.1373
   24272       1.0479
   24273       1.0050
   24274       0.9179
   24275       0.9280
   24276       0.9463
   24277       0.8612
   24278       1.0380
   24279       1.0880
   24280       0.9727
   24281       0.9416
   24282       1.0501
   24283       1.0366
   24284       0.9819
   24285       1.1664
   24286       1.0175
   24287       0.8936
   24288       1.0231
   24289       0.9603
   24290       1.0471
   24291       0.9614
   24292       0.9063
   24293       0.9491
   24294       0.9473
   24295       0.8604
   24296       0.8416
   24297       0.9627
   24298       0.9427
   24299       0.9584
   24300       0.9522
   24301       0.9392
   24302       1.0167
   24303       0.9875
   24304       0.9645
   24305       1.0121
   24306       1.0843
   24307       1.0060
   24308       1.0173
   24309       1.0996
   24310       1.0904
   24311       1.1277
   24312       1.1524
   24313       1.1435
   24314       1.1283
   24315       1.0933
   24316       1.0621
   24317       1.2070
   24318       1.2332
   24319       1.2415
   24320       1.1501
   24321       1.1922
   24322       1.1684
   24323       1.1676
   24324       1.1094
   24325       1.0369
   24326       1.0770
   24327       1.1483
   24328       1.1554
   24329       1.0017
   24330       0.9635
   24331       0.9425
   24332       1.0423
   24333       0.9553
   24334       0.9110
   24335       1.0276
   24336       1.0322
   24337       0.9846
   24338       0.9956
   24339       0.9332
   24340       0.9657
   24341       0.9687
   24342       0.9484
   24343       0.9815
   24344       0.9186
   24345       0.9719
   24346       0.9529
   24347       0.9588
   24348       0.9421
   24349       0.9297
   24350       0.9541
   24351       1.1536
   24352       0.9015
   24353       0.9172
   24354       1.0097
   24355       1.2752
   24356       0.9752
   24357       1.0013
   24358       1.1189
   24359       0.9846
   24360       0.9680
   24361       1.0189
   24362       0.9713
   24363       1.0622
   24364       0.9412
   24365       0.9344
   24366       1.0510
   24367       1.0773
   24368       1.1985
   24369       1.1511
   24370       1.1654
   24371       1.2689
   24372       1.1510
   24373       1.0697
   24374       1.2034
   24375       1.2129
   24376       1.2506
   24377       1.0962
   24378       1.0883
   24379       1.2539
   24380       1.0864
   24381       1.1393
   24382       1.1040
   24383       0.9496
   24384       0.9138
   24385       0.8853
   24386       0.9669
   24387       1.0007
   24388       0.9357
   24389       1.0005
   24390       0.9432
   24391       1.0058
   24392       1.0813
   24393       1.0426
   24394       0.9547
   24395       1.0021
   24396       0.9619
   24397       0.9455
   24398       0.8737
   24399       0.9721
   24400       0.9806
   24401       1.0346
   24402       1.1261
   24403       1.0583
   24404       0.9920
   24405       0.9636
   24406       0.9239
   24407       0.8737
   24408       1.0343
   24409       1.0241
   24410       1.0226
   24411       0.9755
   24412       0.9034
   24413       1.0175
   24414       1.0186
   24415       0.9678
   24416       0.9127
   24417       0.9081
   24418       1.0521
   24419       0.9614
   24420       0.9762
   24421       0.9112
   24422       0.9631
   24423       0.9271
   24424       1.0310
   24425       0.8566
   24426       0.8475
   24427       1.0330
   24428       1.0372
   24429       1.0292
   24430       1.0094
   24431       0.9549
   24432       0.9545
   24433       1.0706
   24434       0.9412
   24435       0.9564
   24436       0.9232
   24437       1.0381
   24438       0.9974
   24439       1.0173
   24440       1.1951
   24441       1.2015
   24442       1.2287
   24443       1.2710
   24444       1.1616
   24445       1.0989
   24446       0.9307
   24447       1.0957
   24448       1.0462
   24449       1.0756
   24450       0.9887
   24451       0.9455
   24452       0.9486
   24453       1.1160
   24454       1.1765
   24455       1.0450
   24456       0.9694
   24457       0.8666
   24458       0.9728
   24459       0.8972
   24460       0.8825
   24461       0.9751
   24462       0.9798
   24463       0.8397
   24464       1.0024
   24465       1.0226
   24466       1.0759
   24467       1.0686
   24468       1.0148
   24469       1.0210
   24470       1.1351
   24471       1.1526
   24472       1.1536
   24473       1.1413
   24474       1.1199
   24475       1.0157
   24476       0.8750
   24477       1.0352
   24478       1.0184
   24479       1.0578
   24480       1.0523
   24481       1.0923
   24482       1.1438
   24483       1.1310
   24484       0.9910
   24485       1.0628
   24486       0.9987
   24487       1.0110
   24488       1.0590
   24489       1.0958
   24490       1.0924
   24491       1.1103
   24492       1.0315
   24493       1.0925
   24494       1.0860
   24495       1.1090
   24496       1.1419
   24497       1.0595
   24498       1.0239
   24499       1.0934
   24500       1.0980
   24501       1.0941
   24502       0.9668
   24503       1.0668
   24504       0.9851
   24505       1.0480
   24506       0.9289
   24507       1.0548
   24508       1.0195
   24509       1.1572
   24510       1.0263
   24511       1.0960
   24512       1.0878
   24513       1.0770
   24514       1.0614
   24515       1.1365
   24516       1.0915
   24517       1.0462
   24518       1.2133
   24519       1.1192
   24520       1.2458
   24521       1.2402
   24522       1.2518
   24523       1.3046
   24524       1.1945
   24525       1.1158
   24526       1.1107
   24527       1.1198
   24528       1.2634
   24529       1.1753
   24530       1.1905
   24531       0.9762
   24532       1.0383
   24533       1.0639
   24534       1.0506
   24535       1.0819
   24536       1.0709
   24537       1.1320
   24538       1.0781
   24539       1.0703
   24540       1.1252
   24541       1.0618
   24542       1.0973
   24543       1.1536
   24544       1.0738
   24545       1.1540
   24546       1.0283
   24547       1.2193
   24548       1.1495
   24549       1.0188
   24550       1.1109
   24551       1.1830
   24552       1.1606
   24553       1.1723
   24554       1.1174
   24555       1.2385
   24556       1.3515
   24557       1.2218
   24558       1.1459
   24559       1.2918
   24560       1.2108
   24561       1.2510
   24562       1.0764
   24563       1.1075
   24564       0.9711
   24565       1.0938
   24566       0.9546
   24567       0.9449
   24568       0.9376
   24569       0.9937
   24570       1.0651
   24571       1.0245
   24572       1.0704
   24573       1.1045
   24574       1.0935
   24575       1.1527
   24576       1.0637
   24577       0.9912
   24578       1.0571
   24579       1.0141
   24580       0.9432
   24581       0.9251
   24582       0.9243
   24583       0.9000
   24584       0.9547
   24585       0.8653
   24586       0.9160
   24587       0.9464
   24588       0.9919
   24589       0.9954
   24590       0.9896
   24591       1.0398
   24592       0.9475
   24593       0.9041
   24594       0.9134
   24595       0.8760
   24596       0.9017
   24597       0.9063
   24598       1.0145
   24599       1.0318
   24600       1.0984
   24601       1.0016
   24602       0.9765
   24603       1.0866
   24604       1.0348
   24605       1.1198
   24606       1.1168
   24607       1.0518
   24608       1.0973
   24609       1.0099
   24610       0.9702
   24611       0.9696
   24612       1.0811
   24613       0.9947
   24614       1.0375
   24615       1.0984
   24616       0.9520
   24617       0.9685
   24618       0.9421
   24619       1.0934
   24620       1.0959
   24621       1.1478
   24622       0.9849
   24623       0.9797
   24624       1.0289
   24625       0.9975
   24626       0.9657
   24627       1.0153
   24628       1.0436
   24629       1.0383
   24630       1.0685
   24631       1.0143
   24632       1.0073
   24633       0.9207
   24634       1.1911
   24635       0.8905
   24636       1.0291
   24637       1.0700
   24638       0.9793
   24639       0.9944
   24640       0.9997
   24641       1.0880
   24642       0.9913
   24643       0.9650
   24644       1.0576
   24645       1.0327
   24646       0.9457
   24647       0.9945
   24648       1.0015
   24649       1.0610
   24650       1.0852
   24651       1.1112
   24652       1.1262
   24653       1.2815
   24654       1.0694
   24655       1.2152
   24656       1.2221
   24657       1.0461
   24658       1.0228
   24659       1.0695
   24660       1.0022
   24661       1.0841
   24662       1.1013
   24663       1.1493
   24664       1.1307
   24665       1.1533
   24666       1.0879
   24667       1.0215
   24668       1.0737
   24669       1.1301
   24670       1.1210
   24671       1.1446
   24672       1.1190
   24673       1.1138
   24674       1.0693
   24675       1.1169
   24676       1.1103
   24677       1.2775
   24678       1.1674
   24679       1.0113
   24680       1.1182
   24681       1.1564
   24682       1.2260
   24683       1.0167
   24684       0.9582
   24685       0.9957
   24686       0.9353
   24687       1.0094
   24688       0.9993
   24689       1.0180
   24690       0.9704
   24691       1.0879
   24692       0.9711
   24693       1.1776
   24694       1.1957
   24695       1.2882
   24696       1.2167
   24697       1.1735
   24698       0.9641
   24699       0.9656
   24700       0.9598
   24701       0.9106
   24702       0.9840
   24703       0.8857
   24704       0.9710
   24705       1.0471
   24706       1.0101
   24707       1.1907
   24708       1.0220
   24709       0.9527
   24710       1.1272
   24711       1.0733
   24712       0.9967
   24713       0.9946
   24714       0.9910
   24715       1.0314
   24716       1.0992
   24717       1.0129
   24718       1.0715
   24719       0.9109
   24720       1.0203
   24721       1.0812
   24722       1.1787
   24723       1.0497
   24724       1.0027
   24725       1.0874
   24726       1.1386
   24727       1.0690
   24728       1.0357
   24729       0.9891
   24730       1.0001
   24731       0.9212
   24732       1.0583
   24733       1.1675
   24734       1.1465
   24735       1.1449
   24736       1.1922
   24737       1.1215
   24738       1.1912
   24739       1.2453
   24740       1.0821
   24741       1.0985
   24742       1.2162
   24743       1.2386
   24744       1.3238
   24745       1.1990
   24746       1.2214
   24747       1.1797
   24748       0.9943
   24749       1.1355
   24750       1.2040
   24751       1.2367
   24752       1.2467
   24753       1.1018
   24754       1.1681
   24755       1.0855
   24756       0.9584
   24757       1.0780
   24758       1.0050
   24759       1.1246
   24760       1.1591
   24761       1.1151
   24762       1.1340
   24763       1.2186
   24764       1.0185
   24765       0.9871
   24766       1.0641
   24767       0.9787
   24768       0.9516
   24769       0.9415
   24770       0.9561
   24771       1.1376
   24772       1.1171
   24773       1.2014
   24774       1.0357
   24775       0.9626
   24776       0.9393
   24777       1.0521
   24778       1.0365
   24779       1.0967
   24780       0.8610
   24781       0.9263
   24782       0.8161
   24783       0.8741
   24784       0.8326
   24785       1.1428
   24786       1.0268
   24787       1.0873
   24788       1.1850
   24789       1.3382
   24790       1.0807
   24791       1.0287
   24792       1.0786
   24793       1.0105
   24794       1.0526
   24795       0.9729
   24796       0.9242
   24797       0.8684
   24798       1.0695
   24799       1.1134
   24800       1.1036
   24801       1.0102
   24802       1.1895
   24803       1.1062
   24804       1.1088
   24805       0.9498
   24806       0.9745
   24807       1.0129
   24808       1.0895
   24809       0.9819
   24810       0.9309
   24811       0.8843
   24812       0.9818
   24813       1.0279
   24814       1.0195
   24815       1.0538
   24816       1.0549
   24817       1.0804
   24818       1.0277
   24819       1.1106
   24820       1.0812
   24821       1.0468
   24822       0.9590
   24823       0.9311
   24824       0.9137
   24825       0.9753
   24826       0.9196
   24827       0.9135
   24828       0.9795
   24829       0.8920
   24830       0.9694
   24831       0.9346
   24832       1.0178
   24833       0.9979
   24834       0.9409
   24835       1.0132
   24836       0.8999
   24837       1.0390
   24838       0.9265
   24839       0.9150
   24840       0.9045
   24841       0.9258
   24842       0.9226
   24843       0.9246
   24844       0.9332
   24845       0.9149
   24846       0.8235
   24847       0.8092
   24848       0.8072
   24849       0.9091
   24850       0.8287
   24851       0.9070
   24852       0.9417
   24853       0.8802
   24854       0.9775
   24855       1.0069
   24856       0.9318
   24857       0.9589
   24858       1.0042
   24859       0.8775
   24860       0.8694
   24861       0.8691
   24862       0.7994
   24863       0.8460
   24864       0.8487
   24865       0.8606
   24866       0.8838
   24867       0.8723
   24868       0.9902
   24869       0.9627
   24870       1.0413
   24871       0.9457
   24872       0.9221
   24873       0.9000
   24874       0.8410
   24875       0.8802
   24876       0.8999
   24877       0.9325
   24878       1.0308
   24879       1.0044
   24880       0.9545
   24881       1.0084
   24882       0.9196
   24883       0.8862
   24884       0.9048
   24885       0.9387
   24886       0.8804
   24887       0.9349
   24888       0.9837
   24889       0.9301
   24890       0.9370
   24891       0.8926
   24892       0.9163
   24893       1.0436
   24894       0.9692
   24895       0.9870
   24896       0.9121
   24897       0.9016
   24898       0.9869
   24899       0.9938
   24900       1.0230
   24901       0.9974
   24902       0.9566
   24903       0.9753
   24904       0.9180
   24905       0.8712
   24906       0.9861
   24907       0.9179
   24908       0.9524
   24909       0.8664
   24910       0.8048
   24911       0.9446
   24912       0.9488
   24913       0.9680
   24914       0.8279
   24915       0.9700
   24916       0.9369
   24917       0.8062
   24918       0.8618
   24919       0.7861
   24920       0.8382
   24921       0.9112
   24922       0.8667
   24923       0.8467
   24924       0.9211
   24925       0.8451
   24926       0.8915
   24927       0.8819
   24928       0.9109
   24929       0.9147
   24930       0.9652
   24931       0.9225
   24932       1.0623
   24933       1.0693
   24934       0.9884
   24935       0.8776
   24936       1.0307
   24937       0.9775
   24938       0.8743
   24939       0.9232
   24940       0.9993
   24941       1.0331
   24942       1.0824
   24943       1.0128
   24944       1.0320
   24945       0.9270
   24946       0.9964
   24947       0.8714
   24948       0.9233
   24949       0.9051
   24950       0.9062
   24951       0.9927
   24952       0.9123
   24953       0.8770
   24954       0.8615
   24955       0.9121
   24956       0.8281
   24957       0.8299
   24958       0.7703
   24959       0.8330
   24960       0.7794
   24961       0.7416
   24962       0.8787
   24963       0.7803
   24964       0.9115
   24965       0.8841
   24966       0.8578
   24967       0.8763
   24968       0.8351
   24969       0.8324
   24970       0.7965
   24971       0.8057
   24972       0.8247
   24973       0.8749
   24974       0.9135
   24975       0.9433
   24976       0.9034
   24977       1.0057
   24978       0.9997
   24979       0.9223
   24980       0.8621
   24981       0.9321
   24982       0.9965
   24983       0.8571
   24984       0.8856
   24985       0.8123
   24986       0.8125
   24987       0.8542
   24988       0.9704
   24989       0.8736
   24990       0.8387
   24991       0.8870
   24992       0.9843
   24993       0.9425
   24994       0.9755
   24995       0.9180
   24996       0.9285
   24997       1.0153
   24998       1.0026
   24999       1.0062
   25000       1.0171
