#Frame     RMSD_00002
       1       1.0924
       2       1.1636
       3       1.1243
       4       1.3094
       5       1.1828
       6       1.2678
       7       1.2930
       8       1.2622
       9       1.1534
      10       1.1047
      11       1.0483
      12       0.9549
      13       1.0393
      14       1.0618
      15       1.0352
      16       1.1118
      17       1.0745
      18       1.0661
      19       1.0106
      20       1.1040
      21       0.9654
      22       0.9845
      23       1.0815
      24       1.1723
      25       1.1489
      26       0.9287
      27       1.1107
      28       1.0657
      29       1.2447
      30       1.1607
      31       1.1416
      32       1.1469
      33       1.2007
      34       1.2885
      35       1.2581
      36       1.2061
      37       1.1214
      38       1.1302
      39       1.0216
      40       1.0468
      41       0.9852
      42       1.0193
      43       0.9378
      44       0.9209
      45       0.8739
      46       1.0535
      47       1.1207
      48       1.0047
      49       1.0198
      50       1.0242
      51       0.9192
      52       1.0432
      53       1.1059
      54       0.9585
      55       1.0392
      56       1.0133
      57       1.0400
      58       1.1564
      59       1.0658
      60       1.0188
      61       1.0124
      62       1.0067
      63       0.9077
      64       1.0320
      65       1.0278
      66       1.0593
      67       1.0598
      68       1.0111
      69       1.0432
      70       1.0300
      71       1.1198
      72       1.0903
      73       1.1434
      74       0.9900
      75       1.1218
      76       1.1323
      77       1.1762
      78       1.0650
      79       1.1761
      80       1.1013
      81       1.0459
      82       1.0699
      83       1.0885
      84       1.1019
      85       1.0962
      86       1.0136
      87       1.1316
      88       1.1024
      89       1.2151
      90       1.1836
      91       1.0768
      92       1.1140
      93       1.0263
      94       1.0105
      95       1.0537
      96       1.2162
      97       1.1594
      98       1.0331
      99       0.9737
     100       0.9677
     101       0.9279
     102       1.0610
     103       1.0957
     104       1.1201
     105       1.1043
     106       1.1901
     107       1.1600
     108       1.1203
     109       1.0683
     110       1.1435
     111       0.8922
     112       1.0470
     113       1.0336
     114       1.1296
     115       0.8792
     116       0.9922
     117       0.9068
     118       0.9690
     119       0.9182
     120       0.8831
     121       0.8840
     122       0.7896
     123       0.8022
     124       0.8375
     125       0.9275
     126       0.8536
     127       0.9222
     128       0.8896
     129       0.9198
     130       0.9102
     131       0.8342
     132       0.9167
     133       0.9120
     134       1.0097
     135       0.9752
     136       1.1254
     137       1.0310
     138       0.9577
     139       1.0216
     140       1.0785
     141       0.9872
     142       0.8801
     143       1.0647
     144       0.9734
     145       0.9548
     146       1.0176
     147       0.9918
     148       1.0694
     149       1.0196
     150       1.0724
     151       0.8766
     152       0.9063
     153       0.9032
     154       0.9362
     155       1.0312
     156       1.0565
     157       1.2030
     158       1.0956
     159       1.0611
     160       1.0269
     161       1.1349
     162       1.1075
     163       1.0695
     164       1.0970
     165       1.0210
     166       0.9938
     167       0.8934
     168       1.0312
     169       0.9473
     170       0.9490
     171       1.0727
     172       1.1476
     173       1.0624
     174       1.1198
     175       1.0767
     176       1.0002
     177       1.0894
     178       1.1299
     179       1.2555
     180       1.0841
     181       1.1424
     182       1.0593
     183       1.0945
     184       1.1391
     185       0.9954
     186       1.0865
     187       1.0711
     188       1.0407
     189       1.0460
     190       1.1170
     191       1.1147
     192       1.0572
     193       0.9284
     194       1.0837
     195       0.9633
     196       1.0280
     197       0.9331
     198       1.0543
     199       1.0490
     200       1.0963
     201       1.1269
     202       1.0199
     203       0.9511
     204       1.0639
     205       1.0538
     206       1.0245
     207       0.9404
     208       0.8507
     209       0.8587
     210       0.9785
     211       0.9336
     212       0.9323
     213       0.9364
     214       0.9925
     215       1.0095
     216       0.8894
     217       1.0877
     218       1.0017
     219       1.0260
     220       1.0285
     221       0.9799
     222       0.9496
     223       0.9073
     224       0.8586
     225       0.9287
     226       0.8581
     227       0.8791
     228       0.9126
     229       1.0572
     230       1.0680
     231       1.0427
     232       0.9018
     233       0.9345
     234       0.8893
     235       1.0223
     236       0.8685
     237       0.8382
     238       0.8178
     239       0.9016
     240       0.9307
     241       0.8625
     242       0.8115
     243       0.8873
     244       1.0254
     245       1.0760
     246       0.9771
     247       0.8968
     248       0.9022
     249       0.9544
     250       0.9775
     251       1.0044
     252       0.9732
     253       0.9773
     254       0.8670
     255       0.8983
     256       1.0652
     257       1.0804
     258       1.0165
     259       0.9477
     260       0.8820
     261       0.9820
     262       0.8912
     263       0.9693
     264       0.9342
     265       0.8588
     266       0.9976
     267       1.0328
     268       0.9411
     269       0.9428
     270       0.9853
     271       0.8801
     272       0.9894
     273       1.0451
     274       1.0482
     275       1.0559
     276       1.0014
     277       1.0496
     278       0.9900
     279       1.0149
     280       1.1081
     281       0.8686
     282       0.8896
     283       0.8027
     284       0.9075
     285       0.9488
     286       1.0079
     287       1.0218
     288       0.9935
     289       0.9854
     290       0.9855
     291       0.9532
     292       1.0320
     293       0.9560
     294       0.9909
     295       1.0226
     296       0.9279
     297       0.8890
     298       0.8969
     299       0.9273
     300       0.9466
     301       0.9134
     302       0.8681
     303       0.8701
     304       0.8168
     305       0.9136
     306       0.8100
     307       0.8092
     308       0.8139
     309       0.8849
     310       0.8959
     311       0.9702
     312       0.9140
     313       0.9103
     314       0.7912
     315       0.8358
     316       0.8804
     317       0.8761
     318       0.9914
     319       1.0505
     320       1.0372
     321       1.1003
     322       0.9673
     323       0.9513
     324       1.0234
     325       0.9978
     326       0.9402
     327       0.9149
     328       0.9526
     329       0.8856
     330       1.0159
     331       1.0003
     332       0.9407
     333       0.9437
     334       0.9400
     335       0.9792
     336       0.9485
     337       0.9327
     338       0.9781
     339       0.9463
     340       0.9966
     341       0.9684
     342       0.8972
     343       0.9386
     344       0.9750
     345       0.9868
     346       0.9155
     347       0.9662
     348       0.8371
     349       0.9479
     350       0.9422
     351       0.9273
     352       0.9446
     353       0.9343
     354       0.8912
     355       0.9041
     356       0.9170
     357       0.8831
     358       0.8724
     359       0.8566
     360       0.9137
     361       1.0107
     362       0.9903
     363       0.9811
     364       0.7815
     365       0.9337
     366       0.9704
     367       0.9704
     368       0.9013
     369       0.9318
     370       0.8833
     371       0.8449
     372       1.0273
     373       1.0205
     374       1.0210
     375       1.1270
     376       1.0899
     377       0.9407
     378       0.9974
     379       1.0127
     380       1.0296
     381       0.9320
     382       0.9649
     383       1.0612
     384       0.9485
     385       0.9044
     386       0.9869
     387       0.9981
     388       0.9534
     389       0.9431
     390       1.0845
     391       1.0394
     392       0.9879
     393       0.9545
     394       1.1294
     395       1.1013
     396       1.0464
     397       0.9853
     398       0.9766
     399       1.0289
     400       1.1183
     401       0.9788
     402       0.9497
     403       0.9511
     404       1.0605
     405       1.0032
     406       1.1146
     407       1.0963
     408       0.9929
     409       0.9668
     410       1.0971
     411       1.2537
     412       1.2165
     413       1.2636
     414       1.0900
     415       1.0119
     416       1.0174
     417       1.0492
     418       1.0947
     419       1.2511
     420       1.2341
     421       1.1727
     422       1.0861
     423       1.0592
     424       1.0694
     425       1.1857
     426       1.2141
     427       1.1547
     428       1.0261
     429       1.0515
     430       1.1830
     431       0.9679
     432       1.0714
     433       1.0203
     434       1.0102
     435       1.0922
     436       1.3035
     437       1.1897
     438       1.3228
     439       1.1951
     440       1.1980
     441       1.0721
     442       1.2609
     443       1.0048
     444       0.9523
     445       0.9714
     446       0.9329
     447       0.9207
     448       1.0076
     449       1.1133
     450       1.0819
     451       1.0732
     452       1.1339
     453       1.1962
     454       1.2039
     455       1.2884
     456       1.4280
     457       1.2318
     458       1.3601
     459       1.3451
     460       1.1760
     461       1.3168
     462       1.3216
     463       1.3157
     464       1.2627
     465       1.2820
     466       1.2213
     467       1.1123
     468       1.2909
     469       1.1814
     470       1.2967
     471       1.2008
     472       1.1611
     473       1.1223
     474       1.1523
     475       1.1362
     476       1.1843
     477       1.2985
     478       1.3142
     479       1.1544
     480       1.1442
     481       1.2139
     482       1.2771
     483       1.3308
     484       1.2257
     485       1.2444
     486       1.1755
     487       1.2247
     488       1.2452
     489       1.1429
     490       1.0768
     491       1.1403
     492       1.1315
     493       1.1377
     494       1.1330
     495       1.1180
     496       1.1356
     497       1.1094
     498       1.2585
     499       1.0569
     500       1.1458
     501       1.1355
     502       1.2214
     503       1.1819
     504       1.2718
     505       1.2470
     506       1.3091
     507       1.3274
     508       1.4157
     509       1.4973
     510       1.4855
     511       1.3668
     512       1.5394
     513       1.3550
     514       1.3492
     515       1.3432
     516       1.2135
     517       1.1801
     518       1.2213
     519       1.0932
     520       1.0216
     521       1.1024
     522       1.1058
     523       1.1053
     524       1.1012
     525       1.1543
     526       1.1959
     527       1.1944
     528       1.0917
     529       1.2156
     530       1.1139
     531       1.1566
     532       1.1465
     533       1.2017
     534       1.2400
     535       1.3457
     536       1.4985
     537       1.2687
     538       1.2540
     539       1.1906
     540       1.1698
     541       1.3391
     542       1.3048
     543       1.2585
     544       1.2860
     545       1.3791
     546       1.3674
     547       1.2589
     548       1.3613
     549       1.2711
     550       1.2611
     551       1.2970
     552       1.3611
     553       1.2980
     554       1.2940
     555       1.2757
     556       1.4372
     557       1.5060
     558       1.4029
     559       1.2656
     560       1.3677
     561       1.3171
     562       1.3876
     563       1.4104
     564       1.3815
     565       1.4004
     566       1.2749
     567       1.1989
     568       1.1096
     569       1.1848
     570       1.1577
     571       1.0931
     572       1.3204
     573       1.3431
     574       1.2260
     575       1.2183
     576       1.1789
     577       1.0833
     578       1.0882
     579       1.0788
     580       1.0877
     581       1.0328
     582       1.0698
     583       1.0681
     584       1.2850
     585       1.2275
     586       1.3267
     587       1.2850
     588       1.2952
     589       1.2676
     590       1.1934
     591       1.1644
     592       1.0441
     593       1.1582
     594       1.0328
     595       1.1734
     596       1.1608
     597       1.2340
     598       1.2334
     599       1.0485
     600       1.0922
     601       1.0172
     602       1.2353
     603       1.3391
     604       1.4576
     605       1.4482
     606       1.3237
     607       1.2830
     608       1.2715
     609       1.3767
     610       1.1794
     611       1.1619
     612       1.1780
     613       1.0821
     614       1.2738
     615       1.3879
     616       1.2791
     617       1.3504
     618       1.4296
     619       1.4246
     620       1.4690
     621       1.4534
     622       1.4544
     623       1.4817
     624       1.5368
     625       1.4064
     626       1.2207
     627       1.1911
     628       1.3340
     629       1.4014
     630       1.2455
     631       1.2207
     632       1.2715
     633       1.3279
     634       1.3999
     635       1.3055
     636       1.3196
     637       1.4128
     638       1.2944
     639       1.3195
     640       1.2949
     641       1.4218
     642       1.2539
     643       1.2050
     644       1.1452
     645       1.2341
     646       1.3161
     647       1.0064
     648       0.9376
     649       0.9569
     650       0.8639
     651       0.9728
     652       0.9555
     653       0.8522
     654       0.8833
     655       1.0057
     656       0.9726
     657       0.9344
     658       1.0123
     659       1.1459
     660       1.1597
     661       1.1015
     662       1.2185
     663       1.2337
     664       1.1008
     665       1.0544
     666       0.9946
     667       1.1142
     668       1.1434
     669       1.1108
     670       1.0139
     671       1.0951
     672       1.1476
     673       1.1717
     674       1.1314
     675       1.1140
     676       1.1481
     677       1.3641
     678       1.4024
     679       1.3674
     680       1.2229
     681       1.2225
     682       1.1769
     683       1.0748
     684       1.0239
     685       1.0313
     686       1.1039
     687       1.1038
     688       0.9941
     689       1.0525
     690       1.0302
     691       1.1198
     692       1.1600
     693       1.1028
     694       1.3263
     695       1.4471
     696       1.1755
     697       1.2839
     698       1.2743
     699       1.1515
     700       1.0568
     701       1.1876
     702       1.1731
     703       1.1562
     704       1.2122
     705       1.2416
     706       1.3313
     707       1.3411
     708       1.1693
     709       1.0992
     710       1.1642
     711       1.0454
     712       1.0368
     713       1.0011
     714       1.0941
     715       1.0758
     716       1.1057
     717       1.3028
     718       1.1147
     719       1.0967
     720       1.1364
     721       1.1239
     722       1.1744
     723       1.2483
     724       1.2253
     725       1.3680
     726       1.2256
     727       1.2849
     728       1.3377
     729       1.2315
     730       1.2375
     731       1.2079
     732       1.2492
     733       1.2026
     734       1.2620
     735       1.2172
     736       1.2521
     737       1.3549
     738       1.3797
     739       1.3763
     740       1.4368
     741       1.3946
     742       1.4024
     743       1.4083
     744       1.4987
     745       1.4384
     746       1.5132
     747       1.6684
     748       1.7603
     749       1.5649
     750       1.4910
     751       1.4618
     752       1.3803
     753       1.3292
     754       1.2232
     755       1.3128
     756       1.4217
     757       1.3764
     758       1.3797
     759       1.4256
     760       1.3135
     761       1.1412
     762       1.2770
     763       1.4362
     764       1.4347
     765       1.4313
     766       1.3265
     767       1.3074
     768       1.3747
     769       1.4689
     770       1.3865
     771       1.2885
     772       1.3020
     773       1.3446
     774       1.1874
     775       1.3345
     776       1.4577
     777       1.5996
     778       1.5819
     779       1.6200
     780       1.3864
     781       1.3597
     782       1.4311
     783       1.2391
     784       1.3784
     785       1.4724
     786       1.4743
     787       1.3350
     788       1.3385
     789       1.2352
     790       1.3422
     791       1.2549
     792       1.3334
     793       1.1945
     794       1.3033
     795       1.1604
     796       1.1328
     797       1.2306
     798       1.1706
     799       1.2019
     800       1.1340
     801       1.1891
     802       1.0966
     803       1.1718
     804       1.2170
     805       1.3915
     806       1.2940
     807       1.3066
     808       1.4177
     809       1.4998
     810       1.3481
     811       1.4931
     812       1.5233
     813       1.4740
     814       1.4154
     815       1.3770
     816       1.3572
     817       1.3663
     818       1.2950
     819       1.1711
     820       1.2885
     821       1.3531
     822       1.2816
     823       1.3102
     824       1.2572
     825       1.2250
     826       1.2169
     827       1.3340
     828       1.3242
     829       1.2444
     830       1.1796
     831       1.4097
     832       1.2098
     833       1.0907
     834       1.0969
     835       1.0384
     836       1.1630
     837       1.2153
     838       1.1366
     839       1.1145
     840       1.1868
     841       1.1788
     842       1.2152
     843       1.3443
     844       1.4716
     845       1.3449
     846       1.3837
     847       1.5158
     848       1.4933
     849       1.4347
     850       1.4803
     851       1.4600
     852       1.5323
     853       1.3959
     854       1.3097
     855       1.1953
     856       1.2198
     857       1.2373
     858       1.3659
     859       1.2806
     860       1.2736
     861       1.2053
     862       1.1951
     863       1.2512
     864       1.1277
     865       1.1718
     866       1.1049
     867       1.0831
     868       1.0697
     869       1.0520
     870       1.0003
     871       1.0375
     872       1.1761
     873       1.0849
     874       1.0582
     875       1.2058
     876       1.1076
     877       1.0848
     878       1.1112
     879       1.0891
     880       1.0900
     881       1.0011
     882       1.1103
     883       1.0753
     884       1.1534
     885       1.2086
     886       1.1920
     887       1.3941
     888       1.3505
     889       1.4636
     890       1.3212
     891       1.2612
     892       1.2519
     893       1.1066
     894       1.1097
     895       1.0739
     896       1.0458
     897       1.0596
     898       1.1930
     899       1.2127
     900       1.3655
     901       1.3160
     902       1.4979
     903       1.4202
     904       1.4187
     905       1.4752
     906       1.3745
     907       1.3379
     908       1.3060
     909       1.2940
     910       1.4188
     911       1.2219
     912       1.1011
     913       1.1200
     914       1.1150
     915       1.2263
     916       1.3653
     917       1.5385
     918       1.4110
     919       1.4431
     920       1.5123
     921       1.5926
     922       1.4301
     923       1.5705
     924       1.6967
     925       1.5525
     926       1.4687
     927       1.4680
     928       1.4757
     929       1.4625
     930       1.4314
     931       1.4042
     932       1.5026
     933       1.5188
     934       1.4309
     935       1.3238
     936       1.4020
     937       1.3423
     938       1.3426
     939       1.4304
     940       1.4591
     941       1.4582
     942       1.5525
     943       1.6406
     944       1.3692
     945       1.5484
     946       1.2609
     947       1.2741
     948       1.2792
     949       1.3751
     950       1.4823
     951       1.5149
     952       1.5134
     953       1.4272
     954       1.4106
     955       1.2623
     956       1.2215
     957       1.2420
     958       1.3839
     959       1.4525
     960       1.4324
     961       1.5230
     962       1.5472
     963       1.4314
     964       1.5254
     965       1.4916
     966       1.6400
     967       1.6645
     968       1.5201
     969       1.5738
     970       1.5502
     971       1.6060
     972       1.6840
     973       1.6198
     974       1.6015
     975       1.6050
     976       1.6629
     977       1.5522
     978       1.4598
     979       1.4288
     980       1.4490
     981       1.5354
     982       1.5760
     983       1.4431
     984       1.3465
     985       1.1517
     986       1.0567
     987       1.2820
     988       1.2645
     989       1.3949
     990       1.3459
     991       1.1370
     992       1.0985
     993       1.2510
     994       1.2582
     995       1.2414
     996       1.2679
     997       1.1576
     998       1.2414
     999       1.3100
    1000       1.3849
    1001       1.4069
    1002       1.2135
    1003       1.3019
    1004       1.1525
    1005       1.2405
    1006       1.2913
    1007       1.2665
    1008       1.2013
    1009       1.2703
    1010       1.4264
    1011       1.3269
    1012       1.2197
    1013       1.2347
    1014       1.1915
    1015       1.1381
    1016       1.2119
    1017       1.1927
    1018       1.1225
    1019       1.1834
    1020       1.2772
    1021       1.1602
    1022       1.3020
    1023       1.5119
    1024       1.4063
    1025       1.3739
    1026       1.4187
    1027       1.2490
    1028       1.3551
    1029       1.2827
    1030       1.2311
    1031       1.1246
    1032       1.2468
    1033       1.1632
    1034       1.1424
    1035       1.1685
    1036       1.2272
    1037       1.1178
    1038       1.2338
    1039       1.2718
    1040       1.2614
    1041       1.1354
    1042       1.2566
    1043       1.2353
    1044       1.2630
    1045       1.1866
    1046       1.3818
    1047       1.2983
    1048       1.2983
    1049       1.3219
    1050       1.2141
    1051       1.4049
    1052       1.4098
    1053       1.4523
    1054       1.3787
    1055       1.3552
    1056       1.3875
    1057       1.3152
    1058       1.2970
    1059       1.3217
    1060       1.4350
    1061       1.4275
    1062       1.2677
    1063       1.1440
    1064       1.1828
    1065       1.2692
    1066       1.2066
    1067       1.3089
    1068       1.1948
    1069       1.2317
    1070       1.1925
    1071       1.1320
    1072       1.1913
    1073       1.1251
    1074       1.2159
    1075       1.2728
    1076       1.1829
    1077       1.1939
    1078       1.2008
    1079       1.1085
    1080       1.4108
    1081       1.3059
    1082       1.2355
    1083       1.2946
    1084       1.2369
    1085       1.2752
    1086       1.3152
    1087       1.2007
    1088       1.2348
    1089       1.2245
    1090       1.0972
    1091       1.1752
    1092       1.0392
    1093       1.2183
    1094       1.3757
    1095       1.1857
    1096       1.2448
    1097       1.1616
    1098       1.2021
    1099       1.0787
    1100       1.1495
    1101       1.2132
    1102       1.2268
    1103       1.2993
    1104       1.1934
    1105       1.0940
    1106       1.2102
    1107       1.2363
    1108       1.1633
    1109       1.1552
    1110       1.2929
    1111       1.1667
    1112       1.1710
    1113       1.3012
    1114       1.3034
    1115       1.0345
    1116       1.0029
    1117       1.0016
    1118       1.0947
    1119       1.1019
    1120       1.1240
    1121       1.2568
    1122       0.9987
    1123       1.1122
    1124       1.1541
    1125       1.0568
    1126       1.1658
    1127       1.4641
    1128       1.4578
    1129       1.4815
    1130       1.3680
    1131       1.2831
    1132       1.3084
    1133       1.2454
    1134       1.2466
    1135       1.2915
    1136       1.2311
    1137       1.2870
    1138       1.1162
    1139       1.2520
    1140       1.1924
    1141       1.0715
    1142       1.1016
    1143       1.1383
    1144       1.1625
    1145       1.0450
    1146       0.9682
    1147       1.0250
    1148       1.0653
    1149       1.0397
    1150       1.1000
    1151       1.0587
    1152       1.0538
    1153       1.0904
    1154       1.2262
    1155       1.2248
    1156       1.2965
    1157       1.2339
    1158       1.2502
    1159       1.2549
    1160       1.2655
    1161       1.2543
    1162       1.3660
    1163       1.2761
    1164       1.1040
    1165       1.0349
    1166       1.0853
    1167       1.3527
    1168       1.1427
    1169       1.1832
    1170       1.2777
    1171       1.3334
    1172       1.4364
    1173       1.4501
    1174       1.3153
    1175       1.2087
    1176       1.1693
    1177       1.1157
    1178       1.2646
    1179       1.1790
    1180       1.1462
    1181       1.3995
    1182       1.3504
    1183       1.2820
    1184       1.1364
    1185       1.1810
    1186       1.1877
    1187       1.1734
    1188       1.1465
    1189       1.1603
    1190       1.1724
    1191       1.1029
    1192       1.2072
    1193       1.1184
    1194       1.1905
    1195       1.0982
    1196       1.2060
    1197       1.0560
    1198       1.2086
    1199       1.2548
    1200       1.2229
    1201       1.1173
    1202       1.0894
    1203       1.0903
    1204       1.3415
    1205       1.3212
    1206       1.2209
    1207       1.2644
    1208       1.3023
    1209       1.2759
    1210       1.3059
    1211       1.2765
    1212       1.1662
    1213       1.1511
    1214       1.1845
    1215       1.1426
    1216       1.0702
    1217       1.1379
    1218       1.1395
    1219       1.0862
    1220       1.1476
    1221       1.1479
    1222       1.0506
    1223       1.0548
    1224       1.0510
    1225       1.1429
    1226       1.2420
    1227       1.1443
    1228       1.0811
    1229       1.2370
    1230       1.1742
    1231       1.2222
    1232       1.1494
    1233       1.1988
    1234       1.2309
    1235       1.2979
    1236       1.1133
    1237       1.1722
    1238       1.2986
    1239       1.3772
    1240       1.2261
    1241       1.2170
    1242       1.2545
    1243       1.2078
    1244       1.2696
    1245       1.1239
    1246       1.3009
    1247       1.1480
    1248       1.2056
    1249       1.1372
    1250       1.1492
    1251       1.2605
    1252       1.1903
    1253       1.1988
    1254       1.1007
    1255       1.2293
    1256       1.0549
    1257       1.1840
    1258       1.3189
    1259       1.2505
    1260       1.4341
    1261       1.2474
    1262       1.2170
    1263       1.2770
    1264       1.3640
    1265       1.4977
    1266       1.4886
    1267       1.6614
    1268       1.3361
    1269       1.5573
    1270       1.5019
    1271       1.4882
    1272       1.4169
    1273       1.3883
    1274       1.3445
    1275       1.4377
    1276       1.4610
    1277       1.1902
    1278       1.0621
    1279       0.9847
    1280       1.0031
    1281       1.1731
    1282       1.0548
    1283       1.2339
    1284       1.1497
    1285       1.0916
    1286       1.0223
    1287       0.9999
    1288       1.1233
    1289       1.1732
    1290       1.2774
    1291       1.2567
    1292       1.1022
    1293       1.2104
    1294       1.2183
    1295       1.2180
    1296       1.1370
    1297       1.1974
    1298       1.0862
    1299       1.1738
    1300       1.2043
    1301       1.2053
    1302       1.2314
    1303       1.2070
    1304       1.2382
    1305       1.4238
    1306       1.4200
    1307       1.3397
    1308       1.3132
    1309       1.2380
    1310       1.1849
    1311       1.2529
    1312       1.2302
    1313       1.3220
    1314       1.3477
    1315       1.2816
    1316       1.3281
    1317       1.2855
    1318       1.1856
    1319       1.2994
    1320       1.2575
    1321       1.3233
    1322       1.4180
    1323       1.4281
    1324       1.3010
    1325       1.4507
    1326       1.4660
    1327       1.2853
    1328       1.3116
    1329       1.4779
    1330       1.4865
    1331       1.4879
    1332       1.4620
    1333       1.3077
    1334       1.3077
    1335       1.3050
    1336       1.3387
    1337       1.4043
    1338       1.4891
    1339       1.3970
    1340       1.3847
    1341       1.5205
    1342       1.6703
    1343       1.4720
    1344       1.4310
    1345       1.3952
    1346       1.4804
    1347       1.4858
    1348       1.4468
    1349       1.5576
    1350       1.5216
    1351       1.3711
    1352       1.4698
    1353       1.3411
    1354       1.5618
    1355       1.5560
    1356       1.6118
    1357       1.5491
    1358       1.4763
    1359       1.4358
    1360       1.4791
    1361       1.6343
    1362       1.6318
    1363       1.4549
    1364       1.5202
    1365       1.1640
    1366       1.2357
    1367       1.3204
    1368       1.4302
    1369       1.3616
    1370       1.3386
    1371       1.3513
    1372       1.2260
    1373       1.3446
    1374       1.1884
    1375       1.2424
    1376       1.2596
    1377       1.3122
    1378       1.2827
    1379       1.2483
    1380       1.4969
    1381       1.2571
    1382       1.2639
    1383       1.1459
    1384       1.1102
    1385       1.1794
    1386       1.1246
    1387       1.2936
    1388       1.2489
    1389       1.3141
    1390       1.0822
    1391       1.1553
    1392       1.0787
    1393       0.9985
    1394       1.0014
    1395       1.1231
    1396       1.0615
    1397       1.0916
    1398       1.0327
    1399       1.1868
    1400       0.9266
    1401       0.9702
    1402       0.9398
    1403       0.9970
    1404       1.1960
    1405       1.2387
    1406       1.0201
    1407       0.8907
    1408       0.9592
    1409       0.9545
    1410       0.9716
    1411       0.9696
    1412       1.1153
    1413       1.0579
    1414       1.1958
    1415       1.3917
    1416       1.1626
    1417       1.0975
    1418       1.1687
    1419       1.2350
    1420       1.2086
    1421       1.1803
    1422       1.0074
    1423       0.9946
    1424       0.9964
    1425       0.9171
    1426       1.0711
    1427       1.1090
    1428       1.1082
    1429       1.1013
    1430       1.0979
    1431       1.0237
    1432       1.1421
    1433       1.2466
    1434       1.1691
    1435       0.9939
    1436       1.0304
    1437       1.0852
    1438       0.9249
    1439       1.0559
    1440       1.1756
    1441       1.0861
    1442       1.1970
    1443       1.0790
    1444       1.1645
    1445       1.2369
    1446       1.1867
    1447       0.9684
    1448       0.9826
    1449       1.0624
    1450       1.0102
    1451       0.9566
    1452       0.9611
    1453       1.0360
    1454       1.0910
    1455       1.1543
    1456       1.0243
    1457       1.0455
    1458       0.9376
    1459       0.9343
    1460       1.0550
    1461       0.9656
    1462       0.9146
    1463       0.9569
    1464       0.9267
    1465       0.8938
    1466       1.0202
    1467       0.9710
    1468       0.9947
    1469       1.0212
    1470       1.0178
    1471       1.1199
    1472       0.9945
    1473       1.1312
    1474       0.8843
    1475       1.1261
    1476       1.1172
    1477       1.0756
    1478       1.1197
    1479       1.1477
    1480       1.1096
    1481       1.2049
    1482       1.1187
    1483       1.0918
    1484       1.0979
    1485       0.9932
    1486       1.0162
    1487       1.0024
    1488       1.0275
    1489       0.9381
    1490       1.0801
    1491       1.0326
    1492       1.1351
    1493       1.1388
    1494       0.9742
    1495       1.0617
    1496       1.1095
    1497       1.0515
    1498       1.1326
    1499       1.2176
    1500       1.0810
    1501       1.1507
    1502       1.0793
    1503       1.2829
    1504       1.1580
    1505       1.0885
    1506       0.9968
    1507       0.9454
    1508       0.9196
    1509       0.9726
    1510       1.1092
    1511       1.1750
    1512       1.1947
    1513       1.0964
    1514       1.1090
    1515       1.3072
    1516       1.0716
    1517       1.1842
    1518       1.1486
    1519       1.1945
    1520       1.1696
    1521       1.1863
    1522       1.1374
    1523       1.1785
    1524       1.0317
    1525       1.1485
    1526       1.2179
    1527       1.2169
    1528       1.1830
    1529       1.1789
    1530       1.0721
    1531       0.9995
    1532       1.0305
    1533       1.0606
    1534       1.1061
    1535       0.9324
    1536       0.9452
    1537       1.0067
    1538       1.1866
    1539       1.0908
    1540       1.0818
    1541       1.1367
    1542       1.1052
    1543       1.0042
    1544       0.9384
    1545       1.0444
    1546       1.1133
    1547       0.9951
    1548       1.0528
    1549       1.0764
    1550       1.1080
    1551       1.0799
    1552       1.1340
    1553       1.2121
    1554       1.2483
    1555       1.3119
    1556       1.2538
    1557       1.3860
    1558       1.2293
    1559       1.2718
    1560       1.2604
    1561       1.0908
    1562       1.0701
    1563       1.1335
    1564       1.2832
    1565       1.3204
    1566       1.2515
    1567       1.3467
    1568       1.3357
    1569       1.2504
    1570       1.4728
    1571       1.3459
    1572       1.4670
    1573       1.4228
    1574       1.3022
    1575       1.3357
    1576       1.3558
    1577       1.4274
    1578       1.3725
    1579       1.2273
    1580       1.3975
    1581       1.3303
    1582       1.3544
    1583       1.1762
    1584       1.3543
    1585       1.2577
    1586       1.3004
    1587       1.1875
    1588       1.1663
    1589       1.2898
    1590       1.2045
    1591       1.1881
    1592       1.0848
    1593       1.0542
    1594       0.9779
    1595       1.1072
    1596       1.0802
    1597       1.0702
    1598       1.1945
    1599       1.1812
    1600       1.2255
    1601       1.1869
    1602       1.0718
    1603       1.1347
    1604       1.0688
    1605       1.1020
    1606       1.1391
    1607       1.0958
    1608       1.2314
    1609       1.1797
    1610       1.1904
    1611       1.2843
    1612       1.3795
    1613       1.1442
    1614       1.1313
    1615       1.1326
    1616       1.3013
    1617       1.2277
    1618       1.3907
    1619       1.2119
    1620       1.2140
    1621       1.3249
    1622       1.2111
    1623       1.1043
    1624       1.0545
    1625       1.1905
    1626       1.0462
    1627       1.1927
    1628       1.3487
    1629       1.4057
    1630       1.3571
    1631       1.3009
    1632       1.2927
    1633       1.1938
    1634       1.1659
    1635       1.1566
    1636       1.2050
    1637       1.1804
    1638       1.2795
    1639       1.2641
    1640       1.2239
    1641       1.1404
    1642       1.3131
    1643       1.2057
    1644       1.3246
    1645       1.1804
    1646       1.3133
    1647       1.1798
    1648       1.0916
    1649       1.1580
    1650       1.2343
    1651       1.0934
    1652       1.2662
    1653       1.1697
    1654       1.2863
    1655       1.1493
    1656       1.0861
    1657       1.0081
    1658       1.1482
    1659       0.9337
    1660       1.1353
    1661       1.1235
    1662       1.0952
    1663       1.3112
    1664       1.3766
    1665       1.3085
    1666       1.3182
    1667       1.2816
    1668       1.4395
    1669       1.3116
    1670       1.2828
    1671       1.2067
    1672       1.2252
    1673       1.1312
    1674       1.2388
    1675       1.1994
    1676       1.0456
    1677       1.0944
    1678       1.1545
    1679       1.3329
    1680       1.1085
    1681       1.0800
    1682       1.1554
    1683       1.1573
    1684       1.1287
    1685       1.1443
    1686       1.0843
    1687       1.2174
    1688       1.2416
    1689       1.1955
    1690       1.2284
    1691       1.1927
    1692       1.1421
    1693       1.1454
    1694       1.2802
    1695       1.1228
    1696       1.1878
    1697       1.0750
    1698       1.1181
    1699       1.0343
    1700       1.0170
    1701       0.9520
    1702       1.0178
    1703       1.0429
    1704       1.0078
    1705       0.9384
    1706       1.0031
    1707       1.0231
    1708       0.9574
    1709       0.9763
    1710       0.9571
    1711       0.9959
    1712       0.9469
    1713       1.0118
    1714       1.0966
    1715       1.1036
    1716       1.0374
    1717       1.0202
    1718       0.9609
    1719       0.9818
    1720       1.0827
    1721       1.0758
    1722       1.0559
    1723       1.0578
    1724       1.1072
    1725       1.2611
    1726       1.2298
    1727       1.1816
    1728       1.2115
    1729       1.1051
    1730       0.9975
    1731       1.1113
    1732       1.0600
    1733       1.0689
    1734       1.0086
    1735       0.9609
    1736       0.9843
    1737       0.9635
    1738       1.0587
    1739       0.9918
    1740       1.0316
    1741       1.0549
    1742       1.0972
    1743       1.0532
    1744       1.2005
    1745       1.1599
    1746       1.1167
    1747       1.1970
    1748       1.0765
    1749       1.1084
    1750       1.1215
    1751       1.0234
    1752       1.3323
    1753       1.1822
    1754       1.3614
    1755       1.0683
    1756       1.0931
    1757       1.0656
    1758       0.9691
    1759       1.0046
    1760       0.9093
    1761       1.0494
    1762       1.0880
    1763       1.0351
    1764       1.0599
    1765       1.0108
    1766       1.0102
    1767       1.0505
    1768       1.0341
    1769       1.0752
    1770       1.1385
    1771       1.2150
    1772       1.2630
    1773       1.1924
    1774       1.1617
    1775       1.2584
    1776       1.1864
    1777       1.1421
    1778       1.2164
    1779       1.3000
    1780       1.1029
    1781       1.0897
    1782       1.1193
    1783       1.1967
    1784       1.1866
    1785       1.2693
    1786       1.1213
    1787       1.0607
    1788       1.0129
    1789       1.1098
    1790       1.1189
    1791       1.1530
    1792       1.0918
    1793       1.0651
    1794       1.0414
    1795       1.1079
    1796       1.0422
    1797       1.0517
    1798       1.0415
    1799       1.0947
    1800       1.1021
    1801       1.1682
    1802       1.1990
    1803       1.2066
    1804       1.2059
    1805       0.9825
    1806       1.0499
    1807       1.0581
    1808       1.1124
    1809       1.1994
    1810       1.0728
    1811       1.1606
    1812       1.2097
    1813       1.3071
    1814       1.0532
    1815       1.2836
    1816       1.1598
    1817       1.2218
    1818       1.1357
    1819       1.0160
    1820       1.0233
    1821       1.0674
    1822       0.9540
    1823       0.9713
    1824       1.0098
    1825       1.0743
    1826       1.1370
    1827       1.0232
    1828       0.9255
    1829       0.9151
    1830       1.0494
    1831       1.0050
    1832       0.9329
    1833       1.0008
    1834       0.8660
    1835       0.9032
    1836       0.9187
    1837       0.8983
    1838       0.8516
    1839       0.9582
    1840       0.8320
    1841       0.8498
    1842       0.8921
    1843       0.9011
    1844       0.9451
    1845       0.8331
    1846       0.8476
    1847       0.8924
    1848       0.9755
    1849       1.0070
    1850       0.9130
    1851       0.9734
    1852       0.8592
    1853       0.9960
    1854       0.8961
    1855       0.8805
    1856       0.9707
    1857       1.0350
    1858       1.1781
    1859       0.9156
    1860       0.8992
    1861       0.9322
    1862       0.9735
    1863       0.9586
    1864       0.8620
    1865       0.8522
    1866       0.9044
    1867       0.9276
    1868       1.0397
    1869       1.0827
    1870       1.1217
    1871       1.0019
    1872       1.0601
    1873       1.1043
    1874       1.0423
    1875       1.1393
    1876       0.9982
    1877       1.0204
    1878       0.9974
    1879       1.0305
    1880       0.8887
    1881       0.9272
    1882       1.0923
    1883       0.9337
    1884       0.9550
    1885       1.0066
    1886       1.0054
    1887       0.9584
    1888       0.9223
    1889       0.9548
    1890       0.8938
    1891       0.9022
    1892       0.9261
    1893       1.0595
    1894       0.9676
    1895       0.9662
    1896       0.9473
    1897       1.0734
    1898       1.0230
    1899       1.0009
    1900       1.0130
    1901       1.0098
    1902       1.0025
    1903       0.8475
    1904       0.9306
    1905       0.9088
    1906       1.0192
    1907       1.0533
    1908       0.8674
    1909       0.8935
    1910       0.9222
    1911       0.9958
    1912       0.9666
    1913       0.8828
    1914       0.9175
    1915       0.9689
    1916       0.9704
    1917       1.0491
    1918       0.9991
    1919       1.0562
    1920       0.9689
    1921       1.0389
    1922       0.8933
    1923       0.9831
    1924       1.0358
    1925       1.0646
    1926       0.9030
    1927       0.8949
    1928       0.9622
    1929       0.9429
    1930       1.0553
    1931       1.1398
    1932       1.1105
    1933       0.9430
    1934       0.9222
    1935       0.9530
    1936       0.9708
    1937       1.0216
    1938       0.9807
    1939       1.0574
    1940       1.1291
    1941       1.3347
    1942       1.2437
    1943       1.2015
    1944       1.0713
    1945       1.0733
    1946       1.1774
    1947       1.2821
    1948       1.1307
    1949       1.0820
    1950       0.9907
    1951       0.9219
    1952       0.8813
    1953       0.9053
    1954       0.8838
    1955       0.8372
    1956       0.8799
    1957       0.9343
    1958       0.8129
    1959       0.8951
    1960       0.9378
    1961       0.9858
    1962       0.9329
    1963       0.9979
    1964       1.0934
    1965       1.0487
    1966       0.9514
    1967       0.9152
    1968       1.1459
    1969       1.0347
    1970       1.0066
    1971       0.9099
    1972       0.9796
    1973       0.9901
    1974       0.9422
    1975       0.9902
    1976       0.9707
    1977       1.0940
    1978       0.9429
    1979       1.0380
    1980       1.1195
    1981       1.0083
    1982       1.0802
    1983       0.9544
    1984       1.1052
    1985       0.8856
    1986       1.1062
    1987       0.9606
    1988       0.8714
    1989       0.9961
    1990       0.9330
    1991       0.8675
    1992       0.9356
    1993       1.0143
    1994       1.0414
    1995       1.0255
    1996       1.0145
    1997       0.9842
    1998       1.0813
    1999       1.0378
    2000       0.9434
    2001       0.8823
    2002       0.9545
    2003       1.0625
    2004       0.9970
    2005       1.0343
    2006       1.2194
    2007       1.1160
    2008       1.1467
    2009       1.1757
    2010       1.1057
    2011       1.0595
    2012       0.9882
    2013       1.0230
    2014       0.9484
    2015       0.9705
    2016       1.0685
    2017       1.0581
    2018       1.1366
    2019       1.2182
    2020       1.1605
    2021       1.0296
    2022       1.0976
    2023       0.9427
    2024       0.9286
    2025       0.9345
    2026       1.1017
    2027       1.0715
    2028       1.1042
    2029       1.2153
    2030       1.2570
    2031       1.1040
    2032       1.0522
    2033       1.0486
    2034       0.9965
    2035       0.9768
    2036       0.9905
    2037       1.0404
    2038       1.0710
    2039       1.1194
    2040       1.0745
    2041       0.9259
    2042       1.0099
    2043       0.8894
    2044       0.9729
    2045       1.0347
    2046       0.9938
    2047       0.9760
    2048       0.9319
    2049       0.9557
    2050       0.8829
    2051       0.9350
    2052       0.9633
    2053       0.9005
    2054       0.8074
    2055       0.9164
    2056       0.8279
    2057       0.8779
    2058       0.9572
    2059       0.9418
    2060       0.8361
    2061       1.0229
    2062       0.9924
    2063       1.0196
    2064       1.1055
    2065       1.1233
    2066       1.0850
    2067       1.1023
    2068       1.0886
    2069       0.8893
    2070       0.9613
    2071       0.8386
    2072       0.9359
    2073       0.9418
    2074       0.9795
    2075       1.1486
    2076       1.0893
    2077       1.0378
    2078       0.9914
    2079       1.0141
    2080       1.1249
    2081       0.9504
    2082       0.9883
    2083       1.0122
    2084       0.8721
    2085       0.9459
    2086       0.9409
    2087       1.0986
    2088       1.0491
    2089       0.9580
    2090       0.9976
    2091       1.0101
    2092       0.8981
    2093       0.9924
    2094       0.9466
    2095       0.9335
    2096       1.0713
    2097       1.0180
    2098       1.0199
    2099       0.9792
    2100       0.8793
    2101       0.9760
    2102       1.0586
    2103       1.1144
    2104       0.9767
    2105       0.9534
    2106       0.8912
    2107       1.0148
    2108       0.9431
    2109       1.0012
    2110       1.0837
    2111       1.0014
    2112       1.0619
    2113       1.1798
    2114       1.0626
    2115       1.1584
    2116       1.1555
    2117       1.2021
    2118       1.1208
    2119       1.1527
    2120       1.0407
    2121       1.0116
    2122       1.0037
    2123       1.0284
    2124       1.0816
    2125       1.1659
    2126       1.1268
    2127       1.0613
    2128       1.0314
    2129       1.0501
    2130       1.0274
    2131       0.9818
    2132       1.0130
    2133       0.9969
    2134       0.9605
    2135       1.0116
    2136       0.9120
    2137       0.9693
    2138       0.9685
    2139       0.9465
    2140       0.9507
    2141       1.1167
    2142       1.0613
    2143       0.9794
    2144       1.0180
    2145       1.0621
    2146       1.0486
    2147       1.0582
    2148       1.1131
    2149       1.2696
    2150       1.1714
    2151       1.2526
    2152       1.2539
    2153       1.2080
    2154       1.0574
    2155       1.0924
    2156       0.9459
    2157       0.9959
    2158       0.9449
    2159       0.9959
    2160       0.9294
    2161       0.9615
    2162       1.0627
    2163       1.0869
    2164       0.9247
    2165       0.9828
    2166       0.9429
    2167       0.9067
    2168       0.8974
    2169       1.0171
    2170       0.9358
    2171       0.9116
    2172       1.0499
    2173       0.8948
    2174       0.8265
    2175       0.8758
    2176       1.0334
    2177       1.0128
    2178       0.9508
    2179       1.0732
    2180       0.8965
    2181       0.8902
    2182       0.9477
    2183       1.0752
    2184       1.0378
    2185       0.9565
    2186       1.0342
    2187       1.0824
    2188       0.9730
    2189       1.0249
    2190       0.9183
    2191       0.8766
    2192       0.9174
    2193       0.9363
    2194       0.9392
    2195       0.8974
    2196       0.9053
    2197       0.8488
    2198       0.9153
    2199       0.8813
    2200       0.8581
    2201       1.0520
    2202       0.8248
    2203       0.8098
    2204       0.9285
    2205       0.8890
    2206       0.8798
    2207       1.1039
    2208       1.1013
    2209       1.0757
    2210       1.0117
    2211       0.8927
    2212       0.9366
    2213       0.9310
    2214       0.8326
    2215       0.8219
    2216       0.7338
    2217       0.9101
    2218       0.8866
    2219       0.8737
    2220       0.8774
    2221       0.8437
    2222       0.9691
    2223       0.9391
    2224       0.9031
    2225       0.8666
    2226       0.9485
    2227       1.0650
    2228       0.9067
    2229       1.0524
    2230       1.0320
    2231       1.1213
    2232       1.0312
    2233       1.0742
    2234       1.2634
    2235       1.0748
    2236       0.9901
    2237       1.0391
    2238       1.0255
    2239       1.1172
    2240       0.9270
    2241       0.8723
    2242       0.9683
    2243       0.9109
    2244       0.9038
    2245       0.9581
    2246       0.9882
    2247       0.8729
    2248       0.9772
    2249       1.0534
    2250       0.9473
    2251       0.9070
    2252       0.8860
    2253       0.9017
    2254       0.9346
    2255       0.9113
    2256       0.9827
    2257       1.0822
    2258       1.0416
    2259       1.0400
    2260       1.0026
    2261       0.9421
    2262       1.0175
    2263       1.0728
    2264       0.9454
    2265       0.9782
    2266       0.8943
    2267       0.8326
    2268       0.8265
    2269       0.9109
    2270       0.8582
    2271       0.9453
    2272       0.9401
    2273       0.9064
    2274       0.9316
    2275       0.8938
    2276       0.9289
    2277       0.9224
    2278       0.8948
    2279       1.0286
    2280       0.8763
    2281       0.9819
    2282       0.9927
    2283       1.0847
    2284       1.1181
    2285       1.0811
    2286       0.9803
    2287       0.9858
    2288       0.8361
    2289       0.8677
    2290       0.8236
    2291       0.9003
    2292       0.8913
    2293       0.9358
    2294       0.8667
    2295       0.9439
    2296       0.9681
    2297       0.8858
    2298       0.9339
    2299       0.8282
    2300       0.8807
    2301       0.9066
    2302       0.8283
    2303       0.9645
    2304       1.0665
    2305       0.9809
    2306       1.1131
    2307       1.0137
    2308       1.0544
    2309       0.9984
    2310       0.9908
    2311       1.1593
    2312       1.0259
    2313       1.0581
    2314       0.9855
    2315       1.0511
    2316       1.0760
    2317       1.2124
    2318       1.0198
    2319       0.8757
    2320       1.0488
    2321       0.9476
    2322       0.9286
    2323       0.9771
    2324       1.0217
    2325       0.9701
    2326       1.0471
    2327       1.0349
    2328       1.1007
    2329       1.1247
    2330       1.0286
    2331       1.1707
    2332       1.0331
    2333       1.0267
    2334       1.0727
    2335       1.0043
    2336       1.0290
    2337       1.0088
    2338       1.0509
    2339       1.0254
    2340       1.0084
    2341       0.9729
    2342       0.9401
    2343       0.9881
    2344       0.9994
    2345       1.0179
    2346       1.0939
    2347       0.9563
    2348       1.0306
    2349       1.1484
    2350       1.1376
    2351       0.9904
    2352       1.0590
    2353       0.9850
    2354       0.9616
    2355       0.9117
    2356       0.8697
    2357       0.8680
    2358       0.8425
    2359       0.9173
    2360       0.9652
    2361       0.9330
    2362       0.9301
    2363       0.9056
    2364       0.9395
    2365       0.8969
    2366       0.8850
    2367       0.9248
    2368       0.9438
    2369       0.9405
    2370       0.9575
    2371       0.8961
    2372       0.8823
    2373       0.9001
    2374       0.9370
    2375       0.9789
    2376       1.0782
    2377       1.1004
    2378       1.1386
    2379       1.0287
    2380       1.0669
    2381       1.2582
    2382       1.2584
    2383       1.0804
    2384       0.9541
    2385       1.0300
    2386       1.0585
    2387       1.0944
    2388       1.2511
    2389       1.1460
    2390       1.2426
    2391       1.3304
    2392       1.3042
    2393       1.1309
    2394       1.1454
    2395       1.1602
    2396       1.0761
    2397       1.2044
    2398       1.0564
    2399       1.0919
    2400       1.2180
    2401       1.1032
    2402       1.0600
    2403       1.0594
    2404       0.9348
    2405       0.9073
    2406       0.8580
    2407       0.8724
    2408       0.9130
    2409       0.9145
    2410       1.0429
    2411       1.0593
    2412       1.1726
    2413       1.1168
    2414       0.9912
    2415       0.9007
    2416       0.9423
    2417       0.9000
    2418       0.9313
    2419       0.9088
    2420       0.9287
    2421       1.0349
    2422       0.9693
    2423       0.9388
    2424       0.9083
    2425       0.9567
    2426       0.8635
    2427       0.9185
    2428       0.9111
    2429       0.9986
    2430       0.9733
    2431       0.9621
    2432       0.9328
    2433       0.9708
    2434       1.0343
    2435       0.9227
    2436       0.9830
    2437       1.0012
    2438       0.9724
    2439       0.9186
    2440       0.9523
    2441       0.9533
    2442       1.0400
    2443       0.9965
    2444       0.9946
    2445       0.9786
    2446       0.9971
    2447       0.9176
    2448       1.0286
    2449       1.0157
    2450       0.9241
    2451       0.9583
    2452       0.9673
    2453       0.9050
    2454       0.9497
    2455       1.1286
    2456       1.0800
    2457       1.1624
    2458       0.9492
    2459       0.9243
    2460       0.8821
    2461       0.8878
    2462       0.8839
    2463       0.9354
    2464       0.8479
    2465       0.8796
    2466       0.8974
    2467       0.9627
    2468       0.9885
    2469       0.9039
    2470       0.9269
    2471       0.7485
    2472       0.8524
    2473       0.8919
    2474       0.9161
    2475       0.8804
    2476       0.9515
    2477       0.9372
    2478       0.9182
    2479       1.0738
    2480       0.9288
    2481       1.0153
    2482       1.0020
    2483       1.0626
    2484       0.9980
    2485       1.0273
    2486       1.0249
    2487       0.9307
    2488       0.8524
    2489       0.9656
    2490       0.9897
    2491       0.8567
    2492       0.7987
    2493       0.9228
    2494       0.8381
    2495       0.8104
    2496       0.7872
    2497       0.8174
    2498       0.8830
    2499       0.7957
    2500       0.8516
    2501       0.8674
    2502       0.9125
    2503       0.9352
    2504       0.8607
    2505       0.9361
    2506       0.8798
    2507       0.9747
    2508       0.8935
    2509       0.8793
    2510       0.7343
    2511       0.8164
    2512       0.7849
    2513       0.8140
    2514       0.8089
    2515       0.8869
    2516       0.9685
    2517       0.9805
    2518       1.0213
    2519       1.0503
    2520       0.9824
    2521       1.0088
    2522       0.9405
    2523       1.0521
    2524       1.0157
    2525       0.9788
    2526       1.1327
    2527       1.1147
    2528       1.0784
    2529       1.1161
    2530       1.3021
    2531       1.2618
    2532       1.3028
    2533       1.4686
    2534       1.4368
    2535       1.5845
    2536       1.3949
    2537       1.4199
    2538       1.4539
    2539       1.3194
    2540       1.4986
    2541       1.5088
    2542       1.3686
    2543       1.5602
    2544       1.3894
    2545       1.3265
    2546       1.1802
    2547       1.3384
    2548       1.3136
    2549       1.2843
    2550       1.4381
    2551       1.4096
    2552       1.2230
    2553       1.2818
    2554       1.3028
    2555       1.1968
    2556       1.2518
    2557       1.2489
    2558       1.3019
    2559       1.2953
    2560       1.2732
    2561       1.3659
    2562       1.2170
    2563       1.2444
    2564       1.1592
    2565       1.1515
    2566       1.2522
    2567       1.2255
    2568       1.1835
    2569       1.1941
    2570       1.2089
    2571       1.4354
    2572       1.1568
    2573       1.0981
    2574       1.1200
    2575       1.2533
    2576       1.3551
    2577       1.2625
    2578       1.1509
    2579       1.0669
    2580       1.1206
    2581       1.2752
    2582       1.2375
    2583       1.2021
    2584       1.1458
    2585       1.1205
    2586       1.1890
    2587       1.2140
    2588       1.1011
    2589       1.1621
    2590       1.0610
    2591       1.1058
    2592       1.0832
    2593       1.2347
    2594       1.2762
    2595       1.2560
    2596       1.0855
    2597       1.0999
    2598       1.0722
    2599       0.9473
    2600       1.0107
    2601       1.0863
    2602       1.0090
    2603       1.1442
    2604       1.1483
    2605       1.0682
    2606       1.0687
    2607       1.0855
    2608       1.0334
    2609       1.1174
    2610       1.0338
    2611       0.9294
    2612       1.0055
    2613       1.2005
    2614       1.1199
    2615       1.1025
    2616       1.1898
    2617       1.1241
    2618       1.1480
    2619       1.0483
    2620       0.9089
    2621       1.0201
    2622       0.9242
    2623       0.9845
    2624       0.9909
    2625       1.1795
    2626       1.1651
    2627       1.1822
    2628       1.1131
    2629       1.1726
    2630       1.1214
    2631       1.1256
    2632       1.1185
    2633       1.0906
    2634       1.1385
    2635       1.0753
    2636       1.0526
    2637       0.9876
    2638       0.9595
    2639       0.9617
    2640       0.8875
    2641       1.0046
    2642       1.0832
    2643       1.1200
    2644       1.2098
    2645       1.2976
    2646       1.3020
    2647       1.2414
    2648       1.1818
    2649       1.0206
    2650       0.8543
    2651       1.0859
    2652       0.9775
    2653       0.9194
    2654       0.8504
    2655       0.9412
    2656       0.9304
    2657       0.7714
    2658       0.8613
    2659       0.8606
    2660       0.8826
    2661       0.7956
    2662       0.9269
    2663       0.9681
    2664       0.9841
    2665       1.0517
    2666       1.0552
    2667       1.0783
    2668       1.0949
    2669       1.1855
    2670       0.8907
    2671       0.9332
    2672       0.9703
    2673       1.0068
    2674       0.9989
    2675       1.1381
    2676       1.0904
    2677       1.0833
    2678       1.1361
    2679       1.0900
    2680       1.1023
    2681       1.0777
    2682       1.1376
    2683       1.1637
    2684       1.1620
    2685       1.1077
    2686       1.0584
    2687       1.0898
    2688       1.1102
    2689       1.0553
    2690       1.2103
    2691       0.9896
    2692       1.0670
    2693       1.1380
    2694       1.1673
    2695       1.1782
    2696       1.2081
    2697       1.1727
    2698       1.0272
    2699       1.0708
    2700       1.0485
    2701       0.9612
    2702       1.0893
    2703       1.0869
    2704       1.0479
    2705       0.9801
    2706       1.0522
    2707       1.1832
    2708       1.1897
    2709       1.1347
    2710       1.1322
    2711       1.1619
    2712       1.2419
    2713       1.1746
    2714       1.1390
    2715       1.1101
    2716       1.2200
    2717       1.2483
    2718       1.2237
    2719       1.1846
    2720       1.2778
    2721       1.2457
    2722       1.1971
    2723       1.2247
    2724       1.0368
    2725       1.0303
    2726       0.9837
    2727       1.0299
    2728       1.0435
    2729       1.0427
    2730       1.0225
    2731       0.9631
    2732       0.9772
    2733       0.8909
    2734       0.9775
    2735       0.9160
    2736       0.9726
    2737       0.9839
    2738       1.0759
    2739       0.8912
    2740       0.9737
    2741       0.9386
    2742       0.9242
    2743       1.0133
    2744       1.0162
    2745       0.9489
    2746       0.9871
    2747       0.8448
    2748       0.9140
    2749       1.0343
    2750       1.0756
    2751       0.9955
    2752       1.1236
    2753       1.1205
    2754       1.1713
    2755       1.0732
    2756       1.0735
    2757       1.0642
    2758       1.0680
    2759       1.1047
    2760       1.0150
    2761       1.1190
    2762       1.0443
    2763       1.0621
    2764       1.0220
    2765       0.9723
    2766       0.9552
    2767       1.0568
    2768       1.1567
    2769       1.0127
    2770       1.1234
    2771       1.2350
    2772       1.1837
    2773       1.0887
    2774       1.1882
    2775       1.0762
    2776       1.0207
    2777       0.9176
    2778       0.8771
    2779       0.9139
    2780       0.9097
    2781       0.9110
    2782       0.8326
    2783       1.0499
    2784       1.0774
    2785       1.0554
    2786       1.1583
    2787       0.9825
    2788       0.9873
    2789       0.9357
    2790       0.9199
    2791       0.8240
    2792       0.9890
    2793       1.0152
    2794       1.0958
    2795       1.0769
    2796       1.0234
    2797       1.1163
    2798       1.0978
    2799       1.1124
    2800       1.0239
    2801       0.9793
    2802       1.0094
    2803       1.0473
    2804       1.1639
    2805       1.0842
    2806       0.9721
    2807       0.9715
    2808       0.9381
    2809       0.9852
    2810       0.9973
    2811       0.9864
    2812       0.9903
    2813       1.0864
    2814       0.9418
    2815       1.0059
    2816       1.0363
    2817       1.0676
    2818       0.9580
    2819       1.0726
    2820       0.9579
    2821       1.1846
    2822       1.1671
    2823       1.1524
    2824       1.2266
    2825       1.1876
    2826       1.2737
    2827       1.1359
    2828       1.1645
    2829       1.0653
    2830       1.1882
    2831       1.0481
    2832       1.0355
    2833       0.9840
    2834       0.9935
    2835       0.8676
    2836       0.9722
    2837       0.8746
    2838       0.9705
    2839       0.8660
    2840       0.9169
    2841       0.9229
    2842       0.9398
    2843       0.8045
    2844       0.7861
    2845       0.7396
    2846       0.8064
    2847       0.7927
    2848       0.9274
    2849       0.8225
    2850       0.8390
    2851       0.8837
    2852       0.8334
    2853       0.8623
    2854       0.9561
    2855       0.9105
    2856       0.8425
    2857       0.8090
    2858       0.8197
    2859       0.8822
    2860       0.7813
    2861       0.8345
    2862       0.8263
    2863       0.9051
    2864       0.8578
    2865       0.9018
    2866       0.8287
    2867       0.8685
    2868       0.8325
    2869       0.8311
    2870       0.7810
    2871       0.8667
    2872       0.8382
    2873       0.8810
    2874       0.9319
    2875       0.9338
    2876       0.9452
    2877       0.8944
    2878       0.8811
    2879       0.9769
    2880       0.8640
    2881       0.9139
    2882       0.9565
    2883       1.0436
    2884       0.9253
    2885       0.9969
    2886       1.0183
    2887       1.0463
    2888       1.0970
    2889       0.9410
    2890       0.9742
    2891       1.0269
    2892       1.0039
    2893       0.9698
    2894       0.9216
    2895       0.8384
    2896       0.9692
    2897       0.8043
    2898       0.7782
    2899       0.8310
    2900       0.8220
    2901       0.9205
    2902       0.9590
    2903       0.8624
    2904       0.8248
    2905       0.8297
    2906       0.9881
    2907       0.8692
    2908       0.9069
    2909       0.8915
    2910       0.8421
    2911       0.9094
    2912       0.8566
    2913       0.9094
    2914       0.9131
    2915       1.0312
    2916       0.9743
    2917       0.9213
    2918       0.8690
    2919       0.7977
    2920       0.8231
    2921       0.9365
    2922       0.8397
    2923       0.8364
    2924       0.8791
    2925       1.0172
    2926       0.9947
    2927       0.9750
    2928       0.9951
    2929       1.0220
    2930       1.0483
    2931       1.1547
    2932       1.1086
    2933       1.0563
    2934       0.9781
    2935       1.0267
    2936       0.9391
    2937       1.0598
    2938       0.9808
    2939       0.9430
    2940       1.0359
    2941       1.0838
    2942       1.1175
    2943       1.0942
    2944       1.0183
    2945       1.1699
    2946       1.0005
    2947       1.1374
    2948       1.1629
    2949       0.9861
    2950       0.9626
    2951       1.0589
    2952       0.9866
    2953       0.9650
    2954       1.0548
    2955       0.9311
    2956       0.9191
    2957       0.8936
    2958       0.8320
    2959       0.8857
    2960       0.8861
    2961       0.9510
    2962       0.9138
    2963       0.9762
    2964       1.0429
    2965       0.9941
    2966       0.8793
    2967       0.8314
    2968       0.8069
    2969       0.8222
    2970       0.8148
    2971       0.7855
    2972       0.8250
    2973       0.7888
    2974       0.8360
    2975       0.8363
    2976       0.8514
    2977       0.8739
    2978       0.9003
    2979       0.8401
    2980       0.8686
    2981       0.8448
    2982       0.9050
    2983       0.8430
    2984       0.8784
    2985       0.9136
    2986       0.8410
    2987       0.8530
    2988       0.9001
    2989       0.8800
    2990       0.8267
    2991       0.8141
    2992       0.8328
    2993       0.8879
    2994       0.9862
    2995       0.8666
    2996       0.8725
    2997       0.8774
    2998       1.0055
    2999       1.0984
    3000       0.9894
    3001       0.9377
    3002       0.9684
    3003       0.9572
    3004       0.8858
    3005       1.0541
    3006       0.9852
    3007       1.1035
    3008       1.0301
    3009       1.0258
    3010       0.8687
    3011       0.9767
    3012       0.9603
    3013       1.0572
    3014       1.1150
    3015       1.0251
    3016       1.0125
    3017       1.1111
    3018       0.9858
    3019       1.0298
    3020       1.1074
    3021       1.1125
    3022       0.9217
    3023       0.9786
    3024       1.0666
    3025       0.9661
    3026       0.9740
    3027       0.9150
    3028       0.9375
    3029       0.9991
    3030       0.8469
    3031       0.8512
    3032       0.9114
    3033       0.9710
    3034       0.9086
    3035       0.7565
    3036       0.7792
    3037       0.9365
    3038       0.8472
    3039       0.8514
    3040       0.8427
    3041       0.8271
    3042       0.9237
    3043       0.8950
    3044       0.8512
    3045       0.8336
    3046       0.8434
    3047       0.7810
    3048       0.8412
    3049       0.9523
    3050       0.9926
    3051       0.8101
    3052       0.8529
    3053       0.7536
    3054       0.8198
    3055       0.8203
    3056       0.8007
    3057       0.8042
    3058       0.7902
    3059       0.7758
    3060       0.9573
    3061       0.8090
    3062       0.8755
    3063       0.7787
    3064       0.8690
    3065       0.8428
    3066       0.7411
    3067       0.8048
    3068       0.9382
    3069       0.8394
    3070       0.9683
    3071       0.8934
    3072       0.9614
    3073       0.9787
    3074       0.8985
    3075       1.0238
    3076       1.0672
    3077       1.0482
    3078       0.9238
    3079       0.8174
    3080       0.8743
    3081       0.9161
    3082       0.9507
    3083       1.0178
    3084       1.0809
    3085       1.0397
    3086       1.1185
    3087       1.0392
    3088       0.9715
    3089       1.0382
    3090       1.1351
    3091       0.9452
    3092       1.0154
    3093       1.0996
    3094       0.9383
    3095       1.0434
    3096       1.1321
    3097       1.0432
    3098       0.9729
    3099       1.0693
    3100       1.0177
    3101       1.1220
    3102       1.1914
    3103       1.1196
    3104       1.1564
    3105       1.0361
    3106       1.0408
    3107       1.1371
    3108       1.1098
    3109       1.1302
    3110       1.0808
    3111       0.9653
    3112       1.0313
    3113       1.0573
    3114       0.9507
    3115       0.9669
    3116       1.0724
    3117       1.1225
    3118       1.0746
    3119       0.9770
    3120       0.8618
    3121       0.8302
    3122       0.8767
    3123       0.8836
    3124       1.0282
    3125       1.0555
    3126       1.0660
    3127       1.1025
    3128       1.0595
    3129       1.1157
    3130       0.8984
    3131       0.9307
    3132       0.9720
    3133       0.8462
    3134       0.9041
    3135       1.0288
    3136       0.8955
    3137       0.9020
    3138       0.8689
    3139       0.8647
    3140       0.9167
    3141       0.9337
    3142       0.8548
    3143       0.9177
    3144       1.0341
    3145       1.0213
    3146       0.8923
    3147       0.8788
    3148       1.0014
    3149       0.8776
    3150       0.8933
    3151       0.8900
    3152       0.9520
    3153       0.9036
    3154       1.0172
    3155       0.8911
    3156       0.8108
    3157       0.9632
    3158       0.9032
    3159       0.9568
    3160       1.0570
    3161       0.9839
    3162       0.8825
    3163       0.9359
    3164       0.9599
    3165       0.9143
    3166       0.9814
    3167       0.9714
    3168       0.9787
    3169       0.9639
    3170       1.0081
    3171       1.0466
    3172       1.1078
    3173       0.9822
    3174       0.8788
    3175       0.7931
    3176       0.8056
    3177       0.8750
    3178       0.9174
    3179       0.9211
    3180       0.9358
    3181       1.0385
    3182       0.9037
    3183       0.9017
    3184       0.9070
    3185       0.9360
    3186       0.9828
    3187       1.0324
    3188       1.2049
    3189       1.1986
    3190       1.2792
    3191       1.2367
    3192       1.2962
    3193       1.2720
    3194       1.2773
    3195       1.2470
    3196       1.2414
    3197       1.2032
    3198       1.2446
    3199       1.1495
    3200       1.2540
    3201       1.2305
    3202       1.1972
    3203       1.2770
    3204       1.2674
    3205       1.2417
    3206       1.2648
    3207       1.2749
    3208       1.3153
    3209       1.3495
    3210       1.3241
    3211       1.1575
    3212       1.0549
    3213       1.1175
    3214       1.1493
    3215       1.0831
    3216       1.1926
    3217       1.0887
    3218       0.9784
    3219       0.9512
    3220       0.9705
    3221       0.9100
    3222       1.0061
    3223       1.0021
    3224       0.9585
    3225       0.9765
    3226       0.9630
    3227       0.9030
    3228       0.9076
    3229       1.0044
    3230       1.0557
    3231       0.9521
    3232       0.9842
    3233       1.0536
    3234       0.9684
    3235       0.9783
    3236       1.0116
    3237       1.0677
    3238       1.1298
    3239       1.2498
    3240       1.0781
    3241       0.9611
    3242       0.9582
    3243       0.8027
    3244       0.8814
    3245       0.9425
    3246       0.9073
    3247       0.8325
    3248       0.8122
    3249       0.7664
    3250       0.8421
    3251       0.8044
    3252       0.8255
    3253       0.8148
    3254       0.9336
    3255       0.8078
    3256       0.7765
    3257       0.7769
    3258       0.8545
    3259       0.9265
    3260       1.1616
    3261       1.1961
    3262       1.1459
    3263       1.0946
    3264       1.1812
    3265       1.0323
    3266       0.9487
    3267       1.0804
    3268       1.0804
    3269       1.0773
    3270       1.0666
    3271       0.9903
    3272       1.0241
    3273       1.0398
    3274       1.0277
    3275       1.0576
    3276       1.0928
    3277       1.0319
    3278       1.0628
    3279       1.0112
    3280       1.1017
    3281       1.0699
    3282       1.0683
    3283       0.8857
    3284       1.1289
    3285       1.1408
    3286       1.1860
    3287       1.1941
    3288       1.1501
    3289       1.1115
    3290       1.0883
    3291       0.9711
    3292       0.9977
    3293       1.0307
    3294       1.0236
    3295       0.9367
    3296       1.0631
    3297       1.1360
    3298       1.0714
    3299       0.9399
    3300       1.0927
    3301       0.9733
    3302       1.0771
    3303       1.1665
    3304       1.0698
    3305       1.0212
    3306       1.3076
    3307       1.2166
    3308       1.1887
    3309       1.1519
    3310       1.1383
    3311       1.1535
    3312       1.1528
    3313       1.1641
    3314       1.0323
    3315       1.0669
    3316       1.1810
    3317       1.1520
    3318       1.1499
    3319       1.2590
    3320       1.1358
    3321       1.0887
    3322       0.8031
    3323       0.8920
    3324       1.0306
    3325       1.0315
    3326       1.0221
    3327       1.0312
    3328       1.0874
    3329       1.0226
    3330       1.0272
    3331       1.1046
    3332       1.1297
    3333       1.0956
    3334       0.9665
    3335       0.9458
    3336       0.8868
    3337       1.0174
    3338       1.0844
    3339       1.0986
    3340       1.1993
    3341       1.1655
    3342       0.9790
    3343       0.9013
    3344       1.1134
    3345       1.1715
    3346       1.1189
    3347       1.0339
    3348       1.0265
    3349       1.0926
    3350       1.0125
    3351       1.1710
    3352       1.2142
    3353       1.1213
    3354       1.1690
    3355       1.1584
    3356       1.0569
    3357       0.9427
    3358       0.9836
    3359       1.0728
    3360       1.1381
    3361       1.0444
    3362       1.1382
    3363       1.1699
    3364       1.0523
    3365       1.0682
    3366       1.2068
    3367       1.0038
    3368       0.9992
    3369       1.0272
    3370       1.1100
    3371       1.1160
    3372       1.1615
    3373       1.1180
    3374       1.1201
    3375       0.9784
    3376       1.1280
    3377       1.2079
    3378       1.1606
    3379       1.2625
    3380       1.0684
    3381       1.0672
    3382       1.1283
    3383       1.0058
    3384       1.2292
    3385       1.2528
    3386       1.1810
    3387       1.0978
    3388       1.0498
    3389       1.0025
    3390       0.9878
    3391       0.9611
    3392       1.0349
    3393       1.1322
    3394       1.2128
    3395       1.1143
    3396       1.1981
    3397       1.2667
    3398       1.1134
    3399       1.0707
    3400       0.9833
    3401       0.9137
    3402       0.9196
    3403       1.0438
    3404       1.1542
    3405       1.1750
    3406       1.1472
    3407       0.9838
    3408       1.1632
    3409       0.9259
    3410       1.0526
    3411       1.1208
    3412       1.0006
    3413       0.9161
    3414       0.9705
    3415       0.9919
    3416       1.0755
    3417       1.1394
    3418       1.0681
    3419       1.1664
    3420       1.1640
    3421       0.9700
    3422       0.8519
    3423       0.9882
    3424       0.7742
    3425       0.9153
    3426       0.9281
    3427       0.9470
    3428       1.0010
    3429       1.0230
    3430       1.0105
    3431       0.9041
    3432       0.9967
    3433       1.0234
    3434       0.8970
    3435       0.9170
    3436       0.9272
    3437       0.9337
    3438       0.9578
    3439       1.0811
    3440       0.9205
    3441       0.8988
    3442       0.9489
    3443       1.0024
    3444       1.0891
    3445       1.1561
    3446       1.1120
    3447       1.0959
    3448       1.0820
    3449       0.8936
    3450       0.9564
    3451       0.9493
    3452       0.9492
    3453       0.9801
    3454       1.0603
    3455       0.8848
    3456       0.8547
    3457       0.8646
    3458       0.9131
    3459       0.9525
    3460       0.8897
    3461       0.8456
    3462       0.9003
    3463       0.9899
    3464       0.9673
    3465       0.9005
    3466       1.0267
    3467       0.8548
    3468       0.7634
    3469       0.9056
    3470       0.9524
    3471       0.8908
    3472       1.0221
    3473       1.0140
    3474       0.9854
    3475       0.9590
    3476       1.0164
    3477       1.0568
    3478       0.9832
    3479       0.9261
    3480       0.9750
    3481       0.8722
    3482       0.8889
    3483       0.9320
    3484       0.9525
    3485       1.0392
    3486       0.9600
    3487       1.0550
    3488       0.8125
    3489       0.9220
    3490       0.8858
    3491       0.8823
    3492       0.8806
    3493       0.8845
    3494       0.9636
    3495       0.9272
    3496       0.8443
    3497       0.9421
    3498       0.8579
    3499       0.9701
    3500       0.9064
    3501       0.8813
    3502       0.8793
    3503       0.9244
    3504       0.8679
    3505       0.8748
    3506       0.8631
    3507       0.9417
    3508       0.9923
    3509       0.9409
    3510       0.8349
    3511       0.8229
    3512       0.9154
    3513       0.9748
    3514       0.9557
    3515       0.9529
    3516       0.9425
    3517       0.8922
    3518       0.7759
    3519       0.8344
    3520       0.9239
    3521       1.0495
    3522       0.9784
    3523       0.9284
    3524       1.0174
    3525       0.9733
    3526       0.8705
    3527       0.9047
    3528       0.9412
    3529       0.9454
    3530       0.8396
    3531       0.8205
    3532       0.7910
    3533       0.8377
    3534       0.8706
    3535       0.9340
    3536       1.0256
    3537       0.9835
    3538       0.8782
    3539       1.0118
    3540       0.8729
    3541       1.0071
    3542       1.1972
    3543       1.0129
    3544       0.9275
    3545       0.9418
    3546       0.8759
    3547       0.9033
    3548       0.8042
    3549       0.7859
    3550       0.8847
    3551       0.9402
    3552       0.9224
    3553       0.9315
    3554       0.9784
    3555       1.0162
    3556       0.9939
    3557       0.9870
    3558       0.9014
    3559       0.8889
    3560       0.9189
    3561       0.8198
    3562       0.9994
    3563       1.0897
    3564       1.0793
    3565       0.8854
    3566       0.9277
    3567       0.8904
    3568       0.8280
    3569       0.7496
    3570       0.8035
    3571       0.8724
    3572       0.7175
    3573       0.8259
    3574       0.8682
    3575       0.8133
    3576       0.8936
    3577       0.8963
    3578       0.8829
    3579       0.9289
    3580       0.8314
    3581       0.9673
    3582       0.8251
    3583       0.7949
    3584       0.8039
    3585       0.7001
    3586       0.7947
    3587       0.8343
    3588       0.8014
    3589       0.7864
    3590       0.7354
    3591       0.7987
    3592       0.8248
    3593       0.8473
    3594       0.8560
    3595       0.8002
    3596       0.8132
    3597       0.7250
    3598       0.8458
    3599       0.9382
    3600       0.8426
    3601       0.7795
    3602       0.7458
    3603       0.7222
    3604       0.8569
    3605       0.7739
    3606       0.7403
    3607       0.8515
    3608       0.7518
    3609       0.8584
    3610       0.7677
    3611       0.8683
    3612       0.9371
    3613       0.9472
    3614       0.8692
    3615       0.8518
    3616       0.7610
    3617       0.7903
    3618       0.8148
    3619       0.9033
    3620       0.8412
    3621       0.8648
    3622       0.8675
    3623       0.8218
    3624       0.8380
    3625       0.8582
    3626       0.8659
    3627       0.9550
    3628       0.9004
    3629       0.9862
    3630       0.9346
    3631       1.0125
    3632       0.8867
    3633       1.0541
    3634       1.0557
    3635       0.9580
    3636       0.9461
    3637       0.8945
    3638       0.8319
    3639       0.7961
    3640       0.8289
    3641       0.8208
    3642       0.8350
    3643       0.7521
    3644       0.8891
    3645       0.8973
    3646       0.9361
    3647       0.9422
    3648       1.0415
    3649       1.1047
    3650       1.1091
    3651       1.2110
    3652       1.0943
    3653       0.8954
    3654       0.9053
    3655       0.8403
    3656       0.9002
    3657       0.9494
    3658       0.8306
    3659       0.7961
    3660       0.9258
    3661       0.8743
    3662       0.8439
    3663       0.9362
    3664       1.0036
    3665       0.9168
    3666       0.8407
    3667       0.7598
    3668       0.7761
    3669       0.7691
    3670       0.8228
    3671       0.7948
    3672       0.8267
    3673       0.9047
    3674       0.8843
    3675       1.0123
    3676       0.8783
    3677       0.9591
    3678       0.8765
    3679       1.0623
    3680       0.9214
    3681       0.8659
    3682       0.8460
    3683       0.8678
    3684       0.9481
    3685       0.8989
    3686       0.9263
    3687       0.9811
    3688       0.8967
    3689       0.8611
    3690       0.7707
    3691       0.9078
    3692       0.9795
    3693       0.9119
    3694       0.8788
    3695       0.9695
    3696       0.9948
    3697       0.9759
    3698       0.9712
    3699       0.8900
    3700       1.1077
    3701       0.9968
    3702       0.9097
    3703       0.9213
    3704       0.8703
    3705       0.9946
    3706       0.9875
    3707       0.8191
    3708       0.8255
    3709       0.8975
    3710       0.8889
    3711       0.8535
    3712       0.8474
    3713       0.8899
    3714       0.7974
    3715       0.8025
    3716       0.8284
    3717       0.9162
    3718       0.9407
    3719       0.9144
    3720       0.8638
    3721       0.8779
    3722       0.8931
    3723       0.8681
    3724       0.9072
    3725       0.8507
    3726       0.9681
    3727       0.8732
    3728       0.9215
    3729       0.9982
    3730       0.8346
    3731       0.9417
    3732       0.8738
    3733       0.8117
    3734       0.7561
    3735       0.9094
    3736       0.9254
    3737       0.9473
    3738       1.1324
    3739       1.1190
    3740       1.0545
    3741       0.8984
    3742       0.9509
    3743       1.0793
    3744       1.0745
    3745       1.0746
    3746       1.1297
    3747       1.1288
    3748       1.0542
    3749       1.0351
    3750       0.8467
    3751       0.8286
    3752       0.7813
    3753       0.9127
    3754       0.9642
    3755       1.0319
    3756       0.9434
    3757       0.9831
    3758       0.8686
    3759       0.8710
    3760       0.9322
    3761       0.9281
    3762       0.8325
    3763       0.8028
    3764       0.7537
    3765       0.8009
    3766       0.8483
    3767       0.8600
    3768       0.8115
    3769       0.8888
    3770       0.8649
    3771       0.9540
    3772       0.9556
    3773       1.0261
    3774       1.0994
    3775       0.9753
    3776       1.0492
    3777       1.0072
    3778       1.0689
    3779       1.0751
    3780       1.1287
    3781       1.1656
    3782       1.0782
    3783       1.0615
    3784       1.0735
    3785       1.0238
    3786       1.0338
    3787       0.9479
    3788       0.9061
    3789       0.8796
    3790       0.8487
    3791       0.8841
    3792       0.9208
    3793       0.8496
    3794       0.8536
    3795       0.8978
    3796       0.8518
    3797       0.8519
    3798       0.8830
    3799       0.9000
    3800       0.9355
    3801       0.8670
    3802       0.8498
    3803       0.7930
    3804       0.7662
    3805       0.8734
    3806       0.9507
    3807       0.9780
    3808       0.8093
    3809       0.8803
    3810       0.8930
    3811       0.8750
    3812       0.9740
    3813       0.8210
    3814       0.7956
    3815       0.7306
    3816       0.8754
    3817       0.9121
    3818       0.7626
    3819       0.8144
    3820       0.8129
    3821       0.9044
    3822       0.8891
    3823       0.9462
    3824       0.8977
    3825       0.9671
    3826       0.8475
    3827       0.8297
    3828       0.8786
    3829       0.8226
    3830       0.8205
    3831       0.7267
    3832       0.8753
    3833       0.8959
    3834       0.9679
    3835       1.0665
    3836       0.9265
    3837       0.8641
    3838       0.8387
    3839       0.8669
    3840       0.9080
    3841       0.8748
    3842       0.8770
    3843       0.8689
    3844       0.8104
    3845       0.8814
    3846       0.8112
    3847       0.9527
    3848       0.9180
    3849       1.0100
    3850       1.0908
    3851       0.9783
    3852       0.9265
    3853       0.9795
    3854       0.8797
    3855       0.8537
    3856       0.8756
    3857       0.8234
    3858       0.8435
    3859       0.8783
    3860       0.8526
    3861       0.8881
    3862       0.8669
    3863       0.8618
    3864       0.7540
    3865       0.7734
    3866       0.7055
    3867       0.7160
    3868       0.8659
    3869       0.7839
    3870       0.9713
    3871       0.8420
    3872       0.8339
    3873       0.8496
    3874       0.8755
    3875       0.9948
    3876       0.9159
    3877       0.7261
    3878       0.7094
    3879       0.7862
    3880       0.8411
    3881       0.7945
    3882       0.7784
    3883       0.8083
    3884       0.8167
    3885       0.7932
    3886       0.8143
    3887       0.8253
    3888       0.8526
    3889       0.7920
    3890       0.8105
    3891       0.7991
    3892       0.8546
    3893       1.0628
    3894       0.9311
    3895       0.8648
    3896       0.9442
    3897       0.8923
    3898       0.7707
    3899       0.9079
    3900       0.8718
    3901       0.9655
    3902       1.0485
    3903       0.8284
    3904       0.8497
    3905       0.9080
    3906       0.7981
    3907       0.8456
    3908       0.7802
    3909       0.7857
    3910       0.8311
    3911       0.8857
    3912       0.8831
    3913       0.8341
    3914       0.8494
    3915       0.8678
    3916       0.8707
    3917       0.9716
    3918       1.0251
    3919       0.8821
    3920       0.8905
    3921       0.9094
    3922       0.7729
    3923       0.8227
    3924       0.8989
    3925       0.7850
    3926       0.8608
    3927       0.9889
    3928       0.9443
    3929       0.9286
    3930       0.8481
    3931       0.9380
    3932       0.9227
    3933       0.8088
    3934       0.7905
    3935       0.8738
    3936       0.8512
    3937       0.7859
    3938       0.8301
    3939       0.7103
    3940       0.6988
    3941       0.7980
    3942       0.8342
    3943       0.7978
    3944       0.7512
    3945       0.7841
    3946       0.7793
    3947       0.8673
    3948       0.9346
    3949       0.8711
    3950       0.8795
    3951       0.9720
    3952       0.9396
    3953       0.8976
    3954       0.7963
    3955       0.7329
    3956       0.8071
    3957       0.8205
    3958       0.7823
    3959       0.8581
    3960       0.8328
    3961       0.8109
    3962       0.9319
    3963       0.7501
    3964       0.8316
    3965       0.8619
    3966       0.8262
    3967       0.7401
    3968       0.7509
    3969       0.7738
    3970       0.8261
    3971       0.9068
    3972       0.8404
    3973       0.8315
    3974       0.9758
    3975       0.9375
    3976       0.8894
    3977       0.9955
    3978       1.0114
    3979       1.0105
    3980       0.8410
    3981       0.9728
    3982       0.9175
    3983       0.8773
    3984       0.8731
    3985       0.8294
    3986       0.9441
    3987       0.9236
    3988       0.8944
    3989       0.8745
    3990       0.8884
    3991       1.0256
    3992       0.9169
    3993       0.9040
    3994       0.7843
    3995       0.8222
    3996       0.8393
    3997       0.8110
    3998       0.8610
    3999       1.0438
    4000       0.8562
    4001       0.9891
    4002       0.9406
    4003       0.9230
    4004       0.9899
    4005       0.7947
    4006       0.8513
    4007       0.8292
    4008       0.8654
    4009       0.9913
    4010       0.8824
    4011       0.8884
    4012       0.8817
    4013       0.8709
    4014       0.9180
    4015       0.9557
    4016       0.9500
    4017       1.0016
    4018       0.8628
    4019       0.8222
    4020       0.8467
    4021       0.8034
    4022       0.8429
    4023       0.8437
    4024       0.7805
    4025       0.8787
    4026       0.7882
    4027       0.8008
    4028       0.9409
    4029       0.8868
    4030       0.8594
    4031       0.7509
    4032       0.7998
    4033       0.8249
    4034       0.8171
    4035       0.8092
    4036       0.7849
    4037       0.8587
    4038       0.7912
    4039       0.7954
    4040       0.8693
    4041       0.9180
    4042       0.9386
    4043       0.7623
    4044       0.8163
    4045       0.8138
    4046       0.7801
    4047       0.7898
    4048       0.8683
    4049       0.8247
    4050       0.8568
    4051       0.8277
    4052       0.8146
    4053       0.7872
    4054       0.8407
    4055       0.7834
    4056       0.8009
    4057       0.8233
    4058       0.8421
    4059       0.7662
    4060       0.8622
    4061       0.8827
    4062       0.8960
    4063       0.9415
    4064       0.8972
    4065       0.7414
    4066       0.7916
    4067       0.8176
    4068       0.8803
    4069       0.8839
    4070       0.9026
    4071       0.8602
    4072       1.0048
    4073       0.9224
    4074       0.9718
    4075       0.8652
    4076       0.8836
    4077       0.8697
    4078       0.7650
    4079       0.8080
    4080       0.8114
    4081       0.8556
    4082       0.9331
    4083       0.9637
    4084       1.0390
    4085       1.0384
    4086       1.0210
    4087       1.1002
    4088       1.0973
    4089       1.1856
    4090       1.1664
    4091       1.0533
    4092       1.2098
    4093       1.1615
    4094       1.0147
    4095       1.0359
    4096       1.3159
    4097       1.2845
    4098       1.4204
    4099       1.3600
    4100       1.3337
    4101       1.1574
    4102       1.1442
    4103       0.9913
    4104       1.0323
    4105       0.9950
    4106       1.0004
    4107       0.9888
    4108       0.8891
    4109       0.8459
    4110       0.9322
    4111       0.8204
    4112       0.8632
    4113       0.9082
    4114       0.8683
    4115       0.9305
    4116       0.9117
    4117       1.0331
    4118       1.1566
    4119       1.0606
    4120       1.1832
    4121       1.1376
    4122       1.1460
    4123       1.1155
    4124       0.9849
    4125       1.1578
    4126       1.2608
    4127       1.2160
    4128       1.0311
    4129       0.9901
    4130       1.0805
    4131       1.0524
    4132       1.0565
    4133       1.2309
    4134       1.1317
    4135       1.1905
    4136       1.1482
    4137       1.1736
    4138       1.0851
    4139       0.9413
    4140       1.1478
    4141       0.9860
    4142       1.0200
    4143       0.9279
    4144       0.7928
    4145       0.8687
    4146       0.9320
    4147       0.8597
    4148       0.8158
    4149       1.0066
    4150       0.8955
    4151       0.8824
    4152       0.9880
    4153       0.8331
    4154       0.7834
    4155       0.8538
    4156       0.8746
    4157       0.9474
    4158       0.8622
    4159       0.8458
    4160       0.9283
    4161       0.9149
    4162       0.9058
    4163       0.9247
    4164       0.9179
    4165       0.9503
    4166       0.9738
    4167       1.0275
    4168       1.1186
    4169       0.9539
    4170       1.0259
    4171       0.9668
    4172       0.7904
    4173       0.9949
    4174       1.0170
    4175       0.9615
    4176       1.1170
    4177       0.9457
    4178       1.1464
    4179       1.0553
    4180       1.0169
    4181       1.1035
    4182       1.0069
    4183       1.0876
    4184       1.1617
    4185       1.1677
    4186       1.0598
    4187       0.9624
    4188       1.0962
    4189       1.0696
    4190       1.1320
    4191       1.0856
    4192       1.0894
    4193       1.1324
    4194       1.0767
    4195       1.1186
    4196       1.0087
    4197       1.1777
    4198       1.1586
    4199       1.2114
    4200       1.2159
    4201       1.1811
    4202       1.0599
    4203       1.0511
    4204       1.0714
    4205       0.9427
    4206       1.1313
    4207       1.2242
    4208       1.2375
    4209       1.1749
    4210       1.1315
    4211       1.0433
    4212       1.1436
    4213       1.1041
    4214       0.9604
    4215       1.1745
    4216       1.0729
    4217       0.9251
    4218       1.0467
    4219       1.0358
    4220       1.2627
    4221       1.1989
    4222       1.2217
    4223       1.1775
    4224       1.2334
    4225       1.0126
    4226       1.0912
    4227       1.0545
    4228       1.1083
    4229       1.1064
    4230       1.0609
    4231       0.9506
    4232       0.9352
    4233       1.0049
    4234       1.0994
    4235       0.9693
    4236       1.0590
    4237       0.9670
    4238       0.8770
    4239       0.9377
    4240       0.9977
    4241       1.0189
    4242       0.9692
    4243       1.0013
    4244       1.0796
    4245       0.9083
    4246       1.0329
    4247       1.0540
    4248       0.8974
    4249       1.0329
    4250       1.0565
    4251       0.9327
    4252       0.9635
    4253       1.0603
    4254       0.9916
    4255       0.9528
    4256       0.9452
    4257       0.9649
    4258       1.0039
    4259       0.9635
    4260       1.0207
    4261       1.0783
    4262       1.0855
    4263       1.2013
    4264       1.1838
    4265       1.1025
    4266       1.3011
    4267       1.1064
    4268       0.9933
    4269       0.8466
    4270       0.8824
    4271       0.8058
    4272       0.8763
    4273       0.8579
    4274       0.8573
    4275       0.8297
    4276       1.0904
    4277       1.0595
    4278       0.9440
    4279       1.0373
    4280       0.9363
    4281       0.8130
    4282       0.8415
    4283       0.8374
    4284       0.8788
    4285       0.8994
    4286       0.8530
    4287       0.7990
    4288       0.9433
    4289       0.9759
    4290       0.9600
    4291       1.1182
    4292       1.0057
    4293       0.9916
    4294       1.0372
    4295       0.9152
    4296       0.9280
    4297       0.9646
    4298       0.8268
    4299       0.8868
    4300       0.8606
    4301       0.9030
    4302       0.8734
    4303       0.9131
    4304       0.9142
    4305       0.9493
    4306       0.9714
    4307       1.1040
    4308       1.1345
    4309       1.2718
    4310       1.1342
    4311       1.0784
    4312       1.1114
    4313       1.0134
    4314       0.9052
    4315       0.9136
    4316       1.0695
    4317       1.0106
    4318       1.0981
    4319       1.0852
    4320       1.1633
    4321       1.2172
    4322       1.2660
    4323       1.2179
    4324       1.3106
    4325       1.2958
    4326       1.2375
    4327       1.0975
    4328       1.1426
    4329       1.1272
    4330       1.1455
    4331       1.0853
    4332       0.9950
    4333       0.9059
    4334       0.9638
    4335       1.0335
    4336       1.1449
    4337       1.0856
    4338       1.0288
    4339       1.0112
    4340       1.1597
    4341       0.9946
    4342       1.1180
    4343       1.1730
    4344       1.2074
    4345       1.1800
    4346       0.9993
    4347       1.0555
    4348       1.1862
    4349       1.2966
    4350       1.0738
    4351       1.1485
    4352       1.2305
    4353       1.1902
    4354       1.2594
    4355       1.2853
    4356       1.3752
    4357       1.1695
    4358       1.1881
    4359       1.2142
    4360       1.1772
    4361       1.1968
    4362       1.2760
    4363       1.2629
    4364       1.2601
    4365       1.1559
    4366       1.3401
    4367       1.2330
    4368       1.1428
    4369       1.2727
    4370       1.1131
    4371       1.2323
    4372       1.3303
    4373       1.2910
    4374       1.4301
    4375       1.4996
    4376       1.4047
    4377       1.2607
    4378       1.3070
    4379       1.3471
    4380       1.3429
    4381       1.4278
    4382       1.4922
    4383       1.5030
    4384       1.4511
    4385       1.5045
    4386       1.3600
    4387       1.3099
    4388       1.2367
    4389       1.2932
    4390       1.1081
    4391       1.0145
    4392       1.1427
    4393       1.0976
    4394       0.9982
    4395       0.9681
    4396       0.9896
    4397       0.8848
    4398       1.2108
    4399       1.2312
    4400       1.1530
    4401       1.1200
    4402       1.0756
    4403       1.0611
    4404       1.1566
    4405       1.1982
    4406       1.0449
    4407       1.0912
    4408       1.0471
    4409       1.1313
    4410       1.0222
    4411       1.0271
    4412       1.0512
    4413       0.8913
    4414       0.9633
    4415       0.9794
    4416       0.9659
    4417       0.9186
    4418       1.1055
    4419       0.9100
    4420       0.9898
    4421       0.9041
    4422       0.9545
    4423       1.1209
    4424       0.9239
    4425       1.0336
    4426       1.0239
    4427       1.0257
    4428       1.0017
    4429       0.9811
    4430       0.9898
    4431       0.9730
    4432       0.9966
    4433       0.9678
    4434       0.9952
    4435       0.8525
    4436       0.8942
    4437       0.9594
    4438       0.9955
    4439       0.8318
    4440       0.8153
    4441       0.9019
    4442       0.8271
    4443       0.9485
    4444       0.9506
    4445       0.9026
    4446       0.9060
    4447       0.8841
    4448       0.9361
    4449       1.0263
    4450       1.0276
    4451       1.0544
    4452       1.0394
    4453       0.9560
    4454       1.0099
    4455       1.1379
    4456       1.0858
    4457       1.0348
    4458       1.1926
    4459       1.4147
    4460       1.4532
    4461       1.2260
    4462       1.0512
    4463       1.0296
    4464       1.2173
    4465       1.2189
    4466       1.2683
    4467       1.2097
    4468       1.1819
    4469       1.1737
    4470       1.1933
    4471       0.9052
    4472       1.1507
    4473       1.2439
    4474       1.4093
    4475       1.5146
    4476       1.4887
    4477       1.3167
    4478       1.0901
    4479       1.0942
    4480       0.9907
    4481       1.0175
    4482       0.9900
    4483       1.1211
    4484       1.0159
    4485       0.9902
    4486       1.1030
    4487       1.0538
    4488       0.9540
    4489       0.9103
    4490       0.8721
    4491       1.0813
    4492       1.1087
    4493       1.0356
    4494       1.0197
    4495       0.9384
    4496       0.8786
    4497       0.9758
    4498       1.0420
    4499       0.9035
    4500       0.8058
    4501       0.8175
    4502       0.8609
    4503       0.8747
    4504       0.8737
    4505       0.9007
    4506       0.9547
    4507       0.9902
    4508       0.9562
    4509       0.9051
    4510       0.8204
    4511       0.9158
    4512       0.9032
    4513       0.9177
    4514       0.8171
    4515       0.8303
    4516       0.9214
    4517       0.9420
    4518       0.8880
    4519       0.9442
    4520       0.9824
    4521       0.9537
    4522       0.9154
    4523       0.9696
    4524       0.9507
    4525       0.9908
    4526       0.9216
    4527       1.0454
    4528       1.0935
    4529       1.0470
    4530       1.1038
    4531       1.1123
    4532       1.0550
    4533       0.9886
    4534       0.9601
    4535       0.9988
    4536       1.0019
    4537       1.0352
    4538       0.9364
    4539       0.9376
    4540       1.0315
    4541       1.0028
    4542       1.0864
    4543       1.0822
    4544       1.0275
    4545       1.0075
    4546       1.0818
    4547       1.0697
    4548       1.1432
    4549       1.2249
    4550       1.3178
    4551       1.4597
    4552       1.3754
    4553       1.3289
    4554       1.2985
    4555       1.2644
    4556       1.3908
    4557       1.3306
    4558       1.1088
    4559       1.3167
    4560       1.3061
    4561       1.3381
    4562       1.3151
    4563       1.3615
    4564       1.3681
    4565       1.4591
    4566       1.4765
    4567       1.5022
    4568       1.2542
    4569       1.3547
    4570       1.5090
    4571       1.4284
    4572       1.4947
    4573       1.3917
    4574       1.2764
    4575       1.3188
    4576       1.4538
    4577       1.3905
    4578       1.3327
    4579       1.4040
    4580       1.2634
    4581       1.4018
    4582       1.3250
    4583       1.1043
    4584       1.1015
    4585       1.2526
    4586       1.1474
    4587       1.0128
    4588       1.1256
    4589       1.0194
    4590       1.0866
    4591       1.0102
    4592       1.0511
    4593       0.8149
    4594       0.9324
    4595       0.9527
    4596       0.9766
    4597       0.9264
    4598       0.9302
    4599       0.7833
    4600       0.9185
    4601       0.9255
    4602       0.9254
    4603       0.9441
    4604       1.0140
    4605       0.9963
    4606       1.0918
    4607       1.0599
    4608       0.9467
    4609       1.0764
    4610       1.0389
    4611       1.0984
    4612       0.9762
    4613       1.0140
    4614       0.9842
    4615       1.0639
    4616       1.0189
    4617       0.9904
    4618       0.9725
    4619       0.9180
    4620       0.9518
    4621       0.8889
    4622       0.9968
    4623       0.9486
    4624       0.9222
    4625       0.9083
    4626       0.8488
    4627       0.9189
    4628       0.9439
    4629       1.0895
    4630       0.9970
    4631       0.9340
    4632       0.9773
    4633       0.9985
    4634       1.0281
    4635       0.9035
    4636       0.7532
    4637       0.8538
    4638       0.8582
    4639       0.7904
    4640       0.8934
    4641       0.9503
    4642       1.0107
    4643       1.0030
    4644       0.9584
    4645       0.9150
    4646       0.8598
    4647       0.8765
    4648       0.9539
    4649       0.8793
    4650       1.0790
    4651       0.9299
    4652       0.9151
    4653       0.8416
    4654       0.9171
    4655       0.8759
    4656       0.8178
    4657       0.8955
    4658       0.8329
    4659       0.8499
    4660       0.9419
    4661       0.9222
    4662       0.8449
    4663       0.9348
    4664       0.8603
    4665       0.9084
    4666       0.9820
    4667       1.0975
    4668       1.0196
    4669       0.9451
    4670       1.0213
    4671       1.0786
    4672       1.0019
    4673       1.1337
    4674       1.1157
    4675       0.9503
    4676       0.9812
    4677       0.9332
    4678       0.9410
    4679       0.8976
    4680       0.9569
    4681       1.0028
    4682       1.0054
    4683       0.9167
    4684       0.9843
    4685       0.9608
    4686       0.8221
    4687       0.8319
    4688       0.8500
    4689       0.8717
    4690       0.7831
    4691       0.8702
    4692       0.7888
    4693       0.7888
    4694       0.8390
    4695       0.7535
    4696       0.7787
    4697       0.8881
    4698       1.0274
    4699       0.8684
    4700       0.8572
    4701       0.7644
    4702       0.7324
    4703       0.7709
    4704       0.9123
    4705       0.8841
    4706       0.9327
    4707       0.8784
    4708       0.8545
    4709       0.8496
    4710       0.7535
    4711       0.7872
    4712       0.7090
    4713       0.7637
    4714       0.7515
    4715       0.7909
    4716       0.8593
    4717       0.9090
    4718       0.8993
    4719       0.8727
    4720       0.9061
    4721       0.8528
    4722       0.8751
    4723       0.8121
    4724       0.8458
    4725       0.8295
    4726       0.8453
    4727       0.9271
    4728       0.9566
    4729       0.9538
    4730       0.9189
    4731       0.8428
    4732       0.7902
    4733       0.8123
    4734       0.8781
    4735       0.8853
    4736       0.8971
    4737       0.9245
    4738       0.8966
    4739       0.9064
    4740       0.7986
    4741       0.9482
    4742       1.0490
    4743       0.9562
    4744       0.7791
    4745       0.9146
    4746       0.8945
    4747       0.9330
    4748       0.8723
    4749       0.9652
    4750       0.9345
    4751       0.9612
    4752       0.9289
    4753       1.0194
    4754       1.0784
    4755       0.9647
    4756       0.8934
    4757       0.8221
    4758       0.8353
    4759       0.8882
    4760       0.8673
    4761       0.8162
    4762       0.8364
    4763       0.8953
    4764       0.8495
    4765       0.9190
    4766       0.9118
    4767       0.9037
    4768       0.8800
    4769       0.8847
    4770       0.9021
    4771       0.9487
    4772       0.9723
    4773       0.8917
    4774       1.0383
    4775       0.9576
    4776       0.9359
    4777       0.9197
    4778       1.0418
    4779       0.9304
    4780       0.9589
    4781       0.9519
    4782       0.8690
    4783       0.8872
    4784       0.9176
    4785       0.9442
    4786       0.8449
    4787       0.8131
    4788       0.7801
    4789       0.8045
    4790       0.8561
    4791       0.7475
    4792       0.9263
    4793       0.8388
    4794       0.8000
    4795       0.7358
    4796       0.8072
    4797       0.7683
    4798       0.8266
    4799       0.7548
    4800       0.7898
    4801       0.8488
    4802       0.9662
    4803       0.8632
    4804       0.9465
    4805       0.8355
    4806       0.8026
    4807       0.9879
    4808       0.9817
    4809       1.0414
    4810       0.9586
    4811       0.8776
    4812       0.9403
    4813       0.8532
    4814       0.8548
    4815       1.0051
    4816       0.9762
    4817       0.9603
    4818       0.9875
    4819       0.9518
    4820       1.0432
    4821       1.1251
    4822       1.0899
    4823       1.0843
    4824       0.9934
    4825       1.0606
    4826       0.9847
    4827       0.9858
    4828       1.0547
    4829       0.9439
    4830       0.9220
    4831       0.8807
    4832       0.8927
    4833       0.9177
    4834       0.7812
    4835       0.8663
    4836       0.8222
    4837       0.8907
    4838       0.8621
    4839       0.8458
    4840       0.9253
    4841       1.0546
    4842       1.1168
    4843       1.0309
    4844       0.9769
    4845       1.0221
    4846       0.8983
    4847       0.8786
    4848       0.9935
    4849       1.0051
    4850       1.0439
    4851       0.9287
    4852       0.9247
    4853       1.0614
    4854       1.0624
    4855       1.0856
    4856       1.0444
    4857       1.0752
    4858       1.0933
    4859       1.1232
    4860       1.1419
    4861       1.0436
    4862       0.9255
    4863       0.9394
    4864       0.8959
    4865       0.9235
    4866       0.8983
    4867       0.8618
    4868       0.8275
    4869       0.8894
    4870       0.9543
    4871       0.9627
    4872       0.8939
    4873       0.9296
    4874       0.8487
    4875       0.9039
    4876       1.0299
    4877       0.8796
    4878       0.9469
    4879       0.9394
    4880       1.0086
    4881       0.9245
    4882       0.9260
    4883       0.8594
    4884       0.9212
    4885       0.8418
    4886       0.8582
    4887       0.9322
    4888       0.8986
    4889       0.8779
    4890       0.8850
    4891       0.8231
    4892       0.8471
    4893       0.8567
    4894       0.9448
    4895       0.9318
    4896       0.9396
    4897       0.8598
    4898       0.8225
    4899       0.9268
    4900       0.8766
    4901       0.8354
    4902       0.8680
    4903       0.8013
    4904       0.8671
    4905       0.9431
    4906       0.9800
    4907       0.8839
    4908       0.9190
    4909       1.0073
    4910       0.9343
    4911       0.9837
    4912       1.0410
    4913       0.9975
    4914       0.8039
    4915       0.9219
    4916       0.9990
    4917       0.9676
    4918       0.7921
    4919       0.8594
    4920       0.8770
    4921       0.8312
    4922       0.8239
    4923       0.8950
    4924       0.8488
    4925       0.8600
    4926       0.8132
    4927       0.9376
    4928       0.8741
    4929       0.7605
    4930       0.8218
    4931       0.8282
    4932       0.8306
    4933       0.7892
    4934       0.8702
    4935       0.8929
    4936       0.8529
    4937       0.9121
    4938       0.7919
    4939       0.8361
    4940       0.7493
    4941       0.9078
    4942       1.0087
    4943       0.8569
    4944       0.8554
    4945       0.9351
    4946       0.9562
    4947       0.9254
    4948       0.9002
    4949       0.9071
    4950       1.1010
    4951       1.0705
    4952       0.9203
    4953       0.9898
    4954       1.0356
    4955       1.0223
    4956       0.9448
    4957       0.8930
    4958       0.8365
    4959       0.8063
    4960       0.8637
    4961       0.9092
    4962       0.8217
    4963       0.8678
    4964       0.8861
    4965       0.8786
    4966       0.8371
    4967       0.8133
    4968       0.8125
    4969       0.9002
    4970       0.9049
    4971       0.9298
    4972       0.9290
    4973       1.0237
    4974       0.9575
    4975       0.8421
    4976       0.8339
    4977       0.8804
    4978       0.8212
    4979       0.9179
    4980       0.9286
    4981       0.9789
    4982       0.9857
    4983       0.9345
    4984       0.8243
    4985       0.8969
    4986       1.0352
    4987       0.8987
    4988       0.9493
    4989       0.9507
    4990       1.0027
    4991       0.9687
    4992       0.9404
    4993       0.9178
    4994       0.9245
    4995       0.9322
    4996       0.8708
    4997       0.8464
    4998       0.8910
    4999       0.8486
    5000       0.7963
    5001       0.8684
    5002       0.8904
    5003       1.0149
    5004       0.9449
    5005       0.9536
    5006       0.8427
    5007       0.9141
    5008       0.7989
    5009       0.8963
    5010       0.8986
    5011       0.9440
    5012       0.8301
    5013       0.8974
    5014       0.9145
    5015       0.8298
    5016       0.8577
    5017       0.8238
    5018       0.8533
    5019       0.8107
    5020       0.9698
    5021       0.9486
    5022       0.9687
    5023       0.9601
    5024       0.9933
    5025       0.9231
    5026       0.9389
    5027       0.9121
    5028       1.0324
    5029       0.8848
    5030       0.8645
    5031       0.9351
    5032       0.9535
    5033       1.0292
    5034       0.8463
    5035       0.9850
    5036       0.8953
    5037       0.9172
    5038       0.8102
    5039       0.8088
    5040       0.8053
    5041       1.0374
    5042       0.9936
    5043       0.9809
    5044       0.9636
    5045       1.0815
    5046       0.9789
    5047       0.9799
    5048       0.9040
    5049       0.9943
    5050       0.9660
    5051       1.0387
    5052       0.9159
    5053       0.9506
    5054       0.9435
    5055       0.9859
    5056       0.9460
    5057       1.1236
    5058       1.0276
    5059       1.0601
    5060       1.0563
    5061       0.9196
    5062       0.9847
    5063       0.9730
    5064       1.0007
    5065       0.9518
    5066       0.9604
    5067       0.9078
    5068       1.0554
    5069       1.0139
    5070       0.9261
    5071       0.9516
    5072       0.7925
    5073       0.8717
    5074       0.8566
    5075       0.8394
    5076       0.8638
    5077       0.9024
    5078       0.8514
    5079       0.9505
    5080       0.8694
    5081       1.0188
    5082       0.9619
    5083       0.8687
    5084       0.8982
    5085       0.8994
    5086       0.9561
    5087       0.8245
    5088       0.9419
    5089       0.9407
    5090       0.9303
    5091       0.9834
    5092       0.8369
    5093       0.9260
    5094       0.9346
    5095       0.9336
    5096       0.9296
    5097       0.8720
    5098       0.9256
    5099       0.9415
    5100       0.9502
    5101       0.9525
    5102       0.9525
    5103       0.8837
    5104       0.8975
    5105       0.9260
    5106       1.0253
    5107       0.9425
    5108       0.9523
    5109       0.9791
    5110       0.9058
    5111       0.8995
    5112       0.9110
    5113       0.8547
    5114       0.9465
    5115       0.9861
    5116       0.9451
    5117       0.9091
    5118       0.9264
    5119       0.8408
    5120       0.8093
    5121       0.8521
    5122       0.8455
    5123       0.8363
    5124       0.9152
    5125       0.9212
    5126       0.9370
    5127       0.8722
    5128       0.8437
    5129       0.9173
    5130       0.8864
    5131       0.8745
    5132       0.8413
    5133       0.9170
    5134       0.9394
    5135       0.8325
    5136       0.8916
    5137       1.0340
    5138       0.9813
    5139       1.1955
    5140       1.1377
    5141       1.0390
    5142       1.0039
    5143       1.0846
    5144       1.1465
    5145       1.1851
    5146       1.0550
    5147       1.1208
    5148       1.0029
    5149       0.9718
    5150       1.0143
    5151       0.9829
    5152       1.0615
    5153       1.1043
    5154       1.0293
    5155       1.0158
    5156       1.0565
    5157       1.2302
    5158       1.1921
    5159       1.2610
    5160       1.1726
    5161       1.1771
    5162       1.0923
    5163       1.1184
    5164       1.1211
    5165       0.9883
    5166       1.0247
    5167       0.9961
    5168       0.9622
    5169       0.9891
    5170       1.0117
    5171       1.0327
    5172       0.9357
    5173       0.9895
    5174       0.9339
    5175       1.0433
    5176       0.9996
    5177       0.9833
    5178       0.9120
    5179       0.9444
    5180       0.9369
    5181       0.9306
    5182       0.8804
    5183       0.9141
    5184       0.9174
    5185       0.8260
    5186       1.0013
    5187       0.9511
    5188       0.9595
    5189       1.0138
    5190       0.9447
    5191       0.8996
    5192       0.8599
    5193       0.9213
    5194       1.0309
    5195       0.8540
    5196       0.8713
    5197       0.7921
    5198       0.8817
    5199       1.0397
    5200       0.9146
    5201       1.0833
    5202       1.2681
    5203       1.1532
    5204       1.0594
    5205       1.0469
    5206       1.0821
    5207       1.1297
    5208       1.2365
    5209       1.1730
    5210       1.0683
    5211       1.1518
    5212       1.1783
    5213       1.2883
    5214       1.1543
    5215       1.1376
    5216       1.2401
    5217       1.1625
    5218       1.1327
    5219       1.1955
    5220       1.2191
    5221       1.1394
    5222       1.2139
    5223       1.1762
    5224       0.9971
    5225       1.0178
    5226       1.0456
    5227       0.9831
    5228       0.9960
    5229       0.9652
    5230       1.0829
    5231       1.0996
    5232       1.0713
    5233       1.1107
    5234       1.1218
    5235       1.0435
    5236       1.1990
    5237       1.1368
    5238       1.0341
    5239       1.0385
    5240       0.9890
    5241       0.9214
    5242       1.1035
    5243       1.0846
    5244       1.2046
    5245       1.2180
    5246       1.3023
    5247       1.2067
    5248       1.1913
    5249       1.1873
    5250       1.1530
    5251       1.0583
    5252       1.1106
    5253       1.2075
    5254       1.1848
    5255       1.2029
    5256       1.2043
    5257       1.1733
    5258       1.2701
    5259       1.2320
    5260       1.2735
    5261       1.1761
    5262       1.1300
    5263       1.0315
    5264       0.9412
    5265       0.9078
    5266       0.9400
    5267       0.9272
    5268       1.0068
    5269       0.9714
    5270       1.1243
    5271       1.1159
    5272       1.1636
    5273       1.3201
    5274       1.2340
    5275       1.0788
    5276       1.0750
    5277       0.9979
    5278       1.0969
    5279       1.1002
    5280       1.0266
    5281       1.0845
    5282       1.1478
    5283       1.0506
    5284       1.1217
    5285       1.2051
    5286       1.3452
    5287       1.3038
    5288       1.3755
    5289       1.4331
    5290       1.4442
    5291       1.3939
    5292       1.3698
    5293       1.3351
    5294       1.1038
    5295       1.3097
    5296       1.2624
    5297       1.2333
    5298       1.2530
    5299       1.2310
    5300       1.1092
    5301       1.2956
    5302       1.1960
    5303       1.3635
    5304       1.1526
    5305       1.1456
    5306       1.2859
    5307       1.2710
    5308       1.2171
    5309       1.2629
    5310       1.2216
    5311       1.2601
    5312       1.2564
    5313       1.2209
    5314       1.1945
    5315       1.0665
    5316       1.1907
    5317       1.2579
    5318       1.2978
    5319       1.2331
    5320       1.2141
    5321       1.0550
    5322       0.9705
    5323       1.0809
    5324       1.1030
    5325       1.0445
    5326       0.9266
    5327       1.0091
    5328       1.0673
    5329       0.9704
    5330       0.9127
    5331       0.8859
    5332       0.9221
    5333       0.9963
    5334       0.8973
    5335       0.9571
    5336       1.0225
    5337       0.9995
    5338       1.0575
    5339       1.1481
    5340       1.2562
    5341       1.0394
    5342       1.1494
    5343       1.0530
    5344       1.1441
    5345       1.0084
    5346       1.0532
    5347       1.1580
    5348       1.1866
    5349       1.2533
    5350       1.1931
    5351       1.0551
    5352       1.0049
    5353       1.1572
    5354       1.0429
    5355       1.0654
    5356       0.8908
    5357       0.9614
    5358       1.0376
    5359       1.0229
    5360       0.9447
    5361       0.9955
    5362       0.9800
    5363       1.0342
    5364       1.0595
    5365       0.9780
    5366       0.9233
    5367       0.9913
    5368       1.0941
    5369       0.9815
    5370       1.1526
    5371       1.0611
    5372       1.0286
    5373       1.0659
    5374       1.0225
    5375       1.0014
    5376       1.0196
    5377       1.0007
    5378       0.9519
    5379       0.9620
    5380       0.9966
    5381       1.0229
    5382       1.1528
    5383       1.1993
    5384       1.1516
    5385       1.0753
    5386       1.1326
    5387       1.2177
    5388       1.1892
    5389       1.1408
    5390       1.1784
    5391       1.0780
    5392       1.0534
    5393       1.0139
    5394       1.0830
    5395       1.1783
    5396       1.1955
    5397       1.2007
    5398       1.1653
    5399       1.4716
    5400       1.3580
    5401       1.1100
    5402       1.2268
    5403       1.3409
    5404       1.3069
    5405       1.2623
    5406       1.2827
    5407       1.1340
    5408       1.1236
    5409       1.1536
    5410       1.1037
    5411       1.1197
    5412       1.2578
    5413       1.1559
    5414       1.1794
    5415       1.1824
    5416       1.1285
    5417       1.2439
    5418       1.0491
    5419       1.1173
    5420       1.0731
    5421       1.1912
    5422       1.1890
    5423       1.1554
    5424       1.1052
    5425       1.1022
    5426       1.1371
    5427       1.1085
    5428       1.1426
    5429       1.3011
    5430       1.1880
    5431       1.2585
    5432       1.0967
    5433       1.1286
    5434       1.1264
    5435       1.0724
    5436       1.1059
    5437       1.1956
    5438       1.1994
    5439       1.2245
    5440       1.1581
    5441       1.2094
    5442       1.0712
    5443       1.1419
    5444       1.1177
    5445       1.1519
    5446       0.9932
    5447       0.9541
    5448       1.0189
    5449       1.0759
    5450       1.0733
    5451       1.1824
    5452       1.1370
    5453       1.1899
    5454       1.1786
    5455       1.0313
    5456       1.0057
    5457       0.9246
    5458       1.0140
    5459       1.0546
    5460       1.1666
    5461       1.2920
    5462       1.1462
    5463       1.3047
    5464       1.2359
    5465       1.1614
    5466       0.9627
    5467       0.9905
    5468       0.9571
    5469       1.0261
    5470       0.9907
    5471       0.9402
    5472       0.8527
    5473       0.8510
    5474       0.9187
    5475       0.9042
    5476       0.8985
    5477       0.8986
    5478       1.0644
    5479       0.9756
    5480       0.9089
    5481       0.8634
    5482       0.9246
    5483       1.1129
    5484       1.0770
    5485       0.9531
    5486       1.0390
    5487       0.9702
    5488       0.9605
    5489       0.9285
    5490       0.9748
    5491       0.9756
    5492       0.9872
    5493       1.0065
    5494       0.9612
    5495       0.9366
    5496       0.9445
    5497       1.0403
    5498       1.0498
    5499       0.9583
    5500       0.9752
    5501       1.0922
    5502       1.0773
    5503       1.1434
    5504       1.1756
    5505       1.0842
    5506       1.2502
    5507       1.2308
    5508       1.2465
    5509       1.3452
    5510       1.1347
    5511       1.2239
    5512       1.1358
    5513       1.1536
    5514       1.0397
    5515       1.0753
    5516       1.2504
    5517       1.2204
    5518       1.1626
    5519       1.0484
    5520       1.1581
    5521       1.2720
    5522       1.2301
    5523       1.1868
    5524       1.1476
    5525       1.1436
    5526       1.0838
    5527       0.9994
    5528       0.9446
    5529       0.9497
    5530       1.0589
    5531       1.0539
    5532       1.0717
    5533       1.0030
    5534       1.1829
    5535       1.0945
    5536       1.2058
    5537       1.1466
    5538       1.1921
    5539       1.1131
    5540       1.1698
    5541       1.0133
    5542       1.0841
    5543       1.0467
    5544       0.9737
    5545       0.9820
    5546       0.9542
    5547       0.9610
    5548       1.1048
    5549       1.1521
    5550       1.0218
    5551       0.9830
    5552       0.9985
    5553       0.9927
    5554       0.9858
    5555       1.0268
    5556       1.0316
    5557       0.9974
    5558       1.0421
    5559       0.9610
    5560       0.9689
    5561       1.0100
    5562       1.0827
    5563       1.0406
    5564       1.0208
    5565       0.9710
    5566       1.0409
    5567       0.9807
    5568       0.9750
    5569       0.9639
    5570       0.9043
    5571       0.8124
    5572       0.9212
    5573       1.1182
    5574       1.0029
    5575       0.9919
    5576       0.9972
    5577       0.9161
    5578       1.0123
    5579       0.8011
    5580       0.9274
    5581       0.9221
    5582       0.7827
    5583       0.8639
    5584       0.9072
    5585       0.8639
    5586       1.0289
    5587       0.9386
    5588       0.8698
    5589       0.9108
    5590       0.8274
    5591       0.8400
    5592       0.8727
    5593       0.7780
    5594       0.9023
    5595       0.7542
    5596       0.9088
    5597       0.8308
    5598       0.9518
    5599       0.8393
    5600       0.7235
    5601       0.8339
    5602       0.8230
    5603       0.8028
    5604       0.8707
    5605       0.8833
    5606       0.9926
    5607       0.8703
    5608       0.8542
    5609       1.0136
    5610       1.0495
    5611       1.0248
    5612       0.9312
    5613       0.9545
    5614       0.7957
    5615       0.7785
    5616       0.8418
    5617       0.8984
    5618       0.9088
    5619       0.9212
    5620       0.8674
    5621       1.0151
    5622       1.0018
    5623       0.8874
    5624       0.9609
    5625       1.0628
    5626       1.0214
    5627       1.0279
    5628       1.0373
    5629       0.9805
    5630       0.9390
    5631       0.8347
    5632       0.8941
    5633       0.9499
    5634       0.8736
    5635       1.0996
    5636       0.9524
    5637       0.9154
    5638       0.8085
    5639       0.8425
    5640       0.9535
    5641       1.1415
    5642       1.0056
    5643       1.1258
    5644       0.9879
    5645       0.9218
    5646       0.9555
    5647       0.7917
    5648       0.8679
    5649       0.8535
    5650       0.7853
    5651       0.7187
    5652       0.8694
    5653       0.8272
    5654       0.8768
    5655       0.9049
    5656       0.9279
    5657       0.9301
    5658       0.9849
    5659       0.8650
    5660       0.8280
    5661       0.8232
    5662       0.8491
    5663       0.8517
    5664       0.8135
    5665       0.9674
    5666       1.0258
    5667       1.0420
    5668       0.8852
    5669       0.8472
    5670       0.8876
    5671       0.8909
    5672       0.9789
    5673       0.9657
    5674       1.0219
    5675       0.9331
    5676       0.9324
    5677       0.8568
    5678       0.8780
    5679       0.9816
    5680       0.9268
    5681       1.0301
    5682       0.9790
    5683       1.0395
    5684       1.1376
    5685       0.9719
    5686       1.0321
    5687       1.1584
    5688       0.9784
    5689       1.0059
    5690       1.1455
    5691       1.0331
    5692       0.9699
    5693       1.0276
    5694       0.9599
    5695       0.8806
    5696       0.9493
    5697       0.9998
    5698       1.0332
    5699       1.1251
    5700       0.9782
    5701       0.9548
    5702       1.0100
    5703       1.0051
    5704       0.9756
    5705       0.8678
    5706       0.9759
    5707       0.9598
    5708       0.8541
    5709       0.9926
    5710       0.9748
    5711       0.9388
    5712       0.9589
    5713       1.0457
    5714       0.9381
    5715       0.8982
    5716       0.8510
    5717       0.9382
    5718       0.9041
    5719       0.9386
    5720       0.7872
    5721       0.7639
    5722       0.8793
    5723       0.8742
    5724       0.9037
    5725       0.8472
    5726       0.8785
    5727       0.9559
    5728       0.9958
    5729       0.9061
    5730       0.8720
    5731       0.9084
    5732       1.0667
    5733       1.0584
    5734       1.0947
    5735       1.0761
    5736       0.9742
    5737       0.9248
    5738       0.8458
    5739       0.8944
    5740       0.9199
    5741       0.8581
    5742       0.8178
    5743       0.8865
    5744       0.8143
    5745       0.8652
    5746       0.8168
    5747       0.8488
    5748       0.9081
    5749       0.9341
    5750       1.0204
    5751       0.8480
    5752       0.8911
    5753       0.9344
    5754       0.9125
    5755       0.8995
    5756       0.9551
    5757       0.9706
    5758       0.8999
    5759       0.9990
    5760       1.0050
    5761       0.8974
    5762       0.8043
    5763       0.8467
    5764       0.8918
    5765       0.9303
    5766       0.9154
    5767       0.9397
    5768       0.8802
    5769       0.8591
    5770       1.0342
    5771       0.9577
    5772       0.8307
    5773       0.9485
    5774       0.9223
    5775       0.8826
    5776       0.9561
    5777       0.9648
    5778       1.0530
    5779       1.0565
    5780       0.9056
    5781       0.9904
    5782       0.8534
    5783       0.9442
    5784       0.9980
    5785       0.8628
    5786       1.0332
    5787       0.8484
    5788       0.8818
    5789       0.9463
    5790       0.9978
    5791       0.8964
    5792       1.0198
    5793       1.0330
    5794       0.9581
    5795       0.9968
    5796       0.9305
    5797       0.8121
    5798       0.8639
    5799       0.8517
    5800       0.9448
    5801       0.8483
    5802       0.8170
    5803       1.0218
    5804       1.0193
    5805       1.0147
    5806       1.0798
    5807       0.8943
    5808       0.8824
    5809       0.8343
    5810       0.8883
    5811       1.0032
    5812       0.8704
    5813       0.8208
    5814       0.9771
    5815       0.8772
    5816       0.9567
    5817       0.9550
    5818       0.9342
    5819       0.9778
    5820       0.9815
    5821       0.9741
    5822       0.8452
    5823       0.8403
    5824       0.8152
    5825       0.8760
    5826       0.8820
    5827       0.9848
    5828       1.0228
    5829       0.9267
    5830       0.9163
    5831       0.9363
    5832       0.9842
    5833       0.8368
    5834       0.9287
    5835       0.9815
    5836       0.9910
    5837       1.0347
    5838       1.0028
    5839       1.0639
    5840       0.8927
    5841       0.7925
    5842       0.8061
    5843       0.9036
    5844       0.7659
    5845       0.7940
    5846       0.8172
    5847       0.9398
    5848       0.9419
    5849       0.8668
    5850       0.8856
    5851       1.0466
    5852       1.0820
    5853       0.9869
    5854       1.0648
    5855       0.9804
    5856       1.0560
    5857       0.9734
    5858       0.9680
    5859       0.8515
    5860       0.8169
    5861       0.8611
    5862       0.7974
    5863       0.7950
    5864       0.9034
    5865       0.8497
    5866       0.8051
    5867       0.8270
    5868       1.0441
    5869       0.9262
    5870       0.9247
    5871       0.8060
    5872       1.0263
    5873       1.0219
    5874       0.8495
    5875       0.7231
    5876       0.7557
    5877       0.8773
    5878       0.8733
    5879       0.7626
    5880       0.7691
    5881       0.8517
    5882       0.8181
    5883       0.7720
    5884       0.8722
    5885       0.9497
    5886       0.7793
    5887       0.9206
    5888       0.7618
    5889       0.8158
    5890       0.9288
    5891       0.8712
    5892       0.8808
    5893       0.9320
    5894       0.9656
    5895       0.8681
    5896       0.7932
    5897       0.8663
    5898       0.8311
    5899       0.7952
    5900       0.8379
    5901       0.9551
    5902       0.9017
    5903       0.9688
    5904       1.0014
    5905       1.0056
    5906       1.0320
    5907       0.9389
    5908       0.9794
    5909       0.9083
    5910       0.9122
    5911       0.9008
    5912       0.9642
    5913       0.8683
    5914       1.0417
    5915       1.1062
    5916       1.1746
    5917       0.8860
    5918       0.7483
    5919       0.8330
    5920       1.0465
    5921       0.9215
    5922       0.9171
    5923       1.0156
    5924       0.9535
    5925       0.8398
    5926       1.0790
    5927       0.8650
    5928       0.9407
    5929       0.8567
    5930       0.8677
    5931       1.1323
    5932       1.0453
    5933       0.9461
    5934       1.0557
    5935       0.9739
    5936       0.9447
    5937       0.9658
    5938       0.9616
    5939       0.7610
    5940       0.8588
    5941       0.7363
    5942       0.7519
    5943       0.8396
    5944       0.8124
    5945       0.8429
    5946       0.9524
    5947       0.7947
    5948       0.8396
    5949       0.9125
    5950       0.9371
    5951       0.9751
    5952       0.9037
    5953       1.0922
    5954       1.0499
    5955       0.8890
    5956       0.8261
    5957       0.9943
    5958       1.0147
    5959       0.8077
    5960       0.9573
    5961       1.0078
    5962       0.9623
    5963       0.9434
    5964       0.9623
    5965       0.9716
    5966       1.0093
    5967       0.9636
    5968       1.0531
    5969       1.1191
    5970       1.1563
    5971       1.2323
    5972       1.4119
    5973       1.3964
    5974       1.3461
    5975       1.2719
    5976       1.3020
    5977       1.1745
    5978       1.1369
    5979       1.0921
    5980       1.0835
    5981       1.0805
    5982       1.1972
    5983       1.1762
    5984       1.0890
    5985       1.1389
    5986       1.0954
    5987       1.1976
    5988       1.2459
    5989       1.1716
    5990       1.1955
    5991       1.1977
    5992       1.4015
    5993       1.2119
    5994       1.1376
    5995       1.0882
    5996       1.1459
    5997       1.2522
    5998       1.1958
    5999       1.1033
    6000       1.1689
    6001       1.1646
    6002       1.0702
    6003       1.2069
    6004       1.1446
    6005       0.9892
    6006       0.9981
    6007       1.0452
    6008       0.9501
    6009       1.0566
    6010       1.0240
    6011       0.9047
    6012       0.8035
    6013       0.8615
    6014       0.8374
    6015       0.9037
    6016       0.9390
    6017       0.8909
    6018       0.7647
    6019       0.8016
    6020       0.8140
    6021       0.8926
    6022       0.8684
    6023       0.9347
    6024       0.9390
    6025       0.9575
    6026       0.8807
    6027       0.9030
    6028       0.8964
    6029       0.8847
    6030       0.9125
    6031       0.9874
    6032       0.9875
    6033       1.0557
    6034       0.8983
    6035       0.8818
    6036       0.8364
    6037       1.0323
    6038       1.0214
    6039       1.0269
    6040       1.1640
    6041       1.0557
    6042       1.1826
    6043       1.2800
    6044       1.4842
    6045       1.4274
    6046       1.3736
    6047       1.2052
    6048       1.2547
    6049       1.1302
    6050       1.1273
    6051       1.1150
    6052       1.0515
    6053       1.2195
    6054       1.2078
    6055       1.0799
    6056       1.0534
    6057       1.1768
    6058       1.0389
    6059       1.1614
    6060       1.2383
    6061       1.1816
    6062       1.3011
    6063       1.1421
    6064       1.3079
    6065       1.2120
    6066       1.0321
    6067       1.1389
    6068       1.1039
    6069       0.9647
    6070       1.2185
    6071       1.2679
    6072       1.3607
    6073       1.2140
    6074       1.3112
    6075       1.1718
    6076       0.9584
    6077       0.8951
    6078       1.0201
    6079       1.0144
    6080       1.1203
    6081       1.1519
    6082       1.0888
    6083       1.0409
    6084       1.0679
    6085       1.1169
    6086       1.1168
    6087       1.1697
    6088       1.2108
    6089       0.9994
    6090       1.0251
    6091       0.8852
    6092       1.0715
    6093       1.0473
    6094       0.9940
    6095       0.9772
    6096       1.0610
    6097       1.1984
    6098       1.2059
    6099       1.1068
    6100       1.1187
    6101       1.1003
    6102       0.9370
    6103       0.9060
    6104       1.0312
    6105       1.1804
    6106       1.3490
    6107       1.3547
    6108       1.3186
    6109       1.2760
    6110       1.3840
    6111       1.2512
    6112       1.3206
    6113       1.1692
    6114       1.2856
    6115       1.2080
    6116       1.1149
    6117       0.9841
    6118       1.1551
    6119       1.0283
    6120       1.0388
    6121       1.1151
    6122       1.0199
    6123       0.9404
    6124       0.8770
    6125       1.0864
    6126       1.0171
    6127       0.9349
    6128       0.8495
    6129       0.8296
    6130       0.9546
    6131       0.9613
    6132       1.0055
    6133       1.0506
    6134       1.0808
    6135       1.0506
    6136       1.0307
    6137       0.8219
    6138       0.9091
    6139       1.0788
    6140       0.9623
    6141       0.8977
    6142       0.8469
    6143       0.8539
    6144       0.8073
    6145       1.0023
    6146       0.9594
    6147       0.9700
    6148       0.8704
    6149       0.8942
    6150       0.9380
    6151       0.9283
    6152       0.9765
    6153       0.8247
    6154       0.8265
    6155       0.8913
    6156       0.9756
    6157       0.8790
    6158       1.0160
    6159       1.1278
    6160       0.9782
    6161       1.0432
    6162       1.1279
    6163       1.1574
    6164       1.1155
    6165       1.0842
    6166       1.0298
    6167       1.0992
    6168       1.1040
    6169       1.0797
    6170       1.0797
    6171       0.8316
    6172       0.9270
    6173       0.9770
    6174       0.9638
    6175       0.9211
    6176       0.9245
    6177       1.0482
    6178       1.0839
    6179       0.9819
    6180       0.9594
    6181       0.9590
    6182       0.8989
    6183       0.8831
    6184       0.7373
    6185       0.8627
    6186       0.8451
    6187       0.8431
    6188       0.8238
    6189       1.0426
    6190       1.0177
    6191       0.8794
    6192       0.8174
    6193       0.9079
    6194       0.9387
    6195       0.9314
    6196       0.8446
    6197       0.9324
    6198       0.9620
    6199       1.0030
    6200       0.8841
    6201       0.8982
    6202       0.9672
    6203       0.9741
    6204       0.9419
    6205       0.8642
    6206       1.0228
    6207       0.9326
    6208       0.8900
    6209       0.8067
    6210       0.9679
    6211       1.0730
    6212       1.0606
    6213       1.0950
    6214       1.0885
    6215       0.9941
    6216       0.9461
    6217       0.9215
    6218       0.9685
    6219       0.9385
    6220       1.0152
    6221       0.8524
    6222       0.8209
    6223       0.8419
    6224       0.8972
    6225       0.9357
    6226       0.8702
    6227       0.9160
    6228       0.9250
    6229       0.9339
    6230       0.9668
    6231       1.0387
    6232       1.0208
    6233       0.8908
    6234       0.9291
    6235       0.8570
    6236       0.8488
    6237       0.8773
    6238       0.9023
    6239       1.0386
    6240       0.9188
    6241       0.9775
    6242       0.9002
    6243       1.0861
    6244       1.0328
    6245       0.9849
    6246       0.9515
    6247       0.9889
    6248       1.2030
    6249       1.1866
    6250       1.1248
    6251       1.0107
    6252       1.0601
    6253       0.9102
    6254       0.9465
    6255       0.9216
    6256       1.0227
    6257       0.9444
    6258       1.0693
    6259       0.9540
    6260       1.1997
    6261       0.9179
    6262       0.9554
    6263       0.8829
    6264       1.0148
    6265       1.1669
    6266       1.2067
    6267       1.1641
    6268       1.0146
    6269       1.1169
    6270       1.0303
    6271       0.9659
    6272       1.0106
    6273       1.0020
    6274       0.9202
    6275       0.7792
    6276       0.8698
    6277       0.9476
    6278       1.0247
    6279       1.0321
    6280       1.0324
    6281       1.1505
    6282       1.0948
    6283       0.9591
    6284       0.9322
    6285       0.9697
    6286       1.0196
    6287       0.9799
    6288       1.1473
    6289       1.0219
    6290       0.9495
    6291       0.9174
    6292       0.9217
    6293       0.9301
    6294       0.9784
    6295       1.0669
    6296       1.0070
    6297       0.9945
    6298       0.9166
    6299       0.9443
    6300       1.0574
    6301       1.0933
    6302       1.1005
    6303       1.0763
    6304       0.9688
    6305       0.9239
    6306       0.9655
    6307       0.9927
    6308       0.9602
    6309       0.9945
    6310       0.9975
    6311       1.1578
    6312       1.1696
    6313       1.0302
    6314       1.1986
    6315       1.1032
    6316       1.1419
    6317       1.1268
    6318       1.2807
    6319       1.3379
    6320       1.2214
    6321       1.2192
    6322       1.1626
    6323       1.1413
    6324       1.2139
    6325       1.1111
    6326       1.1723
    6327       1.2842
    6328       1.1415
    6329       1.2003
    6330       1.2584
    6331       1.2269
    6332       1.3380
    6333       1.2007
    6334       1.2201
    6335       1.1189
    6336       1.1374
    6337       1.1416
    6338       1.1790
    6339       1.1608
    6340       1.2000
    6341       1.0873
    6342       1.1313
    6343       1.1112
    6344       1.0707
    6345       1.0253
    6346       1.0319
    6347       1.0155
    6348       0.9331
    6349       0.9968
    6350       0.9813
    6351       0.9860
    6352       0.8907
    6353       1.0430
    6354       0.9566
    6355       1.0990
    6356       1.0684
    6357       0.9341
    6358       0.9764
    6359       0.9619
    6360       0.9845
    6361       0.9493
    6362       1.1163
    6363       1.1847
    6364       1.2608
    6365       1.2441
    6366       1.3321
    6367       1.3015
    6368       1.3081
    6369       1.2295
    6370       1.2498
    6371       1.3056
    6372       1.3178
    6373       1.2303
    6374       1.1201
    6375       0.9877
    6376       1.0425
    6377       1.0793
    6378       1.1454
    6379       1.1892
    6380       1.0564
    6381       1.0101
    6382       0.8873
    6383       0.9887
    6384       1.0134
    6385       0.9034
    6386       0.9635
    6387       0.9446
    6388       0.8746
    6389       0.9525
    6390       1.0948
    6391       1.1055
    6392       1.0460
    6393       1.1107
    6394       1.1596
    6395       1.0772
    6396       1.1275
    6397       1.1452
    6398       1.1339
    6399       1.3064
    6400       1.1068
    6401       1.0336
    6402       1.1646
    6403       1.0724
    6404       1.0039
    6405       0.8897
    6406       0.8413
    6407       0.8184
    6408       0.8276
    6409       0.8952
    6410       0.8242
    6411       0.8552
    6412       0.8784
    6413       0.8223
    6414       0.8522
    6415       1.0239
    6416       0.9217
    6417       0.8887
    6418       0.9569
    6419       0.9707
    6420       0.8789
    6421       0.9003
    6422       0.8318
    6423       0.8922
    6424       0.9407
    6425       0.8660
    6426       0.8297
    6427       0.9214
    6428       0.8834
    6429       0.9127
    6430       0.9946
    6431       1.1260
    6432       0.9623
    6433       1.0810
    6434       1.0613
    6435       1.1425
    6436       1.1293
    6437       1.0484
    6438       0.9682
    6439       0.9043
    6440       1.0731
    6441       0.9648
    6442       0.9012
    6443       0.8852
    6444       0.9162
    6445       0.8736
    6446       0.9073
    6447       1.0969
    6448       0.9383
    6449       0.9193
    6450       0.9264
    6451       0.9991
    6452       0.9513
    6453       1.1772
    6454       1.0129
    6455       1.1615
    6456       1.0687
    6457       1.0154
    6458       1.0170
    6459       1.1049
    6460       1.1731
    6461       1.2109
    6462       1.0775
    6463       1.0160
    6464       1.0534
    6465       0.9889
    6466       0.9120
    6467       0.9691
    6468       0.9169
    6469       0.9884
    6470       0.9803
    6471       1.1066
    6472       1.1246
    6473       1.1159
    6474       1.0522
    6475       0.9640
    6476       1.0138
    6477       0.8514
    6478       0.8525
    6479       0.9242
    6480       0.9400
    6481       0.9610
    6482       1.0978
    6483       1.1068
    6484       1.1776
    6485       1.1750
    6486       1.1790
    6487       1.1654
    6488       1.0217
    6489       1.0793
    6490       1.1874
    6491       1.2510
    6492       0.9884
    6493       1.0536
    6494       1.1967
    6495       1.1622
    6496       1.0901
    6497       1.1211
    6498       1.0886
    6499       1.2496
    6500       1.2475
    6501       1.0889
    6502       1.1240
    6503       1.1153
    6504       1.1622
    6505       1.0838
    6506       1.1530
    6507       1.1974
    6508       1.2649
    6509       1.1194
    6510       1.0095
    6511       0.9964
    6512       0.9235
    6513       1.0064
    6514       0.9088
    6515       1.0184
    6516       1.0393
    6517       1.2561
    6518       1.1207
    6519       1.2296
    6520       1.0566
    6521       1.1972
    6522       1.0482
    6523       1.0632
    6524       1.2507
    6525       1.3816
    6526       1.3343
    6527       1.3337
    6528       1.3207
    6529       1.2620
    6530       1.3578
    6531       1.3039
    6532       1.2974
    6533       1.2271
    6534       1.1887
    6535       1.0775
    6536       1.1259
    6537       1.1825
    6538       1.0661
    6539       1.0332
    6540       1.1152
    6541       1.0563
    6542       1.0536
    6543       1.0331
    6544       1.0665
    6545       0.9675
    6546       1.1835
    6547       0.9221
    6548       0.9732
    6549       1.1001
    6550       0.9157
    6551       1.0671
    6552       1.1023
    6553       1.2497
    6554       0.9375
    6555       1.0929
    6556       1.0266
    6557       1.0436
    6558       1.2805
    6559       1.0538
    6560       1.0967
    6561       1.0347
    6562       1.1149
    6563       1.0271
    6564       0.9809
    6565       1.0172
    6566       1.0362
    6567       1.0445
    6568       1.0869
    6569       1.0287
    6570       1.1428
    6571       1.0892
    6572       0.9702
    6573       0.9376
    6574       0.9702
    6575       1.0890
    6576       1.0974
    6577       1.0175
    6578       0.9652
    6579       0.9868
    6580       1.0739
    6581       1.1744
    6582       1.1745
    6583       1.1701
    6584       1.3410
    6585       1.2312
    6586       1.4134
    6587       1.4128
    6588       1.4267
    6589       1.2703
    6590       1.4387
    6591       1.5139
    6592       1.5536
    6593       1.4558
    6594       1.3420
    6595       1.3523
    6596       1.1273
    6597       1.1555
    6598       1.3739
    6599       1.3020
    6600       1.4122
    6601       1.3795
    6602       1.2897
    6603       1.3458
    6604       1.3521
    6605       1.3867
    6606       1.2499
    6607       1.2232
    6608       1.3376
    6609       1.3327
    6610       1.1192
    6611       1.1427
    6612       1.2565
    6613       1.1178
    6614       1.2299
    6615       1.3744
    6616       1.3547
    6617       1.1583
    6618       1.2667
    6619       1.2864
    6620       1.2536
    6621       1.3058
    6622       1.3131
    6623       1.1925
    6624       1.1204
    6625       1.2573
    6626       1.2381
    6627       1.2555
    6628       1.2221
    6629       1.3895
    6630       1.0923
    6631       1.1023
    6632       1.2446
    6633       1.1532
    6634       1.2371
    6635       1.1932
    6636       1.1686
    6637       1.2419
    6638       1.2228
    6639       1.2524
    6640       1.1800
    6641       1.3959
    6642       1.1616
    6643       1.1013
    6644       1.0985
    6645       1.2934
    6646       1.3970
    6647       1.4193
    6648       1.4224
    6649       1.2159
    6650       1.2082
    6651       1.3737
    6652       1.3023
    6653       1.0765
    6654       1.2123
    6655       1.1429
    6656       1.1570
    6657       0.9962
    6658       0.9912
    6659       1.0976
    6660       1.0746
    6661       1.2508
    6662       1.1220
    6663       1.0942
    6664       1.2563
    6665       1.0962
    6666       1.1970
    6667       1.1410
    6668       1.2547
    6669       1.1867
    6670       1.2225
    6671       1.2596
    6672       1.1944
    6673       1.2602
    6674       1.2593
    6675       1.2764
    6676       1.2764
    6677       1.1975
    6678       1.1620
    6679       1.3704
    6680       1.3059
    6681       1.2479
    6682       1.2040
    6683       1.1193
    6684       1.2020
    6685       1.3027
    6686       1.3329
    6687       1.3073
    6688       1.3549
    6689       1.1769
    6690       1.1352
    6691       1.2306
    6692       1.1673
    6693       1.0257
    6694       1.0145
    6695       0.9376
    6696       1.0593
    6697       1.0045
    6698       1.2064
    6699       1.0550
    6700       1.1434
    6701       0.9679
    6702       0.9130
    6703       1.1412
    6704       1.0479
    6705       1.0776
    6706       1.0437
    6707       1.0252
    6708       0.9991
    6709       1.0704
    6710       1.1406
    6711       1.1858
    6712       1.3126
    6713       1.1959
    6714       1.1947
    6715       1.1508
    6716       1.2382
    6717       1.0865
    6718       1.0882
    6719       1.1631
    6720       1.1569
    6721       1.3438
    6722       1.4448
    6723       1.3952
    6724       1.4052
    6725       1.4677
    6726       1.2658
    6727       1.3024
    6728       1.6092
    6729       1.4557
    6730       1.4399
    6731       1.1762
    6732       1.1506
    6733       1.2563
    6734       1.2827
    6735       1.2283
    6736       1.0692
    6737       1.1064
    6738       1.0412
    6739       1.1258
    6740       1.1981
    6741       1.2249
    6742       1.2235
    6743       1.2191
    6744       1.1270
    6745       1.1163
    6746       1.1620
    6747       1.0153
    6748       1.0195
    6749       1.0079
    6750       1.0369
    6751       1.1745
    6752       1.2996
    6753       1.2847
    6754       1.2083
    6755       1.2097
    6756       1.1554
    6757       1.1861
    6758       1.1967
    6759       1.2588
    6760       1.4662
    6761       1.3564
    6762       1.2832
    6763       1.2181
    6764       1.3382
    6765       1.2895
    6766       1.2940
    6767       1.4484
    6768       1.4788
    6769       1.2208
    6770       1.2443
    6771       1.0528
    6772       1.2329
    6773       1.1326
    6774       1.2771
    6775       1.2914
    6776       1.0240
    6777       1.0518
    6778       1.0599
    6779       1.1125
    6780       0.9758
    6781       1.0799
    6782       0.9904
    6783       1.0005
    6784       0.9954
    6785       1.1362
    6786       1.0363
    6787       1.0167
    6788       1.0457
    6789       1.0089
    6790       0.9941
    6791       1.0612
    6792       1.0004
    6793       1.0850
    6794       1.0037
    6795       1.0067
    6796       1.1535
    6797       1.1417
    6798       1.2596
    6799       1.0050
    6800       1.1960
    6801       0.9771
    6802       0.8622
    6803       0.9517
    6804       1.0625
    6805       0.9663
    6806       1.0388
    6807       0.9942
    6808       0.9488
    6809       0.9238
    6810       0.8486
    6811       0.9630
    6812       0.9622
    6813       1.0332
    6814       0.9069
    6815       0.9010
    6816       1.0128
    6817       1.0404
    6818       1.0050
    6819       0.9155
    6820       0.9706
    6821       0.9872
    6822       1.0783
    6823       1.1538
    6824       1.0089
    6825       0.8604
    6826       0.8883
    6827       0.9077
    6828       0.9720
    6829       0.9457
    6830       0.9957
    6831       0.9717
    6832       1.0168
    6833       1.1767
    6834       1.0311
    6835       1.0459
    6836       1.1746
    6837       1.2070
    6838       1.0852
    6839       1.0511
    6840       0.9995
    6841       1.0729
    6842       1.0122
    6843       1.0930
    6844       1.0494
    6845       0.9992
    6846       0.9824
    6847       1.0309
    6848       1.1200
    6849       1.1832
    6850       1.0692
    6851       0.9869
    6852       1.0168
    6853       0.9036
    6854       1.0167
    6855       1.0055
    6856       1.1242
    6857       1.1230
    6858       1.1435
    6859       1.1389
    6860       1.2228
    6861       1.2663
    6862       1.2600
    6863       1.1956
    6864       1.1133
    6865       1.0446
    6866       1.1980
    6867       1.2334
    6868       1.2731
    6869       1.1238
    6870       1.1711
    6871       1.1407
    6872       1.0711
    6873       0.8778
    6874       1.0184
    6875       0.9745
    6876       0.9944
    6877       1.1337
    6878       1.3099
    6879       1.2393
    6880       1.2247
    6881       1.4373
    6882       1.3588
    6883       1.3772
    6884       1.1684
    6885       1.2762
    6886       1.3416
    6887       1.2821
    6888       1.2873
    6889       1.4012
    6890       1.3369
    6891       1.3820
    6892       1.2154
    6893       1.2376
    6894       1.2823
    6895       1.1916
    6896       1.2668
    6897       1.3203
    6898       1.2053
    6899       1.1101
    6900       1.1721
    6901       1.3002
    6902       1.3084
    6903       1.3111
    6904       1.2072
    6905       1.1510
    6906       1.2237
    6907       1.0311
    6908       0.9691
    6909       1.0923
    6910       0.9674
    6911       0.9524
    6912       1.0341
    6913       0.9560
    6914       0.9949
    6915       1.0652
    6916       1.1897
    6917       1.1795
    6918       1.1401
    6919       1.2138
    6920       1.1290
    6921       1.0284
    6922       1.0923
    6923       1.1084
    6924       1.0881
    6925       1.1027
    6926       1.3087
    6927       1.2497
    6928       1.1161
    6929       1.2369
    6930       1.1204
    6931       1.3478
    6932       1.2114
    6933       1.0896
    6934       1.0827
    6935       1.0921
    6936       1.0831
    6937       1.0332
    6938       0.9678
    6939       0.9558
    6940       1.3273
    6941       1.3508
    6942       1.0883
    6943       1.1451
    6944       1.2951
    6945       1.2842
    6946       1.1018
    6947       1.2262
    6948       1.3360
    6949       1.3394
    6950       1.3831
    6951       1.6212
    6952       1.3913
    6953       1.2711
    6954       1.1567
    6955       1.0923
    6956       1.2757
    6957       1.1971
    6958       1.3240
    6959       1.1950
    6960       1.1586
    6961       1.1301
    6962       1.1724
    6963       1.1345
    6964       1.2185
    6965       1.1942
    6966       1.2379
    6967       1.3175
    6968       1.2551
    6969       1.2148
    6970       1.3693
    6971       1.2136
    6972       1.4494
    6973       1.4382
    6974       1.5400
    6975       1.3263
    6976       1.2940
    6977       1.1627
    6978       1.4286
    6979       1.1234
    6980       1.1719
    6981       1.0687
    6982       1.1121
    6983       1.0562
    6984       1.0220
    6985       1.0603
    6986       1.2472
    6987       1.3072
    6988       1.4417
    6989       1.2477
    6990       1.2092
    6991       1.1832
    6992       1.1417
    6993       1.1029
    6994       1.0691
    6995       1.2506
    6996       1.2769
    6997       1.2247
    6998       1.1486
    6999       1.0992
    7000       1.1821
    7001       1.1498
    7002       1.0650
    7003       1.1364
    7004       1.1328
    7005       1.1856
    7006       1.1979
    7007       1.0217
    7008       1.1179
    7009       1.0660
    7010       1.0361
    7011       1.1092
    7012       1.0858
    7013       1.0560
    7014       1.2483
    7015       1.1350
    7016       0.9516
    7017       0.9073
    7018       0.9055
    7019       0.9476
    7020       0.9997
    7021       1.0735
    7022       1.2623
    7023       1.2012
    7024       1.0105
    7025       0.9545
    7026       1.0071
    7027       1.0015
    7028       0.8754
    7029       0.9369
    7030       0.9644
    7031       1.0229
    7032       1.0634
    7033       0.9359
    7034       0.9715
    7035       0.9499
    7036       0.9849
    7037       0.8226
    7038       0.9256
    7039       1.0114
    7040       1.0262
    7041       1.1155
    7042       0.9933
    7043       1.1703
    7044       1.1153
    7045       1.2271
    7046       1.0093
    7047       0.9160
    7048       1.0500
    7049       0.9597
    7050       1.1435
    7051       1.1563
    7052       1.0395
    7053       0.9554
    7054       0.9553
    7055       0.9751
    7056       0.9672
    7057       1.0810
    7058       1.2510
    7059       1.1882
    7060       1.0643
    7061       0.9376
    7062       1.0884
    7063       0.9256
    7064       1.0287
    7065       1.0521
    7066       0.8513
    7067       1.0722
    7068       0.8223
    7069       1.0688
    7070       0.9793
    7071       0.8009
    7072       0.8011
    7073       0.8157
    7074       0.9625
    7075       1.0717
    7076       1.1228
    7077       1.0252
    7078       0.9351
    7079       0.8158
    7080       0.8801
    7081       0.8957
    7082       1.0196
    7083       0.9738
    7084       0.8934
    7085       0.8654
    7086       0.8323
    7087       0.7784
    7088       0.8107
    7089       0.8369
    7090       0.7742
    7091       0.8149
    7092       0.8734
    7093       0.8511
    7094       0.8680
    7095       0.8821
    7096       0.9357
    7097       0.9934
    7098       1.0056
    7099       0.8180
    7100       0.8600
    7101       0.9284
    7102       0.9870
    7103       0.8866
    7104       0.8095
    7105       0.8404
    7106       0.9052
    7107       0.8298
    7108       0.8987
    7109       0.9773
    7110       1.0002
    7111       0.8397
    7112       1.0195
    7113       0.8252
    7114       0.8672
    7115       0.8380
    7116       0.8744
    7117       0.9304
    7118       0.8589
    7119       0.9028
    7120       0.8327
    7121       0.8807
    7122       0.6878
    7123       0.7556
    7124       0.9051
    7125       0.8988
    7126       1.0084
    7127       1.0197
    7128       1.0698
    7129       1.0056
    7130       0.9841
    7131       1.1529
    7132       1.2092
    7133       1.0928
    7134       1.1478
    7135       1.1103
    7136       0.9169
    7137       0.9488
    7138       0.9554
    7139       1.0825
    7140       1.0377
    7141       1.0513
    7142       0.9481
    7143       0.9395
    7144       1.0770
    7145       0.9668
    7146       1.0402
    7147       1.0677
    7148       0.9691
    7149       0.9915
    7150       1.0209
    7151       1.1619
    7152       1.1814
    7153       1.0165
    7154       0.9817
    7155       1.1461
    7156       1.1199
    7157       1.0920
    7158       1.2500
    7159       1.3314
    7160       1.2247
    7161       1.0312
    7162       1.1798
    7163       1.2291
    7164       0.9501
    7165       0.9898
    7166       0.9982
    7167       1.0450
    7168       1.0572
    7169       1.0222
    7170       0.9542
    7171       0.8474
    7172       0.9645
    7173       1.0088
    7174       1.0455
    7175       1.1097
    7176       1.0038
    7177       1.0384
    7178       1.1676
    7179       1.1596
    7180       1.2934
    7181       1.1100
    7182       1.1653
    7183       1.0841
    7184       1.2398
    7185       1.1192
    7186       1.2484
    7187       1.0578
    7188       0.9254
    7189       0.9617
    7190       0.9541
    7191       1.2147
    7192       1.2507
    7193       1.2662
    7194       1.2336
    7195       1.0508
    7196       1.0157
    7197       1.0391
    7198       1.2431
    7199       0.9418
    7200       1.1136
    7201       0.9892
    7202       1.0656
    7203       1.0367
    7204       0.9648
    7205       0.9336
    7206       0.9444
    7207       0.8739
    7208       0.9218
    7209       1.0857
    7210       1.1214
    7211       1.1011
    7212       1.0290
    7213       1.0746
    7214       1.1282
    7215       1.0352
    7216       1.0038
    7217       1.0007
    7218       1.0169
    7219       1.0693
    7220       1.0816
    7221       0.9924
    7222       1.0865
    7223       1.0838
    7224       0.9247
    7225       1.0681
    7226       1.1302
    7227       1.1318
    7228       1.2580
    7229       1.2182
    7230       1.1176
    7231       0.9814
    7232       0.9964
    7233       0.9919
    7234       1.0486
    7235       0.9674
    7236       1.0145
    7237       1.1782
    7238       0.9687
    7239       1.0546
    7240       1.0486
    7241       0.9377
    7242       0.9901
    7243       0.9461
    7244       0.9374
    7245       0.9475
    7246       0.9911
    7247       0.8063
    7248       0.9727
    7249       0.9140
    7250       0.9849
    7251       1.0007
    7252       1.1420
    7253       1.2077
    7254       1.0240
    7255       1.0440
    7256       0.9118
    7257       0.9882
    7258       1.0285
    7259       1.0325
    7260       1.0989
    7261       1.2067
    7262       1.0473
    7263       1.1158
    7264       1.0430
    7265       1.0883
    7266       1.0901
    7267       0.9153
    7268       0.9970
    7269       0.9200
    7270       0.9446
    7271       0.9356
    7272       0.9207
    7273       1.0499
    7274       0.9902
    7275       1.0377
    7276       1.0767
    7277       1.0749
    7278       0.9240
    7279       1.1177
    7280       1.2298
    7281       0.9893
    7282       0.9884
    7283       1.0117
    7284       0.9808
    7285       0.9997
    7286       0.9704
    7287       0.9634
    7288       0.8675
    7289       1.1036
    7290       0.8834
    7291       0.9399
    7292       0.9374
    7293       0.8771
    7294       1.0087
    7295       1.0047
    7296       0.9962
    7297       0.9737
    7298       1.0316
    7299       0.9994
    7300       0.9604
    7301       0.9327
    7302       1.1609
    7303       1.1737
    7304       1.1196
    7305       0.7885
    7306       0.8811
    7307       0.8837
    7308       0.9442
    7309       0.9323
    7310       1.0558
    7311       0.9907
    7312       1.0805
    7313       0.9644
    7314       0.9687
    7315       0.9987
    7316       0.9517
    7317       0.9783
    7318       0.9733
    7319       1.0595
    7320       0.8673
    7321       0.9307
    7322       1.0615
    7323       1.1104
    7324       0.9191
    7325       0.9767
    7326       0.9605
    7327       1.0188
    7328       1.1078
    7329       1.0698
    7330       1.0032
    7331       1.0150
    7332       0.9114
    7333       0.9804
    7334       0.9365
    7335       1.0642
    7336       1.0132
    7337       1.1852
    7338       1.0453
    7339       1.0048
    7340       0.9648
    7341       0.9945
    7342       1.2080
    7343       1.1006
    7344       1.1593
    7345       1.1465
    7346       1.1937
    7347       1.3177
    7348       1.0841
    7349       1.1044
    7350       1.1196
    7351       1.1856
    7352       1.0861
    7353       1.2147
    7354       1.0525
    7355       1.0486
    7356       1.1054
    7357       0.9265
    7358       1.1303
    7359       1.0258
    7360       1.1650
    7361       1.0838
    7362       0.9813
    7363       1.0506
    7364       1.0589
    7365       1.1021
    7366       1.1309
    7367       1.1358
    7368       0.9393
    7369       1.0585
    7370       0.9844
    7371       0.9020
    7372       1.0147
    7373       1.0015
    7374       1.0040
    7375       1.0829
    7376       1.0625
    7377       1.0572
    7378       1.1530
    7379       1.0924
    7380       1.1916
    7381       1.0885
    7382       1.1803
    7383       0.9704
    7384       1.0474
    7385       1.0994
    7386       1.1197
    7387       1.0397
    7388       1.0644
    7389       1.0332
    7390       1.0025
    7391       0.9027
    7392       0.9251
    7393       0.9560
    7394       0.9598
    7395       1.0473
    7396       1.1753
    7397       1.0996
    7398       1.0802
    7399       1.0211
    7400       0.9720
    7401       0.9840
    7402       0.9906
    7403       1.0319
    7404       1.0883
    7405       0.9722
    7406       1.1549
    7407       1.2247
    7408       1.2406
    7409       1.1662
    7410       1.2037
    7411       1.2458
    7412       1.1779
    7413       1.2319
    7414       1.1637
    7415       1.0813
    7416       1.1333
    7417       1.1363
    7418       1.1229
    7419       1.1031
    7420       1.1004
    7421       0.9381
    7422       1.0065
    7423       1.1332
    7424       1.1300
    7425       1.1649
    7426       1.1980
    7427       1.2401
    7428       1.1250
    7429       1.0899
    7430       1.0112
    7431       1.0224
    7432       1.0712
    7433       0.9134
    7434       0.9873
    7435       0.9533
    7436       1.0408
    7437       0.9682
    7438       0.9786
    7439       1.0811
    7440       1.1295
    7441       1.0729
    7442       1.2561
    7443       1.1609
    7444       1.2141
    7445       1.1321
    7446       1.1767
    7447       1.1441
    7448       1.1189
    7449       1.1575
    7450       1.1974
    7451       1.1362
    7452       1.1140
    7453       1.2272
    7454       1.1371
    7455       1.1885
    7456       1.2077
    7457       1.1681
    7458       1.2634
    7459       1.3269
    7460       1.1789
    7461       1.1060
    7462       1.1420
    7463       1.0198
    7464       1.1113
    7465       1.0603
    7466       1.1102
    7467       1.3185
    7468       1.1259
    7469       1.0724
    7470       1.1142
    7471       1.0899
    7472       1.1641
    7473       1.1535
    7474       1.1244
    7475       1.2665
    7476       1.2703
    7477       1.3734
    7478       1.1820
    7479       1.0449
    7480       1.1499
    7481       1.1829
    7482       1.2065
    7483       1.1617
    7484       1.1382
    7485       1.1042
    7486       0.9771
    7487       0.9945
    7488       1.0265
    7489       0.9929
    7490       0.8379
    7491       1.0409
    7492       0.9792
    7493       1.1132
    7494       1.0238
    7495       1.0341
    7496       1.1311
    7497       1.1666
    7498       1.1318
    7499       1.2234
    7500       1.2068
    7501       1.1714
    7502       1.2189
    7503       1.0925
    7504       1.1698
    7505       1.2117
    7506       1.0495
    7507       1.1774
    7508       1.0946
    7509       1.1999
    7510       1.1773
    7511       1.2122
    7512       1.2536
    7513       1.3201
    7514       1.4231
    7515       1.3923
    7516       1.0929
    7517       0.9320
    7518       1.0242
    7519       0.9281
    7520       0.9581
    7521       0.9873
    7522       1.1402
    7523       1.0909
    7524       1.2152
    7525       1.5064
    7526       1.2541
    7527       1.1777
    7528       1.0653
    7529       0.9838
    7530       1.0990
    7531       1.0924
    7532       1.1592
    7533       1.1337
    7534       1.1921
    7535       1.1503
    7536       1.0220
    7537       1.0996
    7538       0.9610
    7539       1.0768
    7540       1.0290
    7541       0.9979
    7542       1.0661
    7543       1.0685
    7544       1.0724
    7545       1.1326
    7546       1.0860
    7547       1.1704
    7548       1.1027
    7549       1.1151
    7550       0.9307
    7551       0.9136
    7552       0.9439
    7553       1.0066
    7554       0.9232
    7555       0.9989
    7556       0.9500
    7557       0.9571
    7558       1.0329
    7559       1.1627
    7560       1.0398
    7561       1.0673
    7562       1.2766
    7563       1.1416
    7564       1.0715
    7565       0.9582
    7566       1.0127
    7567       1.1325
    7568       1.1309
    7569       1.0686
    7570       0.9190
    7571       0.9798
    7572       1.0194
    7573       1.0491
    7574       1.0062
    7575       1.0868
    7576       0.9804
    7577       1.1162
    7578       1.0842
    7579       0.9456
    7580       1.1695
    7581       1.1122
    7582       1.2741
    7583       1.2289
    7584       1.0902
    7585       1.0707
    7586       1.1672
    7587       1.1332
    7588       1.1274
    7589       1.1607
    7590       1.0162
    7591       1.1645
    7592       1.0698
    7593       1.0830
    7594       1.0367
    7595       1.0462
    7596       1.0237
    7597       1.0824
    7598       1.1161
    7599       1.0669
    7600       1.0167
    7601       1.1278
    7602       0.9791
    7603       0.9386
    7604       1.1206
    7605       1.0612
    7606       1.0476
    7607       1.0694
    7608       1.0996
    7609       1.1833
    7610       1.2249
    7611       1.1591
    7612       1.0695
    7613       0.9217
    7614       0.9795
    7615       1.0219
    7616       1.0445
    7617       1.1058
    7618       1.0356
    7619       0.9370
    7620       1.0303
    7621       1.0169
    7622       0.9894
    7623       0.9283
    7624       0.9101
    7625       0.9240
    7626       0.9538
    7627       0.9933
    7628       1.1429
    7629       1.0643
    7630       1.1916
    7631       1.2697
    7632       1.2013
    7633       1.2886
    7634       1.1684
    7635       1.1038
    7636       0.9515
    7637       1.0206
    7638       1.0195
    7639       1.0667
    7640       1.0498
    7641       1.2294
    7642       0.9248
    7643       0.9479
    7644       0.9221
    7645       1.0418
    7646       0.9480
    7647       0.9839
    7648       1.0459
    7649       0.9661
    7650       1.0450
    7651       1.0420
    7652       0.9517
    7653       1.0392
    7654       0.9700
    7655       1.0058
    7656       0.9896
    7657       0.9625
    7658       0.8382
    7659       0.8805
    7660       0.8764
    7661       1.0088
    7662       0.9287
    7663       0.8269
    7664       1.0193
    7665       1.0125
    7666       0.9153
    7667       0.9785
    7668       0.9663
    7669       0.9406
    7670       0.9028
    7671       0.9954
    7672       1.0324
    7673       1.0969
    7674       1.2260
    7675       1.2824
    7676       1.3817
    7677       1.2025
    7678       1.3909
    7679       1.3277
    7680       1.2859
    7681       1.2105
    7682       1.1562
    7683       1.1725
    7684       1.1825
    7685       1.1518
    7686       1.0552
    7687       1.2030
    7688       0.9073
    7689       0.9797
    7690       1.1130
    7691       1.0989
    7692       1.0426
    7693       1.0731
    7694       1.1291
    7695       1.1004
    7696       0.9968
    7697       1.0952
    7698       1.0611
    7699       1.1288
    7700       1.0085
    7701       0.8343
    7702       0.8191
    7703       1.0602
    7704       0.9685
    7705       0.9191
    7706       0.9707
    7707       0.9010
    7708       0.9350
    7709       0.8176
    7710       0.9185
    7711       0.9846
    7712       0.8416
    7713       0.9220
    7714       0.8083
    7715       0.8313
    7716       0.8805
    7717       0.8603
    7718       0.8087
    7719       0.8409
    7720       0.9652
    7721       0.9763
    7722       0.9194
    7723       0.8683
    7724       1.1085
    7725       1.0149
    7726       0.9632
    7727       0.8271
    7728       0.8510
    7729       0.8832
    7730       0.9936
    7731       0.8342
    7732       0.8343
    7733       0.7939
    7734       0.8032
    7735       0.7408
    7736       0.7789
    7737       0.7947
    7738       0.9441
    7739       0.9266
    7740       0.8824
    7741       0.7914
    7742       0.8957
    7743       0.8929
    7744       0.8834
    7745       0.9228
    7746       1.0063
    7747       0.9993
    7748       0.9846
    7749       0.9773
    7750       0.8865
    7751       0.9601
    7752       0.9526
    7753       0.8690
    7754       0.9738
    7755       0.9081
    7756       0.9732
    7757       0.8882
    7758       0.9603
    7759       1.0799
    7760       1.0287
    7761       1.1777
    7762       1.0230
    7763       1.0770
    7764       1.1555
    7765       1.0289
    7766       0.9665
    7767       1.0943
    7768       1.0121
    7769       1.1045
    7770       1.0466
    7771       1.2856
    7772       1.1278
    7773       1.0577
    7774       1.2063
    7775       1.2238
    7776       1.0618
    7777       1.0741
    7778       0.9897
    7779       0.8711
    7780       0.8108
    7781       0.8504
    7782       0.8644
    7783       0.9409
    7784       0.9930
    7785       0.8645
    7786       0.8325
    7787       0.8558
    7788       0.8280
    7789       0.8355
    7790       0.8420
    7791       0.8524
    7792       0.9779
    7793       1.0024
    7794       0.9233
    7795       0.9559
    7796       0.9358
    7797       0.8019
    7798       0.8305
    7799       0.8475
    7800       0.8893
    7801       0.9649
    7802       0.9571
    7803       0.9844
    7804       0.9890
    7805       0.9348
    7806       1.0029
    7807       0.9038
    7808       0.9733
    7809       1.0200
    7810       0.8818
    7811       0.9338
    7812       1.0082
    7813       1.0373
    7814       1.0257
    7815       0.9417
    7816       1.0414
    7817       1.0704
    7818       0.9116
    7819       0.9027
    7820       0.9197
    7821       0.9499
    7822       0.9864
    7823       1.0571
    7824       0.9658
    7825       0.9748
    7826       1.0692
    7827       1.0570
    7828       1.2236
    7829       1.1649
    7830       1.0851
    7831       1.0243
    7832       1.0312
    7833       0.9737
    7834       0.9643
    7835       0.9591
    7836       0.9198
    7837       0.9048
    7838       0.9338
    7839       0.9271
    7840       0.9489
    7841       0.9817
    7842       0.9895
    7843       0.9645
    7844       0.9318
    7845       0.9362
    7846       1.0198
    7847       1.2331
    7848       1.1876
    7849       0.9779
    7850       0.9454
    7851       0.9181
    7852       0.9686
    7853       0.8918
    7854       0.9849
    7855       1.0963
    7856       1.0781
    7857       1.0060
    7858       0.9155
    7859       0.9315
    7860       0.8713
    7861       0.8653
    7862       0.9130
    7863       0.8359
    7864       0.7876
    7865       0.8869
    7866       0.9068
    7867       1.0089
    7868       0.9994
    7869       0.9404
    7870       1.0210
    7871       0.9164
    7872       0.8714
    7873       0.9685
    7874       1.0049
    7875       1.0030
    7876       0.9237
    7877       0.9312
    7878       0.8840
    7879       0.9147
    7880       0.8818
    7881       0.9013
    7882       0.9162
    7883       0.9646
    7884       0.9078
    7885       0.8428
    7886       0.9837
    7887       0.8982
    7888       0.8359
    7889       0.8872
    7890       0.8085
    7891       0.8460
    7892       0.8962
    7893       1.0036
    7894       1.0716
    7895       0.9549
    7896       1.0289
    7897       1.0308
    7898       0.9786
    7899       0.9882
    7900       1.1073
    7901       0.9777
    7902       1.1384
    7903       1.1407
    7904       1.1182
    7905       1.0571
    7906       0.9605
    7907       1.1325
    7908       1.1967
    7909       1.1605
    7910       1.2325
    7911       1.1939
    7912       1.1005
    7913       1.1163
    7914       1.0755
    7915       0.9934
    7916       0.9619
    7917       0.9666
    7918       1.0920
    7919       1.1348
    7920       1.0215
    7921       0.9982
    7922       0.9364
    7923       0.9085
    7924       0.9828
    7925       1.0419
    7926       1.0864
    7927       1.0426
    7928       0.9771
    7929       0.8938
    7930       0.9391
    7931       0.9372
    7932       1.0379
    7933       0.9983
    7934       1.0354
    7935       0.9392
    7936       1.0226
    7937       0.9971
    7938       1.0458
    7939       1.0642
    7940       1.1240
    7941       1.0401
    7942       0.9534
    7943       0.8461
    7944       0.8298
    7945       0.8634
    7946       0.9225
    7947       0.8224
    7948       0.8020
    7949       0.8760
    7950       0.8122
    7951       0.8197
    7952       0.7533
    7953       0.9168
    7954       0.9368
    7955       0.8696
    7956       0.9080
    7957       0.9162
    7958       0.8795
    7959       1.0432
    7960       0.9855
    7961       0.9101
    7962       0.8291
    7963       0.8716
    7964       0.8887
    7965       0.8846
    7966       0.8858
    7967       0.8138
    7968       0.8245
    7969       0.7835
    7970       0.8413
    7971       0.8868
    7972       0.9298
    7973       0.8104
    7974       0.9170
    7975       0.9193
    7976       0.9476
    7977       0.9829
    7978       1.0647
    7979       1.1001
    7980       0.9991
    7981       0.9684
    7982       0.9370
    7983       0.9323
    7984       0.9211
    7985       0.9142
    7986       1.1047
    7987       0.9495
    7988       0.8899
    7989       0.9598
    7990       0.9162
    7991       0.9163
    7992       0.9316
    7993       0.8976
    7994       0.9142
    7995       0.8870
    7996       0.9492
    7997       0.9054
    7998       0.8647
    7999       0.8361
    8000       0.9543
    8001       0.9740
    8002       1.0660
    8003       1.0108
    8004       1.0456
    8005       0.9237
    8006       1.0302
    8007       0.9795
    8008       1.0085
    8009       1.2371
    8010       1.2093
    8011       1.0620
    8012       1.0291
    8013       1.0461
    8014       0.9685
    8015       0.9558
    8016       0.9073
    8017       0.8740
    8018       0.9610
    8019       0.9622
    8020       0.9636
    8021       1.0727
    8022       0.9631
    8023       0.8514
    8024       0.8684
    8025       0.9491
    8026       0.9684
    8027       0.9206
    8028       0.9165
    8029       0.9448
    8030       0.9844
    8031       0.9478
    8032       0.8772
    8033       0.8269
    8034       0.7652
    8035       0.9326
    8036       0.8905
    8037       0.9579
    8038       0.9782
    8039       1.0522
    8040       1.1390
    8041       0.9966
    8042       1.1090
    8043       1.0087
    8044       0.9201
    8045       1.0170
    8046       0.8992
    8047       0.8771
    8048       0.8487
    8049       0.9529
    8050       0.9884
    8051       0.9343
    8052       0.9315
    8053       0.9754
    8054       1.0248
    8055       1.0040
    8056       0.9139
    8057       0.9648
    8058       0.9610
    8059       1.0361
    8060       0.9242
    8061       0.9141
    8062       0.9536
    8063       1.1476
    8064       0.9318
    8065       0.8946
    8066       0.8521
    8067       0.9107
    8068       0.8565
    8069       0.9396
    8070       0.9781
    8071       0.8930
    8072       1.0381
    8073       1.0261
    8074       1.0497
    8075       1.0218
    8076       1.0051
    8077       1.1010
    8078       1.0373
    8079       1.0402
    8080       0.9410
    8081       1.0784
    8082       0.9943
    8083       1.1084
    8084       1.1075
    8085       1.0739
    8086       0.9891
    8087       0.9853
    8088       0.9693
    8089       0.9607
    8090       1.0421
    8091       1.0116
    8092       1.0389
    8093       1.0429
    8094       1.0232
    8095       1.0999
    8096       0.9730
    8097       0.9492
    8098       0.8622
    8099       0.8933
    8100       0.8058
    8101       0.9616
    8102       0.9429
    8103       0.9289
    8104       0.9279
    8105       0.8930
    8106       0.9305
    8107       0.8708
    8108       0.8682
    8109       0.9595
    8110       1.0089
    8111       1.0017
    8112       1.0081
    8113       0.9777
    8114       1.0393
    8115       0.9839
    8116       0.9772
    8117       1.0192
    8118       0.9882
    8119       0.9722
    8120       1.0342
    8121       1.1076
    8122       1.2375
    8123       1.1412
    8124       1.0175
    8125       0.9002
    8126       0.8557
    8127       0.9816
    8128       1.1223
    8129       0.9857
    8130       0.9700
    8131       1.1046
    8132       1.0850
    8133       1.0647
    8134       1.0529
    8135       1.0555
    8136       1.0732
    8137       1.0220
    8138       1.0993
    8139       1.0094
    8140       1.0241
    8141       0.9899
    8142       1.0587
    8143       1.0797
    8144       1.1401
    8145       1.2503
    8146       1.2637
    8147       1.2317
    8148       1.1600
    8149       1.1588
    8150       1.0598
    8151       1.0172
    8152       0.9863
    8153       0.9488
    8154       1.0063
    8155       0.9828
    8156       0.9938
    8157       0.9390
    8158       1.0800
    8159       1.0434
    8160       0.9181
    8161       0.9688
    8162       0.9263
    8163       0.8885
    8164       0.9787
    8165       1.1368
    8166       1.0217
    8167       1.2098
    8168       1.1421
    8169       1.1114
    8170       1.2475
    8171       1.1526
    8172       1.1419
    8173       1.1300
    8174       1.1760
    8175       1.1314
    8176       1.1163
    8177       1.2710
    8178       1.2882
    8179       1.2188
    8180       1.1611
    8181       1.2622
    8182       1.2634
    8183       1.1849
    8184       1.1621
    8185       1.1993
    8186       1.0534
    8187       1.0984
    8188       1.1178
    8189       1.3103
    8190       1.3248
    8191       1.2508
    8192       1.2962
    8193       1.2891
    8194       1.1763
    8195       1.2576
    8196       1.0448
    8197       1.1301
    8198       1.1930
    8199       1.0574
    8200       1.0570
    8201       1.0365
    8202       1.0439
    8203       1.1301
    8204       1.0248
    8205       0.9910
    8206       0.9281
    8207       1.0273
    8208       0.9780
    8209       1.0370
    8210       0.9477
    8211       1.1095
    8212       1.0777
    8213       1.0188
    8214       0.9368
    8215       1.0136
    8216       1.0274
    8217       0.8764
    8218       1.0794
    8219       1.0642
    8220       1.1065
    8221       1.0065
    8222       0.9587
    8223       0.9699
    8224       1.0136
    8225       1.0194
    8226       1.0151
    8227       1.1788
    8228       1.0114
    8229       1.0152
    8230       0.9411
    8231       1.0604
    8232       1.1479
    8233       1.1879
    8234       0.9948
    8235       1.0317
    8236       0.9658
    8237       0.9957
    8238       1.0776
    8239       1.0936
    8240       1.0649
    8241       1.1695
    8242       1.0698
    8243       1.0292
    8244       1.0405
    8245       1.1267
    8246       1.0614
    8247       1.0353
    8248       1.0169
    8249       1.1147
    8250       1.0504
    8251       1.0541
    8252       0.9701
    8253       1.0417
    8254       0.9942
    8255       0.9529
    8256       1.0231
    8257       0.9316
    8258       0.9998
    8259       1.0712
    8260       1.0952
    8261       1.0114
    8262       1.0295
    8263       0.9414
    8264       1.0155
    8265       0.9532
    8266       0.9157
    8267       0.9637
    8268       0.8876
    8269       0.9142
    8270       0.9220
    8271       0.8881
    8272       0.9517
    8273       0.9694
    8274       1.0136
    8275       1.0642
    8276       0.9861
    8277       0.9639
    8278       1.0549
    8279       1.1202
    8280       1.0698
    8281       1.1298
    8282       0.9990
    8283       1.0464
    8284       1.0998
    8285       1.1353
    8286       1.0358
    8287       0.9271
    8288       0.9976
    8289       0.8646
    8290       0.9357
    8291       1.1209
    8292       1.2001
    8293       0.9923
    8294       1.1461
    8295       1.1457
    8296       1.0994
    8297       1.3021
    8298       1.2631
    8299       1.2074
    8300       1.3245
    8301       1.2359
    8302       1.1099
    8303       1.2000
    8304       1.0847
    8305       1.1205
    8306       1.3088
    8307       1.3146
    8308       1.3141
    8309       1.2849
    8310       1.3428
    8311       1.2999
    8312       1.2343
    8313       1.2357
    8314       1.2230
    8315       1.0547
    8316       1.1389
    8317       1.1028
    8318       1.0027
    8319       1.0574
    8320       1.0606
    8321       1.0546
    8322       1.1479
    8323       1.1641
    8324       1.1698
    8325       1.0903
    8326       1.0854
    8327       1.0767
    8328       1.0586
    8329       1.3623
    8330       1.2429
    8331       1.2166
    8332       1.1262
    8333       1.2303
    8334       1.0925
    8335       1.0469
    8336       1.0452
    8337       1.0152
    8338       0.9561
    8339       1.1571
    8340       1.2137
    8341       1.1499
    8342       1.1076
    8343       1.0954
    8344       1.0467
    8345       1.1213
    8346       1.1704
    8347       1.1734
    8348       1.4108
    8349       1.4856
    8350       1.4069
    8351       1.2499
    8352       1.1124
    8353       0.9493
    8354       0.9861
    8355       0.8896
    8356       0.8715
    8357       0.9566
    8358       0.9649
    8359       0.9246
    8360       1.0816
    8361       1.2006
    8362       1.2347
    8363       1.0355
    8364       0.9172
    8365       1.1385
    8366       1.1469
    8367       0.9552
    8368       1.0572
    8369       0.9696
    8370       0.9521
    8371       1.0401
    8372       0.9254
    8373       0.9198
    8374       1.1752
    8375       1.1481
    8376       1.1070
    8377       1.0684
    8378       1.1142
    8379       1.0912
    8380       1.1161
    8381       1.2191
    8382       1.2334
    8383       1.2311
    8384       1.1812
    8385       1.1565
    8386       1.3205
    8387       1.1308
    8388       0.9519
    8389       1.1159
    8390       1.1203
    8391       1.1085
    8392       1.0660
    8393       1.2310
    8394       1.2099
    8395       1.1954
    8396       1.1367
    8397       1.2252
    8398       1.5145
    8399       1.4460
    8400       1.5183
    8401       1.3142
    8402       1.0994
    8403       0.9978
    8404       1.2442
    8405       1.2602
    8406       1.2513
    8407       1.1075
    8408       0.9251
    8409       0.9504
    8410       1.1145
    8411       0.9869
    8412       0.9714
    8413       1.0731
    8414       0.9783
    8415       0.9083
    8416       1.0440
    8417       1.0544
    8418       0.9808
    8419       1.2272
    8420       1.2412
    8421       1.4273
    8422       1.0990
    8423       1.0815
    8424       1.0220
    8425       0.9939
    8426       1.1309
    8427       1.0716
    8428       1.1654
    8429       1.1864
    8430       1.1374
    8431       1.0393
    8432       1.1155
    8433       1.0456
    8434       1.2221
    8435       1.2739
    8436       1.3359
    8437       1.2298
    8438       1.2004
    8439       1.2185
    8440       1.3195
    8441       1.3643
    8442       1.2920
    8443       1.2363
    8444       1.1505
    8445       1.3132
    8446       1.3570
    8447       1.3133
    8448       1.2354
    8449       1.2170
    8450       1.1087
    8451       1.2176
    8452       1.2258
    8453       1.1597
    8454       1.2536
    8455       1.2058
    8456       1.2507
    8457       1.1759
    8458       1.1177
    8459       1.1608
    8460       1.2122
    8461       1.0617
    8462       0.8455
    8463       1.1451
    8464       1.1854
    8465       1.0802
    8466       1.1489
    8467       1.0904
    8468       0.9304
    8469       1.0140
    8470       0.9108
    8471       0.9756
    8472       0.9432
    8473       1.0659
    8474       1.0743
    8475       1.0296
    8476       1.1906
    8477       1.2402
    8478       1.2468
    8479       1.2581
    8480       1.3446
    8481       1.2866
    8482       1.2403
    8483       1.1329
    8484       1.1444
    8485       1.1685
    8486       1.2177
    8487       1.0848
    8488       1.0843
    8489       1.1845
    8490       1.0034
    8491       1.0616
    8492       1.1189
    8493       1.0724
    8494       1.1718
    8495       1.2431
    8496       1.1792
    8497       1.2282
    8498       1.2517
    8499       1.2944
    8500       1.3584
    8501       1.3401
    8502       1.3400
    8503       1.3424
    8504       1.3170
    8505       1.2318
    8506       1.3244
    8507       1.3625
    8508       1.3424
    8509       1.4626
    8510       1.3302
    8511       1.5665
    8512       1.4151
    8513       1.3407
    8514       1.3595
    8515       1.3541
    8516       1.1955
    8517       1.2692
    8518       1.1063
    8519       1.2513
    8520       1.1953
    8521       1.2775
    8522       1.2666
    8523       1.1623
    8524       1.1833
    8525       1.1232
    8526       1.2381
    8527       1.3550
    8528       1.3807
    8529       1.2340
    8530       1.2999
    8531       1.3175
    8532       1.2982
    8533       1.2780
    8534       1.1841
    8535       1.2709
    8536       1.2118
    8537       1.3816
    8538       1.3861
    8539       1.2985
    8540       1.2013
    8541       1.1676
    8542       1.2045
    8543       1.1199
    8544       1.0939
    8545       1.1314
    8546       1.2180
    8547       1.2322
    8548       1.1094
    8549       1.2781
    8550       1.2201
    8551       1.2306
    8552       1.0781
    8553       1.1581
    8554       1.1057
    8555       1.2508
    8556       1.1930
    8557       1.1568
    8558       1.1786
    8559       1.0749
    8560       1.3362
    8561       1.3137
    8562       1.2805
    8563       1.2864
    8564       1.2554
    8565       1.0584
    8566       1.2914
    8567       1.1511
    8568       1.2686
    8569       1.3487
    8570       1.2679
    8571       1.2112
    8572       1.2231
    8573       1.4825
    8574       1.4251
    8575       1.6619
    8576       1.3596
    8577       1.2732
    8578       1.1994
    8579       1.1627
    8580       1.1336
    8581       1.1491
    8582       0.9920
    8583       1.0970
    8584       1.0632
    8585       1.0206
    8586       1.1552
    8587       1.0746
    8588       1.0964
    8589       1.2014
    8590       1.3845
    8591       1.3074
    8592       1.3708
    8593       1.3673
    8594       1.3099
    8595       1.3675
    8596       1.2591
    8597       1.1489
    8598       1.0967
    8599       1.2467
    8600       1.2650
    8601       1.1737
    8602       1.0774
    8603       1.2389
    8604       1.2444
    8605       1.2929
    8606       1.3217
    8607       1.2275
    8608       1.2185
    8609       1.4187
    8610       1.4063
    8611       1.3063
    8612       1.4748
    8613       1.2686
    8614       1.2322
    8615       1.3237
    8616       1.2349
    8617       1.1976
    8618       1.1704
    8619       1.3645
    8620       1.3159
    8621       1.4011
    8622       1.4335
    8623       1.6610
    8624       1.5075
    8625       1.5145
    8626       1.3558
    8627       1.3575
    8628       1.5929
    8629       1.5330
    8630       1.3567
    8631       1.3478
    8632       1.4577
    8633       1.2224
    8634       1.1370
    8635       1.2949
    8636       1.4502
    8637       1.2855
    8638       1.3290
    8639       1.3038
    8640       1.2215
    8641       1.0854
    8642       1.0706
    8643       1.1069
    8644       1.0034
    8645       0.9243
    8646       0.9208
    8647       0.9471
    8648       0.9783
    8649       1.0300
    8650       1.1033
    8651       1.2987
    8652       1.2430
    8653       1.0641
    8654       0.9910
    8655       1.0805
    8656       1.1045
    8657       1.0192
    8658       1.1294
    8659       1.2384
    8660       1.0763
    8661       0.9861
    8662       1.1355
    8663       1.1613
    8664       1.2801
    8665       1.1318
    8666       1.0453
    8667       1.0838
    8668       1.0016
    8669       1.0404
    8670       1.1705
    8671       1.1232
    8672       1.1406
    8673       1.1924
    8674       1.2667
    8675       1.1526
    8676       1.1500
    8677       1.2157
    8678       1.3033
    8679       1.2953
    8680       1.1606
    8681       1.1343
    8682       1.0145
    8683       1.3553
    8684       1.1011
    8685       1.0991
    8686       1.1040
    8687       1.3072
    8688       1.1495
    8689       1.2210
    8690       1.1000
    8691       1.0282
    8692       0.9634
    8693       0.9516
    8694       0.9680
    8695       0.8906
    8696       0.9227
    8697       0.9133
    8698       0.9265
    8699       0.8499
    8700       0.8592
    8701       0.8075
    8702       0.8540
    8703       0.7794
    8704       0.9429
    8705       1.0547
    8706       0.9546
    8707       0.9693
    8708       1.0358
    8709       1.0127
    8710       0.8674
    8711       0.9489
    8712       0.9088
    8713       0.9584
    8714       1.0868
    8715       1.1522
    8716       1.1372
    8717       1.2777
    8718       1.2361
    8719       1.0472
    8720       0.9520
    8721       0.9577
    8722       1.1830
    8723       1.2729
    8724       1.1604
    8725       1.2013
    8726       1.1006
    8727       1.2011
    8728       1.1277
    8729       1.0924
    8730       1.3166
    8731       1.2761
    8732       1.2326
    8733       1.1611
    8734       1.0891
    8735       1.2492
    8736       1.1852
    8737       1.1681
    8738       1.1820
    8739       1.2650
    8740       1.1861
    8741       1.1359
    8742       1.2941
    8743       1.2196
    8744       1.2277
    8745       1.1932
    8746       1.0745
    8747       1.1875
    8748       1.2490
    8749       1.3857
    8750       1.3350
    8751       1.1867
    8752       1.0552
    8753       1.1055
    8754       1.1890
    8755       1.1753
    8756       1.1197
    8757       1.0799
    8758       0.9654
    8759       0.9413
    8760       0.9815
    8761       1.1701
    8762       1.0923
    8763       1.0515
    8764       1.2476
    8765       1.3124
    8766       1.2508
    8767       1.1953
    8768       1.1501
    8769       1.1957
    8770       1.0886
    8771       1.0437
    8772       0.9860
    8773       1.2671
    8774       1.1039
    8775       1.0703
    8776       1.1474
    8777       1.0186
    8778       1.0534
    8779       1.0890
    8780       1.0815
    8781       1.0769
    8782       1.0736
    8783       1.0671
    8784       0.9722
    8785       0.9679
    8786       0.9778
    8787       1.0065
    8788       1.0550
    8789       0.9881
    8790       1.0147
    8791       1.2227
    8792       1.2978
    8793       1.0641
    8794       1.0464
    8795       1.0376
    8796       1.0189
    8797       0.9866
    8798       0.8856
    8799       0.8857
    8800       1.1808
    8801       1.0109
    8802       1.0890
    8803       1.1527
    8804       1.1966
    8805       1.2094
    8806       1.2674
    8807       1.1974
    8808       1.1873
    8809       0.9772
    8810       1.1573
    8811       1.1073
    8812       0.9567
    8813       1.0207
    8814       1.0398
    8815       0.9617
    8816       0.8999
    8817       0.9117
    8818       0.9814
    8819       1.0228
    8820       1.0811
    8821       0.9959
    8822       0.9594
    8823       0.9220
    8824       1.0610
    8825       1.1049
    8826       1.2809
    8827       1.3080
    8828       1.0340
    8829       1.0666
    8830       0.9734
    8831       0.9264
    8832       0.8345
    8833       0.9920
    8834       0.9790
    8835       1.0748
    8836       1.2061
    8837       1.0177
    8838       1.1306
    8839       1.1518
    8840       1.1309
    8841       1.0848
    8842       1.1045
    8843       0.9800
    8844       0.9812
    8845       1.1317
    8846       1.0454
    8847       1.1355
    8848       1.0294
    8849       1.0654
    8850       1.0962
    8851       1.1001
    8852       1.0451
    8853       1.1423
    8854       1.1152
    8855       1.1259
    8856       1.1887
    8857       1.0673
    8858       1.0892
    8859       1.1443
    8860       1.0636
    8861       1.1300
    8862       1.1555
    8863       1.1548
    8864       1.1081
    8865       1.1242
    8866       1.0873
    8867       1.2347
    8868       1.2092
    8869       1.2130
    8870       1.1551
    8871       1.3082
    8872       1.3381
    8873       1.2817
    8874       1.3247
    8875       1.2288
    8876       1.1945
    8877       1.2902
    8878       1.2936
    8879       1.4299
    8880       1.2798
    8881       1.3501
    8882       1.4343
    8883       1.5327
    8884       1.5063
    8885       1.4467
    8886       1.2662
    8887       1.1300
    8888       1.2518
    8889       1.3396
    8890       1.2674
    8891       1.3144
    8892       1.1741
    8893       1.1309
    8894       1.1095
    8895       1.0392
    8896       1.1083
    8897       1.1061
    8898       1.1401
    8899       1.1972
    8900       1.2710
    8901       1.2107
    8902       1.1968
    8903       1.1430
    8904       1.2609
    8905       1.1258
    8906       1.0870
    8907       1.1547
    8908       1.1084
    8909       1.1490
    8910       1.0874
    8911       1.1297
    8912       1.0309
    8913       0.9342
    8914       0.9367
    8915       1.1762
    8916       1.1603
    8917       1.1756
    8918       1.1467
    8919       1.1175
    8920       1.2073
    8921       1.2292
    8922       1.0670
    8923       1.3197
    8924       1.1697
    8925       1.3355
    8926       1.3135
    8927       1.2440
    8928       1.2996
    8929       1.2625
    8930       1.3533
    8931       1.1472
    8932       1.1810
    8933       1.1536
    8934       1.1987
    8935       1.2787
    8936       1.1930
    8937       1.2538
    8938       1.1049
    8939       1.2432
    8940       1.0437
    8941       1.0094
    8942       0.8489
    8943       0.9358
    8944       0.9412
    8945       0.9569
    8946       1.0268
    8947       0.9835
    8948       0.9705
    8949       1.0440
    8950       1.1224
    8951       1.0515
    8952       1.0358
    8953       1.1027
    8954       1.1420
    8955       1.0689
    8956       1.1951
    8957       1.2852
    8958       1.1825
    8959       1.2337
    8960       1.1414
    8961       1.1291
    8962       1.1765
    8963       1.0763
    8964       0.9525
    8965       1.0844
    8966       1.1894
    8967       1.0811
    8968       1.2429
    8969       1.1527
    8970       1.1992
    8971       1.3123
    8972       0.9717
    8973       1.0469
    8974       1.0672
    8975       1.0836
    8976       1.0775
    8977       1.1548
    8978       1.1742
    8979       1.1748
    8980       1.0917
    8981       1.0596
    8982       1.0849
    8983       1.0047
    8984       0.9189
    8985       1.0611
    8986       0.9745
    8987       1.1711
    8988       1.2206
    8989       1.1085
    8990       1.2282
    8991       1.2105
    8992       1.0871
    8993       1.0493
    8994       0.9692
    8995       1.1295
    8996       1.1177
    8997       1.1625
    8998       1.0955
    8999       0.9749
    9000       0.9323
    9001       0.9450
    9002       0.8863
    9003       0.9036
    9004       0.9741
    9005       0.9530
    9006       1.0933
    9007       0.8995
    9008       0.9051
    9009       0.8992
    9010       0.9296
    9011       0.9656
    9012       1.0878
    9013       1.0037
    9014       1.1002
    9015       0.9700
    9016       1.0189
    9017       0.9872
    9018       0.8918
    9019       0.8969
    9020       0.7891
    9021       0.8436
    9022       0.8754
    9023       0.9455
    9024       0.9975
    9025       1.1437
    9026       1.0052
    9027       1.0381
    9028       0.9731
    9029       0.9515
    9030       0.9069
    9031       0.9431
    9032       0.8749
    9033       0.9310
    9034       0.9931
    9035       0.9997
    9036       1.0627
    9037       0.9816
    9038       1.0972
    9039       1.1051
    9040       0.9635
    9041       0.9040
    9042       0.8751
    9043       0.9084
    9044       0.9991
    9045       0.9827
    9046       0.9724
    9047       0.9769
    9048       0.9825
    9049       0.8969
    9050       0.8579
    9051       0.8012
    9052       0.8453
    9053       0.7889
    9054       0.8997
    9055       0.9414
    9056       0.9814
    9057       1.1372
    9058       1.0912
    9059       1.0371
    9060       1.0387
    9061       0.9380
    9062       1.0631
    9063       1.1522
    9064       1.0569
    9065       1.1374
    9066       1.1537
    9067       0.9573
    9068       1.1295
    9069       1.0846
    9070       1.0844
    9071       1.0131
    9072       1.1537
    9073       1.1657
    9074       1.1302
    9075       1.1407
    9076       1.1113
    9077       1.1326
    9078       1.0675
    9079       1.1526
    9080       1.0964
    9081       0.9592
    9082       0.9476
    9083       0.9134
    9084       1.0913
    9085       1.1247
    9086       1.1978
    9087       1.0952
    9088       1.0686
    9089       1.1601
    9090       1.0964
    9091       1.0076
    9092       1.1939
    9093       1.0493
    9094       0.8705
    9095       0.9832
    9096       1.0733
    9097       1.0925
    9098       1.1211
    9099       1.1964
    9100       1.3264
    9101       1.2587
    9102       1.1119
    9103       1.0578
    9104       0.9915
    9105       0.9256
    9106       1.0375
    9107       1.0033
    9108       0.9329
    9109       0.8820
    9110       1.0139
    9111       1.0310
    9112       1.0274
    9113       1.0030
    9114       1.0207
    9115       0.9461
    9116       0.9274
    9117       0.9925
    9118       0.9834
    9119       1.0644
    9120       0.9172
    9121       0.9405
    9122       0.9550
    9123       0.9081
    9124       0.9084
    9125       0.9644
    9126       1.0043
    9127       1.0382
    9128       0.9471
    9129       1.1024
    9130       1.0066
    9131       1.0944
    9132       1.0344
    9133       1.0554
    9134       1.2084
    9135       1.0045
    9136       1.0368
    9137       1.0807
    9138       1.0918
    9139       1.2056
    9140       1.2355
    9141       1.2064
    9142       1.1883
    9143       1.2012
    9144       1.2347
    9145       1.2374
    9146       1.3019
    9147       1.2409
    9148       1.2157
    9149       1.0284
    9150       1.0284
    9151       1.0098
    9152       1.0736
    9153       1.0883
    9154       1.0180
    9155       0.9516
    9156       1.0029
    9157       1.0540
    9158       1.1702
    9159       1.2952
    9160       1.0605
    9161       1.1099
    9162       0.9703
    9163       0.9825
    9164       1.0838
    9165       1.1747
    9166       1.1330
    9167       1.2785
    9168       1.1727
    9169       1.0080
    9170       0.9338
    9171       0.9227
    9172       1.0351
    9173       1.1119
    9174       1.1253
    9175       1.2109
    9176       1.3322
    9177       1.4398
    9178       1.4670
    9179       1.2097
    9180       1.5879
    9181       1.3247
    9182       1.2638
    9183       1.1059
    9184       1.0848
    9185       1.2365
    9186       1.1472
    9187       1.1319
    9188       1.3258
    9189       1.3708
    9190       1.1329
    9191       1.1935
    9192       1.1739
    9193       1.1185
    9194       1.1155
    9195       1.1098
    9196       1.2076
    9197       1.1971
    9198       1.1686
    9199       1.2201
    9200       1.2062
    9201       1.2051
    9202       1.1417
    9203       1.0437
    9204       0.9522
    9205       1.0501
    9206       1.0528
    9207       1.0177
    9208       1.0587
    9209       1.1479
    9210       1.1629
    9211       1.2604
    9212       1.1205
    9213       1.1831
    9214       1.1945
    9215       1.2570
    9216       1.1003
    9217       1.0464
    9218       1.0596
    9219       0.9354
    9220       0.9789
    9221       1.0897
    9222       1.1225
    9223       0.9427
    9224       1.0307
    9225       0.9677
    9226       0.9739
    9227       1.0650
    9228       1.1958
    9229       1.1236
    9230       1.1164
    9231       1.0074
    9232       1.0691
    9233       1.0839
    9234       1.0387
    9235       0.8909
    9236       0.9389
    9237       0.8006
    9238       1.0022
    9239       1.1472
    9240       1.1979
    9241       1.1961
    9242       0.9403
    9243       0.9444
    9244       0.9956
    9245       1.0281
    9246       1.0294
    9247       1.0548
    9248       1.0635
    9249       1.1786
    9250       1.2344
    9251       1.2090
    9252       1.1131
    9253       1.2304
    9254       1.2803
    9255       1.1486
    9256       1.0043
    9257       1.0152
    9258       0.9536
    9259       0.8898
    9260       0.9262
    9261       0.9031
    9262       0.9581
    9263       0.9891
    9264       0.9273
    9265       0.9624
    9266       0.9207
    9267       0.9821
    9268       1.0868
    9269       1.0415
    9270       1.0042
    9271       1.0487
    9272       0.9795
    9273       1.0136
    9274       1.0242
    9275       1.0938
    9276       0.9379
    9277       0.8078
    9278       0.9925
    9279       1.0241
    9280       1.1778
    9281       1.3067
    9282       1.3171
    9283       1.1908
    9284       1.0490
    9285       0.9274
    9286       1.0235
    9287       1.0352
    9288       1.0061
    9289       0.9123
    9290       1.0068
    9291       0.8781
    9292       0.9682
    9293       1.0073
    9294       0.8211
    9295       0.8568
    9296       0.8809
    9297       0.8940
    9298       0.8945
    9299       0.9411
    9300       0.9028
    9301       0.9629
    9302       0.8399
    9303       0.9660
    9304       0.9154
    9305       0.9386
    9306       1.0882
    9307       0.9796
    9308       1.0080
    9309       0.9472
    9310       0.9523
    9311       0.9309
    9312       0.9922
    9313       0.9190
    9314       0.9803
    9315       0.9605
    9316       0.9895
    9317       0.9007
    9318       0.9787
    9319       1.0778
    9320       1.0455
    9321       1.0178
    9322       0.9927
    9323       0.9876
    9324       1.1200
    9325       1.2171
    9326       1.1659
    9327       1.1259
    9328       1.2814
    9329       1.1485
    9330       1.0098
    9331       1.0532
    9332       1.0886
    9333       1.1618
    9334       1.2060
    9335       1.0435
    9336       1.1541
    9337       1.1805
    9338       1.0952
    9339       1.2334
    9340       1.0423
    9341       1.2432
    9342       1.2259
    9343       1.0457
    9344       1.1686
    9345       1.2032
    9346       1.2351
    9347       1.1291
    9348       1.1843
    9349       1.0895
    9350       1.1471
    9351       0.9735
    9352       1.0740
    9353       1.0737
    9354       1.1003
    9355       1.0477
    9356       1.1127
    9357       0.9782
    9358       0.9945
    9359       1.0856
    9360       1.0612
    9361       1.1526
    9362       1.1286
    9363       0.9589
    9364       1.0576
    9365       1.0605
    9366       1.0416
    9367       1.0249
    9368       1.1517
    9369       1.0056
    9370       1.0556
    9371       0.8631
    9372       0.9887
    9373       0.9929
    9374       1.0113
    9375       1.0503
    9376       0.9864
    9377       1.1070
    9378       1.0986
    9379       1.0460
    9380       0.9733
    9381       1.2317
    9382       1.2802
    9383       1.0534
    9384       1.0591
    9385       1.0899
    9386       1.2336
    9387       1.2784
    9388       1.3270
    9389       1.3708
    9390       1.4288
    9391       1.2786
    9392       1.3143
    9393       1.1812
    9394       1.2937
    9395       1.3364
    9396       1.4962
    9397       1.2712
    9398       1.2439
    9399       1.2299
    9400       1.3058
    9401       1.2692
    9402       1.1786
    9403       0.9743
    9404       1.0766
    9405       1.1566
    9406       1.2178
    9407       1.3222
    9408       1.1868
    9409       1.1632
    9410       1.2288
    9411       1.2435
    9412       1.2478
    9413       1.3181
    9414       1.2225
    9415       1.0713
    9416       1.0850
    9417       1.1389
    9418       1.1449
    9419       1.1760
    9420       1.2298
    9421       1.2634
    9422       1.2505
    9423       1.2427
    9424       1.2784
    9425       1.3290
    9426       1.2415
    9427       1.2425
    9428       1.0167
    9429       0.9910
    9430       1.1796
    9431       1.2555
    9432       1.2634
    9433       1.2156
    9434       1.4165
    9435       1.5141
    9436       1.2047
    9437       1.2990
    9438       1.3156
    9439       1.3132
    9440       1.2419
    9441       1.2052
    9442       1.3175
    9443       1.5144
    9444       1.3666
    9445       1.2301
    9446       1.2202
    9447       1.3008
    9448       1.2674
    9449       1.3332
    9450       1.2139
    9451       1.2698
    9452       1.2753
    9453       1.3613
    9454       1.4164
    9455       1.4201
    9456       1.4623
    9457       1.3940
    9458       1.3871
    9459       1.4265
    9460       1.5507
    9461       1.4005
    9462       1.4546
    9463       1.4855
    9464       1.4749
    9465       1.5122
    9466       1.3611
    9467       1.0373
    9468       1.0492
    9469       1.1191
    9470       1.0049
    9471       1.0499
    9472       1.1351
    9473       1.0817
    9474       1.0491
    9475       1.1596
    9476       1.2500
    9477       1.2220
    9478       1.2049
    9479       1.1282
    9480       1.1554
    9481       1.0735
    9482       1.0467
    9483       1.1176
    9484       1.2434
    9485       1.2096
    9486       1.1725
    9487       1.1947
    9488       1.2634
    9489       1.3302
    9490       1.3590
    9491       1.1769
    9492       1.1654
    9493       1.0802
    9494       1.0439
    9495       0.9839
    9496       1.0598
    9497       1.1505
    9498       1.0724
    9499       1.1262
    9500       1.1787
    9501       1.1951
    9502       1.0440
    9503       1.1126
    9504       1.0365
    9505       1.0893
    9506       1.0760
    9507       1.0358
    9508       1.0261
    9509       1.1588
    9510       1.0878
    9511       1.0952
    9512       0.9747
    9513       0.9752
    9514       1.1719
    9515       1.0910
    9516       1.1199
    9517       1.1004
    9518       1.1304
    9519       0.9978
    9520       0.9310
    9521       0.9423
    9522       1.0170
    9523       0.9495
    9524       0.8949
    9525       0.9819
    9526       0.9890
    9527       0.9439
    9528       1.0275
    9529       1.0210
    9530       0.8712
    9531       0.9609
    9532       0.9194
    9533       1.0661
    9534       1.1888
    9535       0.9886
    9536       1.0234
    9537       1.1013
    9538       1.1133
    9539       1.0348
    9540       1.0376
    9541       1.1160
    9542       1.0864
    9543       1.1574
    9544       1.1989
    9545       1.0592
    9546       1.1018
    9547       1.1344
    9548       1.0706
    9549       1.1977
    9550       1.1316
    9551       1.1823
    9552       1.1581
    9553       1.2097
    9554       1.0904
    9555       1.1341
    9556       1.1846
    9557       1.2042
    9558       1.1642
    9559       1.1896
    9560       1.1382
    9561       1.0256
    9562       0.9926
    9563       0.9036
    9564       0.9629
    9565       0.9335
    9566       0.9074
    9567       0.9766
    9568       0.9691
    9569       0.8947
    9570       0.9612
    9571       0.9326
    9572       0.9286
    9573       0.9202
    9574       1.0156
    9575       1.0949
    9576       0.9867
    9577       0.9080
    9578       1.0764
    9579       1.0621
    9580       1.2320
    9581       1.3240
    9582       1.1164
    9583       1.1443
    9584       1.1255
    9585       1.0886
    9586       1.0333
    9587       1.0823
    9588       1.0916
    9589       1.1421
    9590       1.2031
    9591       1.1446
    9592       1.1676
    9593       1.1495
    9594       0.9116
    9595       1.0158
    9596       1.0301
    9597       0.9648
    9598       1.0677
    9599       1.1170
    9600       1.0861
    9601       1.1569
    9602       1.1772
    9603       1.1505
    9604       1.1109
    9605       1.2603
    9606       1.3103
    9607       1.1705
    9608       1.1221
    9609       1.2604
    9610       1.1750
    9611       1.2059
    9612       1.2467
    9613       1.3654
    9614       1.3923
    9615       1.3745
    9616       1.5241
    9617       1.6039
    9618       1.3762
    9619       1.3416
    9620       1.3517
    9621       1.4690
    9622       1.4720
    9623       1.5221
    9624       1.5201
    9625       1.3181
    9626       1.4785
    9627       1.3564
    9628       1.1374
    9629       1.0761
    9630       1.0073
    9631       1.0740
    9632       1.0229
    9633       1.0223
    9634       1.0512
    9635       1.0698
    9636       1.0507
    9637       1.1258
    9638       1.0598
    9639       0.9686
    9640       1.0931
    9641       1.1207
    9642       1.1049
    9643       1.1869
    9644       1.2781
    9645       1.1563
    9646       1.1443
    9647       1.2616
    9648       1.1188
    9649       1.1571
    9650       1.0284
    9651       1.0913
    9652       0.9730
    9653       0.9995
    9654       0.9157
    9655       0.9696
    9656       0.9868
    9657       1.0101
    9658       1.0505
    9659       1.0432
    9660       1.1351
    9661       1.2462
    9662       1.1205
    9663       1.1052
    9664       1.2408
    9665       1.1906
    9666       1.2182
    9667       1.2984
    9668       1.3101
    9669       1.3233
    9670       1.2162
    9671       1.3544
    9672       1.4959
    9673       1.4121
    9674       1.3943
    9675       1.2845
    9676       1.2105
    9677       1.2694
    9678       1.0650
    9679       0.9523
    9680       1.1914
    9681       1.1664
    9682       1.2130
    9683       1.3526
    9684       1.4198
    9685       1.3130
    9686       1.2316
    9687       1.2921
    9688       1.4777
    9689       1.1304
    9690       1.1909
    9691       1.0210
    9692       1.2247
    9693       1.0743
    9694       1.1988
    9695       1.0810
    9696       1.0886
    9697       0.9019
    9698       0.9555
    9699       0.9956
    9700       1.0831
    9701       1.0105
    9702       1.0650
    9703       1.1685
    9704       1.1158
    9705       1.0459
    9706       0.9617
    9707       0.9883
    9708       1.0578
    9709       1.1806
    9710       1.0679
    9711       1.1252
    9712       1.0359
    9713       0.9213
    9714       0.9608
    9715       1.0326
    9716       0.9822
    9717       1.1422
    9718       1.1613
    9719       1.1915
    9720       1.1007
    9721       1.0862
    9722       0.9296
    9723       0.9618
    9724       1.0229
    9725       1.1636
    9726       1.1341
    9727       1.0216
    9728       1.1389
    9729       1.1672
    9730       0.9717
    9731       0.9481
    9732       1.0904
    9733       0.9156
    9734       0.9641
    9735       1.1000
    9736       1.0408
    9737       0.9515
    9738       1.0460
    9739       1.1108
    9740       1.0361
    9741       1.0295
    9742       1.0531
    9743       1.0998
    9744       0.9570
    9745       0.9479
    9746       0.9359
    9747       0.8996
    9748       1.0104
    9749       1.0246
    9750       1.1411
    9751       1.1061
    9752       1.0697
    9753       1.2239
    9754       1.2365
    9755       1.2585
    9756       1.3555
    9757       1.4613
    9758       1.4631
    9759       1.4585
    9760       1.4726
    9761       1.3529
    9762       1.3997
    9763       1.3728
    9764       1.2363
    9765       1.2157
    9766       1.1374
    9767       1.3471
    9768       1.2403
    9769       1.2709
    9770       0.9440
    9771       1.0033
    9772       0.9829
    9773       1.1010
    9774       0.9991
    9775       0.9746
    9776       0.9077
    9777       1.0149
    9778       0.9020
    9779       0.9607
    9780       1.0614
    9781       0.9973
    9782       0.8649
    9783       0.8655
    9784       0.8681
    9785       1.0245
    9786       1.0069
    9787       0.9812
    9788       1.0986
    9789       1.2387
    9790       1.2620
    9791       1.2717
    9792       1.1994
    9793       1.2434
    9794       1.1486
    9795       1.2774
    9796       1.1748
    9797       1.2114
    9798       1.2800
    9799       1.3923
    9800       1.4226
    9801       1.1821
    9802       1.2592
    9803       1.2940
    9804       1.2553
    9805       1.2369
    9806       1.1169
    9807       1.0427
    9808       1.0833
    9809       1.1069
    9810       1.1181
    9811       1.0469
    9812       1.1171
    9813       1.0110
    9814       1.0258
    9815       1.2603
    9816       1.2688
    9817       1.1856
    9818       1.2439
    9819       0.9925
    9820       0.8676
    9821       1.0229
    9822       0.9122
    9823       0.9251
    9824       0.8217
    9825       0.8389
    9826       0.9180
    9827       0.8249
    9828       0.8698
    9829       0.9095
    9830       0.9031
    9831       0.7831
    9832       0.8301
    9833       0.8665
    9834       0.9325
    9835       1.0247
    9836       0.9295
    9837       0.9785
    9838       0.9291
    9839       0.8853
    9840       1.0099
    9841       0.9813
    9842       1.0821
    9843       1.0157
    9844       1.1006
    9845       0.9832
    9846       1.0209
    9847       0.8644
    9848       0.9299
    9849       0.8992
    9850       0.8589
    9851       0.7292
    9852       0.7526
    9853       0.7901
    9854       0.9390
    9855       0.8133
    9856       0.8730
    9857       0.8437
    9858       0.8883
    9859       0.9819
    9860       0.8841
    9861       0.8655
    9862       0.9102
    9863       0.9685
    9864       0.9153
    9865       1.0517
    9866       0.9127
    9867       0.8680
    9868       0.8729
    9869       0.8603
    9870       0.9609
    9871       0.9394
    9872       0.9964
    9873       1.0236
    9874       1.0570
    9875       1.0818
    9876       1.0546
    9877       0.9922
    9878       0.9660
    9879       0.8967
    9880       0.9329
    9881       0.8618
    9882       1.0083
    9883       1.1107
    9884       1.1144
    9885       1.0013
    9886       1.0465
    9887       0.9670
    9888       0.9446
    9889       0.9281
    9890       0.9869
    9891       1.0134
    9892       0.9986
    9893       1.2011
    9894       1.0712
    9895       1.2839
    9896       1.1788
    9897       1.1407
    9898       1.1862
    9899       1.1969
    9900       1.3501
    9901       1.1787
    9902       1.0605
    9903       1.0619
    9904       1.1065
    9905       1.1423
    9906       1.1069
    9907       1.1680
    9908       1.0538
    9909       1.0578
    9910       1.0125
    9911       0.9573
    9912       0.9654
    9913       0.9897
    9914       1.1019
    9915       1.0060
    9916       1.0293
    9917       1.0600
    9918       1.0464
    9919       1.2404
    9920       1.2015
    9921       1.1081
    9922       1.2389
    9923       1.1713
    9924       1.3433
    9925       1.0556
    9926       1.1706
    9927       0.9395
    9928       1.0639
    9929       1.1337
    9930       1.0098
    9931       1.0130
    9932       1.0454
    9933       1.1171
    9934       0.9179
    9935       0.9419
    9936       1.0058
    9937       1.0640
    9938       1.1481
    9939       1.1879
    9940       1.0675
    9941       1.0895
    9942       1.0326
    9943       1.0529
    9944       1.1790
    9945       1.0970
    9946       0.9831
    9947       0.9739
    9948       1.0137
    9949       1.0351
    9950       1.0623
    9951       1.0289
    9952       1.0358
    9953       1.0418
    9954       1.0502
    9955       1.0299
    9956       0.8659
    9957       0.9443
    9958       0.8698
    9959       0.8739
    9960       1.0274
    9961       1.1456
    9962       1.1690
    9963       1.1106
    9964       1.0755
    9965       1.1157
    9966       1.1844
    9967       1.1011
    9968       1.0259
    9969       1.0968
    9970       1.2221
    9971       1.2670
    9972       1.1896
    9973       1.2226
    9974       1.2010
    9975       1.2579
    9976       1.3285
    9977       1.1633
    9978       1.2244
    9979       1.2599
    9980       1.2241
    9981       1.2641
    9982       1.2872
    9983       1.3259
    9984       1.1912
    9985       1.2999
    9986       1.3181
    9987       1.2752
    9988       1.0215
    9989       1.3030
    9990       1.2445
    9991       1.1414
    9992       1.2115
    9993       1.1772
    9994       1.1283
    9995       1.3598
    9996       1.2952
    9997       1.2029
    9998       1.1620
    9999       1.3692
   10000       1.1728
   10001       1.3456
   10002       1.3536
   10003       1.3560
   10004       1.2659
   10005       1.1488
   10006       1.0333
   10007       1.1896
   10008       1.0077
   10009       1.1089
   10010       1.1889
   10011       1.3035
   10012       1.2017
   10013       1.3233
   10014       1.2949
   10015       1.3438
   10016       1.2835
   10017       1.1148
   10018       1.0150
   10019       1.1446
   10020       1.0324
   10021       1.0508
   10022       1.3334
   10023       1.1589
   10024       0.9927
   10025       1.1102
   10026       1.1054
   10027       1.1184
   10028       1.1372
   10029       1.1932
   10030       1.2491
   10031       1.2455
   10032       1.2194
   10033       1.1815
   10034       1.2475
   10035       1.2933
   10036       1.1146
   10037       1.1846
   10038       1.1826
   10039       1.2037
   10040       1.1992
   10041       1.1355
   10042       1.1306
   10043       1.1821
   10044       1.1199
   10045       1.0772
   10046       1.1269
   10047       1.2379
   10048       1.1102
   10049       1.1789
   10050       0.8791
   10051       1.0301
   10052       1.0320
   10053       0.9963
   10054       1.0295
   10055       1.1645
   10056       0.9622
   10057       1.0363
   10058       0.9795
   10059       0.9955
   10060       0.9553
   10061       0.9885
   10062       0.9907
   10063       1.0551
   10064       1.0155
   10065       1.1391
   10066       1.1338
   10067       1.1502
   10068       0.9977
   10069       1.0901
   10070       1.0203
   10071       1.0727
   10072       0.9185
   10073       1.0042
   10074       1.1134
   10075       1.1091
   10076       1.1031
   10077       1.1564
   10078       1.0600
   10079       1.0079
   10080       0.8853
   10081       0.8105
   10082       0.9426
   10083       0.8862
   10084       0.9447
   10085       0.9025
   10086       0.8362
   10087       1.0844
   10088       0.9863
   10089       0.9971
   10090       0.9510
   10091       1.0248
   10092       1.1559
   10093       1.0579
   10094       0.9785
   10095       0.8609
   10096       0.7867
   10097       0.8544
   10098       0.9222
   10099       1.0045
   10100       1.0740
   10101       1.1133
   10102       1.0530
   10103       1.0685
   10104       1.0230
   10105       0.9011
   10106       0.8996
   10107       0.9245
   10108       0.9973
   10109       1.0485
   10110       0.9328
   10111       1.0233
   10112       0.9840
   10113       0.9910
   10114       1.0131
   10115       1.0019
   10116       1.0057
   10117       0.9983
   10118       1.0682
   10119       0.9931
   10120       0.8720
   10121       0.9394
   10122       0.9355
   10123       1.0424
   10124       1.0424
   10125       0.9140
   10126       0.8901
   10127       0.9476
   10128       0.9548
   10129       0.9221
   10130       0.9268
   10131       0.8519
   10132       1.0302
   10133       1.0227
   10134       0.9880
   10135       0.8676
   10136       0.9664
   10137       0.9517
   10138       0.9655
   10139       1.0782
   10140       1.0625
   10141       1.1339
   10142       1.0691
   10143       0.9192
   10144       0.9860
   10145       1.1328
   10146       0.9566
   10147       1.0061
   10148       1.0218
   10149       1.0041
   10150       1.1220
   10151       1.0542
   10152       1.0976
   10153       1.0692
   10154       0.9607
   10155       1.0437
   10156       0.9672
   10157       1.0349
   10158       1.1713
   10159       1.1349
   10160       1.1518
   10161       1.0355
   10162       1.0506
   10163       1.0436
   10164       0.9451
   10165       1.0158
   10166       1.1206
   10167       1.1587
   10168       1.2551
   10169       1.3045
   10170       1.4224
   10171       1.1419
   10172       1.0123
   10173       1.0294
   10174       1.0276
   10175       1.0258
   10176       1.0968
   10177       0.9916
   10178       1.0514
   10179       1.0297
   10180       0.9340
   10181       1.0693
   10182       1.0181
   10183       1.1020
   10184       1.0675
   10185       0.9273
   10186       1.0288
   10187       1.0976
   10188       1.1430
   10189       1.0071
   10190       1.0621
   10191       1.0443
   10192       1.2579
   10193       1.2057
   10194       1.1639
   10195       1.3763
   10196       1.3813
   10197       1.4502
   10198       1.4850
   10199       1.5213
   10200       1.4602
   10201       1.4016
   10202       1.1576
   10203       1.0283
   10204       1.1455
   10205       1.1616
   10206       1.1673
   10207       1.0798
   10208       1.1948
   10209       1.1674
   10210       1.4542
   10211       1.2999
   10212       1.2688
   10213       1.2876
   10214       1.2757
   10215       1.2148
   10216       1.1389
   10217       1.1647
   10218       1.1726
   10219       1.0008
   10220       0.9635
   10221       0.9532
   10222       1.0561
   10223       1.0481
   10224       1.1029
   10225       1.0922
   10226       0.9586
   10227       1.1031
   10228       1.1659
   10229       1.1091
   10230       1.1632
   10231       1.1478
   10232       1.1542
   10233       1.1165
   10234       1.2181
   10235       1.1875
   10236       1.1291
   10237       1.1793
   10238       1.1698
   10239       1.3015
   10240       1.1322
   10241       1.1797
   10242       1.2251
   10243       1.1465
   10244       1.1952
   10245       1.0911
   10246       1.2430
   10247       1.3597
   10248       1.3390
   10249       1.2189
   10250       1.1468
   10251       1.2257
   10252       1.1787
   10253       1.1346
   10254       1.1363
   10255       1.0266
   10256       0.8838
   10257       0.9503
   10258       0.9664
   10259       0.9186
   10260       1.0740
   10261       0.9428
   10262       0.9691
   10263       0.9467
   10264       1.0541
   10265       1.0208
   10266       0.9981
   10267       0.9479
   10268       0.9624
   10269       0.9583
   10270       1.0929
   10271       0.9711
   10272       0.9521
   10273       0.9856
   10274       0.9860
   10275       0.9878
   10276       0.8626
   10277       0.9454
   10278       0.9621
   10279       0.9110
   10280       1.0938
   10281       1.3116
   10282       1.2101
   10283       1.2292
   10284       1.0858
   10285       1.0729
   10286       1.0725
   10287       0.9849
   10288       1.1113
   10289       1.0831
   10290       1.0226
   10291       0.9739
   10292       1.0123
   10293       1.0473
   10294       1.0011
   10295       1.0559
   10296       1.0174
   10297       0.9347
   10298       0.9043
   10299       1.1117
   10300       0.9692
   10301       1.0564
   10302       1.0429
   10303       1.1946
   10304       1.0896
   10305       1.0487
   10306       1.0833
   10307       1.2462
   10308       1.2027
   10309       1.1108
   10310       1.1868
   10311       1.1277
   10312       1.1646
   10313       1.1279
   10314       1.2781
   10315       1.1775
   10316       0.9202
   10317       1.0006
   10318       0.9175
   10319       1.0033
   10320       1.1333
   10321       1.1612
   10322       1.0880
   10323       1.1285
   10324       1.1540
   10325       1.0684
   10326       1.0352
   10327       1.1786
   10328       1.0515
   10329       1.2133
   10330       1.1014
   10331       1.0445
   10332       1.0042
   10333       1.0737
   10334       1.0729
   10335       1.0943
   10336       1.1229
   10337       1.2348
   10338       1.1372
   10339       1.1850
   10340       1.1903
   10341       1.1662
   10342       1.0613
   10343       0.9992
   10344       1.1065
   10345       1.1087
   10346       1.1420
   10347       0.9904
   10348       1.0265
   10349       1.0449
   10350       1.2042
   10351       1.0679
   10352       0.9848
   10353       0.9363
   10354       0.9764
   10355       0.8136
   10356       0.8181
   10357       0.8695
   10358       0.9452
   10359       0.9782
   10360       0.9727
   10361       0.9656
   10362       0.9913
   10363       0.9805
   10364       1.2146
   10365       1.1469
   10366       1.2569
   10367       1.3232
   10368       1.2214
   10369       1.0599
   10370       0.9433
   10371       1.1621
   10372       1.1941
   10373       1.1563
   10374       0.9741
   10375       1.1388
   10376       0.9972
   10377       0.9234
   10378       1.0012
   10379       1.0596
   10380       1.1966
   10381       1.1778
   10382       1.0574
   10383       1.1793
   10384       1.0451
   10385       1.1205
   10386       1.1972
   10387       1.0605
   10388       0.9215
   10389       1.1542
   10390       1.0524
   10391       1.1075
   10392       1.0499
   10393       1.0830
   10394       1.1184
   10395       1.1264
   10396       1.0311
   10397       0.9603
   10398       1.0356
   10399       1.0111
   10400       1.1913
   10401       1.1477
   10402       1.0957
   10403       1.0693
   10404       1.2477
   10405       1.1289
   10406       1.0987
   10407       1.0512
   10408       1.1533
   10409       1.0343
   10410       1.0523
   10411       1.1638
   10412       1.0028
   10413       0.9831
   10414       0.9658
   10415       1.1671
   10416       0.9860
   10417       0.8788
   10418       1.0374
   10419       1.1070
   10420       0.9753
   10421       1.0906
   10422       1.0211
   10423       0.9051
   10424       1.0095
   10425       1.0157
   10426       1.0063
   10427       0.8876
   10428       0.9446
   10429       1.0814
   10430       0.8307
   10431       0.8496
   10432       1.0260
   10433       0.9664
   10434       0.9383
   10435       0.8665
   10436       1.0710
   10437       1.0637
   10438       0.9849
   10439       0.8928
   10440       0.8783
   10441       0.8477
   10442       0.8654
   10443       1.0192
   10444       1.0458
   10445       1.0266
   10446       1.0147
   10447       1.1618
   10448       1.0359
   10449       0.9930
   10450       1.0637
   10451       0.9428
   10452       1.0021
   10453       0.9208
   10454       1.0416
   10455       1.0530
   10456       1.0257
   10457       1.0198
   10458       1.0035
   10459       1.0976
   10460       1.0220
   10461       0.9956
   10462       1.0257
   10463       1.0282
   10464       1.0465
   10465       1.0665
   10466       1.3400
   10467       1.0815
   10468       1.1969
   10469       1.0576
   10470       1.3052
   10471       1.1685
   10472       1.0147
   10473       1.0981
   10474       1.0080
   10475       1.0245
   10476       1.1081
   10477       0.9740
   10478       0.9527
   10479       0.8907
   10480       0.8646
   10481       1.0493
   10482       1.0580
   10483       0.9849
   10484       1.1038
   10485       1.0257
   10486       1.0892
   10487       1.1566
   10488       1.0253
   10489       1.1650
   10490       1.1111
   10491       1.0415
   10492       1.0772
   10493       1.0276
   10494       1.0076
   10495       1.0944
   10496       1.1363
   10497       1.1063
   10498       1.0733
   10499       1.0567
   10500       1.0268
   10501       0.9467
   10502       0.9650
   10503       1.1342
   10504       1.1595
   10505       1.2020
   10506       1.1071
   10507       1.0322
   10508       1.0912
   10509       1.0141
   10510       1.0759
   10511       0.9552
   10512       1.0136
   10513       1.0493
   10514       1.1076
   10515       1.0736
   10516       1.1360
   10517       1.1267
   10518       1.2673
   10519       1.0198
   10520       0.9857
   10521       1.1109
   10522       0.9611
   10523       1.0789
   10524       1.1909
   10525       1.1310
   10526       0.9947
   10527       1.1413
   10528       1.1796
   10529       1.0442
   10530       1.0690
   10531       1.0264
   10532       1.1692
   10533       1.1642
   10534       1.2134
   10535       1.1345
   10536       1.2439
   10537       1.1211
   10538       1.0626
   10539       1.0577
   10540       1.2288
   10541       1.1177
   10542       1.0076
   10543       1.1454
   10544       1.0151
   10545       1.0323
   10546       0.9742
   10547       1.0992
   10548       1.1078
   10549       1.1095
   10550       1.0423
   10551       1.0758
   10552       1.0109
   10553       1.0556
   10554       0.9853
   10555       0.9872
   10556       0.9698
   10557       0.9960
   10558       1.0069
   10559       0.9567
   10560       1.2575
   10561       1.1388
   10562       1.1728
   10563       1.1598
   10564       1.1113
   10565       1.3179
   10566       1.3579
   10567       1.4363
   10568       1.2913
   10569       1.2833
   10570       1.3060
   10571       1.3402
   10572       1.3316
   10573       1.3192
   10574       1.2493
   10575       1.3123
   10576       1.2869
   10577       1.2625
   10578       1.1965
   10579       1.3204
   10580       1.3393
   10581       1.3507
   10582       1.2125
   10583       1.1265
   10584       1.1245
   10585       1.1541
   10586       1.3557
   10587       1.2591
   10588       1.3029
   10589       1.2440
   10590       1.2776
   10591       1.2756
   10592       1.2587
   10593       1.2521
   10594       1.2053
   10595       1.0959
   10596       1.1584
   10597       1.1706
   10598       1.2360
   10599       1.1862
   10600       1.1770
   10601       1.1180
   10602       1.0644
   10603       0.9491
   10604       0.9837
   10605       0.9435
   10606       1.0368
   10607       1.0178
   10608       1.0164
   10609       1.0863
   10610       1.0329
   10611       1.0093
   10612       1.1532
   10613       1.2006
   10614       1.1249
   10615       1.1936
   10616       1.2710
   10617       1.1066
   10618       1.1441
   10619       1.2245
   10620       1.0795
   10621       1.1193
   10622       1.1932
   10623       1.2263
   10624       1.1153
   10625       1.2095
   10626       1.2214
   10627       1.1758
   10628       1.1973
   10629       1.2431
   10630       1.2498
   10631       1.3061
   10632       1.3096
   10633       1.2075
   10634       1.3222
   10635       1.4322
   10636       1.4810
   10637       1.3624
   10638       1.2173
   10639       1.1891
   10640       1.2439
   10641       1.2364
   10642       1.1574
   10643       1.1226
   10644       1.1913
   10645       1.2096
   10646       1.1358
   10647       1.2208
   10648       1.1695
   10649       1.1726
   10650       1.0410
   10651       1.1928
   10652       1.1054
   10653       1.0536
   10654       1.1060
   10655       0.9795
   10656       1.0414
   10657       1.0449
   10658       1.0878
   10659       1.1882
   10660       1.3387
   10661       1.0335
   10662       1.2589
   10663       1.1446
   10664       1.0860
   10665       1.0905
   10666       1.1811
   10667       1.1504
   10668       1.2067
   10669       1.2494
   10670       1.1384
   10671       1.2810
   10672       1.1623
   10673       1.3093
   10674       1.0819
   10675       1.1237
   10676       0.9340
   10677       1.0400
   10678       1.0213
   10679       1.0585
   10680       1.1407
   10681       1.0948
   10682       1.0998
   10683       1.1550
   10684       1.1554
   10685       1.0895
   10686       1.1951
   10687       1.1556
   10688       1.2848
   10689       1.1760
   10690       0.9893
   10691       1.0904
   10692       1.2223
   10693       1.0600
   10694       0.9746
   10695       1.1298
   10696       1.1409
   10697       1.0318
   10698       1.2892
   10699       1.3666
   10700       1.2353
   10701       1.1823
   10702       1.0955
   10703       1.0489
   10704       1.1099
   10705       1.2878
   10706       1.2309
   10707       1.2299
   10708       1.1865
   10709       1.2284
   10710       1.3157
   10711       1.4818
   10712       1.3026
   10713       1.2985
   10714       1.3912
   10715       1.4117
   10716       1.3476
   10717       1.2161
   10718       1.0116
   10719       1.1058
   10720       1.0058
   10721       1.1399
   10722       1.1993
   10723       1.1135
   10724       1.2126
   10725       1.3130
   10726       1.3306
   10727       1.2435
   10728       1.3523
   10729       1.3783
   10730       1.2960
   10731       1.3419
   10732       1.4654
   10733       1.5482
   10734       1.5151
   10735       1.3412
   10736       1.4811
   10737       1.5342
   10738       1.4811
   10739       1.5448
   10740       1.6186
   10741       1.4575
   10742       1.2187
   10743       1.2433
   10744       1.1698
   10745       1.1997
   10746       1.3210
   10747       1.4408
   10748       1.3643
   10749       1.4456
   10750       1.2294
   10751       1.2156
   10752       1.1888
   10753       1.2153
   10754       1.3602
   10755       1.3972
   10756       1.3891
   10757       1.3159
   10758       1.3838
   10759       1.3220
   10760       1.4271
   10761       1.3273
   10762       1.3685
   10763       1.2631
   10764       1.3078
   10765       1.3411
   10766       1.4028
   10767       1.3671
   10768       1.4786
   10769       1.2965
   10770       1.3123
   10771       1.3972
   10772       1.4536
   10773       1.3670
   10774       1.3120
   10775       1.2542
   10776       1.3680
   10777       1.4197
   10778       1.4023
   10779       1.4603
   10780       1.3898
   10781       1.6167
   10782       1.3773
   10783       1.3546
   10784       1.2985
   10785       1.3367
   10786       1.3914
   10787       1.5141
   10788       1.2806
   10789       1.3692
   10790       1.2793
   10791       1.4006
   10792       1.4519
   10793       1.5985
   10794       1.4079
   10795       1.4523
   10796       1.4411
   10797       1.4781
   10798       1.4599
   10799       1.4446
   10800       1.4195
   10801       1.4518
   10802       1.2234
   10803       1.4349
   10804       1.3705
   10805       1.2310
   10806       1.2741
   10807       1.1684
   10808       1.3203
   10809       1.2762
   10810       1.3107
   10811       1.2692
   10812       1.1759
   10813       1.2239
   10814       1.4005
   10815       1.3933
   10816       1.1451
   10817       1.2273
   10818       1.2790
   10819       1.2722
   10820       1.1775
   10821       1.2082
   10822       1.2444
   10823       1.2511
   10824       1.2516
   10825       1.2695
   10826       1.2809
   10827       1.1795
   10828       1.1385
   10829       1.0741
   10830       1.1696
   10831       1.2352
   10832       1.2307
   10833       1.3388
   10834       1.3336
   10835       1.2666
   10836       1.2274
   10837       1.2184
   10838       1.3052
   10839       1.2674
   10840       1.2946
   10841       1.1034
   10842       1.0058
   10843       1.0957
   10844       1.1599
   10845       1.1684
   10846       1.0272
   10847       1.0343
   10848       1.0417
   10849       1.0389
   10850       1.0167
   10851       1.0927
   10852       1.1691
   10853       1.2788
   10854       1.1840
   10855       1.1635
   10856       1.2624
   10857       1.3471
   10858       1.2529
   10859       1.1944
   10860       1.1193
   10861       1.2186
   10862       1.2212
   10863       1.1972
   10864       1.2364
   10865       1.1473
   10866       1.1296
   10867       1.2468
   10868       1.2732
   10869       1.3598
   10870       1.3990
   10871       1.4147
   10872       1.4725
   10873       1.4594
   10874       1.4156
   10875       1.3563
   10876       1.4843
   10877       1.4701
   10878       1.5812
   10879       1.5558
   10880       1.5774
   10881       1.6500
   10882       1.7452
   10883       1.6658
   10884       1.6947
   10885       1.6036
   10886       1.4358
   10887       1.4753
   10888       1.4395
   10889       1.4469
   10890       1.4425
   10891       1.4779
   10892       1.5097
   10893       1.4057
   10894       1.3239
   10895       1.2803
   10896       1.3781
   10897       1.1965
   10898       1.2195
   10899       1.1837
   10900       1.3095
   10901       1.2872
   10902       1.2843
   10903       1.3244
   10904       1.4048
   10905       1.4891
   10906       1.3469
   10907       1.4763
   10908       1.5808
   10909       1.5576
   10910       1.6102
   10911       1.5933
   10912       1.8058
   10913       1.6908
   10914       1.5349
   10915       1.4908
   10916       1.3655
   10917       1.4902
   10918       1.5221
   10919       1.4717
   10920       1.3329
   10921       1.2907
   10922       1.2955
   10923       1.3298
   10924       1.4353
   10925       1.3261
   10926       1.2084
   10927       1.2355
   10928       1.3464
   10929       1.2441
   10930       1.2206
   10931       1.2340
   10932       1.3191
   10933       1.3856
   10934       1.5245
   10935       1.5539
   10936       1.6286
   10937       1.6076
   10938       1.4743
   10939       1.4737
   10940       1.3586
   10941       1.2967
   10942       1.2595
   10943       1.3719
   10944       1.4558
   10945       1.4602
   10946       1.3784
   10947       1.3103
   10948       1.5376
   10949       1.4074
   10950       1.4508
   10951       1.4291
   10952       1.6133
   10953       1.5718
   10954       1.5987
   10955       1.5836
   10956       1.5477
   10957       1.4243
   10958       1.4027
   10959       1.5597
   10960       1.5253
   10961       1.5870
   10962       1.6040
   10963       1.5029
   10964       1.4950
   10965       1.3338
   10966       1.4248
   10967       1.5850
   10968       1.5244
   10969       1.6565
   10970       1.5124
   10971       1.5789
   10972       1.6740
   10973       1.5212
   10974       1.4227
   10975       1.2752
   10976       1.3950
   10977       1.5032
   10978       1.6269
   10979       1.6403
   10980       1.6897
   10981       1.6539
   10982       1.4584
   10983       1.4614
   10984       1.4703
   10985       1.4189
   10986       1.3528
   10987       1.2746
   10988       1.5197
   10989       1.4936
   10990       1.2406
   10991       1.3091
   10992       1.2981
   10993       1.3542
   10994       1.2721
   10995       1.2936
   10996       1.2362
   10997       1.2343
   10998       1.3182
   10999       1.2930
   11000       1.2183
   11001       1.2263
   11002       1.2815
   11003       1.3893
   11004       1.5401
   11005       1.5188
   11006       1.4779
   11007       1.3860
   11008       1.3973
   11009       1.2930
   11010       1.3764
   11011       1.2320
   11012       1.2626
   11013       1.3137
   11014       1.1774
   11015       1.2948
   11016       1.4011
   11017       1.4238
   11018       1.4705
   11019       1.4125
   11020       1.3383
   11021       1.2860
   11022       1.2781
   11023       1.3856
   11024       1.3654
   11025       1.2965
   11026       1.3395
   11027       1.4593
   11028       1.5775
   11029       1.5274
   11030       1.5164
   11031       1.4894
   11032       1.5325
   11033       1.5205
   11034       1.6633
   11035       1.6724
   11036       1.6656
   11037       1.5620
   11038       1.6253
   11039       1.5495
   11040       1.4836
   11041       1.3501
   11042       1.4304
   11043       1.3952
   11044       1.2351
   11045       1.2195
   11046       1.4195
   11047       1.5095
   11048       1.2397
   11049       1.1153
   11050       1.2112
   11051       1.0812
   11052       1.2841
   11053       1.4088
   11054       1.4062
   11055       1.4155
   11056       1.3679
   11057       1.2460
   11058       1.2269
   11059       1.1510
   11060       1.2229
   11061       1.2486
   11062       1.2643
   11063       1.4408
   11064       1.2783
   11065       1.2561
   11066       1.2814
   11067       1.2597
   11068       1.1576
   11069       1.2794
   11070       1.1558
   11071       1.2022
   11072       1.2834
   11073       1.2187
   11074       1.2517
   11075       1.3339
   11076       1.2335
   11077       1.1698
   11078       1.1321
   11079       1.2689
   11080       1.1808
   11081       1.3471
   11082       1.3761
   11083       1.2100
   11084       1.2938
   11085       1.1754
   11086       1.3993
   11087       1.3676
   11088       1.5251
   11089       1.5204
   11090       1.3378
   11091       1.3308
   11092       1.3680
   11093       1.3453
   11094       1.3139
   11095       1.3043
   11096       1.2240
   11097       1.2414
   11098       1.3547
   11099       1.2951
   11100       1.1390
   11101       1.1663
   11102       1.1725
   11103       1.1465
   11104       1.1934
   11105       1.3327
   11106       1.3570
   11107       1.3727
   11108       1.2908
   11109       1.3380
   11110       1.4257
   11111       1.2569
   11112       1.3075
   11113       1.2878
   11114       1.4675
   11115       1.3675
   11116       1.5041
   11117       1.3270
   11118       1.4638
   11119       1.3141
   11120       1.2563
   11121       1.2858
   11122       1.1359
   11123       1.0478
   11124       1.1155
   11125       1.0943
   11126       1.0549
   11127       1.2159
   11128       1.1922
   11129       1.3014
   11130       1.2142
   11131       1.1944
   11132       1.0768
   11133       1.1832
   11134       1.1297
   11135       1.1830
   11136       1.1335
   11137       1.2747
   11138       1.3307
   11139       1.1952
   11140       1.1979
   11141       1.2273
   11142       1.1718
   11143       1.0402
   11144       1.1540
   11145       1.1709
   11146       1.1974
   11147       1.0558
   11148       1.1971
   11149       1.2041
   11150       1.0776
   11151       1.2757
   11152       1.2655
   11153       1.1079
   11154       1.2046
   11155       1.2413
   11156       1.2190
   11157       1.1814
   11158       1.2526
   11159       1.3330
   11160       1.2318
   11161       1.2541
   11162       1.3347
   11163       1.3501
   11164       1.3169
   11165       1.2904
   11166       1.2971
   11167       1.2999
   11168       1.4095
   11169       1.3475
   11170       1.2065
   11171       1.2672
   11172       1.2620
   11173       1.1354
   11174       1.3423
   11175       1.4021
   11176       1.5031
   11177       1.4177
   11178       1.4509
   11179       1.4079
   11180       1.2276
   11181       1.3478
   11182       1.3679
   11183       1.2615
   11184       1.1631
   11185       1.2189
   11186       1.0890
   11187       1.3977
   11188       1.3066
   11189       1.4279
   11190       1.3804
   11191       1.3811
   11192       1.5404
   11193       1.4861
   11194       1.5745
   11195       1.3957
   11196       1.4879
   11197       1.3421
   11198       1.4056
   11199       1.4599
   11200       1.4359
   11201       1.3437
   11202       1.3923
   11203       1.4000
   11204       1.4761
   11205       1.3702
   11206       1.4628
   11207       1.4042
   11208       1.3430
   11209       1.3585
   11210       1.4589
   11211       1.3917
   11212       1.2672
   11213       1.3641
   11214       1.2862
   11215       1.1748
   11216       1.1495
   11217       1.2638
   11218       1.2315
   11219       1.1313
   11220       1.3524
   11221       1.4168
   11222       1.3194
   11223       1.3116
   11224       1.2204
   11225       1.1646
   11226       1.3376
   11227       1.2864
   11228       1.2298
   11229       1.4267
   11230       1.3586
   11231       1.4810
   11232       1.5018
   11233       1.5214
   11234       1.4103
   11235       1.3113
   11236       1.3590
   11237       1.3151
   11238       1.3423
   11239       1.2077
   11240       1.1397
   11241       1.1149
   11242       1.1619
   11243       1.2641
   11244       1.1377
   11245       1.1039
   11246       1.2219
   11247       1.1978
   11248       1.2053
   11249       1.2575
   11250       1.1749
   11251       1.1214
   11252       1.2677
   11253       1.2010
   11254       1.3337
   11255       1.2976
   11256       1.2131
   11257       1.2784
   11258       1.3550
   11259       1.4183
   11260       1.2435
   11261       1.3969
   11262       1.3581
   11263       1.2121
   11264       1.3289
   11265       1.4375
   11266       1.3822
   11267       1.2279
   11268       1.3984
   11269       1.6000
   11270       1.5163
   11271       1.2576
   11272       1.1595
   11273       1.1728
   11274       1.1900
   11275       1.2240
   11276       1.2755
   11277       1.2185
   11278       1.3597
   11279       1.2321
   11280       1.1647
   11281       1.0838
   11282       1.3594
   11283       1.4289
   11284       1.3538
   11285       1.2772
   11286       1.2928
   11287       1.3060
   11288       1.4208
   11289       1.4328
   11290       1.4699
   11291       1.2725
   11292       1.4549
   11293       1.2927
   11294       1.2219
   11295       1.2697
   11296       1.1193
   11297       1.2216
   11298       1.2128
   11299       1.2732
   11300       1.3201
   11301       1.3795
   11302       1.3545
   11303       1.3409
   11304       1.3252
   11305       1.4119
   11306       1.2854
   11307       1.2139
   11308       1.1897
   11309       1.3089
   11310       1.1913
   11311       1.1699
   11312       1.3630
   11313       1.4453
   11314       1.4783
   11315       1.3839
   11316       1.4731
   11317       1.3573
   11318       1.2756
   11319       1.2535
   11320       1.3182
   11321       1.1718
   11322       1.1948
   11323       1.1549
   11324       1.2122
   11325       1.1986
   11326       1.3084
   11327       1.2981
   11328       1.2761
   11329       1.2989
   11330       1.4799
   11331       1.3335
   11332       1.3922
   11333       1.2767
   11334       1.3689
   11335       1.1978
   11336       1.0820
   11337       1.2539
   11338       1.3032
   11339       1.2301
   11340       1.1535
   11341       1.3438
   11342       1.2336
   11343       1.2236
   11344       1.3129
   11345       1.3914
   11346       1.2386
   11347       1.4180
   11348       1.3308
   11349       1.2801
   11350       1.3976
   11351       1.1796
   11352       1.3817
   11353       1.1994
   11354       1.0707
   11355       1.1658
   11356       1.3356
   11357       1.3099
   11358       1.1961
   11359       1.2461
   11360       1.2228
   11361       1.1615
   11362       1.2487
   11363       1.2912
   11364       1.2310
   11365       1.1975
   11366       1.1295
   11367       1.1729
   11368       1.1588
   11369       1.3074
   11370       1.2727
   11371       1.3418
   11372       1.2296
   11373       1.2621
   11374       1.4002
   11375       1.2736
   11376       1.3126
   11377       1.1740
   11378       1.3177
   11379       1.2397
   11380       1.2573
   11381       1.4747
   11382       1.1615
   11383       1.1659
   11384       1.2245
   11385       1.2530
   11386       1.4558
   11387       1.4152
   11388       1.3359
   11389       1.1793
   11390       1.1935
   11391       1.1562
   11392       1.2136
   11393       1.1992
   11394       1.0923
   11395       1.1125
   11396       1.2345
   11397       1.1841
   11398       1.0611
   11399       1.0466
   11400       1.0341
   11401       1.2362
   11402       1.1936
   11403       1.2487
   11404       1.3228
   11405       1.0638
   11406       1.1888
   11407       0.9747
   11408       1.0301
   11409       0.9920
   11410       1.0711
   11411       1.1728
   11412       1.1554
   11413       0.9321
   11414       1.0250
   11415       0.9730
   11416       0.9694
   11417       0.9928
   11418       1.1983
   11419       1.1017
   11420       1.1059
   11421       1.2960
   11422       1.0909
   11423       0.9724
   11424       1.0531
   11425       1.1939
   11426       1.2142
   11427       1.1833
   11428       1.2905
   11429       1.3522
   11430       1.3012
   11431       1.1951
   11432       1.1295
   11433       1.2298
   11434       1.2316
   11435       1.0423
   11436       1.1589
   11437       1.1213
   11438       1.0830
   11439       1.0772
   11440       1.1080
   11441       1.2969
   11442       1.2094
   11443       1.2657
   11444       1.1350
   11445       1.1329
   11446       1.0824
   11447       1.1773
   11448       1.2164
   11449       0.9694
   11450       0.9178
   11451       0.9391
   11452       0.9807
   11453       1.0152
   11454       0.9635
   11455       1.0898
   11456       0.9198
   11457       0.9977
   11458       0.9782
   11459       1.0493
   11460       0.9942
   11461       1.0532
   11462       1.1523
   11463       1.1665
   11464       1.0347
   11465       1.0253
   11466       0.8847
   11467       0.9380
   11468       1.0489
   11469       1.1122
   11470       1.2214
   11471       1.0766
   11472       1.1023
   11473       1.0314
   11474       1.1109
   11475       1.0575
   11476       0.9528
   11477       0.9810
   11478       1.0827
   11479       1.0682
   11480       1.1298
   11481       1.0687
   11482       1.2515
   11483       1.0026
   11484       1.0742
   11485       1.0620
   11486       1.0439
   11487       0.9639
   11488       1.1524
   11489       1.0479
   11490       1.0056
   11491       0.9231
   11492       0.9719
   11493       1.0501
   11494       1.1141
   11495       1.1553
   11496       1.1077
   11497       0.9900
   11498       1.1223
   11499       1.0800
   11500       1.1695
   11501       1.0763
   11502       0.9390
   11503       1.0739
   11504       1.1357
   11505       1.0674
   11506       1.0345
   11507       1.1488
   11508       1.2528
   11509       1.1013
   11510       1.1351
   11511       0.9379
   11512       1.0209
   11513       1.0550
   11514       1.1950
   11515       1.0354
   11516       1.0829
   11517       1.0916
   11518       1.1626
   11519       1.1229
   11520       1.2484
   11521       0.9778
   11522       1.1819
   11523       1.1372
   11524       1.1955
   11525       1.1561
   11526       1.1464
   11527       1.0596
   11528       1.0705
   11529       1.0462
   11530       1.0580
   11531       1.0234
   11532       1.1407
   11533       1.1934
   11534       1.2446
   11535       1.1310
   11536       1.1155
   11537       1.1959
   11538       1.2505
   11539       1.2817
   11540       1.3964
   11541       1.3574
   11542       1.2524
   11543       1.3383
   11544       1.3929
   11545       1.1981
   11546       1.1980
   11547       1.2435
   11548       1.1397
   11549       1.2086
   11550       1.2086
   11551       1.2075
   11552       1.2620
   11553       1.2111
   11554       1.2769
   11555       1.3639
   11556       1.3398
   11557       1.2897
   11558       1.2579
   11559       1.2092
   11560       1.1778
   11561       1.0895
   11562       1.1399
   11563       1.1130
   11564       1.0743
   11565       1.0134
   11566       0.9697
   11567       1.0035
   11568       0.9623
   11569       1.0666
   11570       1.1584
   11571       1.3028
   11572       1.3720
   11573       1.2696
   11574       1.1474
   11575       1.2269
   11576       1.3936
   11577       1.3098
   11578       1.2236
   11579       1.0110
   11580       1.0542
   11581       1.1039
   11582       1.2408
   11583       1.0448
   11584       1.2167
   11585       1.2648
   11586       1.2411
   11587       1.0096
   11588       0.9351
   11589       1.0505
   11590       1.0017
   11591       1.1416
   11592       1.2034
   11593       1.2093
   11594       1.0814
   11595       1.0997
   11596       1.2546
   11597       1.1964
   11598       1.3988
   11599       1.1239
   11600       1.1045
   11601       1.0930
   11602       0.9998
   11603       1.1760
   11604       1.1791
   11605       1.1117
   11606       1.0801
   11607       1.2007
   11608       1.1363
   11609       1.2225
   11610       1.1423
   11611       1.2572
   11612       1.3042
   11613       1.3145
   11614       1.2348
   11615       1.1774
   11616       1.1475
   11617       1.2088
   11618       1.0520
   11619       1.1163
   11620       1.0692
   11621       1.0216
   11622       1.0616
   11623       0.9428
   11624       1.0109
   11625       1.1378
   11626       0.9334
   11627       0.9023
   11628       0.8655
   11629       0.9712
   11630       0.9952
   11631       0.9964
   11632       1.0672
   11633       1.0439
   11634       1.0722
   11635       0.9873
   11636       1.0204
   11637       0.9772
   11638       1.0414
   11639       0.9451
   11640       0.8520
   11641       0.9151
   11642       0.8668
   11643       0.8598
   11644       0.9613
   11645       0.9544
   11646       0.9852
   11647       1.0946
   11648       1.0308
   11649       0.9165
   11650       1.0205
   11651       0.9618
   11652       1.1977
   11653       1.0351
   11654       1.1226
   11655       0.9777
   11656       0.9957
   11657       0.9319
   11658       0.9091
   11659       0.9842
   11660       0.9492
   11661       0.9962
   11662       0.9957
   11663       0.9904
   11664       1.0147
   11665       1.0864
   11666       1.1354
   11667       1.1121
   11668       1.1731
   11669       1.1525
   11670       1.0437
   11671       1.0247
   11672       1.1179
   11673       1.2983
   11674       1.0424
   11675       1.0594
   11676       1.1564
   11677       1.1296
   11678       1.1275
   11679       1.2564
   11680       1.3544
   11681       1.2552
   11682       1.2591
   11683       1.2988
   11684       1.1230
   11685       1.2704
   11686       1.2851
   11687       1.3467
   11688       1.1839
   11689       1.0723
   11690       1.1697
   11691       1.1689
   11692       1.0519
   11693       1.0861
   11694       1.0764
   11695       0.9843
   11696       0.9786
   11697       0.9570
   11698       1.1091
   11699       1.0475
   11700       1.0231
   11701       0.9450
   11702       1.0712
   11703       1.1547
   11704       0.9120
   11705       0.9953
   11706       0.9045
   11707       0.8751
   11708       0.9909
   11709       0.9959
   11710       0.9616
   11711       0.9652
   11712       1.0392
   11713       0.9839
   11714       1.0018
   11715       1.0217
   11716       1.0297
   11717       1.1861
   11718       1.0241
   11719       1.0324
   11720       1.0867
   11721       1.0125
   11722       0.9957
   11723       0.9687
   11724       1.0084
   11725       1.0163
   11726       0.9545
   11727       0.9903
   11728       0.9570
   11729       1.0035
   11730       1.0542
   11731       1.1380
   11732       1.1668
   11733       1.1123
   11734       1.2185
   11735       1.2197
   11736       1.0033
   11737       0.9236
   11738       0.9456
   11739       0.9139
   11740       0.9806
   11741       1.0101
   11742       1.1216
   11743       1.1233
   11744       1.1340
   11745       1.0764
   11746       1.0164
   11747       1.0125
   11748       0.9738
   11749       0.8728
   11750       0.9192
   11751       1.0479
   11752       0.9906
   11753       1.0726
   11754       1.0350
   11755       1.0621
   11756       1.2060
   11757       1.0077
   11758       1.0378
   11759       0.9202
   11760       0.9715
   11761       0.8639
   11762       0.8272
   11763       0.9565
   11764       1.0754
   11765       1.0143
   11766       1.0362
   11767       1.0100
   11768       0.8778
   11769       0.8460
   11770       0.8765
   11771       0.9087
   11772       0.9222
   11773       0.8813
   11774       0.8832
   11775       0.9039
   11776       0.7998
   11777       0.8016
   11778       0.9554
   11779       1.0123
   11780       1.0064
   11781       0.8997
   11782       0.8928
   11783       0.9155
   11784       0.8881
   11785       1.0152
   11786       1.0069
   11787       0.7975
   11788       0.8679
   11789       0.9094
   11790       0.9259
   11791       0.8201
   11792       0.8337
   11793       0.8737
   11794       0.9660
   11795       0.9119
   11796       0.8978
   11797       0.9039
   11798       0.9311
   11799       0.9679
   11800       0.9213
   11801       0.9044
   11802       0.8849
   11803       0.9944
   11804       0.9251
   11805       0.9061
   11806       0.9691
   11807       0.9875
   11808       1.0152
   11809       1.0453
   11810       0.9708
   11811       0.9614
   11812       0.9340
   11813       0.8362
   11814       0.9295
   11815       0.8710
   11816       0.9658
   11817       0.9892
   11818       1.0960
   11819       1.0330
   11820       1.0464
   11821       0.9831
   11822       0.8575
   11823       0.8708
   11824       0.9748
   11825       0.9247
   11826       0.8520
   11827       1.0788
   11828       0.8493
   11829       0.8027
   11830       0.8748
   11831       0.8849
   11832       0.9926
   11833       0.8188
   11834       0.9483
   11835       0.8295
   11836       0.8567
   11837       1.0370
   11838       1.0929
   11839       1.0957
   11840       1.2129
   11841       1.2527
   11842       1.1468
   11843       1.0932
   11844       1.0994
   11845       1.1028
   11846       1.1286
   11847       1.0479
   11848       1.0799
   11849       1.0467
   11850       1.0588
   11851       1.1960
   11852       1.2031
   11853       1.0165
   11854       1.0891
   11855       1.0788
   11856       1.0105
   11857       1.0697
   11858       1.1111
   11859       1.0120
   11860       0.9483
   11861       1.0784
   11862       1.0462
   11863       1.0788
   11864       1.1510
   11865       1.0681
   11866       1.1611
   11867       1.1749
   11868       1.0075
   11869       1.0147
   11870       1.0226
   11871       1.1067
   11872       1.1163
   11873       1.0277
   11874       1.0668
   11875       1.1642
   11876       1.2942
   11877       1.2449
   11878       1.1375
   11879       1.2425
   11880       1.1339
   11881       1.0669
   11882       0.9940
   11883       1.0578
   11884       1.1429
   11885       1.1018
   11886       0.9881
   11887       1.0424
   11888       1.1466
   11889       1.0798
   11890       1.0885
   11891       1.0460
   11892       0.9646
   11893       0.9565
   11894       1.1121
   11895       1.0165
   11896       0.9693
   11897       1.0359
   11898       1.0805
   11899       1.1213
   11900       1.0450
   11901       1.1330
   11902       1.0414
   11903       1.0371
   11904       1.0527
   11905       1.0591
   11906       1.0219
   11907       0.9771
   11908       0.9587
   11909       0.9240
   11910       1.0503
   11911       0.9976
   11912       1.0593
   11913       1.0439
   11914       0.9209
   11915       0.9056
   11916       0.9888
   11917       0.9729
   11918       1.1014
   11919       1.1758
   11920       1.1438
   11921       1.1077
   11922       1.1892
   11923       1.2088
   11924       1.1278
   11925       1.1380
   11926       1.1052
   11927       1.1777
   11928       1.2134
   11929       1.2544
   11930       1.0835
   11931       1.0074
   11932       1.0775
   11933       1.0832
   11934       1.0293
   11935       1.1615
   11936       1.0232
   11937       0.9806
   11938       1.0264
   11939       1.0611
   11940       1.1227
   11941       1.1458
   11942       1.0811
   11943       0.9884
   11944       0.9755
   11945       1.0462
   11946       1.1241
   11947       1.1400
   11948       1.0949
   11949       1.0935
   11950       1.1975
   11951       1.1573
   11952       1.2005
   11953       1.1664
   11954       1.2318
   11955       1.2702
   11956       1.1497
   11957       1.2935
   11958       1.3264
   11959       1.1975
   11960       1.2248
   11961       1.1657
   11962       1.2764
   11963       1.4028
   11964       1.2105
   11965       1.1481
   11966       1.2160
   11967       1.2263
   11968       1.0637
   11969       1.2694
   11970       1.1024
   11971       1.1772
   11972       1.2125
   11973       1.1827
   11974       1.1257
   11975       1.0158
   11976       1.0942
   11977       1.0057
   11978       1.1981
   11979       1.1821
   11980       1.1179
   11981       1.2494
   11982       1.2553
   11983       1.1826
   11984       1.2042
   11985       1.2884
   11986       1.3492
   11987       1.3147
   11988       1.3906
   11989       1.4178
   11990       1.3796
   11991       1.5015
   11992       1.4555
   11993       1.4494
   11994       1.3924
   11995       1.4405
   11996       1.3071
   11997       1.3166
   11998       1.1487
   11999       1.1282
   12000       1.2376
   12001       1.1481
   12002       1.2637
   12003       1.3366
   12004       1.3357
   12005       1.2330
   12006       1.2673
   12007       1.2105
   12008       1.3548
   12009       1.2921
   12010       1.2772
   12011       1.1997
   12012       1.1820
   12013       1.1168
   12014       1.1176
   12015       1.1211
   12016       1.0797
   12017       1.2014
   12018       1.1703
   12019       1.1856
   12020       1.1375
   12021       1.1150
   12022       1.1229
   12023       1.1346
   12024       0.9603
   12025       1.1886
   12026       1.1683
   12027       1.1989
   12028       1.1557
   12029       1.1705
   12030       1.2044
   12031       1.0133
   12032       0.9519
   12033       1.0609
   12034       1.1499
   12035       1.1027
   12036       1.1651
   12037       1.1569
   12038       1.1511
   12039       1.1155
   12040       1.2917
   12041       1.1311
   12042       1.1549
   12043       1.3478
   12044       1.3015
   12045       1.2093
   12046       1.3137
   12047       1.1316
   12048       1.1502
   12049       1.1134
   12050       1.2334
   12051       1.2512
   12052       1.0256
   12053       1.0988
   12054       1.1294
   12055       1.3592
   12056       1.4346
   12057       1.4864
   12058       1.5551
   12059       1.7053
   12060       1.5298
   12061       1.4031
   12062       1.4852
   12063       1.6149
   12064       1.5639
   12065       1.5931
   12066       1.5026
   12067       1.4453
   12068       1.4289
   12069       1.3830
   12070       1.2633
   12071       1.0853
   12072       1.2566
   12073       1.2946
   12074       1.2705
   12075       1.2285
   12076       1.3397
   12077       1.3674
   12078       1.2776
   12079       1.2198
   12080       1.1730
   12081       1.3131
   12082       1.2247
   12083       1.1394
   12084       1.0822
   12085       1.1238
   12086       1.1408
   12087       1.1021
   12088       1.1630
   12089       1.2333
   12090       1.1845
   12091       1.2104
   12092       1.3060
   12093       1.0547
   12094       1.1228
   12095       1.1603
   12096       1.1627
   12097       1.1025
   12098       1.1201
   12099       1.0731
   12100       1.0510
   12101       1.0300
   12102       1.0103
   12103       1.0795
   12104       1.0824
   12105       1.0236
   12106       0.9587
   12107       0.9936
   12108       0.9678
   12109       0.9261
   12110       0.8752
   12111       0.8707
   12112       0.8975
   12113       0.9254
   12114       0.9261
   12115       0.8647
   12116       0.9212
   12117       0.9382
   12118       0.9661
   12119       0.9471
   12120       0.9796
   12121       1.0471
   12122       0.9571
   12123       0.9867
   12124       1.0601
   12125       1.0372
   12126       1.1687
   12127       1.0289
   12128       0.9824
   12129       0.9887
   12130       1.0617
   12131       1.1415
   12132       1.2739
   12133       1.1650
   12134       1.2333
   12135       1.1983
   12136       1.0761
   12137       1.0612
   12138       1.0748
   12139       1.0154
   12140       1.0490
   12141       1.0817
   12142       1.1002
   12143       1.1650
   12144       1.0320
   12145       1.0000
   12146       1.0919
   12147       1.1561
   12148       1.1369
   12149       1.1654
   12150       1.1419
   12151       1.1452
   12152       1.1892
   12153       1.0271
   12154       1.0724
   12155       1.1532
   12156       1.2819
   12157       1.0784
   12158       0.9594
   12159       1.0256
   12160       1.0938
   12161       1.0898
   12162       1.0381
   12163       1.0108
   12164       1.1704
   12165       1.0223
   12166       1.1089
   12167       1.1431
   12168       1.1193
   12169       1.1739
   12170       1.1510
   12171       1.1453
   12172       1.0735
   12173       1.0755
   12174       1.0880
   12175       1.0655
   12176       1.1706
   12177       1.1509
   12178       1.1276
   12179       1.1810
   12180       1.1473
   12181       1.2264
   12182       1.2310
   12183       1.3657
   12184       1.3601
   12185       1.2848
   12186       1.3033
   12187       1.1889
   12188       1.2723
   12189       1.2079
   12190       1.0780
   12191       1.0545
   12192       1.1033
   12193       0.9858
   12194       0.9964
   12195       1.2029
   12196       1.2436
   12197       1.1851
   12198       1.2785
   12199       1.3087
   12200       1.2097
   12201       1.3541
   12202       1.2362
   12203       1.0428
   12204       0.9819
   12205       1.0529
   12206       1.0831
   12207       1.0830
   12208       1.1486
   12209       1.0893
   12210       1.0431
   12211       1.0779
   12212       1.0744
   12213       1.0370
   12214       1.0636
   12215       0.9539
   12216       1.0659
   12217       1.1488
   12218       1.1612
   12219       1.1793
   12220       1.0908
   12221       1.2347
   12222       1.1884
   12223       1.1726
   12224       1.0955
   12225       0.9752
   12226       0.9233
   12227       1.0807
   12228       1.0466
   12229       0.8867
   12230       0.9042
   12231       1.1012
   12232       1.1302
   12233       1.1598
   12234       0.9547
   12235       1.0762
   12236       1.0574
   12237       1.1121
   12238       1.2311
   12239       1.1297
   12240       1.0761
   12241       1.1657
   12242       1.0869
   12243       1.0322
   12244       1.0856
   12245       1.0600
   12246       1.0491
   12247       1.0714
   12248       1.1396
   12249       1.0770
   12250       1.0131
   12251       0.9560
   12252       1.0089
   12253       0.9472
   12254       0.9335
   12255       0.9322
   12256       0.8558
   12257       0.9816
   12258       0.9847
   12259       0.9302
   12260       0.8929
   12261       0.9673
   12262       1.0410
   12263       1.0105
   12264       0.8910
   12265       0.9470
   12266       0.8997
   12267       0.8904
   12268       0.9719
   12269       1.0892
   12270       1.1189
   12271       0.9728
   12272       1.0654
   12273       1.1499
   12274       1.0139
   12275       1.0822
   12276       1.1424
   12277       1.0949
   12278       1.0844
   12279       1.1821
   12280       1.3100
   12281       1.1985
   12282       1.2001
   12283       1.2723
   12284       1.1186
   12285       1.1480
   12286       1.0464
   12287       1.1412
   12288       1.1311
   12289       1.1492
   12290       1.1597
   12291       1.0260
   12292       1.0867
   12293       1.0143
   12294       1.0799
   12295       1.0896
   12296       0.9716
   12297       0.9033
   12298       0.9433
   12299       0.9040
   12300       0.8452
   12301       0.8693
   12302       1.0276
   12303       0.9418
   12304       1.0187
   12305       1.1216
   12306       1.1759
   12307       1.2712
   12308       1.1915
   12309       1.0172
   12310       1.0476
   12311       1.0821
   12312       0.9704
   12313       1.0156
   12314       1.1558
   12315       1.1828
   12316       1.1039
   12317       1.0719
   12318       1.0634
   12319       1.0860
   12320       1.0605
   12321       1.0180
   12322       1.1659
   12323       1.0124
   12324       0.9749
   12325       1.0199
   12326       1.1971
   12327       1.1117
   12328       1.1255
   12329       1.0839
   12330       1.1179
   12331       1.1309
   12332       1.1169
   12333       1.0637
   12334       1.1303
   12335       1.0144
   12336       1.0091
   12337       1.1197
   12338       1.1382
   12339       1.0822
   12340       1.0867
   12341       1.0326
   12342       0.9959
   12343       1.0484
   12344       1.1940
   12345       1.0975
   12346       1.1969
   12347       1.2967
   12348       1.3370
   12349       1.2775
   12350       1.2891
   12351       1.3633
   12352       1.3030
   12353       1.2131
   12354       1.0854
   12355       1.1640
   12356       1.0649
   12357       1.0418
   12358       0.9695
   12359       1.0458
   12360       1.1543
   12361       1.0050
   12362       1.1214
   12363       1.0741
   12364       1.1790
   12365       1.1473
   12366       1.1671
   12367       1.1305
   12368       1.1015
   12369       0.9100
   12370       0.9782
   12371       1.0041
   12372       1.0549
   12373       0.8968
   12374       1.1451
   12375       0.9675
   12376       1.0169
   12377       1.0024
   12378       0.9650
   12379       0.9782
   12380       0.9792
   12381       1.0658
   12382       1.0110
   12383       0.9790
   12384       0.9763
   12385       1.0156
   12386       1.1912
   12387       1.0392
   12388       1.1749
   12389       1.1645
   12390       1.2346
   12391       1.1932
   12392       1.2403
   12393       1.1015
   12394       1.0996
   12395       0.9614
   12396       1.1132
   12397       1.0714
   12398       1.1268
   12399       1.1980
   12400       1.1708
   12401       1.2441
   12402       1.2405
   12403       1.1625
   12404       1.1505
   12405       1.0158
   12406       0.9151
   12407       1.0521
   12408       1.0815
   12409       0.9332
   12410       0.9604
   12411       0.9187
   12412       1.0104
   12413       0.9551
   12414       1.0385
   12415       1.0023
   12416       0.9988
   12417       0.9650
   12418       0.9226
   12419       1.0476
   12420       0.9721
   12421       1.0090
   12422       1.0510
   12423       0.9931
   12424       1.0336
   12425       1.0006
   12426       1.0455
   12427       1.1113
   12428       1.1071
   12429       1.2487
   12430       1.3336
   12431       1.3646
   12432       1.2459
   12433       1.3521
   12434       1.3761
   12435       1.3958
   12436       1.3235
   12437       1.2806
   12438       1.1190
   12439       1.1682
   12440       1.0717
   12441       1.1309
   12442       1.1522
   12443       1.2358
   12444       1.0574
   12445       1.0689
   12446       1.0386
   12447       1.1107
   12448       1.1707
   12449       1.2245
   12450       1.0597
   12451       0.9954
   12452       1.1056
   12453       1.0709
   12454       1.0621
   12455       1.0855
   12456       1.1375
   12457       1.1480
   12458       1.0777
   12459       1.0387
   12460       1.0636
   12461       1.2785
   12462       1.2708
   12463       1.3924
   12464       1.3721
   12465       1.4237
   12466       1.3561
   12467       1.3866
   12468       1.2066
   12469       1.0898
   12470       1.1043
   12471       1.1030
   12472       1.1089
   12473       1.1050
   12474       1.1669
   12475       1.2228
   12476       1.2645
   12477       1.1201
   12478       1.1254
   12479       1.1990
   12480       1.3600
   12481       1.1833
   12482       1.1224
   12483       1.1371
   12484       1.0630
   12485       1.2072
   12486       1.2348
   12487       1.2509
   12488       1.3212
   12489       1.4577
   12490       1.2397
   12491       0.9770
   12492       1.0922
   12493       1.0384
   12494       0.9834
   12495       0.9807
   12496       1.0979
   12497       0.9349
   12498       0.9740
   12499       0.9582
   12500       0.9549
   12501       0.9013
   12502       0.9210
   12503       0.8970
   12504       1.0104
   12505       1.0950
   12506       1.0963
   12507       1.1629
   12508       1.0564
   12509       1.0146
   12510       1.0052
   12511       1.0635
   12512       1.0205
   12513       1.1661
   12514       1.0884
   12515       1.1084
   12516       1.0633
   12517       1.0893
   12518       0.9869
   12519       0.9503
   12520       1.0251
   12521       1.0181
   12522       1.0557
   12523       0.9553
   12524       0.8471
   12525       0.9921
   12526       0.9259
   12527       0.9799
   12528       1.0154
   12529       1.0509
   12530       1.0320
   12531       0.9479
   12532       0.8531
   12533       0.8401
   12534       0.9260
   12535       0.9084
   12536       0.9995
   12537       1.0544
   12538       1.1244
   12539       0.9698
   12540       1.0191
   12541       1.1422
   12542       1.1096
   12543       1.1452
   12544       1.0656
   12545       1.1337
   12546       0.9365
   12547       1.1026
   12548       1.1449
   12549       0.9836
   12550       0.9736
   12551       0.9982
   12552       0.9505
   12553       1.1927
   12554       0.9091
   12555       1.0477
   12556       1.0940
   12557       1.0301
   12558       0.9927
   12559       1.0102
   12560       1.0714
   12561       1.1080
   12562       1.0296
   12563       1.1614
   12564       1.1083
   12565       0.9394
   12566       1.0281
   12567       1.0144
   12568       1.0724
   12569       1.1356
   12570       1.1398
   12571       1.0425
   12572       0.9700
   12573       0.9430
   12574       1.0017
   12575       0.9543
   12576       1.0666
   12577       0.9867
   12578       1.0176
   12579       1.0201
   12580       1.0427
   12581       1.0229
   12582       1.0213
   12583       1.2298
   12584       1.1853
   12585       1.1255
   12586       1.1739
   12587       1.0698
   12588       1.1685
   12589       1.2171
   12590       1.2492
   12591       1.1172
   12592       1.3500
   12593       1.1758
   12594       1.0458
   12595       0.9552
   12596       1.0945
   12597       1.0925
   12598       1.0751
   12599       1.1484
   12600       1.1262
   12601       1.2432
   12602       1.1149
   12603       1.1996
   12604       1.1945
   12605       1.0686
   12606       0.9750
   12607       1.1983
   12608       1.1052
   12609       1.0875
   12610       1.0553
   12611       0.9963
   12612       1.0259
   12613       1.0175
   12614       1.0538
   12615       1.1210
   12616       1.1024
   12617       1.1560
   12618       1.2124
   12619       1.0389
   12620       1.2072
   12621       1.2639
   12622       1.2810
   12623       1.1899
   12624       1.2568
   12625       1.0927
   12626       1.0824
   12627       1.0345
   12628       1.1697
   12629       1.1688
   12630       1.0901
   12631       1.0684
   12632       1.1623
   12633       1.0704
   12634       1.0352
   12635       1.0299
   12636       1.0589
   12637       1.0064
   12638       0.9104
   12639       0.9005
   12640       0.9342
   12641       1.0588
   12642       1.1019
   12643       1.0476
   12644       1.1460
   12645       1.1568
   12646       1.1438
   12647       1.0752
   12648       1.0480
   12649       1.0132
   12650       0.9527
   12651       0.9545
   12652       0.8938
   12653       0.9777
   12654       1.0483
   12655       1.0937
   12656       1.0981
   12657       0.9852
   12658       1.1062
   12659       1.1180
   12660       1.1626
   12661       1.2299
   12662       1.2026
   12663       1.1904
   12664       1.2129
   12665       1.1144
   12666       1.1694
   12667       1.1174
   12668       1.0595
   12669       1.2440
   12670       1.1959
   12671       1.2531
   12672       1.1846
   12673       1.1592
   12674       1.1111
   12675       1.1817
   12676       1.2385
   12677       1.3156
   12678       1.2875
   12679       1.1134
   12680       1.1996
   12681       1.2490
   12682       1.3345
   12683       1.1497
   12684       1.2800
   12685       1.2355
   12686       1.0814
   12687       1.1644
   12688       1.0036
   12689       0.9836
   12690       0.9903
   12691       1.0158
   12692       1.0205
   12693       1.0582
   12694       0.9716
   12695       1.1490
   12696       1.0999
   12697       1.0700
   12698       1.1331
   12699       1.0787
   12700       1.1739
   12701       1.0252
   12702       1.1687
   12703       1.2717
   12704       1.2589
   12705       1.3004
   12706       1.0846
   12707       1.0752
   12708       1.1357
   12709       1.0102
   12710       1.1341
   12711       1.0904
   12712       1.0791
   12713       0.9010
   12714       1.0086
   12715       1.0166
   12716       1.0597
   12717       1.0729
   12718       0.9370
   12719       1.0210
   12720       1.2086
   12721       1.1960
   12722       1.0990
   12723       1.1181
   12724       1.1150
   12725       1.0695
   12726       1.0211
   12727       1.0019
   12728       1.1833
   12729       1.3108
   12730       1.3116
   12731       1.1856
   12732       1.1000
   12733       1.2162
   12734       1.2843
   12735       1.1135
   12736       1.0500
   12737       1.0947
   12738       0.9874
   12739       1.0547
   12740       1.0364
   12741       1.0186
   12742       0.9272
   12743       1.0249
   12744       0.9164
   12745       0.9542
   12746       1.1453
   12747       0.9356
   12748       1.1975
   12749       1.0706
   12750       0.9188
   12751       1.1154
   12752       1.0298
   12753       0.9557
   12754       0.8687
   12755       0.9264
   12756       1.0916
   12757       1.1476
   12758       1.0365
   12759       1.0721
   12760       1.0160
   12761       1.2785
   12762       1.1165
   12763       1.1236
   12764       1.2039
   12765       1.1609
   12766       1.1744
   12767       1.0458
   12768       1.1833
   12769       1.1197
   12770       1.0421
   12771       0.9682
   12772       0.9777
   12773       1.0842
   12774       0.9924
   12775       0.9293
   12776       0.9207
   12777       0.9488
   12778       1.0493
   12779       1.1343
   12780       1.0996
   12781       0.9599
   12782       1.0074
   12783       1.0559
   12784       0.9718
   12785       1.0277
   12786       1.0676
   12787       1.0134
   12788       0.8565
   12789       0.9779
   12790       0.9488
   12791       1.0358
   12792       1.1457
   12793       1.0798
   12794       1.1331
   12795       1.1244
   12796       0.9800
   12797       1.0164
   12798       0.9647
   12799       0.9952
   12800       1.0026
   12801       1.0158
   12802       1.1109
   12803       1.1279
   12804       1.0858
   12805       1.0409
   12806       1.0670
   12807       1.1197
   12808       1.0019
   12809       1.0062
   12810       0.9590
   12811       0.9867
   12812       1.1471
   12813       0.9823
   12814       1.0251
   12815       0.9771
   12816       0.9864
   12817       0.8972
   12818       0.9157
   12819       1.0834
   12820       0.9922
   12821       1.2290
   12822       1.2996
   12823       1.1488
   12824       1.0577
   12825       1.0235
   12826       0.9960
   12827       0.9458
   12828       0.9627
   12829       1.0907
   12830       0.9873
   12831       1.0419
   12832       0.9932
   12833       0.9346
   12834       1.1215
   12835       1.0165
   12836       1.1340
   12837       1.0718
   12838       0.9689
   12839       1.1443
   12840       1.1556
   12841       1.0803
   12842       1.0022
   12843       1.0344
   12844       1.1338
   12845       0.9420
   12846       0.9775
   12847       0.9787
   12848       0.9898
   12849       1.0490
   12850       1.0302
   12851       1.0773
   12852       0.9821
   12853       0.9211
   12854       1.0038
   12855       1.0764
   12856       0.9879
   12857       0.9040
   12858       0.9625
   12859       1.0821
   12860       1.0526
   12861       0.9467
   12862       1.1282
   12863       1.1262
   12864       1.0946
   12865       1.1159
   12866       1.2135
   12867       0.9941
   12868       1.0900
   12869       0.9790
   12870       0.9897
   12871       1.0510
   12872       0.8877
   12873       0.9636
   12874       0.9507
   12875       1.0307
   12876       1.0927
   12877       1.1567
   12878       1.1323
   12879       1.1417
   12880       1.1088
   12881       1.0968
   12882       1.0841
   12883       1.0818
   12884       1.0305
   12885       1.1437
   12886       1.2343
   12887       1.2169
   12888       1.2685
   12889       1.2692
   12890       1.2879
   12891       1.2183
   12892       1.1383
   12893       1.0432
   12894       1.1180
   12895       1.0823
   12896       1.0421
   12897       0.9744
   12898       1.1031
   12899       1.1273
   12900       1.0705
   12901       1.0147
   12902       1.0011
   12903       1.0592
   12904       1.2240
   12905       1.2297
   12906       1.2335
   12907       1.2398
   12908       1.1960
   12909       1.1918
   12910       1.1932
   12911       1.2084
   12912       1.1905
   12913       1.2797
   12914       1.2157
   12915       1.1925
   12916       1.2232
   12917       1.2360
   12918       1.0008
   12919       1.0192
   12920       1.1747
   12921       1.0948
   12922       1.2717
   12923       1.0663
   12924       1.1595
   12925       1.1266
   12926       1.1695
   12927       1.0591
   12928       0.9372
   12929       1.0709
   12930       1.2588
   12931       1.3017
   12932       1.1418
   12933       1.2083
   12934       1.1923
   12935       1.1641
   12936       1.0344
   12937       1.0655
   12938       1.1235
   12939       1.1758
   12940       0.9997
   12941       1.1453
   12942       1.1852
   12943       1.2367
   12944       1.0662
   12945       0.9964
   12946       1.0221
   12947       1.1641
   12948       1.1706
   12949       1.2368
   12950       1.3568
   12951       1.2310
   12952       1.1196
   12953       1.2802
   12954       1.1344
   12955       1.1206
   12956       1.0588
   12957       1.0245
   12958       1.0571
   12959       1.2246
   12960       1.1641
   12961       1.2152
   12962       1.1083
   12963       1.1563
   12964       1.2671
   12965       1.1741
   12966       1.1822
   12967       1.1143
   12968       1.2353
   12969       1.1474
   12970       1.2357
   12971       0.9679
   12972       1.0988
   12973       1.2205
   12974       1.0818
   12975       1.0682
   12976       1.1548
   12977       0.9860
   12978       1.0427
   12979       1.1469
   12980       1.0873
   12981       1.1106
   12982       1.2011
   12983       1.2157
   12984       1.2940
   12985       1.1478
   12986       1.1140
   12987       1.0761
   12988       1.0827
   12989       0.9775
   12990       1.2400
   12991       1.1914
   12992       1.1889
   12993       1.3324
   12994       1.2609
   12995       1.1202
   12996       1.1392
   12997       1.1425
   12998       1.4184
   12999       1.2082
   13000       1.2284
   13001       1.2133
   13002       1.1912
   13003       1.1175
   13004       1.3321
   13005       1.0690
   13006       1.0216
   13007       1.0096
   13008       0.9949
   13009       1.1193
   13010       0.9413
   13011       1.0805
   13012       1.2155
   13013       1.1283
   13014       1.1480
   13015       1.1837
   13016       1.1966
   13017       1.2013
   13018       1.0671
   13019       0.9825
   13020       1.0051
   13021       1.0034
   13022       1.1923
   13023       1.0374
   13024       1.0976
   13025       1.1499
   13026       1.1233
   13027       1.2783
   13028       1.0802
   13029       1.1520
   13030       1.1118
   13031       1.0849
   13032       1.0995
   13033       1.0375
   13034       1.0205
   13035       0.9307
   13036       0.9478
   13037       1.0431
   13038       0.9993
   13039       0.9649
   13040       0.9734
   13041       1.0054
   13042       0.9873
   13043       1.1323
   13044       1.2336
   13045       1.2932
   13046       1.3598
   13047       1.3119
   13048       1.1735
   13049       1.1542
   13050       0.9826
   13051       1.1353
   13052       1.1089
   13053       1.1851
   13054       1.0596
   13055       0.9231
   13056       0.9777
   13057       1.0288
   13058       0.9229
   13059       1.1116
   13060       1.0899
   13061       1.1013
   13062       1.0995
   13063       1.2362
   13064       0.9911
   13065       1.1273
   13066       0.9908
   13067       0.9506
   13068       0.8947
   13069       1.0305
   13070       1.0235
   13071       0.9077
   13072       1.0847
   13073       0.9523
   13074       1.0353
   13075       1.0311
   13076       0.9982
   13077       0.9757
   13078       0.9612
   13079       0.9293
   13080       1.1383
   13081       1.0670
   13082       1.0061
   13083       0.9354
   13084       0.8560
   13085       0.9402
   13086       1.0390
   13087       0.9923
   13088       0.9139
   13089       0.8839
   13090       0.7898
   13091       1.0183
   13092       0.9143
   13093       0.8633
   13094       1.0286
   13095       0.9567
   13096       0.8454
   13097       0.9089
   13098       0.9826
   13099       1.0454
   13100       1.0468
   13101       1.2076
   13102       1.0864
   13103       1.0205
   13104       0.9485
   13105       0.8933
   13106       0.9851
   13107       0.8483
   13108       0.9573
   13109       0.9840
   13110       1.1315
   13111       1.1563
   13112       1.2617
   13113       1.1277
   13114       1.1873
   13115       1.0868
   13116       1.0811
   13117       1.1517
   13118       1.2774
   13119       1.2571
   13120       1.3275
   13121       1.3340
   13122       1.2804
   13123       1.1554
   13124       1.1431
   13125       1.4465
   13126       1.2929
   13127       1.2374
   13128       1.1310
   13129       1.0076
   13130       1.2262
   13131       1.1028
   13132       1.0625
   13133       1.1346
   13134       1.0440
   13135       1.0502
   13136       1.1100
   13137       0.9665
   13138       1.1044
   13139       1.2438
   13140       0.9929
   13141       1.0844
   13142       1.0385
   13143       1.0731
   13144       0.9748
   13145       0.9180
   13146       0.9155
   13147       1.0297
   13148       0.9853
   13149       1.0324
   13150       1.0623
   13151       0.9505
   13152       1.0058
   13153       0.9231
   13154       0.8546
   13155       0.9458
   13156       1.0281
   13157       1.0110
   13158       1.0309
   13159       1.0123
   13160       0.9878
   13161       0.9603
   13162       0.9730
   13163       0.9623
   13164       0.9988
   13165       1.0234
   13166       1.0202
   13167       1.0631
   13168       1.1061
   13169       1.1673
   13170       1.1621
   13171       1.0377
   13172       1.0184
   13173       1.0915
   13174       1.0093
   13175       0.9342
   13176       0.8346
   13177       0.9909
   13178       0.9867
   13179       0.9447
   13180       1.0178
   13181       0.9706
   13182       0.9525
   13183       0.9956
   13184       0.9471
   13185       1.0513
   13186       1.0205
   13187       0.8458
   13188       0.9915
   13189       0.9419
   13190       0.9547
   13191       1.0105
   13192       1.0667
   13193       1.0326
   13194       0.9862
   13195       0.9808
   13196       1.0292
   13197       1.1684
   13198       1.2112
   13199       1.0985
   13200       1.0609
   13201       1.0054
   13202       1.0118
   13203       1.1620
   13204       1.1475
   13205       1.0398
   13206       1.0661
   13207       1.1511
   13208       1.0398
   13209       0.9504
   13210       1.0131
   13211       1.1187
   13212       0.9874
   13213       1.1729
   13214       0.9766
   13215       1.0088
   13216       1.0041
   13217       0.9961
   13218       1.0062
   13219       1.1826
   13220       1.1825
   13221       1.1294
   13222       1.1547
   13223       1.1256
   13224       1.0427
   13225       0.9765
   13226       0.9008
   13227       1.0079
   13228       1.0038
   13229       1.1512
   13230       1.1258
   13231       1.1744
   13232       1.2697
   13233       1.3484
   13234       1.3513
   13235       1.4146
   13236       1.3871
   13237       1.2931
   13238       1.1079
   13239       1.2620
   13240       1.3200
   13241       1.2988
   13242       1.3801
   13243       1.3914
   13244       1.2959
   13245       1.1778
   13246       1.1623
   13247       1.0225
   13248       1.1049
   13249       1.1401
   13250       1.0670
   13251       1.1412
   13252       1.1730
   13253       1.2098
   13254       1.1418
   13255       1.0958
   13256       1.1620
   13257       1.1069
   13258       0.9963
   13259       0.9333
   13260       0.8954
   13261       0.9253
   13262       0.9360
   13263       1.1036
   13264       1.2277
   13265       1.1870
   13266       1.0518
   13267       1.1506
   13268       1.2446
   13269       1.2332
   13270       1.1446
   13271       1.0334
   13272       1.0607
   13273       1.0732
   13274       1.0050
   13275       1.0414
   13276       1.1278
   13277       1.1005
   13278       0.9728
   13279       1.0063
   13280       1.0487
   13281       1.0951
   13282       1.0736
   13283       0.9818
   13284       1.1687
   13285       1.1176
   13286       1.2619
   13287       1.3179
   13288       1.1315
   13289       1.0895
   13290       1.0213
   13291       0.9473
   13292       1.0169
   13293       1.0679
   13294       1.1035
   13295       1.0698
   13296       1.0043
   13297       0.8972
   13298       0.8654
   13299       0.9270
   13300       1.1006
   13301       1.1193
   13302       1.1364
   13303       1.0999
   13304       1.0047
   13305       0.9690
   13306       0.9456
   13307       0.9088
   13308       0.9783
   13309       0.9318
   13310       0.9025
   13311       0.9925
   13312       1.1080
   13313       1.0197
   13314       0.9018
   13315       0.9050
   13316       1.0629
   13317       1.1848
   13318       1.0754
   13319       1.1371
   13320       1.1613
   13321       1.0389
   13322       1.0700
   13323       1.1034
   13324       1.1062
   13325       1.1006
   13326       1.0802
   13327       1.0923
   13328       1.0310
   13329       0.8895
   13330       1.0077
   13331       1.1348
   13332       1.1872
   13333       1.2187
   13334       1.1370
   13335       1.2486
   13336       1.3654
   13337       1.1938
   13338       1.1858
   13339       1.1543
   13340       1.0852
   13341       1.0839
   13342       1.2142
   13343       1.2879
   13344       1.2617
   13345       1.2591
   13346       1.1965
   13347       1.2133
   13348       1.0793
   13349       0.9642
   13350       0.9977
   13351       1.0121
   13352       1.0228
   13353       1.0564
   13354       1.0181
   13355       1.0413
   13356       1.0828
   13357       1.1465
   13358       1.1374
   13359       1.1030
   13360       1.1275
   13361       1.3807
   13362       1.4280
   13363       1.4124
   13364       1.4731
   13365       1.2344
   13366       1.2559
   13367       1.3877
   13368       1.2263
   13369       1.1764
   13370       1.0338
   13371       0.9594
   13372       1.0689
   13373       0.9182
   13374       0.9786
   13375       1.1001
   13376       1.2026
   13377       1.1621
   13378       1.2933
   13379       1.2134
   13380       1.1773
   13381       1.3170
   13382       1.2560
   13383       1.2574
   13384       1.1250
   13385       1.1869
   13386       1.0910
   13387       1.2049
   13388       1.1927
   13389       1.2597
   13390       1.4070
   13391       1.2940
   13392       1.1983
   13393       1.2079
   13394       1.0569
   13395       0.9772
   13396       1.1333
   13397       1.1868
   13398       1.1941
   13399       1.1295
   13400       1.1588
   13401       1.1510
   13402       1.1657
   13403       1.1387
   13404       1.2301
   13405       1.0562
   13406       1.1476
   13407       1.0859
   13408       1.1737
   13409       1.1781
   13410       1.1104
   13411       1.0962
   13412       1.0625
   13413       1.0747
   13414       1.1580
   13415       1.2097
   13416       1.3301
   13417       1.2606
   13418       1.3725
   13419       1.2537
   13420       1.2652
   13421       1.1567
   13422       1.3547
   13423       1.3163
   13424       1.2220
   13425       1.2422
   13426       1.2680
   13427       1.2264
   13428       1.1796
   13429       1.1450
   13430       1.1553
   13431       1.1640
   13432       1.1535
   13433       1.0830
   13434       1.1549
   13435       1.0666
   13436       1.1744
   13437       1.1589
   13438       1.2053
   13439       1.2262
   13440       1.1129
   13441       1.0922
   13442       1.1011
   13443       1.1335
   13444       1.1946
   13445       1.1290
   13446       1.0203
   13447       1.0211
   13448       1.0669
   13449       1.0907
   13450       1.0833
   13451       1.0506
   13452       1.0118
   13453       0.9063
   13454       1.0186
   13455       1.2200
   13456       1.0262
   13457       1.0623
   13458       1.2290
   13459       1.2219
   13460       1.2578
   13461       1.1851
   13462       1.1490
   13463       1.2075
   13464       1.0169
   13465       1.0234
   13466       0.9953
   13467       1.0264
   13468       1.1106
   13469       1.2753
   13470       1.1457
   13471       1.2508
   13472       1.2681
   13473       1.1881
   13474       1.2367
   13475       1.3534
   13476       1.3333
   13477       1.2573
   13478       1.1266
   13479       1.0223
   13480       1.0576
   13481       1.0517
   13482       1.1255
   13483       1.1427
   13484       1.1389
   13485       1.2220
   13486       1.1565
   13487       1.2036
   13488       1.2308
   13489       1.2072
   13490       1.1715
   13491       1.2192
   13492       1.1830
   13493       1.1584
   13494       1.1402
   13495       1.1215
   13496       1.2028
   13497       1.0834
   13498       1.2652
   13499       1.2114
   13500       1.2341
   13501       1.0074
   13502       1.1094
   13503       1.1026
   13504       1.1727
   13505       1.2299
   13506       1.1599
   13507       1.0628
   13508       1.1419
   13509       1.1272
   13510       1.1757
   13511       1.2342
   13512       1.1520
   13513       1.1941
   13514       1.2229
   13515       1.0769
   13516       1.2171
   13517       1.2141
   13518       1.1958
   13519       1.1983
   13520       1.0863
   13521       1.0909
   13522       1.0686
   13523       1.1075
   13524       1.0816
   13525       1.0284
   13526       1.2730
   13527       1.4478
   13528       1.3872
   13529       1.3683
   13530       1.3616
   13531       1.1386
   13532       1.2617
   13533       1.1580
   13534       1.0243
   13535       1.0947
   13536       1.1922
   13537       1.1859
   13538       1.0608
   13539       1.1364
   13540       1.1560
   13541       1.0364
   13542       1.2583
   13543       1.3766
   13544       1.2377
   13545       1.1305
   13546       1.1170
   13547       1.1054
   13548       1.0271
   13549       1.0130
   13550       1.0206
   13551       1.0329
   13552       1.0541
   13553       1.2349
   13554       1.1022
   13555       1.0203
   13556       1.0064
   13557       1.0926
   13558       1.0338
   13559       0.9188
   13560       0.9517
   13561       0.9658
   13562       0.9659
   13563       1.1148
   13564       0.9917
   13565       1.0383
   13566       0.9810
   13567       0.9189
   13568       0.9894
   13569       1.0189
   13570       1.0591
   13571       0.9231
   13572       1.0005
   13573       0.8853
   13574       0.9103
   13575       0.8896
   13576       0.9549
   13577       0.9932
   13578       0.9690
   13579       1.0275
   13580       0.9557
   13581       1.0659
   13582       1.1405
   13583       1.0858
   13584       0.9972
   13585       1.0142
   13586       1.0304
   13587       0.9706
   13588       0.9381
   13589       1.0721
   13590       1.0227
   13591       1.1029
   13592       0.9696
   13593       1.0742
   13594       1.0054
   13595       1.0184
   13596       1.1355
   13597       1.0294
   13598       0.9558
   13599       0.9239
   13600       1.0010
   13601       1.0353
   13602       1.0313
   13603       0.9794
   13604       0.9794
   13605       1.0557
   13606       0.9932
   13607       1.1012
   13608       1.0950
   13609       0.9808
   13610       1.1067
   13611       1.1715
   13612       1.2192
   13613       1.0386
   13614       0.9215
   13615       1.0440
   13616       0.9950
   13617       0.9485
   13618       0.9649
   13619       0.8591
   13620       0.8600
   13621       0.8682
   13622       0.8950
   13623       0.8582
   13624       0.9100
   13625       0.9401
   13626       0.9293
   13627       0.7628
   13628       0.9005
   13629       0.8793
   13630       0.9147
   13631       0.8661
   13632       0.8949
   13633       1.0192
   13634       0.9193
   13635       0.9715
   13636       0.9178
   13637       1.0550
   13638       0.9728
   13639       0.9599
   13640       0.9494
   13641       1.0002
   13642       1.1032
   13643       0.8899
   13644       0.9103
   13645       0.8677
   13646       0.8907
   13647       0.9017
   13648       0.9019
   13649       0.9726
   13650       0.8898
   13651       0.9942
   13652       0.9677
   13653       0.8714
   13654       0.8741
   13655       0.9256
   13656       0.9709
   13657       0.8688
   13658       0.9325
   13659       0.8770
   13660       0.9685
   13661       0.9300
   13662       0.9243
   13663       1.0067
   13664       1.0026
   13665       1.0480
   13666       1.0636
   13667       1.0318
   13668       1.0813
   13669       1.0491
   13670       1.0779
   13671       0.9822
   13672       0.9773
   13673       1.0967
   13674       0.9255
   13675       0.8519
   13676       0.8553
   13677       0.9648
   13678       1.0174
   13679       1.0596
   13680       1.0451
   13681       1.0522
   13682       1.1103
   13683       0.9815
   13684       1.0243
   13685       1.0423
   13686       1.1057
   13687       1.0141
   13688       0.9495
   13689       1.0683
   13690       1.0699
   13691       1.0471
   13692       1.0346
   13693       0.9014
   13694       0.8106
   13695       0.8822
   13696       0.9242
   13697       0.9881
   13698       1.0816
   13699       0.9597
   13700       0.9233
   13701       1.0050
   13702       1.0108
   13703       0.9849
   13704       1.0087
   13705       1.0005
   13706       1.0334
   13707       0.8948
   13708       0.9279
   13709       0.8538
   13710       0.9246
   13711       0.9233
   13712       1.1133
   13713       0.9907
   13714       1.0369
   13715       1.0336
   13716       0.9645
   13717       0.9314
   13718       1.0058
   13719       1.0766
   13720       1.1234
   13721       1.1700
   13722       1.2895
   13723       1.1135
   13724       1.0542
   13725       1.0880
   13726       1.2494
   13727       1.2138
   13728       1.1981
   13729       1.2034
   13730       1.0905
   13731       1.1046
   13732       1.2244
   13733       1.0062
   13734       1.0653
   13735       0.9984
   13736       1.1285
   13737       1.0757
   13738       0.9977
   13739       1.1049
   13740       1.0864
   13741       0.9911
   13742       0.9597
   13743       1.0182
   13744       0.9987
   13745       1.0315
   13746       1.0533
   13747       1.0762
   13748       1.1231
   13749       1.0298
   13750       1.0074
   13751       1.0324
   13752       1.0457
   13753       0.9855
   13754       0.9991
   13755       0.9831
   13756       1.0425
   13757       1.0649
   13758       0.9576
   13759       1.0027
   13760       0.9529
   13761       1.0153
   13762       1.1155
   13763       1.0446
   13764       1.1354
   13765       1.2131
   13766       1.1379
   13767       1.2463
   13768       1.2523
   13769       1.1629
   13770       1.1793
   13771       1.1649
   13772       1.1687
   13773       1.1763
   13774       1.0304
   13775       1.1825
   13776       1.2905
   13777       1.1344
   13778       1.1941
   13779       1.3662
   13780       1.3141
   13781       1.3162
   13782       1.1996
   13783       1.1381
   13784       1.0587
   13785       1.0627
   13786       0.9364
   13787       1.1175
   13788       1.0708
   13789       1.1985
   13790       1.1097
   13791       1.1181
   13792       1.1164
   13793       1.0182
   13794       1.1327
   13795       1.1282
   13796       1.0185
   13797       1.0458
   13798       1.0008
   13799       0.9684
   13800       1.0853
   13801       1.1992
   13802       1.0798
   13803       1.0871
   13804       1.1285
   13805       1.0576
   13806       1.0079
   13807       1.1297
   13808       1.1384
   13809       1.0191
   13810       1.1362
   13811       1.0706
   13812       0.9539
   13813       1.0638
   13814       1.0261
   13815       0.9637
   13816       0.9215
   13817       1.0632
   13818       0.9905
   13819       1.1577
   13820       1.0285
   13821       1.0780
   13822       1.2101
   13823       1.2322
   13824       1.1301
   13825       1.1368
   13826       1.1313
   13827       1.1689
   13828       1.1523
   13829       1.0272
   13830       1.1553
   13831       1.1423
   13832       1.1381
   13833       1.1605
   13834       1.0430
   13835       0.9396
   13836       0.9870
   13837       0.9176
   13838       0.9239
   13839       0.9898
   13840       1.0027
   13841       0.9892
   13842       1.1583
   13843       0.9782
   13844       0.9924
   13845       1.0422
   13846       1.1457
   13847       1.0552
   13848       0.9519
   13849       0.9622
   13850       0.9150
   13851       0.9475
   13852       1.0725
   13853       1.0817
   13854       1.1353
   13855       1.0320
   13856       1.0197
   13857       1.0383
   13858       1.0933
   13859       0.8698
   13860       1.0418
   13861       1.1154
   13862       1.2584
   13863       1.2776
   13864       1.3025
   13865       1.3642
   13866       1.2135
   13867       1.1570
   13868       1.0774
   13869       1.2894
   13870       1.0429
   13871       0.9965
   13872       0.9727
   13873       1.0901
   13874       1.1913
   13875       1.1435
   13876       1.2455
   13877       1.2440
   13878       1.2446
   13879       1.3147
   13880       1.2005
   13881       1.2434
   13882       1.2394
   13883       1.1924
   13884       1.0593
   13885       1.0234
   13886       1.0321
   13887       1.0696
   13888       1.1179
   13889       1.2874
   13890       1.1455
   13891       1.1741
   13892       1.1548
   13893       1.1877
   13894       1.1800
   13895       1.2111
   13896       1.1293
   13897       1.0963
   13898       1.1585
   13899       1.1986
   13900       1.2019
   13901       1.0840
   13902       1.1545
   13903       1.1639
   13904       1.0798
   13905       1.0101
   13906       1.0605
   13907       1.0129
   13908       0.9975
   13909       1.1626
   13910       0.9783
   13911       1.0064
   13912       1.0061
   13913       1.0611
   13914       0.9772
   13915       1.0158
   13916       1.1105
   13917       0.9435
   13918       0.9322
   13919       0.8687
   13920       0.8833
   13921       1.0135
   13922       0.9748
   13923       1.0525
   13924       1.0828
   13925       1.0350
   13926       1.0012
   13927       1.0197
   13928       0.9038
   13929       1.0736
   13930       0.9583
   13931       0.9191
   13932       1.0092
   13933       1.0810
   13934       1.0586
   13935       1.0070
   13936       1.0562
   13937       1.2131
   13938       1.1580
   13939       1.1558
   13940       1.2146
   13941       1.1433
   13942       1.0526
   13943       1.0222
   13944       1.0587
   13945       1.0108
   13946       1.0157
   13947       1.0982
   13948       1.0433
   13949       1.0458
   13950       1.0142
   13951       1.0405
   13952       1.0981
   13953       1.0173
   13954       1.2562
   13955       1.0712
   13956       1.0962
   13957       1.1737
   13958       1.1378
   13959       1.2029
   13960       1.0869
   13961       1.0651
   13962       1.2484
   13963       1.2775
   13964       1.1950
   13965       1.0658
   13966       0.9872
   13967       1.0282
   13968       0.9052
   13969       0.9702
   13970       1.0047
   13971       0.9531
   13972       0.9460
   13973       0.9840
   13974       0.9440
   13975       1.0698
   13976       1.2075
   13977       1.1835
   13978       1.0897
   13979       1.0691
   13980       1.2879
   13981       1.2340
   13982       1.1408
   13983       1.1182
   13984       1.1086
   13985       1.1032
   13986       1.1021
   13987       1.1682
   13988       1.1573
   13989       1.1018
   13990       1.2527
   13991       1.0474
   13992       1.0680
   13993       1.0756
   13994       1.1220
   13995       1.1362
   13996       1.1094
   13997       1.0506
   13998       1.1560
   13999       1.0923
   14000       1.1055
   14001       1.1031
   14002       1.2390
   14003       1.0210
   14004       1.0829
   14005       1.1114
   14006       1.1263
   14007       1.1981
   14008       1.0862
   14009       1.1906
   14010       1.1657
   14011       1.0567
   14012       1.0801
   14013       1.0952
   14014       0.9705
   14015       0.9956
   14016       0.9893
   14017       0.9679
   14018       0.9421
   14019       0.9903
   14020       1.0324
   14021       1.0392
   14022       1.0839
   14023       1.0282
   14024       1.0749
   14025       1.0524
   14026       1.1307
   14027       1.1607
   14028       1.0394
   14029       1.0203
   14030       0.9761
   14031       0.9452
   14032       1.0851
   14033       1.0532
   14034       1.0404
   14035       1.0981
   14036       1.0161
   14037       1.1485
   14038       0.9425
   14039       0.9693
   14040       0.9513
   14041       0.9751
   14042       0.8837
   14043       0.9354
   14044       0.9068
   14045       0.9874
   14046       0.9889
   14047       1.0471
   14048       1.0978
   14049       1.0361
   14050       1.0637
   14051       1.0578
   14052       1.1288
   14053       1.1799
   14054       1.1447
   14055       1.1211
   14056       1.0960
   14057       1.0680
   14058       1.2216
   14059       1.2383
   14060       1.1246
   14061       1.4130
   14062       1.4079
   14063       1.2290
   14064       1.3016
   14065       1.3331
   14066       1.3424
   14067       1.2671
   14068       1.2211
   14069       1.1884
   14070       1.2261
   14071       1.1378
   14072       0.9892
   14073       1.0448
   14074       1.0906
   14075       1.1513
   14076       1.0498
   14077       0.9801
   14078       1.1674
   14079       0.9775
   14080       0.9163
   14081       0.8347
   14082       0.8488
   14083       0.9090
   14084       0.9933
   14085       1.2233
   14086       1.0470
   14087       1.1283
   14088       0.9589
   14089       1.0215
   14090       1.1071
   14091       1.1232
   14092       1.0362
   14093       1.0051
   14094       0.9754
   14095       1.0316
   14096       1.0131
   14097       1.0775
   14098       1.0445
   14099       1.0407
   14100       0.9477
   14101       0.9872
   14102       0.9778
   14103       0.9430
   14104       0.9638
   14105       1.1212
   14106       0.8939
   14107       1.0062
   14108       0.9921
   14109       1.0270
   14110       1.1239
   14111       1.1640
   14112       1.0472
   14113       1.1487
   14114       1.2205
   14115       1.2417
   14116       1.2524
   14117       1.2761
   14118       1.2825
   14119       1.2921
   14120       1.0221
   14121       1.1039
   14122       1.0452
   14123       1.0544
   14124       1.1243
   14125       1.1377
   14126       1.1059
   14127       1.0534
   14128       1.0554
   14129       1.0403
   14130       0.9787
   14131       0.9611
   14132       1.0483
   14133       1.0845
   14134       1.1464
   14135       1.0895
   14136       1.1070
   14137       1.0448
   14138       1.0812
   14139       1.0543
   14140       1.0548
   14141       1.0761
   14142       1.2295
   14143       1.0371
   14144       1.0953
   14145       1.1938
   14146       1.0329
   14147       1.0256
   14148       0.9210
   14149       0.9651
   14150       0.9049
   14151       1.0903
   14152       0.9742
   14153       0.9577
   14154       0.8756
   14155       0.9443
   14156       0.9523
   14157       0.9876
   14158       0.9982
   14159       0.9668
   14160       0.8993
   14161       1.0465
   14162       1.0068
   14163       0.9397
   14164       1.1312
   14165       1.2415
   14166       1.1852
   14167       1.0997
   14168       1.2765
   14169       1.2145
   14170       1.1306
   14171       1.2031
   14172       1.1038
   14173       1.0453
   14174       1.1422
   14175       1.1856
   14176       1.2035
   14177       1.5198
   14178       1.3677
   14179       1.2868
   14180       1.1974
   14181       1.3995
   14182       1.4286
   14183       1.5221
   14184       1.5582
   14185       1.4835
   14186       1.1930
   14187       1.2076
   14188       1.2358
   14189       1.2134
   14190       1.3386
   14191       1.2716
   14192       1.2658
   14193       1.0539
   14194       0.9468
   14195       1.0002
   14196       1.0575
   14197       1.0721
   14198       1.0395
   14199       1.0493
   14200       1.0296
   14201       1.1364
   14202       1.0523
   14203       1.0489
   14204       1.0437
   14205       1.1251
   14206       0.9885
   14207       0.8931
   14208       1.0255
   14209       1.0535
   14210       1.0970
   14211       1.3157
   14212       1.3240
   14213       1.1793
   14214       1.1198
   14215       1.1711
   14216       1.2119
   14217       1.2185
   14218       1.2690
   14219       1.1926
   14220       1.0847
   14221       1.2639
   14222       1.1343
   14223       1.2243
   14224       1.1941
   14225       1.2835
   14226       1.3092
   14227       1.3862
   14228       1.3275
   14229       1.3421
   14230       1.2175
   14231       1.1426
   14232       1.3027
   14233       1.2676
   14234       1.1905
   14235       1.0522
   14236       1.0503
   14237       1.1128
   14238       1.0632
   14239       1.2620
   14240       1.2840
   14241       1.2815
   14242       1.2360
   14243       1.2686
   14244       1.2986
   14245       1.3761
   14246       1.3233
   14247       1.3661
   14248       1.2881
   14249       1.4776
   14250       1.3985
   14251       1.1960
   14252       1.3899
   14253       1.2043
   14254       1.2782
   14255       1.2280
   14256       1.3089
   14257       1.3123
   14258       1.2928
   14259       1.5584
   14260       1.6294
   14261       1.3061
   14262       1.3371
   14263       1.3723
   14264       1.3917
   14265       1.2314
   14266       1.4361
   14267       1.5212
   14268       1.6159
   14269       1.5782
   14270       1.4324
   14271       1.4187
   14272       1.2932
   14273       1.1849
   14274       1.3300
   14275       1.3792
   14276       1.4821
   14277       1.4133
   14278       1.5154
   14279       1.3817
   14280       1.3687
   14281       1.4986
   14282       1.4572
   14283       1.4176
   14284       1.4126
   14285       1.5436
   14286       1.5591
   14287       1.5547
   14288       1.4827
   14289       1.4523
   14290       1.4601
   14291       1.4388
   14292       1.3260
   14293       1.4995
   14294       1.4798
   14295       1.4931
   14296       1.4144
   14297       1.3853
   14298       1.2863
   14299       1.3578
   14300       1.2201
   14301       1.2665
   14302       1.3193
   14303       1.2191
   14304       1.2840
   14305       1.4853
   14306       1.5324
   14307       1.5300
   14308       1.5752
   14309       1.5659
   14310       1.3432
   14311       1.2837
   14312       1.4118
   14313       1.4734
   14314       1.4432
   14315       1.4525
   14316       1.3495
   14317       1.4814
   14318       1.3685
   14319       1.2898
   14320       1.2817
   14321       1.0887
   14322       1.1661
   14323       1.3395
   14324       1.2850
   14325       1.3011
   14326       1.3665
   14327       1.4806
   14328       1.2461
   14329       1.2163
   14330       1.2869
   14331       1.5195
   14332       1.4911
   14333       1.5354
   14334       1.3196
   14335       1.5124
   14336       1.3245
   14337       1.2491
   14338       1.3558
   14339       1.3363
   14340       1.1517
   14341       1.3163
   14342       1.1614
   14343       1.1925
   14344       1.1480
   14345       1.0466
   14346       1.0357
   14347       1.0682
   14348       1.0898
   14349       1.1758
   14350       1.0440
   14351       1.1685
   14352       1.2810
   14353       1.0586
   14354       1.0281
   14355       1.1972
   14356       1.2223
   14357       1.1781
   14358       1.2698
   14359       1.4082
   14360       1.4466
   14361       1.4586
   14362       1.4210
   14363       1.4576
   14364       1.4712
   14365       1.3876
   14366       1.4443
   14367       1.3706
   14368       1.4406
   14369       1.3383
   14370       1.3182
   14371       1.2359
   14372       1.2785
   14373       1.3082
   14374       1.2800
   14375       1.1654
   14376       1.1358
   14377       0.9794
   14378       1.1611
   14379       1.2357
   14380       1.1335
   14381       1.2319
   14382       1.1548
   14383       1.1995
   14384       1.3094
   14385       1.4060
   14386       1.3611
   14387       1.2953
   14388       1.2564
   14389       1.3735
   14390       1.2233
   14391       1.1518
   14392       1.1244
   14393       1.1328
   14394       1.2715
   14395       1.1989
   14396       1.2564
   14397       1.1408
   14398       1.2577
   14399       1.1528
   14400       1.2395
   14401       1.3641
   14402       1.3924
   14403       1.3414
   14404       1.4620
   14405       1.3705
   14406       1.3611
   14407       1.3756
   14408       1.3086
   14409       1.2506
   14410       1.1414
   14411       1.1030
   14412       1.1685
   14413       1.3951
   14414       1.1789
   14415       1.1696
   14416       1.0331
   14417       1.0934
   14418       1.1958
   14419       1.1917
   14420       1.3154
   14421       1.2040
   14422       1.2316
   14423       1.1844
   14424       1.2361
   14425       1.2338
   14426       1.1510
   14427       1.1835
   14428       1.1212
   14429       1.1557
   14430       1.2258
   14431       1.1884
   14432       1.3036
   14433       1.1057
   14434       1.1652
   14435       1.2319
   14436       1.1209
   14437       1.0557
   14438       1.0047
   14439       1.0221
   14440       1.0423
   14441       0.9003
   14442       0.8334
   14443       1.0666
   14444       1.0132
   14445       1.0098
   14446       0.9744
   14447       1.0544
   14448       1.1368
   14449       1.0219
   14450       1.0878
   14451       1.0300
   14452       1.0013
   14453       1.0341
   14454       1.0919
   14455       0.9796
   14456       0.9280
   14457       0.9823
   14458       0.9250
   14459       0.8822
   14460       0.9265
   14461       1.0357
   14462       0.8110
   14463       0.9945
   14464       0.9913
   14465       0.9746
   14466       0.9087
   14467       0.9493
   14468       0.8818
   14469       0.8586
   14470       0.8701
   14471       0.9226
   14472       1.0019
   14473       0.9832
   14474       1.0576
   14475       0.9053
   14476       0.9417
   14477       0.8882
   14478       0.8988
   14479       0.9327
   14480       0.8811
   14481       0.9572
   14482       0.9392
   14483       0.9438
   14484       1.0635
   14485       0.9802
   14486       1.0479
   14487       1.0373
   14488       1.0478
   14489       1.1445
   14490       1.3082
   14491       1.2670
   14492       1.1544
   14493       1.3000
   14494       1.1572
   14495       1.2227
   14496       1.1592
   14497       1.1648
   14498       1.1069
   14499       1.2530
   14500       1.1444
   14501       1.1044
   14502       1.0907
   14503       1.0881
   14504       1.0292
   14505       1.0512
   14506       0.9934
   14507       0.9698
   14508       1.0305
   14509       1.1683
   14510       1.0522
   14511       1.0681
   14512       0.9628
   14513       1.0665
   14514       1.1171
   14515       1.1141
   14516       1.3053
   14517       1.2735
   14518       1.2557
   14519       1.1748
   14520       1.0837
   14521       1.1033
   14522       1.2207
   14523       1.3345
   14524       1.2285
   14525       1.2683
   14526       1.3651
   14527       1.0988
   14528       1.1538
   14529       1.1913
   14530       1.2334
   14531       1.2654
   14532       1.2750
   14533       1.2640
   14534       1.2898
   14535       1.1057
   14536       1.2410
   14537       1.1682
   14538       1.0758
   14539       1.2356
   14540       1.1431
   14541       1.1166
   14542       1.0517
   14543       1.1936
   14544       1.1642
   14545       1.2520
   14546       1.1915
   14547       1.0901
   14548       1.1581
   14549       1.0636
   14550       1.0943
   14551       1.1670
   14552       1.2210
   14553       1.2602
   14554       1.1857
   14555       1.1958
   14556       1.1842
   14557       1.1429
   14558       1.1283
   14559       1.1998
   14560       1.1416
   14561       1.0540
   14562       1.1127
   14563       1.0704
   14564       1.1747
   14565       1.1031
   14566       1.1170
   14567       1.1464
   14568       1.1598
   14569       1.1158
   14570       1.1668
   14571       1.1930
   14572       1.0411
   14573       1.1810
   14574       1.2287
   14575       1.2237
   14576       1.1552
   14577       1.2074
   14578       1.2190
   14579       1.1640
   14580       1.2044
   14581       1.1815
   14582       1.1565
   14583       1.1155
   14584       1.1579
   14585       1.2753
   14586       1.1485
   14587       1.1223
   14588       1.0882
   14589       1.1101
   14590       0.9385
   14591       1.0212
   14592       1.0138
   14593       1.0889
   14594       1.0592
   14595       1.1360
   14596       1.0753
   14597       1.0566
   14598       1.1976
   14599       1.0777
   14600       1.0856
   14601       1.0100
   14602       1.1487
   14603       1.2406
   14604       1.1644
   14605       1.3973
   14606       1.3664
   14607       1.3011
   14608       1.2767
   14609       1.1862
   14610       1.1429
   14611       1.2655
   14612       1.2974
   14613       1.3144
   14614       1.2127
   14615       1.3368
   14616       1.2728
   14617       1.1929
   14618       1.2066
   14619       1.2140
   14620       1.2576
   14621       1.3548
   14622       1.3507
   14623       1.2828
   14624       1.1919
   14625       1.2636
   14626       1.0638
   14627       1.0563
   14628       1.0795
   14629       1.1587
   14630       1.3958
   14631       1.2360
   14632       1.2380
   14633       1.4722
   14634       1.2512
   14635       1.1595
   14636       1.1638
   14637       1.2530
   14638       1.3813
   14639       1.2813
   14640       1.3436
   14641       1.3508
   14642       1.2485
   14643       1.3088
   14644       1.1973
   14645       1.2706
   14646       1.3207
   14647       1.1910
   14648       1.1824
   14649       1.1989
   14650       1.1742
   14651       1.1593
   14652       1.2385
   14653       1.3238
   14654       1.4447
   14655       1.3598
   14656       1.3467
   14657       1.2973
   14658       1.1855
   14659       1.4473
   14660       1.4106
   14661       1.4023
   14662       1.3982
   14663       1.3262
   14664       1.3637
   14665       1.2793
   14666       1.4201
   14667       1.3827
   14668       1.4456
   14669       1.4091
   14670       1.4474
   14671       1.4649
   14672       1.6000
   14673       1.4953
   14674       1.4922
   14675       1.5521
   14676       1.6287
   14677       1.4267
   14678       1.6292
   14679       1.5629
   14680       1.6826
   14681       1.6706
   14682       1.4620
   14683       1.4467
   14684       1.5535
   14685       1.5192
   14686       1.6179
   14687       1.6220
   14688       1.4972
   14689       1.3800
   14690       1.4504
   14691       1.4301
   14692       1.4800
   14693       1.3093
   14694       1.3215
   14695       1.4296
   14696       1.3303
   14697       1.2723
   14698       1.3183
   14699       1.2813
   14700       1.3271
   14701       1.3608
   14702       1.4337
   14703       1.3790
   14704       1.3815
   14705       1.4611
   14706       1.3919
   14707       1.3567
   14708       1.5297
   14709       1.5303
   14710       1.4871
   14711       1.3956
   14712       1.5396
   14713       1.4149
   14714       1.3268
   14715       1.2894
   14716       1.2398
   14717       1.1845
   14718       1.2533
   14719       1.2452
   14720       1.4561
   14721       1.3354
   14722       1.3141
   14723       1.3346
   14724       1.3117
   14725       1.3162
   14726       1.2253
   14727       1.3038
   14728       1.3215
   14729       1.2954
   14730       1.3576
   14731       1.4393
   14732       1.3194
   14733       1.1153
   14734       1.0263
   14735       1.0562
   14736       1.1619
   14737       1.2094
   14738       1.2325
   14739       1.2423
   14740       1.1078
   14741       1.0153
   14742       1.0972
   14743       1.0660
   14744       1.0964
   14745       1.0160
   14746       1.1255
   14747       1.2111
   14748       1.0373
   14749       1.1251
   14750       1.2010
   14751       1.3596
   14752       1.4564
   14753       1.4319
   14754       1.4123
   14755       1.5258
   14756       1.2964
   14757       1.6923
   14758       1.5727
   14759       1.4989
   14760       1.5020
   14761       1.3425
   14762       1.3861
   14763       1.2240
   14764       1.3548
   14765       1.2703
   14766       1.4299
   14767       1.4702
   14768       1.4681
   14769       1.4707
   14770       1.3847
   14771       1.3214
   14772       1.4695
   14773       1.5162
   14774       1.4550
   14775       1.3780
   14776       1.4526
   14777       1.3658
   14778       1.3841
   14779       1.4673
   14780       1.2656
   14781       1.2743
   14782       1.2823
   14783       1.4080
   14784       1.4380
   14785       1.3968
   14786       1.2095
   14787       1.1203
   14788       1.2325
   14789       1.2655
   14790       1.3632
   14791       1.3828
   14792       1.1801
   14793       1.2534
   14794       1.2365
   14795       1.1422
   14796       1.1654
   14797       1.1764
   14798       1.3005
   14799       1.3679
   14800       1.3715
   14801       1.2006
   14802       1.2248
   14803       1.3324
   14804       1.1879
   14805       1.1287
   14806       1.3379
   14807       1.3973
   14808       1.4668
   14809       1.3739
   14810       1.3829
   14811       1.2814
   14812       1.3158
   14813       1.3315
   14814       1.1697
   14815       1.1864
   14816       1.2103
   14817       1.2961
   14818       1.2188
   14819       1.1920
   14820       1.1798
   14821       1.2186
   14822       1.1449
   14823       1.1983
   14824       1.0773
   14825       1.0831
   14826       1.0927
   14827       1.1079
   14828       0.9932
   14829       1.0805
   14830       1.1970
   14831       1.1738
   14832       1.1164
   14833       1.1497
   14834       1.2098
   14835       1.2867
   14836       1.2521
   14837       1.1607
   14838       1.1796
   14839       1.1773
   14840       1.1997
   14841       1.1820
   14842       1.2609
   14843       1.2954
   14844       1.4252
   14845       1.3209
   14846       1.4218
   14847       1.3665
   14848       1.3827
   14849       1.3253
   14850       1.3067
   14851       1.2395
   14852       1.3690
   14853       1.2385
   14854       1.2159
   14855       1.2632
   14856       1.2623
   14857       1.1618
   14858       1.1205
   14859       1.1751
   14860       1.3499
   14861       1.3783
   14862       1.2916
   14863       1.2927
   14864       1.2656
   14865       1.2767
   14866       1.2848
   14867       1.3948
   14868       1.2611
   14869       1.1804
   14870       1.1626
   14871       1.0638
   14872       1.1862
   14873       1.2557
   14874       1.2422
   14875       1.2200
   14876       1.2116
   14877       1.2428
   14878       1.2725
   14879       1.2368
   14880       1.2487
   14881       1.2512
   14882       1.1650
   14883       1.3221
   14884       1.2242
   14885       1.3521
   14886       1.2552
   14887       1.1681
   14888       1.1849
   14889       1.1208
   14890       1.2726
   14891       1.2063
   14892       1.2270
   14893       1.2872
   14894       1.2171
   14895       1.2509
   14896       1.3983
   14897       1.3397
   14898       1.3667
   14899       1.3845
   14900       1.3306
   14901       1.4797
   14902       1.4432
   14903       1.2983
   14904       1.1640
   14905       1.1676
   14906       1.2724
   14907       1.4706
   14908       1.4099
   14909       1.2923
   14910       1.2629
   14911       1.2981
   14912       1.2630
   14913       1.2959
   14914       1.2007
   14915       1.1508
   14916       1.2024
   14917       1.2091
   14918       1.1821
   14919       1.3268
   14920       1.2427
   14921       1.2841
   14922       1.2425
   14923       1.2405
   14924       1.4128
   14925       1.3416
   14926       1.4746
   14927       1.4480
   14928       1.2953
   14929       1.0169
   14930       1.3333
   14931       1.3285
   14932       1.1481
   14933       1.0694
   14934       0.9700
   14935       1.0684
   14936       1.1899
   14937       1.1977
   14938       1.0541
   14939       1.0489
   14940       1.0158
   14941       1.0053
   14942       0.9659
   14943       1.0065
   14944       1.1779
   14945       1.0963
   14946       1.0349
   14947       1.0057
   14948       0.9759
   14949       0.9753
   14950       1.0649
   14951       1.0835
   14952       1.0641
   14953       1.0938
   14954       0.9827
   14955       0.9752
   14956       0.9667
   14957       1.0065
   14958       0.9436
   14959       1.0569
   14960       1.0256
   14961       1.1270
   14962       1.0406
   14963       1.0577
   14964       1.0123
   14965       0.8593
   14966       0.9759
   14967       1.0317
   14968       1.0539
   14969       1.0901
   14970       0.9819
   14971       0.9762
   14972       1.1425
   14973       1.1983
   14974       1.1734
   14975       1.2019
   14976       1.2378
   14977       1.2311
   14978       1.1594
   14979       1.1052
   14980       1.2858
   14981       1.0760
   14982       1.1109
   14983       1.2950
   14984       1.3772
   14985       1.3705
   14986       1.4013
   14987       1.4264
   14988       1.5541
   14989       1.5412
   14990       1.4128
   14991       1.4181
   14992       1.3895
   14993       1.3251
   14994       1.4034
   14995       1.2835
   14996       1.3512
   14997       1.4134
   14998       1.3966
   14999       1.5107
   15000       1.5181
   15001       1.3747
   15002       1.5087
   15003       1.4502
   15004       1.3938
   15005       1.4976
   15006       1.5213
   15007       1.4741
   15008       1.5740
   15009       1.4430
   15010       1.4168
   15011       1.4049
   15012       1.4884
   15013       1.5253
   15014       1.5317
   15015       1.5201
   15016       1.5225
   15017       1.6038
   15018       1.7462
   15019       1.6491
   15020       1.6016
   15021       1.6064
   15022       1.6654
   15023       1.6187
   15024       1.5780
   15025       1.5898
   15026       1.5188
   15027       1.6660
   15028       1.4763
   15029       1.5400
   15030       1.5387
   15031       1.4219
   15032       1.5151
   15033       1.5040
   15034       1.4607
   15035       1.3574
   15036       1.3260
   15037       1.4182
   15038       1.4330
   15039       1.3863
   15040       1.4114
   15041       1.4435
   15042       1.4901
   15043       1.4787
   15044       1.4756
   15045       1.4554
   15046       1.4146
   15047       1.4310
   15048       1.2874
   15049       1.3957
   15050       1.3935
   15051       1.2910
   15052       1.4362
   15053       1.4601
   15054       1.4437
   15055       1.3896
   15056       1.2167
   15057       1.3065
   15058       1.0676
   15059       1.2126
   15060       1.0972
   15061       1.1410
   15062       1.1358
   15063       1.2706
   15064       1.2425
   15065       1.1421
   15066       1.3489
   15067       1.3177
   15068       1.3345
   15069       1.4306
   15070       1.3401
   15071       1.2652
   15072       1.3848
   15073       1.3694
   15074       1.3425
   15075       1.3126
   15076       1.2290
   15077       1.2951
   15078       1.3267
   15079       1.2367
   15080       1.1825
   15081       1.2493
   15082       1.4169
   15083       1.4894
   15084       1.3463
   15085       1.1909
   15086       1.2828
   15087       1.2994
   15088       1.2001
   15089       1.1789
   15090       1.0580
   15091       1.2184
   15092       1.0719
   15093       1.0603
   15094       1.0699
   15095       1.0914
   15096       1.1098
   15097       1.2720
   15098       1.2057
   15099       1.1296
   15100       1.2793
   15101       1.2481
   15102       1.2882
   15103       1.1896
   15104       1.1932
   15105       1.1320
   15106       1.0379
   15107       1.0815
   15108       1.1033
   15109       0.9884
   15110       0.9506
   15111       1.0890
   15112       0.9714
   15113       0.9606
   15114       0.9967
   15115       0.9810
   15116       0.9633
   15117       1.0179
   15118       0.9355
   15119       0.9136
   15120       0.9760
   15121       1.0696
   15122       1.0787
   15123       1.0321
   15124       0.9454
   15125       1.0083
   15126       0.9949
   15127       0.9658
   15128       0.9488
   15129       1.0137
   15130       0.9745
   15131       1.0111
   15132       1.2720
   15133       1.2297
   15134       1.2642
   15135       1.2359
   15136       1.2937
   15137       1.2992
   15138       1.2508
   15139       0.9379
   15140       1.0215
   15141       1.1546
   15142       1.2289
   15143       1.1476
   15144       1.0680
   15145       1.1620
   15146       1.1712
   15147       1.0083
   15148       1.2149
   15149       1.3179
   15150       1.3845
   15151       1.3557
   15152       1.3890
   15153       1.2360
   15154       1.4319
   15155       1.4351
   15156       1.5580
   15157       1.6508
   15158       1.5576
   15159       1.6067
   15160       1.5365
   15161       1.5496
   15162       1.5048
   15163       1.5179
   15164       1.3102
   15165       1.2339
   15166       1.3092
   15167       1.2065
   15168       1.1470
   15169       1.2079
   15170       1.2787
   15171       1.1039
   15172       1.0215
   15173       1.0050
   15174       1.0387
   15175       1.0489
   15176       1.0827
   15177       1.1119
   15178       1.0969
   15179       1.0629
   15180       1.0892
   15181       1.0926
   15182       1.1037
   15183       1.0491
   15184       1.0696
   15185       0.9732
   15186       0.8785
   15187       1.0086
   15188       0.9026
   15189       1.0374
   15190       0.9444
   15191       0.9130
   15192       1.0487
   15193       1.0703
   15194       0.9928
   15195       1.0690
   15196       1.0881
   15197       1.1588
   15198       1.2324
   15199       1.1096
   15200       0.9915
   15201       1.0370
   15202       0.9398
   15203       0.9254
   15204       0.9761
   15205       1.1166
   15206       1.0233
   15207       1.0120
   15208       1.0149
   15209       1.0260
   15210       1.0100
   15211       1.0188
   15212       0.9786
   15213       0.9523
   15214       1.1217
   15215       1.1522
   15216       1.0247
   15217       1.0584
   15218       1.0322
   15219       1.0389
   15220       0.9984
   15221       1.0448
   15222       1.0466
   15223       0.9883
   15224       1.0834
   15225       1.0567
   15226       0.9887
   15227       0.9878
   15228       1.0017
   15229       0.9696
   15230       1.0259
   15231       0.9305
   15232       1.0020
   15233       1.2549
   15234       1.2791
   15235       1.1967
   15236       1.2580
   15237       1.1654
   15238       1.2432
   15239       1.1187
   15240       1.0484
   15241       1.0659
   15242       1.0310
   15243       1.0989
   15244       1.1201
   15245       1.1757
   15246       1.1368
   15247       1.1428
   15248       1.1053
   15249       1.1564
   15250       1.1778
   15251       1.1553
   15252       1.1747
   15253       1.0979
   15254       1.2028
   15255       1.2267
   15256       1.2805
   15257       1.2995
   15258       1.1840
   15259       1.2406
   15260       1.2576
   15261       1.2446
   15262       1.0826
   15263       1.1081
   15264       1.1133
   15265       1.1548
   15266       1.0920
   15267       1.1372
   15268       1.1213
   15269       1.0584
   15270       1.1330
   15271       1.1471
   15272       1.2040
   15273       1.0973
   15274       1.0628
   15275       1.1359
   15276       1.0578
   15277       1.0765
   15278       1.1037
   15279       1.1300
   15280       1.2343
   15281       1.2541
   15282       1.3199
   15283       1.3394
   15284       1.3161
   15285       1.2806
   15286       1.3730
   15287       1.2863
   15288       1.3372
   15289       1.4429
   15290       1.2660
   15291       1.2885
   15292       1.2146
   15293       1.2171
   15294       1.3907
   15295       1.2596
   15296       1.3539
   15297       1.2085
   15298       1.2012
   15299       1.3202
   15300       1.4111
   15301       1.4705
   15302       1.3112
   15303       1.2546
   15304       1.1696
   15305       1.2062
   15306       1.1494
   15307       1.2556
   15308       1.2828
   15309       1.3692
   15310       1.3480
   15311       1.3124
   15312       1.2806
   15313       1.3014
   15314       1.2154
   15315       1.1098
   15316       1.2388
   15317       1.2226
   15318       1.3955
   15319       1.4674
   15320       1.3459
   15321       1.4415
   15322       1.4787
   15323       1.4636
   15324       1.4590
   15325       1.3915
   15326       1.4745
   15327       1.6239
   15328       1.4536
   15329       1.4179
   15330       1.4047
   15331       1.4657
   15332       1.2745
   15333       1.3855
   15334       1.3199
   15335       1.2708
   15336       1.3588
   15337       1.3300
   15338       1.3836
   15339       1.3261
   15340       1.2957
   15341       1.3578
   15342       1.1338
   15343       1.3608
   15344       1.2050
   15345       1.0842
   15346       1.1128
   15347       1.3234
   15348       1.1290
   15349       1.1184
   15350       1.0387
   15351       1.2358
   15352       1.1535
   15353       1.2452
   15354       1.2477
   15355       1.1817
   15356       0.9488
   15357       1.0587
   15358       1.0382
   15359       1.1936
   15360       1.1022
   15361       0.9935
   15362       1.0526
   15363       1.0124
   15364       0.9946
   15365       1.1201
   15366       1.0428
   15367       1.0578
   15368       1.1784
   15369       1.1299
   15370       1.0837
   15371       1.1537
   15372       1.2260
   15373       1.0930
   15374       1.1683
   15375       1.1484
   15376       1.1388
   15377       1.2727
   15378       1.1911
   15379       1.1066
   15380       1.0003
   15381       0.9320
   15382       1.2217
   15383       1.3792
   15384       1.4146
   15385       1.1428
   15386       1.1152
   15387       1.0236
   15388       1.0921
   15389       1.0981
   15390       1.1672
   15391       1.0567
   15392       1.0690
   15393       1.1443
   15394       1.0302
   15395       1.0987
   15396       1.0225
   15397       1.0335
   15398       1.0310
   15399       1.0874
   15400       1.1319
   15401       1.1779
   15402       1.3226
   15403       1.3955
   15404       1.4284
   15405       1.2323
   15406       1.1179
   15407       1.0997
   15408       1.2226
   15409       1.1297
   15410       0.9744
   15411       1.0024
   15412       0.9758
   15413       0.9878
   15414       0.9871
   15415       1.0975
   15416       1.0106
   15417       1.0634
   15418       1.0510
   15419       1.1460
   15420       1.1647
   15421       1.1320
   15422       1.0911
   15423       1.2053
   15424       1.0794
   15425       1.1224
   15426       1.2007
   15427       1.1801
   15428       1.1572
   15429       1.3483
   15430       1.2701
   15431       1.1596
   15432       1.2241
   15433       0.9993
   15434       1.0974
   15435       1.2698
   15436       1.1842
   15437       1.2039
   15438       1.2418
   15439       1.1620
   15440       1.1347
   15441       1.0037
   15442       1.1962
   15443       1.3364
   15444       1.1870
   15445       0.9978
   15446       1.0980
   15447       1.0087
   15448       1.0960
   15449       1.0035
   15450       1.0705
   15451       1.1686
   15452       1.1459
   15453       0.9242
   15454       0.9038
   15455       1.0601
   15456       0.9326
   15457       1.0456
   15458       1.0043
   15459       0.9870
   15460       1.1517
   15461       1.1149
   15462       1.2939
   15463       1.2373
   15464       1.2683
   15465       1.2526
   15466       1.1253
   15467       1.2776
   15468       1.3000
   15469       1.2850
   15470       1.2805
   15471       1.1956
   15472       1.3050
   15473       1.4672
   15474       1.5039
   15475       1.3157
   15476       1.2659
   15477       1.3286
   15478       1.2565
   15479       1.1835
   15480       1.2740
   15481       1.1870
   15482       1.1420
   15483       1.3725
   15484       1.2803
   15485       1.2619
   15486       1.3937
   15487       1.2480
   15488       1.2806
   15489       1.2731
   15490       1.2929
   15491       1.1754
   15492       1.2096
   15493       1.2011
   15494       1.3574
   15495       1.2941
   15496       1.2599
   15497       1.2528
   15498       1.4738
   15499       1.5379
   15500       1.3275
   15501       1.2849
   15502       1.3404
   15503       1.2632
   15504       1.1487
   15505       1.0436
   15506       1.1041
   15507       1.0662
   15508       1.2090
   15509       1.2707
   15510       1.2522
   15511       1.2908
   15512       1.2212
   15513       1.1951
   15514       1.2959
   15515       1.2730
   15516       1.2980
   15517       1.2070
   15518       1.2715
   15519       1.2452
   15520       1.2818
   15521       1.2456
   15522       1.4605
   15523       1.5851
   15524       1.3936
   15525       1.4239
   15526       1.4896
   15527       1.3181
   15528       1.1536
   15529       1.2264
   15530       1.2700
   15531       1.4093
   15532       1.2841
   15533       1.2152
   15534       1.1936
   15535       1.1703
   15536       1.2511
   15537       1.3177
   15538       1.1821
   15539       1.0988
   15540       1.2148
   15541       1.2097
   15542       1.3456
   15543       1.2646
   15544       1.3168
   15545       1.3311
   15546       1.3165
   15547       1.4147
   15548       1.4761
   15549       1.4182
   15550       1.2738
   15551       1.2356
   15552       1.3763
   15553       1.3456
   15554       1.4129
   15555       1.3533
   15556       1.2354
   15557       1.1355
   15558       1.0809
   15559       1.0709
   15560       1.1159
   15561       1.1162
   15562       1.1707
   15563       1.1946
   15564       1.1732
   15565       1.1491
   15566       1.1777
   15567       1.2572
   15568       1.1973
   15569       1.2570
   15570       1.3408
   15571       1.2840
   15572       1.3705
   15573       1.1429
   15574       1.2487
   15575       1.2841
   15576       1.0482
   15577       1.0886
   15578       1.0930
   15579       1.2209
   15580       1.2448
   15581       1.3018
   15582       1.3344
   15583       1.2768
   15584       1.2966
   15585       1.2126
   15586       1.3424
   15587       1.3884
   15588       1.3707
   15589       1.3058
   15590       1.2574
   15591       1.2803
   15592       1.3162
   15593       1.2390
   15594       1.1805
   15595       1.0950
   15596       1.0894
   15597       1.0653
   15598       1.1995
   15599       1.2578
   15600       1.1870
   15601       1.1078
   15602       1.0961
   15603       1.0556
   15604       1.0572
   15605       1.0664
   15606       1.0619
   15607       1.1257
   15608       1.2436
   15609       1.2328
   15610       1.2033
   15611       1.0878
   15612       1.0888
   15613       1.1886
   15614       1.1450
   15615       1.1507
   15616       1.0694
   15617       1.1774
   15618       1.0296
   15619       0.9127
   15620       1.0294
   15621       0.9047
   15622       1.0675
   15623       1.1526
   15624       1.1228
   15625       1.1146
   15626       1.0869
   15627       1.0233
   15628       1.0466
   15629       1.1722
   15630       1.1281
   15631       0.9305
   15632       0.9720
   15633       1.0172
   15634       0.9844
   15635       1.0817
   15636       1.2373
   15637       1.1495
   15638       1.1202
   15639       1.1841
   15640       1.1326
   15641       1.0949
   15642       1.1715
   15643       1.2832
   15644       1.1973
   15645       1.2216
   15646       1.3641
   15647       1.4173
   15648       1.2649
   15649       1.2575
   15650       1.2475
   15651       1.2336
   15652       1.2801
   15653       1.2237
   15654       1.1880
   15655       1.1657
   15656       1.1590
   15657       1.2042
   15658       1.0935
   15659       1.1150
   15660       1.1387
   15661       1.1115
   15662       1.1516
   15663       1.0876
   15664       1.2564
   15665       1.1968
   15666       1.2170
   15667       1.2332
   15668       1.2737
   15669       1.2379
   15670       1.2254
   15671       1.2956
   15672       1.2401
   15673       1.2034
   15674       1.2280
   15675       1.2831
   15676       1.1034
   15677       1.0351
   15678       1.1510
   15679       1.2118
   15680       1.2885
   15681       1.4068
   15682       1.3002
   15683       1.2806
   15684       1.3967
   15685       1.3677
   15686       1.3549
   15687       1.2524
   15688       1.2899
   15689       1.2454
   15690       1.2305
   15691       1.3857
   15692       1.4353
   15693       1.5156
   15694       1.4084
   15695       1.4245
   15696       1.2079
   15697       1.2073
   15698       1.3226
   15699       1.0988
   15700       1.2283
   15701       1.2524
   15702       1.4082
   15703       1.3056
   15704       1.3170
   15705       1.2688
   15706       1.2094
   15707       1.1855
   15708       1.3931
   15709       1.2087
   15710       1.2518
   15711       1.2555
   15712       1.2012
   15713       1.0945
   15714       1.2308
   15715       1.3301
   15716       1.3954
   15717       1.1725
   15718       1.1856
   15719       1.2036
   15720       1.2679
   15721       1.2494
   15722       1.2858
   15723       1.1716
   15724       1.1674
   15725       1.2939
   15726       1.1939
   15727       1.1906
   15728       1.4044
   15729       1.3191
   15730       1.2204
   15731       1.2496
   15732       1.1622
   15733       1.3184
   15734       1.2565
   15735       1.1544
   15736       1.1172
   15737       1.1002
   15738       1.1961
   15739       1.2008
   15740       1.1381
   15741       1.1131
   15742       1.0668
   15743       1.1006
   15744       1.2072
   15745       1.2545
   15746       1.1831
   15747       1.2440
   15748       1.2677
   15749       1.2807
   15750       1.4236
   15751       1.3564
   15752       1.2803
   15753       1.1892
   15754       1.2872
   15755       1.2338
   15756       1.2882
   15757       1.1851
   15758       1.2516
   15759       1.0693
   15760       1.0848
   15761       1.1858
   15762       1.1717
   15763       1.1685
   15764       1.2539
   15765       1.2705
   15766       1.3848
   15767       1.2626
   15768       1.1976
   15769       1.3483
   15770       1.2664
   15771       1.1871
   15772       1.2775
   15773       1.2530
   15774       1.1927
   15775       1.2598
   15776       1.2636
   15777       1.2928
   15778       1.1988
   15779       1.1707
   15780       1.3205
   15781       1.3634
   15782       1.2037
   15783       1.2981
   15784       1.3213
   15785       1.3877
   15786       1.2822
   15787       1.2981
   15788       1.3975
   15789       1.3353
   15790       1.2499
   15791       1.2512
   15792       1.2013
   15793       1.2543
   15794       1.2018
   15795       1.3206
   15796       1.3115
   15797       1.2960
   15798       1.3274
   15799       1.3482
   15800       1.2765
   15801       1.1710
   15802       1.1211
   15803       1.1510
   15804       1.0534
   15805       1.1238
   15806       1.1758
   15807       1.2434
   15808       1.2103
   15809       1.2642
   15810       1.1640
   15811       1.1760
   15812       1.1397
   15813       1.2481
   15814       1.4306
   15815       1.2072
   15816       1.2819
   15817       1.4418
   15818       1.4250
   15819       1.4196
   15820       1.4621
   15821       1.2436
   15822       1.3083
   15823       1.4365
   15824       1.3147
   15825       1.3751
   15826       1.3228
   15827       1.4454
   15828       1.4601
   15829       1.4527
   15830       1.3802
   15831       1.3570
   15832       1.4642
   15833       1.2459
   15834       1.1981
   15835       1.2791
   15836       1.3302
   15837       1.3638
   15838       1.3388
   15839       1.3231
   15840       1.2289
   15841       1.1479
   15842       1.2473
   15843       1.1708
   15844       1.1379
   15845       1.2893
   15846       1.1119
   15847       1.2204
   15848       1.2935
   15849       1.3868
   15850       1.2502
   15851       1.2993
   15852       1.3622
   15853       1.2545
   15854       1.2721
   15855       1.2854
   15856       1.3421
   15857       1.2574
   15858       1.1731
   15859       1.3379
   15860       1.3126
   15861       1.2544
   15862       1.2525
   15863       1.0823
   15864       1.1726
   15865       1.3121
   15866       1.3036
   15867       1.2483
   15868       1.4536
   15869       1.4625
   15870       1.3443
   15871       1.2086
   15872       1.2463
   15873       1.4049
   15874       1.3235
   15875       1.3547
   15876       1.2830
   15877       1.2020
   15878       1.1884
   15879       1.3897
   15880       1.4702
   15881       1.5125
   15882       1.4625
   15883       1.3169
   15884       1.4040
   15885       1.3210
   15886       1.2979
   15887       1.3052
   15888       1.2862
   15889       1.1840
   15890       1.1333
   15891       1.3485
   15892       1.3006
   15893       1.2554
   15894       1.3063
   15895       1.3457
   15896       1.3816
   15897       1.5457
   15898       1.5921
   15899       1.4924
   15900       1.3946
   15901       1.4182
   15902       1.3077
   15903       1.3801
   15904       1.2765
   15905       1.2010
   15906       1.2911
   15907       1.3507
   15908       1.3356
   15909       1.2469
   15910       1.4914
   15911       1.6052
   15912       1.4705
   15913       1.4523
   15914       1.4059
   15915       1.3364
   15916       1.4010
   15917       1.2628
   15918       1.3988
   15919       1.4317
   15920       1.3645
   15921       1.4222
   15922       1.4283
   15923       1.4016
   15924       1.2921
   15925       1.3404
   15926       1.4563
   15927       1.2989
   15928       1.1683
   15929       1.0881
   15930       1.1337
   15931       1.2222
   15932       1.2495
   15933       1.1202
   15934       1.1206
   15935       1.0890
   15936       1.2550
   15937       1.1320
   15938       1.0904
   15939       1.2403
   15940       1.0745
   15941       1.0548
   15942       0.9636
   15943       1.0116
   15944       0.9980
   15945       0.9876
   15946       0.9620
   15947       1.0464
   15948       1.0501
   15949       1.0929
   15950       1.1331
   15951       1.1878
   15952       1.2426
   15953       1.0752
   15954       1.2265
   15955       1.1527
   15956       1.1516
   15957       1.0093
   15958       1.1550
   15959       0.9988
   15960       1.0358
   15961       1.1938
   15962       1.1815
   15963       1.1395
   15964       1.2758
   15965       1.1480
   15966       1.1430
   15967       1.0520
   15968       1.0684
   15969       1.2119
   15970       1.2190
   15971       1.0480
   15972       1.0540
   15973       1.0375
   15974       1.0604
   15975       1.0373
   15976       1.0707
   15977       1.1418
   15978       1.0311
   15979       0.9986
   15980       0.9379
   15981       0.9297
   15982       0.9345
   15983       1.0473
   15984       1.0579
   15985       0.9060
   15986       1.0969
   15987       0.9830
   15988       1.1185
   15989       1.0716
   15990       1.0177
   15991       1.0605
   15992       0.9478
   15993       1.0461
   15994       1.0437
   15995       1.0671
   15996       1.1798
   15997       1.0685
   15998       1.0860
   15999       1.1370
   16000       1.1673
   16001       1.1632
   16002       1.0169
   16003       1.0679
   16004       1.1157
   16005       1.1100
   16006       1.0693
   16007       1.1845
   16008       1.1827
   16009       1.2006
   16010       1.2522
   16011       1.1783
   16012       1.2575
   16013       1.3694
   16014       1.2248
   16015       1.2508
   16016       1.1545
   16017       1.0435
   16018       1.1414
   16019       1.1066
   16020       1.2694
   16021       1.3508
   16022       1.2661
   16023       1.1600
   16024       1.1526
   16025       1.1553
   16026       1.2429
   16027       1.2103
   16028       1.2344
   16029       1.2596
   16030       1.3076
   16031       1.3576
   16032       1.3802
   16033       1.2553
   16034       1.3194
   16035       1.3262
   16036       1.3404
   16037       1.2778
   16038       1.3243
   16039       1.2996
   16040       1.3097
   16041       1.3776
   16042       1.1838
   16043       1.3216
   16044       1.2093
   16045       1.2663
   16046       1.2210
   16047       1.1100
   16048       1.1142
   16049       1.1631
   16050       1.1699
   16051       1.2798
   16052       1.2187
   16053       1.2324
   16054       1.1636
   16055       1.2021
   16056       1.3821
   16057       1.3412
   16058       1.3283
   16059       1.2283
   16060       1.1534
   16061       1.1745
   16062       1.2020
   16063       1.2452
   16064       1.3034
   16065       1.3428
   16066       1.2692
   16067       1.3803
   16068       1.3791
   16069       1.2883
   16070       1.3142
   16071       1.2885
   16072       1.4480
   16073       1.3305
   16074       1.3039
   16075       1.3376
   16076       1.3864
   16077       1.3078
   16078       1.3104
   16079       1.2468
   16080       1.2329
   16081       1.2754
   16082       1.3369
   16083       1.3413
   16084       1.4459
   16085       1.4891
   16086       1.4552
   16087       1.3605
   16088       1.5943
   16089       1.5232
   16090       1.4709
   16091       1.3743
   16092       1.4788
   16093       1.3705
   16094       1.4518
   16095       1.4464
   16096       1.3160
   16097       1.3888
   16098       1.3612
   16099       1.3221
   16100       1.2652
   16101       1.2853
   16102       1.1128
   16103       1.2090
   16104       1.1454
   16105       1.2234
   16106       1.2969
   16107       1.2526
   16108       1.2912
   16109       1.2377
   16110       1.2136
   16111       1.2919
   16112       1.2557
   16113       1.2517
   16114       1.2735
   16115       1.2869
   16116       1.3007
   16117       1.3333
   16118       1.3571
   16119       1.3463
   16120       1.2260
   16121       1.0994
   16122       1.1600
   16123       1.2252
   16124       1.3256
   16125       1.3866
   16126       1.3680
   16127       1.4215
   16128       1.3674
   16129       1.4689
   16130       1.2436
   16131       1.1896
   16132       1.1513
   16133       1.2487
   16134       1.1031
   16135       1.2666
   16136       1.1891
   16137       1.3848
   16138       1.2241
   16139       1.1710
   16140       1.2403
   16141       1.3758
   16142       1.3898
   16143       1.3900
   16144       1.4598
   16145       1.3068
   16146       1.3237
   16147       1.3013
   16148       1.2953
   16149       1.2859
   16150       1.3082
   16151       1.2519
   16152       1.3174
   16153       1.3082
   16154       1.2981
   16155       1.3476
   16156       1.3242
   16157       1.3212
   16158       1.4578
   16159       1.1807
   16160       1.1375
   16161       1.1068
   16162       1.1561
   16163       1.1781
   16164       1.1717
   16165       1.3085
   16166       1.2586
   16167       1.4069
   16168       1.3736
   16169       1.4382
   16170       1.2496
   16171       1.3490
   16172       1.4321
   16173       1.3261
   16174       1.2682
   16175       1.2701
   16176       1.2099
   16177       1.3284
   16178       1.2495
   16179       1.2949
   16180       1.2202
   16181       1.2373
   16182       1.2821
   16183       1.3607
   16184       1.3399
   16185       1.2752
   16186       1.3652
   16187       1.2745
   16188       1.1990
   16189       1.1531
   16190       1.1889
   16191       1.2527
   16192       1.3985
   16193       1.3000
   16194       1.3964
   16195       1.3274
   16196       1.2246
   16197       1.3902
   16198       1.2516
   16199       1.4723
   16200       1.5777
   16201       1.6427
   16202       1.4140
   16203       1.4024
   16204       1.4300
   16205       1.5168
   16206       1.4742
   16207       1.3289
   16208       1.3638
   16209       1.3814
   16210       1.3388
   16211       1.2898
   16212       1.3699
   16213       1.2877
   16214       1.3288
   16215       1.3580
   16216       1.3356
   16217       1.2935
   16218       1.3781
   16219       1.4743
   16220       1.4454
   16221       1.3690
   16222       1.2260
   16223       1.3837
   16224       1.2560
   16225       1.2302
   16226       1.1439
   16227       1.2536
   16228       1.3144
   16229       1.2514
   16230       1.2040
   16231       1.3742
   16232       1.2758
   16233       1.3059
   16234       1.2580
   16235       1.2686
   16236       1.2543
   16237       1.3557
   16238       1.4240
   16239       1.5305
   16240       1.4534
   16241       1.4170
   16242       1.2351
   16243       1.3124
   16244       1.1436
   16245       1.2008
   16246       1.1208
   16247       1.0136
   16248       1.1311
   16249       1.1317
   16250       1.0770
   16251       1.0369
   16252       1.0623
   16253       1.1574
   16254       1.1700
   16255       1.1778
   16256       1.2486
   16257       1.1834
   16258       1.2157
   16259       1.1351
   16260       1.1731
   16261       1.0843
   16262       1.2689
   16263       1.3638
   16264       1.3217
   16265       1.2315
   16266       1.1733
   16267       1.2392
   16268       1.3273
   16269       1.2841
   16270       1.3281
   16271       1.2224
   16272       1.3414
   16273       1.2488
   16274       1.2841
   16275       1.1578
   16276       1.1852
   16277       1.0961
   16278       1.1813
   16279       1.1582
   16280       1.1864
   16281       1.2354
   16282       1.2560
   16283       1.1915
   16284       1.1675
   16285       1.2825
   16286       1.2698
   16287       1.3766
   16288       1.2404
   16289       1.3511
   16290       1.2944
   16291       1.1269
   16292       1.2054
   16293       1.1636
   16294       1.0985
   16295       1.1783
   16296       1.2323
   16297       1.2617
   16298       1.1536
   16299       1.1254
   16300       1.0046
   16301       0.9932
   16302       1.1796
   16303       1.2278
   16304       1.2517
   16305       1.3682
   16306       1.3060
   16307       1.1276
   16308       1.2511
   16309       1.1472
   16310       1.0828
   16311       1.1399
   16312       1.1045
   16313       1.0970
   16314       1.1283
   16315       1.0948
   16316       1.0618
   16317       1.0048
   16318       1.0462
   16319       1.0878
   16320       1.0625
   16321       1.0730
   16322       1.0339
   16323       1.1211
   16324       1.0852
   16325       1.0043
   16326       1.1257
   16327       1.2244
   16328       1.2197
   16329       1.2155
   16330       1.1952
   16331       1.1113
   16332       1.1432
   16333       1.1865
   16334       1.2904
   16335       1.2005
   16336       1.1356
   16337       1.1387
   16338       1.0882
   16339       1.1798
   16340       1.1980
   16341       1.0915
   16342       1.2560
   16343       1.2964
   16344       1.3091
   16345       1.3472
   16346       1.3032
   16347       1.3270
   16348       1.4433
   16349       1.3594
   16350       1.3366
   16351       1.3377
   16352       1.3164
   16353       1.3036
   16354       1.2526
   16355       1.2560
   16356       1.1337
   16357       1.1006
   16358       1.1661
   16359       1.2319
   16360       1.3706
   16361       1.2274
   16362       1.2603
   16363       1.2530
   16364       1.1447
   16365       1.1744
   16366       1.2790
   16367       1.1034
   16368       1.2001
   16369       1.1444
   16370       1.1609
   16371       1.1488
   16372       1.3084
   16373       1.2019
   16374       1.1183
   16375       1.0761
   16376       1.0948
   16377       1.1732
   16378       1.2158
   16379       1.2875
   16380       1.2242
   16381       1.2757
   16382       1.2194
   16383       1.1755
   16384       1.1386
   16385       1.1380
   16386       1.1508
   16387       1.1828
   16388       1.1841
   16389       1.2187
   16390       1.1136
   16391       1.1183
   16392       1.2309
   16393       1.2566
   16394       1.2064
   16395       1.2312
   16396       1.1169
   16397       1.3052
   16398       1.3700
   16399       1.3781
   16400       1.3074
   16401       1.1595
   16402       1.2370
   16403       1.2593
   16404       1.3803
   16405       1.3239
   16406       1.2238
   16407       1.3538
   16408       1.3277
   16409       1.2171
   16410       1.2423
   16411       1.2316
   16412       1.3295
   16413       1.3061
   16414       1.3064
   16415       1.2677
   16416       1.3364
   16417       1.3896
   16418       1.4022
   16419       1.3912
   16420       1.3470
   16421       1.2901
   16422       1.3758
   16423       1.4923
   16424       1.4219
   16425       1.3352
   16426       1.4145
   16427       1.4153
   16428       1.3937
   16429       1.4182
   16430       1.5012
   16431       1.4042
   16432       1.4649
   16433       1.5263
   16434       1.4755
   16435       1.4637
   16436       1.4731
   16437       1.4889
   16438       1.4399
   16439       1.5262
   16440       1.3862
   16441       1.4620
   16442       1.5021
   16443       1.5293
   16444       1.5173
   16445       1.4863
   16446       1.5441
   16447       1.6399
   16448       1.5212
   16449       1.5172
   16450       1.4603
   16451       1.4289
   16452       1.3801
   16453       1.2665
   16454       1.2657
   16455       1.3589
   16456       1.3894
   16457       1.2943
   16458       1.2218
   16459       1.3327
   16460       1.3413
   16461       1.3717
   16462       1.3688
   16463       1.3746
   16464       1.2685
   16465       1.1446
   16466       1.2279
   16467       1.3075
   16468       1.3053
   16469       1.4159
   16470       1.4903
   16471       1.4198
   16472       1.3199
   16473       1.4389
   16474       1.3964
   16475       1.3459
   16476       1.4141
   16477       1.2502
   16478       1.2166
   16479       1.4898
   16480       1.3769
   16481       1.2508
   16482       1.2422
   16483       1.3451
   16484       1.3712
   16485       1.3870
   16486       1.4987
   16487       1.4708
   16488       1.4371
   16489       1.4806
   16490       1.3890
   16491       1.4094
   16492       1.4213
   16493       1.3617
   16494       1.2704
   16495       1.3209
   16496       1.3808
   16497       1.4320
   16498       1.4110
   16499       1.3940
   16500       1.3271
   16501       1.4266
   16502       1.4525
   16503       1.4414
   16504       1.5378
   16505       1.5830
   16506       1.4237
   16507       1.4928
   16508       1.3988
   16509       1.3374
   16510       1.3727
   16511       1.4479
   16512       1.4637
   16513       1.3528
   16514       1.2003
   16515       1.3440
   16516       1.2516
   16517       1.2771
   16518       1.2690
   16519       1.1730
   16520       1.3095
   16521       1.3127
   16522       1.4243
   16523       1.3061
   16524       1.2537
   16525       1.2690
   16526       1.2711
   16527       1.2656
   16528       1.2818
   16529       1.2783
   16530       1.3473
   16531       1.4070
   16532       1.3135
   16533       1.2935
   16534       1.2878
   16535       1.3114
   16536       1.4017
   16537       1.3078
   16538       1.3298
   16539       1.4316
   16540       1.4231
   16541       1.4027
   16542       1.3230
   16543       1.3881
   16544       1.3663
   16545       1.5111
   16546       1.4488
   16547       1.4137
   16548       1.3493
   16549       1.2696
   16550       1.3379
   16551       1.3507
   16552       1.2019
   16553       1.3452
   16554       1.3094
   16555       1.2669
   16556       1.2674
   16557       1.2532
   16558       1.2399
   16559       1.1199
   16560       1.2077
   16561       1.3696
   16562       1.3869
   16563       1.2669
   16564       1.2215
   16565       1.2794
   16566       1.3002
   16567       1.3068
   16568       1.5117
   16569       1.6930
   16570       1.5259
   16571       1.3828
   16572       1.3416
   16573       1.2324
   16574       1.2056
   16575       1.3619
   16576       1.3517
   16577       1.4632
   16578       1.5590
   16579       1.4546
   16580       1.4384
   16581       1.2844
   16582       1.2980
   16583       1.3617
   16584       1.2889
   16585       1.3226
   16586       1.2605
   16587       1.2936
   16588       1.3563
   16589       1.3398
   16590       1.4894
   16591       1.3141
   16592       1.2841
   16593       1.3791
   16594       1.3215
   16595       1.3901
   16596       1.4756
   16597       1.4510
   16598       1.4527
   16599       1.4171
   16600       1.3799
   16601       1.3784
   16602       1.4364
   16603       1.3835
   16604       1.3953
   16605       1.5004
   16606       1.5253
   16607       1.3852
   16608       1.4273
   16609       1.3502
   16610       1.4188
   16611       1.3548
   16612       1.4777
   16613       1.4003
   16614       1.4339
   16615       1.3599
   16616       1.5711
   16617       1.4707
   16618       1.4553
   16619       1.4451
   16620       1.4681
   16621       1.5348
   16622       1.4457
   16623       1.3290
   16624       1.4485
   16625       1.4611
   16626       1.4385
   16627       1.4174
   16628       1.3565
   16629       1.3177
   16630       1.2891
   16631       1.3531
   16632       1.3433
   16633       1.3867
   16634       1.4580
   16635       1.4042
   16636       1.3959
   16637       1.3787
   16638       1.3884
   16639       1.2258
   16640       1.2672
   16641       1.4089
   16642       1.3263
   16643       1.3305
   16644       1.3310
   16645       1.3656
   16646       1.1879
   16647       1.3049
   16648       1.3268
   16649       1.3973
   16650       1.4234
   16651       1.4312
   16652       1.4279
   16653       1.4019
   16654       1.4599
   16655       1.4187
   16656       1.4602
   16657       1.4237
   16658       1.3970
   16659       1.3810
   16660       1.3536
   16661       1.3128
   16662       1.3684
   16663       1.3762
   16664       1.4270
   16665       1.3930
   16666       1.3709
   16667       1.4231
   16668       1.4290
   16669       1.2621
   16670       1.3177
   16671       1.3055
   16672       1.2623
   16673       1.2798
   16674       1.3207
   16675       1.2298
   16676       1.3247
   16677       1.3447
   16678       1.2304
   16679       1.2238
   16680       1.3230
   16681       1.3098
   16682       1.3349
   16683       1.3924
   16684       1.5173
   16685       1.4702
   16686       1.5631
   16687       1.4638
   16688       1.3716
   16689       1.2347
   16690       1.3901
   16691       1.4327
   16692       1.4134
   16693       1.6057
   16694       1.5877
   16695       1.5300
   16696       1.4435
   16697       1.4392
   16698       1.3572
   16699       1.4085
   16700       1.4822
   16701       1.4708
   16702       1.4438
   16703       1.3432
   16704       1.4153
   16705       1.2753
   16706       1.3464
   16707       1.3341
   16708       1.1943
   16709       1.2199
   16710       1.2074
   16711       1.1830
   16712       1.1969
   16713       1.2491
   16714       1.3802
   16715       1.2407
   16716       1.1749
   16717       1.2455
   16718       1.2013
   16719       1.2152
   16720       1.1890
   16721       1.1215
   16722       1.2746
   16723       1.1677
   16724       1.2796
   16725       1.2155
   16726       1.2848
   16727       1.1781
   16728       1.1563
   16729       1.1976
   16730       1.3435
   16731       1.2661
   16732       1.3059
   16733       1.3251
   16734       1.2208
   16735       1.2813
   16736       1.3324
   16737       1.3844
   16738       1.3814
   16739       1.4201
   16740       1.3860
   16741       1.3064
   16742       1.4442
   16743       1.3992
   16744       1.2002
   16745       1.1791
   16746       1.2068
   16747       1.1858
   16748       1.1908
   16749       1.2467
   16750       1.2895
   16751       1.2361
   16752       1.3629
   16753       1.1928
   16754       1.2309
   16755       1.2341
   16756       1.1919
   16757       1.2420
   16758       1.2380
   16759       1.2269
   16760       1.2716
   16761       1.2163
   16762       1.1787
   16763       1.2721
   16764       1.2961
   16765       1.3954
   16766       1.3746
   16767       1.2760
   16768       1.2429
   16769       1.3187
   16770       1.3132
   16771       1.3342
   16772       1.3008
   16773       1.3489
   16774       1.2464
   16775       1.2027
   16776       1.3449
   16777       1.2956
   16778       1.2884
   16779       1.2856
   16780       1.2623
   16781       1.3350
   16782       1.4000
   16783       1.2063
   16784       1.2195
   16785       1.0765
   16786       1.0999
   16787       1.2214
   16788       1.1256
   16789       1.1881
   16790       1.1352
   16791       1.0922
   16792       1.0381
   16793       1.1254
   16794       1.2965
   16795       1.1939
   16796       1.3011
   16797       1.2525
   16798       1.2985
   16799       1.2223
   16800       1.2739
   16801       1.2944
   16802       1.2803
   16803       1.2768
   16804       1.3364
   16805       1.2636
   16806       1.2485
   16807       1.3130
   16808       1.1188
   16809       1.1629
   16810       1.1702
   16811       1.2262
   16812       1.2465
   16813       1.2301
   16814       1.2268
   16815       1.3290
   16816       1.1793
   16817       1.2082
   16818       1.2860
   16819       1.2360
   16820       1.1644
   16821       1.2165
   16822       1.1620
   16823       1.2718
   16824       1.2430
   16825       1.2007
   16826       1.1988
   16827       1.1568
   16828       1.1785
   16829       1.1267
   16830       1.1436
   16831       1.1834
   16832       1.1993
   16833       1.2359
   16834       1.1212
   16835       1.1124
   16836       1.1026
   16837       1.1068
   16838       1.0311
   16839       1.0653
   16840       1.0110
   16841       1.0674
   16842       1.0064
   16843       0.9031
   16844       0.9486
   16845       1.0169
   16846       1.0307
   16847       1.0557
   16848       1.0278
   16849       1.0807
   16850       1.0523
   16851       1.0434
   16852       1.0087
   16853       1.0297
   16854       1.1099
   16855       1.0408
   16856       1.0903
   16857       1.1373
   16858       1.1880
   16859       1.2379
   16860       1.1396
   16861       1.2416
   16862       1.1166
   16863       1.0334
   16864       0.9873
   16865       1.0641
   16866       1.1050
   16867       1.1731
   16868       1.1567
   16869       1.1602
   16870       1.2152
   16871       1.1329
   16872       1.1300
   16873       1.0729
   16874       1.1115
   16875       1.1585
   16876       1.2391
   16877       1.1416
   16878       1.1601
   16879       1.2772
   16880       1.3481
   16881       1.2527
   16882       1.2435
   16883       1.2792
   16884       1.2532
   16885       1.2715
   16886       1.1997
   16887       1.2230
   16888       1.3045
   16889       1.1722
   16890       1.2175
   16891       1.2427
   16892       1.2471
   16893       1.2153
   16894       1.2182
   16895       1.2664
   16896       1.2457
   16897       1.1483
   16898       1.1521
   16899       1.2357
   16900       1.2344
   16901       1.0564
   16902       1.1749
   16903       1.2248
   16904       1.2819
   16905       1.2383
   16906       1.2415
   16907       1.1711
   16908       1.2314
   16909       1.2181
   16910       1.1962
   16911       1.2453
   16912       1.1585
   16913       1.1253
   16914       1.1933
   16915       1.3289
   16916       1.2258
   16917       1.1747
   16918       1.1370
   16919       1.1696
   16920       1.1855
   16921       1.1058
   16922       1.1758
   16923       1.0781
   16924       1.2331
   16925       1.2184
   16926       1.1972
   16927       1.0477
   16928       1.1257
   16929       1.1730
   16930       1.2988
   16931       1.1977
   16932       1.1434
   16933       1.1785
   16934       1.2022
   16935       1.1534
   16936       1.2530
   16937       1.2754
   16938       1.2626
   16939       1.3080
   16940       1.1342
   16941       1.2404
   16942       1.2138
   16943       1.2374
   16944       1.1947
   16945       1.1771
   16946       1.1731
   16947       1.1639
   16948       1.0837
   16949       1.1399
   16950       1.0200
   16951       1.0703
   16952       1.1041
   16953       1.1368
   16954       1.1965
   16955       1.2364
   16956       1.3467
   16957       1.2094
   16958       1.1761
   16959       1.0990
   16960       1.0266
   16961       1.1070
   16962       1.1020
   16963       1.0405
   16964       1.0814
   16965       0.9934
   16966       1.1209
   16967       1.0372
   16968       1.0476
   16969       0.9726
   16970       0.9249
   16971       1.0500
   16972       1.0990
   16973       1.1091
   16974       1.0993
   16975       0.9778
   16976       1.1088
   16977       1.0697
   16978       1.1762
   16979       1.1928
   16980       1.2818
   16981       1.2529
   16982       1.2495
   16983       1.3015
   16984       1.2301
   16985       1.2094
   16986       1.0632
   16987       1.0435
   16988       0.9908
   16989       1.0228
   16990       0.9837
   16991       0.9491
   16992       0.9909
   16993       0.9053
   16994       0.9338
   16995       1.1192
   16996       1.0732
   16997       1.1222
   16998       1.0154
   16999       1.1292
   17000       1.1460
   17001       1.1016
   17002       1.0344
   17003       1.0808
   17004       0.9897
   17005       1.0216
   17006       1.0118
   17007       0.8952
   17008       0.9301
   17009       1.0005
   17010       0.9581
   17011       0.9356
   17012       1.0227
   17013       0.9591
   17014       0.9143
   17015       0.9082
   17016       0.7790
   17017       0.9873
   17018       0.8579
   17019       0.9962
   17020       1.0243
   17021       0.9884
   17022       1.0041
   17023       0.9913
   17024       0.9632
   17025       1.0226
   17026       1.0560
   17027       1.0111
   17028       1.0012
   17029       0.9233
   17030       0.9207
   17031       0.9316
   17032       0.9326
   17033       1.1427
   17034       1.1231
   17035       1.0747
   17036       1.0318
   17037       0.9876
   17038       0.9776
   17039       0.9999
   17040       1.0497
   17041       1.1500
   17042       1.0468
   17043       1.0021
   17044       0.8989
   17045       0.9308
   17046       0.9734
   17047       0.9236
   17048       0.9553
   17049       1.1684
   17050       1.0824
   17051       1.0974
   17052       1.0027
   17053       1.0651
   17054       1.0476
   17055       1.0667
   17056       1.0115
   17057       1.1052
   17058       1.0681
   17059       1.1578
   17060       1.0442
   17061       1.0842
   17062       1.0528
   17063       1.1405
   17064       1.0401
   17065       1.0290
   17066       1.0826
   17067       1.1956
   17068       1.0871
   17069       1.0035
   17070       1.1200
   17071       1.1415
   17072       1.1163
   17073       1.0635
   17074       1.0492
   17075       1.0785
   17076       1.0484
   17077       1.2373
   17078       1.0528
   17079       1.0602
   17080       1.0916
   17081       1.1724
   17082       1.0905
   17083       0.9518
   17084       1.0902
   17085       1.0876
   17086       1.0766
   17087       1.1109
   17088       1.1936
   17089       1.1175
   17090       1.1815
   17091       1.0922
   17092       1.0541
   17093       1.1958
   17094       1.1807
   17095       1.1165
   17096       1.0908
   17097       1.1313
   17098       1.0749
   17099       1.0834
   17100       1.0390
   17101       1.0734
   17102       1.1914
   17103       1.1638
   17104       1.0249
   17105       1.0250
   17106       1.0347
   17107       1.0175
   17108       1.1019
   17109       1.0515
   17110       0.9922
   17111       1.0004
   17112       0.9448
   17113       0.9620
   17114       0.9948
   17115       0.9065
   17116       1.0860
   17117       1.0011
   17118       1.0513
   17119       1.1156
   17120       1.1907
   17121       1.2218
   17122       1.1228
   17123       1.0133
   17124       1.1022
   17125       1.0699
   17126       1.1885
   17127       1.0811
   17128       1.0715
   17129       1.0431
   17130       1.1371
   17131       1.0911
   17132       0.8963
   17133       1.0117
   17134       1.0201
   17135       0.9611
   17136       1.0104
   17137       1.0855
   17138       1.0252
   17139       1.1305
   17140       1.2105
   17141       1.1230
   17142       1.0690
   17143       1.0116
   17144       1.0722
   17145       1.1384
   17146       1.0921
   17147       1.0736
   17148       1.0909
   17149       1.0520
   17150       1.1228
   17151       1.1175
   17152       0.9579
   17153       1.0467
   17154       1.0023
   17155       0.9741
   17156       1.0876
   17157       0.9708
   17158       1.0239
   17159       0.9226
   17160       0.8804
   17161       0.9702
   17162       1.0129
   17163       1.0023
   17164       1.1985
   17165       1.0582
   17166       0.9763
   17167       1.0087
   17168       1.0247
   17169       1.0195
   17170       1.1271
   17171       1.0623
   17172       1.0846
   17173       1.0334
   17174       0.9859
   17175       1.0419
   17176       1.1667
   17177       1.1020
   17178       1.2658
   17179       1.2211
   17180       1.0977
   17181       1.0446
   17182       1.0521
   17183       1.0087
   17184       0.9670
   17185       1.1335
   17186       1.0913
   17187       1.1672
   17188       1.0699
   17189       1.0764
   17190       1.0001
   17191       0.9845
   17192       0.9993
   17193       1.1058
   17194       1.1925
   17195       1.1523
   17196       1.0526
   17197       1.0981
   17198       1.0179
   17199       1.0070
   17200       0.9877
   17201       1.0370
   17202       1.0377
   17203       1.0732
   17204       1.0138
   17205       1.0789
   17206       1.1477
   17207       1.1119
   17208       1.0457
   17209       1.1336
   17210       1.0470
   17211       1.0330
   17212       0.9735
   17213       0.9701
   17214       0.9928
   17215       0.9971
   17216       0.9943
   17217       0.9225
   17218       1.0737
   17219       1.0569
   17220       0.9804
   17221       1.0776
   17222       1.0247
   17223       1.0001
   17224       1.0334
   17225       1.0481
   17226       1.0537
   17227       1.0863
   17228       1.1730
   17229       1.0789
   17230       1.2031
   17231       1.0617
   17232       1.1089
   17233       1.2585
   17234       1.2738
   17235       1.1084
   17236       1.0600
   17237       1.1128
   17238       1.1103
   17239       1.2240
   17240       1.1984
   17241       1.0928
   17242       1.0924
   17243       1.0709
   17244       1.2359
   17245       1.1822
   17246       1.0483
   17247       0.9945
   17248       1.0822
   17249       0.9546
   17250       0.9698
   17251       0.9894
   17252       1.0344
   17253       1.0336
   17254       0.9889
   17255       1.0110
   17256       1.0590
   17257       0.9881
   17258       1.0711
   17259       1.0887
   17260       1.0954
   17261       1.2047
   17262       1.0503
   17263       0.9752
   17264       0.9763
   17265       1.0107
   17266       1.0365
   17267       0.9500
   17268       1.0919
   17269       0.9895
   17270       1.0631
   17271       1.0051
   17272       1.0002
   17273       1.0110
   17274       1.0132
   17275       1.0480
   17276       0.9475
   17277       0.8763
   17278       0.9986
   17279       1.1352
   17280       1.1515
   17281       1.0561
   17282       1.1177
   17283       1.1376
   17284       1.0551
   17285       1.0133
   17286       1.0028
   17287       1.0306
   17288       1.0039
   17289       0.9876
   17290       1.1342
   17291       1.0875
   17292       1.1866
   17293       1.1547
   17294       1.2602
   17295       1.2168
   17296       1.0682
   17297       1.0662
   17298       1.1536
   17299       1.0885
   17300       1.0579
   17301       1.0617
   17302       1.0227
   17303       0.9648
   17304       1.0706
   17305       1.0589
   17306       1.0240
   17307       0.9521
   17308       1.0070
   17309       0.9942
   17310       0.9740
   17311       1.0372
   17312       1.1735
   17313       1.1670
   17314       0.9558
   17315       1.1904
   17316       1.0518
   17317       1.0972
   17318       1.1314
   17319       1.0107
   17320       1.0972
   17321       1.0960
   17322       1.0934
   17323       1.1505
   17324       1.1654
   17325       1.0951
   17326       1.1432
   17327       1.0748
   17328       1.1068
   17329       1.2157
   17330       1.1957
   17331       1.2261
   17332       1.2651
   17333       1.1412
   17334       1.1328
   17335       1.1909
   17336       1.0957
   17337       1.0149
   17338       1.1053
   17339       1.0332
   17340       1.0305
   17341       1.0560
   17342       1.0844
   17343       1.0840
   17344       1.1049
   17345       1.0977
   17346       1.0992
   17347       1.1193
   17348       1.1134
   17349       1.2160
   17350       1.0590
   17351       1.0003
   17352       0.9989
   17353       1.0470
   17354       0.9007
   17355       0.9411
   17356       1.0547
   17357       1.1153
   17358       1.0822
   17359       1.0344
   17360       1.0470
   17361       1.0257
   17362       0.9230
   17363       0.9911
   17364       1.0297
   17365       1.0191
   17366       0.9860
   17367       1.0090
   17368       0.9436
   17369       0.9629
   17370       1.0365
   17371       1.0934
   17372       1.0747
   17373       1.0976
   17374       1.0407
   17375       1.1411
   17376       0.9497
   17377       0.9842
   17378       1.0288
   17379       1.0076
   17380       1.0457
   17381       1.1202
   17382       1.1317
   17383       1.1764
   17384       1.1936
   17385       1.0518
   17386       1.0330
   17387       1.0582
   17388       1.0466
   17389       1.0205
   17390       1.0817
   17391       1.1612
   17392       1.1429
   17393       1.0868
   17394       1.1848
   17395       1.0196
   17396       1.0502
   17397       1.0261
   17398       1.1105
   17399       1.1523
   17400       1.0737
   17401       1.0979
   17402       1.1073
   17403       0.9933
   17404       1.0423
   17405       1.0034
   17406       0.9527
   17407       1.0481
   17408       1.0174
   17409       0.9619
   17410       0.9791
   17411       0.9946
   17412       1.0817
   17413       1.1476
   17414       1.2565
   17415       1.1568
   17416       1.1081
   17417       1.1890
   17418       1.0776
   17419       1.1260
   17420       1.0608
   17421       0.9841
   17422       1.0576
   17423       1.1115
   17424       1.1273
   17425       1.0948
   17426       1.1603
   17427       1.1605
   17428       1.0928
   17429       1.0823
   17430       1.2057
   17431       1.0517
   17432       1.0542
   17433       1.0462
   17434       1.1437
   17435       1.1045
   17436       0.9987
   17437       1.0548
   17438       1.0637
   17439       0.9237
   17440       0.9657
   17441       0.9217
   17442       0.9313
   17443       0.9211
   17444       1.0117
   17445       1.0176
   17446       1.0199
   17447       1.0317
   17448       1.1360
   17449       1.0424
   17450       1.0418
   17451       1.0489
   17452       0.9687
   17453       1.0772
   17454       1.1008
   17455       1.0524
   17456       1.0153
   17457       0.9120
   17458       0.9481
   17459       0.9276
   17460       0.9120
   17461       0.9689
   17462       0.8406
   17463       0.8254
   17464       0.8493
   17465       0.8718
   17466       0.9174
   17467       0.9115
   17468       0.8835
   17469       0.8945
   17470       0.9264
   17471       0.9202
   17472       0.9971
   17473       0.9807
   17474       1.0019
   17475       0.9618
   17476       0.9707
   17477       1.0080
   17478       0.9662
   17479       1.0191
   17480       1.0408
   17481       0.9773
   17482       0.9361
   17483       0.9413
   17484       0.9597
   17485       0.9709
   17486       0.9799
   17487       1.1107
   17488       1.0220
   17489       0.9018
   17490       0.8174
   17491       0.9122
   17492       0.8839
   17493       0.9216
   17494       0.8515
   17495       0.8772
   17496       1.0522
   17497       1.0198
   17498       0.9547
   17499       0.9945
   17500       1.0241
   17501       0.9994
   17502       1.0677
   17503       1.0677
   17504       0.9293
   17505       0.9581
   17506       0.8951
   17507       0.8316
   17508       0.9275
   17509       0.9344
   17510       0.9785
   17511       0.9211
   17512       0.9097
   17513       0.9392
   17514       0.8909
   17515       0.8899
   17516       0.8500
   17517       0.9368
   17518       0.9964
   17519       0.9345
   17520       0.9291
   17521       0.9631
   17522       1.0744
   17523       1.1440
   17524       1.1194
   17525       1.0413
   17526       0.8459
   17527       0.8556
   17528       0.9172
   17529       0.8966
   17530       0.9612
   17531       0.9808
   17532       0.9454
   17533       1.0309
   17534       0.9612
   17535       0.9699
   17536       1.0149
   17537       0.9222
   17538       0.9727
   17539       1.0435
   17540       0.9536
   17541       0.9635
   17542       0.9413
   17543       0.9515
   17544       1.0528
   17545       0.9798
   17546       1.0284
   17547       0.9909
   17548       1.0789
   17549       1.0118
   17550       1.1477
   17551       1.0392
   17552       1.0913
   17553       1.0937
   17554       1.0052
   17555       0.9474
   17556       1.0351
   17557       1.0389
   17558       0.9872
   17559       0.9794
   17560       0.9839
   17561       0.9553
   17562       1.0453
   17563       0.9083
   17564       1.0245
   17565       1.0539
   17566       1.0662
   17567       1.0517
   17568       1.0806
   17569       1.1234
   17570       1.0989
   17571       0.9135
   17572       1.0160
   17573       1.0397
   17574       1.0040
   17575       1.0045
   17576       0.8957
   17577       0.9060
   17578       0.9867
   17579       0.8573
   17580       0.9256
   17581       0.9200
   17582       0.9898
   17583       1.0571
   17584       1.0580
   17585       1.0226
   17586       1.0376
   17587       1.0970
   17588       1.1391
   17589       1.0717
   17590       1.0562
   17591       1.0892
   17592       1.0806
   17593       1.2027
   17594       1.0946
   17595       1.0558
   17596       1.1604
   17597       1.2715
   17598       1.2404
   17599       1.1410
   17600       1.2145
   17601       1.3850
   17602       1.3503
   17603       1.2873
   17604       1.4165
   17605       1.3698
   17606       1.4041
   17607       1.2780
   17608       1.3945
   17609       1.3634
   17610       1.2635
   17611       1.1281
   17612       0.9794
   17613       1.0218
   17614       1.1081
   17615       1.0999
   17616       1.2066
   17617       1.0880
   17618       1.0893
   17619       1.2384
   17620       1.2015
   17621       1.1095
   17622       1.1462
   17623       1.1164
   17624       1.0133
   17625       1.0316
   17626       1.0060
   17627       0.9782
   17628       0.9872
   17629       0.9900
   17630       0.9360
   17631       1.0099
   17632       1.1126
   17633       0.9989
   17634       0.9970
   17635       0.9707
   17636       1.0843
   17637       1.0862
   17638       1.0839
   17639       1.0510
   17640       1.0370
   17641       1.0530
   17642       1.1357
   17643       1.1230
   17644       0.9775
   17645       1.0088
   17646       1.0164
   17647       1.0204
   17648       1.0407
   17649       0.9184
   17650       0.9836
   17651       1.1195
   17652       1.1808
   17653       1.0394
   17654       1.1415
   17655       1.1346
   17656       1.1948
   17657       1.1044
   17658       1.0959
   17659       1.1949
   17660       1.0981
   17661       1.0455
   17662       1.0222
   17663       0.9430
   17664       0.9185
   17665       0.9540
   17666       1.0403
   17667       1.0112
   17668       1.0841
   17669       1.0417
   17670       0.9375
   17671       1.0273
   17672       1.0467
   17673       0.9983
   17674       0.9182
   17675       0.9113
   17676       0.9234
   17677       0.9334
   17678       0.9537
   17679       0.8910
   17680       1.0042
   17681       0.9018
   17682       0.9871
   17683       1.0982
   17684       1.0534
   17685       1.1092
   17686       1.1273
   17687       1.0585
   17688       1.1442
   17689       1.0214
   17690       1.0157
   17691       1.1154
   17692       1.0721
   17693       1.0718
   17694       1.1182
   17695       1.0695
   17696       0.9895
   17697       1.0485
   17698       1.1092
   17699       1.0755
   17700       1.1304
   17701       1.1711
   17702       1.0406
   17703       1.0874
   17704       1.1171
   17705       1.0745
   17706       1.0577
   17707       1.1147
   17708       1.0385
   17709       1.1044
   17710       1.0840
   17711       0.9449
   17712       0.9910
   17713       0.9777
   17714       1.1112
   17715       1.0312
   17716       1.0223
   17717       1.0083
   17718       1.0776
   17719       0.9667
   17720       0.9244
   17721       0.9870
   17722       0.9526
   17723       1.0465
   17724       1.1231
   17725       0.9586
   17726       0.9073
   17727       1.0048
   17728       1.0200
   17729       0.9116
   17730       0.9275
   17731       0.8836
   17732       0.9684
   17733       1.1758
   17734       1.0587
   17735       1.0680
   17736       1.0395
   17737       1.0009
   17738       1.0194
   17739       1.1093
   17740       1.0120
   17741       1.0226
   17742       1.0154
   17743       1.0518
   17744       1.0636
   17745       1.0358
   17746       1.0861
   17747       1.1134
   17748       0.9351
   17749       1.0260
   17750       0.9695
   17751       0.9312
   17752       0.9701
   17753       0.9958
   17754       0.9802
   17755       1.0094
   17756       0.9637
   17757       1.0511
   17758       0.9902
   17759       0.8606
   17760       1.0091
   17761       1.0772
   17762       1.0746
   17763       1.0032
   17764       0.9792
   17765       0.9959
   17766       0.9365
   17767       0.9596
   17768       1.0266
   17769       1.0289
   17770       0.9932
   17771       0.9985
   17772       1.0146
   17773       1.0610
   17774       1.0859
   17775       1.1416
   17776       1.0720
   17777       0.9732
   17778       1.0496
   17779       1.0225
   17780       1.0024
   17781       1.0376
   17782       1.0560
   17783       1.0153
   17784       1.0133
   17785       1.0521
   17786       1.0535
   17787       1.0398
   17788       1.0668
   17789       1.0711
   17790       0.9508
   17791       0.9157
   17792       1.0603
   17793       1.0084
   17794       1.0784
   17795       1.0782
   17796       1.0598
   17797       0.9830
   17798       1.0484
   17799       1.0217
   17800       1.0586
   17801       1.0004
   17802       0.9405
   17803       0.9595
   17804       0.9960
   17805       0.9544
   17806       1.0170
   17807       1.0226
   17808       0.9823
   17809       0.9526
   17810       0.9742
   17811       0.9959
   17812       0.9770
   17813       0.9822
   17814       0.9794
   17815       1.0394
   17816       0.9109
   17817       0.9960
   17818       1.0624
   17819       1.0133
   17820       0.9664
   17821       1.0035
   17822       1.0004
   17823       0.9498
   17824       0.9825
   17825       1.0063
   17826       1.0029
   17827       0.9690
   17828       1.0094
   17829       0.9673
   17830       1.0152
   17831       1.0897
   17832       0.9776
   17833       0.9806
   17834       0.9943
   17835       0.9993
   17836       1.0843
   17837       1.0753
   17838       1.1025
   17839       1.0636
   17840       0.9844
   17841       1.0126
   17842       0.9827
   17843       1.0412
   17844       1.0033
   17845       0.9950
   17846       1.0994
   17847       1.0290
   17848       1.0131
   17849       0.9902
   17850       0.9431
   17851       0.8895
   17852       0.9656
   17853       0.9235
   17854       1.0442
   17855       0.9603
   17856       0.9561
   17857       0.8481
   17858       0.9998
   17859       1.0996
   17860       1.0779
   17861       1.0467
   17862       0.9900
   17863       0.9823
   17864       0.9152
   17865       1.0433
   17866       1.0271
   17867       1.0238
   17868       1.1411
   17869       1.1160
   17870       1.0568
   17871       1.0267
   17872       0.9845
   17873       1.0089
   17874       1.0539
   17875       0.9613
   17876       0.9866
   17877       1.0158
   17878       1.0702
   17879       1.0583
   17880       1.0792
   17881       1.1202
   17882       1.2151
   17883       1.0186
   17884       1.1598
   17885       1.1013
   17886       1.0423
   17887       1.0091
   17888       1.0752
   17889       1.0119
   17890       0.9080
   17891       0.9637
   17892       0.9534
   17893       0.9778
   17894       0.9437
   17895       1.1084
   17896       1.0599
   17897       1.1212
   17898       1.1743
   17899       1.1871
   17900       1.0587
   17901       1.1600
   17902       1.0037
   17903       1.0463
   17904       0.9182
   17905       1.0057
   17906       1.0816
   17907       1.0182
   17908       0.9779
   17909       1.0391
   17910       0.9738
   17911       0.9909
   17912       0.9803
   17913       0.9482
   17914       0.9505
   17915       0.8975
   17916       1.0369
   17917       0.9130
   17918       0.9399
   17919       0.9662
   17920       1.0214
   17921       0.9651
   17922       0.9956
   17923       0.9670
   17924       1.0274
   17925       1.0349
   17926       1.0353
   17927       1.0003
   17928       0.9849
   17929       1.0763
   17930       1.0012
   17931       1.0411
   17932       0.9587
   17933       0.9623
   17934       1.0764
   17935       0.9604
   17936       0.8994
   17937       0.9839
   17938       0.9016
   17939       1.0039
   17940       1.0712
   17941       1.0689
   17942       1.0550
   17943       1.0229
   17944       1.0499
   17945       1.0994
   17946       1.0318
   17947       1.0554
   17948       1.0402
   17949       0.8906
   17950       0.9186
   17951       0.8534
   17952       0.9364
   17953       0.9358
   17954       0.9085
   17955       0.9750
   17956       1.0104
   17957       0.9576
   17958       0.9462
   17959       1.0207
   17960       0.9634
   17961       1.0451
   17962       1.0254
   17963       1.1773
   17964       1.1475
   17965       1.1155
   17966       1.0752
   17967       1.0370
   17968       0.8949
   17969       1.0186
   17970       0.9841
   17971       0.9376
   17972       0.8867
   17973       0.8881
   17974       0.9522
   17975       0.9939
   17976       0.8827
   17977       1.0049
   17978       0.9180
   17979       0.9744
   17980       1.0440
   17981       0.9886
   17982       0.9827
   17983       1.0456
   17984       0.9919
   17985       1.0026
   17986       0.9217
   17987       1.0071
   17988       0.9965
   17989       0.9670
   17990       0.8822
   17991       1.1173
   17992       1.1033
   17993       1.1724
   17994       1.0213
   17995       1.0665
   17996       1.0728
   17997       1.0819
   17998       1.1673
   17999       1.0591
   18000       1.0598
   18001       0.9794
   18002       1.0177
   18003       1.0057
   18004       1.0722
   18005       1.0765
   18006       1.1089
   18007       1.0759
   18008       0.9684
   18009       1.0790
   18010       1.2582
   18011       1.1381
   18012       1.0223
   18013       1.0949
   18014       1.0596
   18015       1.1632
   18016       1.0395
   18017       1.0216
   18018       0.9343
   18019       0.9535
   18020       1.0537
   18021       1.1048
   18022       1.1203
   18023       1.2369
   18024       1.1693
   18025       1.1410
   18026       1.1055
   18027       1.2500
   18028       1.2647
   18029       1.2721
   18030       1.1250
   18031       1.1795
   18032       1.1761
   18033       1.1746
   18034       1.1641
   18035       1.3218
   18036       1.3024
   18037       1.2758
   18038       1.1893
   18039       1.2731
   18040       1.3563
   18041       1.4389
   18042       1.2678
   18043       1.2746
   18044       1.1054
   18045       1.3176
   18046       1.2181
   18047       1.1889
   18048       1.1156
   18049       1.1443
   18050       1.0229
   18051       1.0400
   18052       1.0419
   18053       1.1290
   18054       1.1000
   18055       1.0646
   18056       1.1032
   18057       0.9479
   18058       1.0054
   18059       1.0412
   18060       1.1632
   18061       1.0824
   18062       1.0734
   18063       1.1380
   18064       1.0189
   18065       1.1383
   18066       1.2815
   18067       1.2380
   18068       1.3040
   18069       1.1707
   18070       1.0010
   18071       1.1810
   18072       1.1737
   18073       1.2476
   18074       1.2538
   18075       1.1336
   18076       1.1240
   18077       1.1053
   18078       1.1302
   18079       1.1886
   18080       1.2372
   18081       1.1496
   18082       1.1646
   18083       1.1320
   18084       1.1132
   18085       1.0751
   18086       1.0820
   18087       1.0620
   18088       1.0652
   18089       1.0226
   18090       0.8894
   18091       1.0030
   18092       0.9916
   18093       0.8327
   18094       1.0220
   18095       0.9246
   18096       1.0256
   18097       1.0406
   18098       0.9877
   18099       1.0694
   18100       0.8625
   18101       0.9552
   18102       0.9409
   18103       1.0097
   18104       1.0757
   18105       1.1844
   18106       1.2872
   18107       1.3018
   18108       1.1867
   18109       1.0943
   18110       1.1104
   18111       1.0388
   18112       0.9808
   18113       1.1920
   18114       1.1725
   18115       1.1603
   18116       1.2847
   18117       1.1091
   18118       1.1073
   18119       0.9980
   18120       1.1109
   18121       1.1163
   18122       1.1418
   18123       0.9869
   18124       0.9891
   18125       1.0321
   18126       0.9965
   18127       1.0271
   18128       1.1431
   18129       1.0796
   18130       0.9381
   18131       0.9826
   18132       0.9942
   18133       0.9590
   18134       0.9944
   18135       0.9283
   18136       0.9728
   18137       0.9088
   18138       0.8743
   18139       0.7756
   18140       0.7827
   18141       0.8330
   18142       0.9599
   18143       0.9371
   18144       1.0030
   18145       0.9802
   18146       1.0301
   18147       1.0630
   18148       1.0166
   18149       1.0260
   18150       1.0184
   18151       1.0044
   18152       0.9379
   18153       1.0956
   18154       1.1135
   18155       1.1452
   18156       1.1570
   18157       1.0985
   18158       1.0929
   18159       1.0768
   18160       1.1521
   18161       1.0346
   18162       1.1140
   18163       1.0710
   18164       0.9769
   18165       0.9552
   18166       0.8792
   18167       1.0009
   18168       0.9610
   18169       0.9752
   18170       0.9378
   18171       1.1067
   18172       0.9236
   18173       1.0054
   18174       1.0192
   18175       0.9354
   18176       0.9296
   18177       1.0116
   18178       0.8878
   18179       1.0357
   18180       0.9993
   18181       1.0137
   18182       0.9295
   18183       0.8998
   18184       0.8715
   18185       0.9303
   18186       0.9084
   18187       0.9318
   18188       1.0178
   18189       0.9240
   18190       1.0709
   18191       1.0411
   18192       1.0367
   18193       1.0850
   18194       0.9966
   18195       1.1319
   18196       0.9225
   18197       1.1665
   18198       0.9414
   18199       0.9344
   18200       0.9577
   18201       1.0684
   18202       1.1956
   18203       1.1747
   18204       1.2012
   18205       1.1226
   18206       1.2508
   18207       1.1111
   18208       1.1151
   18209       1.2672
   18210       1.1424
   18211       1.1966
   18212       1.3471
   18213       1.3933
   18214       1.2674
   18215       1.2382
   18216       1.3471
   18217       1.3578
   18218       1.3033
   18219       1.3211
   18220       1.2397
   18221       1.2773
   18222       1.3079
   18223       1.0735
   18224       1.2931
   18225       1.3409
   18226       1.3058
   18227       1.3938
   18228       1.4014
   18229       1.2343
   18230       1.2448
   18231       1.1817
   18232       1.1376
   18233       1.1555
   18234       1.0879
   18235       1.1519
   18236       1.2464
   18237       1.3392
   18238       1.3083
   18239       1.0852
   18240       1.1788
   18241       1.2174
   18242       1.0835
   18243       1.0954
   18244       0.9912
   18245       1.0709
   18246       0.8616
   18247       0.9653
   18248       1.0128
   18249       0.8819
   18250       0.9461
   18251       0.9670
   18252       0.9461
   18253       0.9488
   18254       0.9229
   18255       0.9838
   18256       1.0306
   18257       0.9493
   18258       1.1068
   18259       1.0320
   18260       0.9424
   18261       0.8367
   18262       0.8844
   18263       0.8194
   18264       1.0428
   18265       1.1006
   18266       1.0997
   18267       1.0176
   18268       1.0479
   18269       1.1161
   18270       0.9932
   18271       1.0921
   18272       1.0821
   18273       0.9687
   18274       0.9782
   18275       0.9760
   18276       0.9429
   18277       1.0446
   18278       0.9994
   18279       0.9839
   18280       0.8883
   18281       0.9398
   18282       0.9178
   18283       0.9806
   18284       0.9251
   18285       0.8758
   18286       1.0182
   18287       1.0521
   18288       1.0427
   18289       1.0673
   18290       1.0574
   18291       1.1331
   18292       1.0592
   18293       1.1288
   18294       1.0205
   18295       0.8622
   18296       1.0200
   18297       1.0895
   18298       0.8809
   18299       0.9630
   18300       1.0515
   18301       1.1339
   18302       1.1144
   18303       1.0526
   18304       1.1100
   18305       1.1472
   18306       0.9181
   18307       1.0288
   18308       0.9829
   18309       1.0907
   18310       1.1332
   18311       1.1149
   18312       1.1710
   18313       1.0528
   18314       1.0325
   18315       1.0490
   18316       1.0226
   18317       1.0881
   18318       1.0043
   18319       1.0743
   18320       0.9653
   18321       1.0796
   18322       1.0982
   18323       1.0790
   18324       1.0192
   18325       1.0240
   18326       1.0186
   18327       1.0550
   18328       1.1984
   18329       1.1786
   18330       1.2092
   18331       1.2641
   18332       1.4441
   18333       1.2565
   18334       1.1079
   18335       1.0577
   18336       1.1198
   18337       1.1674
   18338       1.0606
   18339       1.0703
   18340       0.8339
   18341       0.9485
   18342       0.8865
   18343       1.0930
   18344       1.2253
   18345       1.1966
   18346       1.1314
   18347       1.2081
   18348       1.1635
   18349       1.0349
   18350       1.1168
   18351       1.0945
   18352       1.0472
   18353       1.0739
   18354       1.0492
   18355       0.9930
   18356       1.1399
   18357       1.0607
   18358       1.1366
   18359       1.0184
   18360       1.1546
   18361       1.1472
   18362       1.0116
   18363       1.2757
   18364       1.2466
   18365       1.1069
   18366       1.0756
   18367       1.2085
   18368       1.1210
   18369       1.0708
   18370       1.0120
   18371       1.1190
   18372       1.1938
   18373       1.0838
   18374       1.0362
   18375       1.0976
   18376       1.0261
   18377       1.0952
   18378       0.9779
   18379       0.8785
   18380       0.9857
   18381       1.0454
   18382       1.1053
   18383       0.9565
   18384       0.9549
   18385       0.9447
   18386       0.9634
   18387       1.1103
   18388       1.0557
   18389       0.9884
   18390       0.9750
   18391       1.0645
   18392       1.0834
   18393       1.0404
   18394       0.9624
   18395       1.0346
   18396       0.9833
   18397       0.9433
   18398       0.9578
   18399       1.0352
   18400       1.0063
   18401       1.0035
   18402       0.9643
   18403       1.0279
   18404       0.8501
   18405       0.8655
   18406       0.9663
   18407       0.9332
   18408       0.8827
   18409       0.9350
   18410       0.8808
   18411       0.8904
   18412       0.9845
   18413       0.9561
   18414       0.9603
   18415       0.9062
   18416       0.8494
   18417       0.9102
   18418       0.8788
   18419       0.8824
   18420       0.8899
   18421       0.8915
   18422       1.0370
   18423       0.9156
   18424       1.0209
   18425       0.8264
   18426       0.9291
   18427       0.9158
   18428       0.8909
   18429       0.8558
   18430       0.8319
   18431       0.9073
   18432       0.8928
   18433       0.9365
   18434       0.8506
   18435       0.9452
   18436       0.8379
   18437       0.9357
   18438       0.9299
   18439       0.8825
   18440       0.8235
   18441       1.0229
   18442       0.8179
   18443       0.8921
   18444       0.9319
   18445       0.9355
   18446       0.8149
   18447       0.8997
   18448       0.8911
   18449       0.8363
   18450       0.9949
   18451       0.9957
   18452       0.9288
   18453       0.8549
   18454       0.8956
   18455       0.9142
   18456       0.8661
   18457       0.8265
   18458       0.9054
   18459       0.7787
   18460       0.8845
   18461       0.8781
   18462       0.8714
   18463       0.8845
   18464       0.8528
   18465       0.9424
   18466       0.8068
   18467       0.9051
   18468       0.8910
   18469       0.9119
   18470       0.8699
   18471       0.8507
   18472       0.8731
   18473       0.8155
   18474       0.8761
   18475       0.8888
   18476       1.0235
   18477       0.9178
   18478       0.9817
   18479       0.8309
   18480       1.0892
   18481       0.8885
   18482       0.9639
   18483       0.9668
   18484       0.9345
   18485       1.1086
   18486       1.1534
   18487       0.9310
   18488       0.8790
   18489       0.8791
   18490       0.8861
   18491       0.8859
   18492       0.9997
   18493       0.9082
   18494       0.9244
   18495       0.9587
   18496       1.1045
   18497       1.1141
   18498       1.0788
   18499       0.9704
   18500       1.0253
   18501       1.0383
   18502       1.0686
   18503       1.0211
   18504       1.0964
   18505       1.1113
   18506       1.0812
   18507       1.0175
   18508       1.1558
   18509       1.1608
   18510       1.1864
   18511       1.2439
   18512       1.1736
   18513       0.9923
   18514       1.0365
   18515       1.0429
   18516       0.9760
   18517       1.0386
   18518       1.1072
   18519       1.0967
   18520       0.9740
   18521       1.0374
   18522       1.0752
   18523       0.9177
   18524       1.0464
   18525       1.0832
   18526       0.9920
   18527       1.0477
   18528       1.0593
   18529       1.0925
   18530       0.9748
   18531       1.0326
   18532       1.0681
   18533       1.0298
   18534       0.9976
   18535       0.9259
   18536       0.9003
   18537       0.9985
   18538       1.0545
   18539       1.0241
   18540       0.9914
   18541       0.9236
   18542       0.8385
   18543       1.0010
   18544       0.8996
   18545       0.9265
   18546       0.8379
   18547       0.9354
   18548       0.9389
   18549       1.0409
   18550       0.9393
   18551       1.0027
   18552       1.1455
   18553       1.1310
   18554       1.1624
   18555       1.1252
   18556       1.1102
   18557       0.9420
   18558       1.0189
   18559       1.2478
   18560       1.0786
   18561       0.9842
   18562       0.8860
   18563       0.8788
   18564       0.9234
   18565       0.9252
   18566       0.8899
   18567       0.9309
   18568       0.8455
   18569       0.9862
   18570       0.8734
   18571       0.9850
   18572       0.9891
   18573       0.9075
   18574       0.9656
   18575       1.0022
   18576       1.0204
   18577       0.9331
   18578       0.9580
   18579       0.8793
   18580       0.8924
   18581       0.9264
   18582       0.8890
   18583       0.8977
   18584       0.8872
   18585       0.9343
   18586       1.0354
   18587       1.0270
   18588       1.0067
   18589       0.9870
   18590       0.9171
   18591       0.9693
   18592       0.9464
   18593       1.0107
   18594       0.9469
   18595       0.9690
   18596       0.9173
   18597       0.9692
   18598       0.9586
   18599       0.9475
   18600       1.0746
   18601       0.9905
   18602       1.0260
   18603       0.8983
   18604       1.0487
   18605       1.0085
   18606       1.0501
   18607       1.0384
   18608       1.0596
   18609       1.1208
   18610       1.0725
   18611       1.0008
   18612       1.0365
   18613       0.9962
   18614       1.0265
   18615       1.0755
   18616       1.1444
   18617       0.9615
   18618       0.9691
   18619       1.0522
   18620       1.1834
   18621       1.0541
   18622       0.9958
   18623       1.0499
   18624       1.0264
   18625       0.9515
   18626       0.9255
   18627       1.0340
   18628       1.0049
   18629       1.1944
   18630       1.0322
   18631       1.0552
   18632       0.9903
   18633       1.1249
   18634       1.0130
   18635       0.9282
   18636       0.9586
   18637       0.9724
   18638       0.9486
   18639       1.0011
   18640       1.0753
   18641       1.0044
   18642       1.0699
   18643       0.9129
   18644       0.9438
   18645       0.9287
   18646       0.9992
   18647       0.8882
   18648       0.9999
   18649       1.0316
   18650       0.9515
   18651       0.9279
   18652       0.9810
   18653       0.9919
   18654       0.8613
   18655       0.9338
   18656       0.9500
   18657       1.1316
   18658       0.9137
   18659       1.0479
   18660       1.0096
   18661       1.0064
   18662       1.1102
   18663       1.0678
   18664       0.9310
   18665       1.0023
   18666       1.1165
   18667       1.0708
   18668       1.0604
   18669       1.0173
   18670       0.9857
   18671       0.9772
   18672       1.0297
   18673       0.9163
   18674       0.9722
   18675       1.0611
   18676       0.9581
   18677       1.0503
   18678       1.1233
   18679       1.0975
   18680       0.9882
   18681       1.0087
   18682       1.0615
   18683       1.0044
   18684       1.0365
   18685       1.0246
   18686       0.9597
   18687       1.1258
   18688       1.0679
   18689       1.0708
   18690       1.0064
   18691       1.1428
   18692       1.0091
   18693       1.0394
   18694       1.0572
   18695       0.9034
   18696       0.9841
   18697       0.9998
   18698       0.9806
   18699       1.0962
   18700       1.0674
   18701       1.1994
   18702       1.3077
   18703       1.1487
   18704       1.0620
   18705       1.0260
   18706       1.0565
   18707       1.0188
   18708       1.0677
   18709       1.0761
   18710       1.0038
   18711       1.0657
   18712       1.1178
   18713       1.1227
   18714       1.2243
   18715       1.2268
   18716       1.0143
   18717       1.0145
   18718       1.0957
   18719       1.1155
   18720       1.1346
   18721       1.1258
   18722       1.0933
   18723       1.1820
   18724       1.0800
   18725       1.0859
   18726       1.0947
   18727       1.2308
   18728       1.2455
   18729       1.2668
   18730       1.2223
   18731       1.2630
   18732       1.2315
   18733       1.1216
   18734       1.1591
   18735       1.1506
   18736       1.0905
   18737       1.2130
   18738       1.3620
   18739       1.2331
   18740       1.1652
   18741       1.3163
   18742       1.2597
   18743       1.3172
   18744       1.2374
   18745       1.2158
   18746       1.0463
   18747       1.0449
   18748       1.1888
   18749       1.1795
   18750       1.1173
   18751       1.0863
   18752       1.1194
   18753       1.0131
   18754       0.9970
   18755       1.0888
   18756       1.0666
   18757       1.1194
   18758       1.0702
   18759       1.0229
   18760       1.0957
   18761       1.2027
   18762       1.1206
   18763       1.1001
   18764       1.0272
   18765       0.9808
   18766       0.9290
   18767       1.0382
   18768       0.9860
   18769       0.9682
   18770       1.0026
   18771       0.9877
   18772       1.1047
   18773       1.0068
   18774       0.9474
   18775       1.1024
   18776       1.1036
   18777       1.1564
   18778       1.0110
   18779       1.0319
   18780       1.0165
   18781       1.1230
   18782       1.2115
   18783       1.0817
   18784       0.9810
   18785       0.9913
   18786       1.0436
   18787       1.0512
   18788       1.0589
   18789       1.0000
   18790       1.0093
   18791       1.0414
   18792       0.9784
   18793       0.9070
   18794       1.0292
   18795       1.0281
   18796       1.0260
   18797       0.8937
   18798       0.9525
   18799       1.0786
   18800       0.9066
   18801       1.0355
   18802       1.0411
   18803       1.0529
   18804       0.9359
   18805       1.1661
   18806       1.1551
   18807       1.0927
   18808       1.0552
   18809       1.0181
   18810       0.9776
   18811       1.0203
   18812       1.0100
   18813       0.9230
   18814       0.9487
   18815       0.9217
   18816       1.0059
   18817       0.9856
   18818       1.1641
   18819       1.0807
   18820       0.9643
   18821       1.0520
   18822       0.9827
   18823       0.9928
   18824       1.1974
   18825       1.0383
   18826       0.9727
   18827       0.9952
   18828       1.0166
   18829       1.1041
   18830       1.1371
   18831       1.0460
   18832       1.0196
   18833       1.1097
   18834       1.1157
   18835       1.0917
   18836       1.1822
   18837       1.0445
   18838       1.0387
   18839       0.9618
   18840       1.1296
   18841       1.3207
   18842       1.1120
   18843       1.1733
   18844       1.0624
   18845       0.9865
   18846       0.8714
   18847       1.1575
   18848       0.9523
   18849       0.9391
   18850       1.0747
   18851       1.0176
   18852       0.9671
   18853       0.9132
   18854       0.9091
   18855       1.0048
   18856       1.0301
   18857       0.9033
   18858       0.9034
   18859       0.9868
   18860       0.9215
   18861       0.9096
   18862       0.9396
   18863       0.9933
   18864       1.0056
   18865       1.0681
   18866       0.9677
   18867       0.9372
   18868       0.9836
   18869       0.9750
   18870       0.9275
   18871       0.8549
   18872       0.9835
   18873       0.9230
   18874       0.8688
   18875       0.9590
   18876       0.9905
   18877       0.9831
   18878       0.8765
   18879       0.8527
   18880       0.9856
   18881       0.9806
   18882       0.9213
   18883       0.9525
   18884       0.9214
   18885       1.0114
   18886       0.9915
   18887       1.0097
   18888       0.9630
   18889       0.8304
   18890       1.0107
   18891       0.9501
   18892       0.8948
   18893       0.9781
   18894       0.9139
   18895       0.9300
   18896       1.0321
   18897       0.9789
   18898       0.9479
   18899       0.9328
   18900       0.8988
   18901       0.8903
   18902       0.9879
   18903       0.9406
   18904       0.9458
   18905       1.0445
   18906       0.9123
   18907       1.0435
   18908       1.0041
   18909       0.9698
   18910       0.8780
   18911       1.0069
   18912       0.9767
   18913       0.8022
   18914       0.8828
   18915       0.9122
   18916       0.9648
   18917       0.9493
   18918       1.0072
   18919       0.9614
   18920       0.9436
   18921       0.9155
   18922       0.9246
   18923       0.9277
   18924       0.9762
   18925       1.0077
   18926       1.0034
   18927       1.1991
   18928       1.1599
   18929       1.1028
   18930       1.0370
   18931       1.0798
   18932       1.0320
   18933       0.9599
   18934       1.0823
   18935       1.1703
   18936       1.1191
   18937       1.1986
   18938       1.1135
   18939       1.1136
   18940       1.1179
   18941       1.1205
   18942       1.0004
   18943       1.1559
   18944       1.0566
   18945       0.9506
   18946       1.0003
   18947       0.9294
   18948       0.9595
   18949       0.9825
   18950       1.0638
   18951       1.0516
   18952       0.9916
   18953       1.0373
   18954       0.9529
   18955       0.9024
   18956       0.8881
   18957       0.8574
   18958       0.9232
   18959       0.9418
   18960       1.0069
   18961       1.0835
   18962       0.9467
   18963       0.9340
   18964       0.9138
   18965       0.8914
   18966       0.7670
   18967       0.8719
   18968       0.8348
   18969       0.9701
   18970       0.9070
   18971       0.8656
   18972       0.8730
   18973       0.8982
   18974       1.0527
   18975       1.0694
   18976       1.0298
   18977       0.9480
   18978       1.0293
   18979       0.9201
   18980       0.9425
   18981       1.0666
   18982       1.0306
   18983       1.0274
   18984       1.0309
   18985       1.0482
   18986       1.1154
   18987       1.1686
   18988       1.1187
   18989       1.1177
   18990       1.1972
   18991       1.0973
   18992       1.0785
   18993       0.9960
   18994       1.0516
   18995       1.2978
   18996       1.3103
   18997       1.2837
   18998       1.1713
   18999       1.3185
   19000       1.4089
   19001       1.3591
   19002       1.2930
   19003       1.3125
   19004       1.3401
   19005       1.3228
   19006       1.1335
   19007       1.1206
   19008       1.0644
   19009       1.1855
   19010       1.1886
   19011       1.2232
   19012       1.1714
   19013       1.0645
   19014       0.9637
   19015       0.9522
   19016       0.9820
   19017       1.0158
   19018       1.1572
   19019       1.0726
   19020       1.0629
   19021       1.1340
   19022       1.2149
   19023       1.2737
   19024       1.2515
   19025       1.2097
   19026       1.1055
   19027       1.1368
   19028       1.1410
   19029       1.2114
   19030       1.3431
   19031       1.1753
   19032       1.1628
   19033       1.1664
   19034       1.1185
   19035       1.0106
   19036       0.9470
   19037       1.0846
   19038       1.0342
   19039       1.0109
   19040       0.9665
   19041       0.9265
   19042       0.8960
   19043       0.8590
   19044       0.9090
   19045       0.9542
   19046       1.0979
   19047       0.9798
   19048       1.0073
   19049       1.0433
   19050       0.9684
   19051       1.0702
   19052       1.0879
   19053       1.0898
   19054       1.1340
   19055       1.0430
   19056       1.1276
   19057       1.0835
   19058       1.1004
   19059       1.0822
   19060       1.0869
   19061       1.0780
   19062       1.1275
   19063       1.1005
   19064       1.0645
   19065       0.9940
   19066       1.1257
   19067       1.0647
   19068       1.0658
   19069       1.0708
   19070       1.1056
   19071       0.9417
   19072       1.0171
   19073       1.1419
   19074       1.2896
   19075       1.3153
   19076       1.1626
   19077       1.3016
   19078       1.1190
   19079       1.1344
   19080       1.0091
   19081       1.0523
   19082       0.9335
   19083       0.8173
   19084       0.8955
   19085       0.8517
   19086       1.0095
   19087       1.0071
   19088       0.9672
   19089       1.0270
   19090       1.0882
   19091       1.0752
   19092       1.1679
   19093       1.1648
   19094       1.0948
   19095       1.0639
   19096       1.1680
   19097       1.2146
   19098       1.1296
   19099       1.0672
   19100       0.9421
   19101       0.9911
   19102       1.0240
   19103       1.1245
   19104       1.1814
   19105       1.2327
   19106       1.0655
   19107       1.1242
   19108       1.2387
   19109       1.1498
   19110       1.1300
   19111       0.9829
   19112       1.0603
   19113       1.0112
   19114       1.0625
   19115       1.0768
   19116       1.0266
   19117       0.9107
   19118       1.1488
   19119       1.0649
   19120       1.1356
   19121       1.0648
   19122       1.0670
   19123       0.9751
   19124       0.9865
   19125       1.0598
   19126       1.0442
   19127       0.9978
   19128       1.0851
   19129       1.0681
   19130       0.9608
   19131       1.0041
   19132       1.0028
   19133       0.9088
   19134       0.9578
   19135       0.9650
   19136       0.8642
   19137       0.8656
   19138       0.8448
   19139       0.9819
   19140       0.9842
   19141       0.9000
   19142       0.8987
   19143       0.9128
   19144       0.8894
   19145       0.8914
   19146       0.9402
   19147       0.9285
   19148       0.9057
   19149       0.9332
   19150       0.8322
   19151       0.8991
   19152       0.8453
   19153       0.8919
   19154       0.8951
   19155       0.9004
   19156       0.8925
   19157       0.8005
   19158       0.9509
   19159       0.9208
   19160       0.8886
   19161       0.8031
   19162       0.9213
   19163       0.8556
   19164       0.8860
   19165       0.9611
   19166       1.0125
   19167       0.9063
   19168       0.8271
   19169       0.8807
   19170       0.8810
   19171       0.8863
   19172       0.8193
   19173       0.8918
   19174       0.8000
   19175       0.8109
   19176       0.7979
   19177       0.8156
   19178       0.8718
   19179       0.9870
   19180       0.8373
   19181       0.8458
   19182       0.8374
   19183       0.9126
   19184       0.9420
   19185       0.9739
   19186       1.0616
   19187       0.9120
   19188       1.0563
   19189       1.0924
   19190       0.9451
   19191       0.8917
   19192       0.9703
   19193       0.8542
   19194       0.9139
   19195       0.9563
   19196       0.8853
   19197       0.9463
   19198       1.0662
   19199       1.0539
   19200       0.9212
   19201       0.9311
   19202       0.9937
   19203       1.0024
   19204       0.9760
   19205       0.8881
   19206       0.9267
   19207       0.9168
   19208       0.9226
   19209       0.8617
   19210       0.8631
   19211       0.9523
   19212       1.0054
   19213       0.9737
   19214       0.9619
   19215       0.9300
   19216       0.9405
   19217       0.9255
   19218       0.9069
   19219       0.8778
   19220       0.8927
   19221       0.9794
   19222       1.0166
   19223       0.9105
   19224       0.9295
   19225       0.8390
   19226       0.8655
   19227       0.9089
   19228       0.8220
   19229       0.8945
   19230       0.9743
   19231       0.8231
   19232       0.8605
   19233       0.9168
   19234       0.8213
   19235       0.8882
   19236       0.8298
   19237       0.7570
   19238       0.9463
   19239       0.7652
   19240       0.8325
   19241       0.8447
   19242       0.8822
   19243       0.8655
   19244       0.9336
   19245       0.9912
   19246       0.9435
   19247       0.8918
   19248       0.9554
   19249       0.8725
   19250       0.7611
   19251       0.8995
   19252       0.8909
   19253       0.8163
   19254       0.8740
   19255       0.8678
   19256       0.9029
   19257       0.8630
   19258       0.8607
   19259       0.8732
   19260       1.0375
   19261       0.9594
   19262       0.8209
   19263       0.9284
   19264       0.8928
   19265       0.9052
   19266       0.8389
   19267       0.8993
   19268       0.8716
   19269       0.9530
   19270       0.9370
   19271       0.9952
   19272       0.8644
   19273       0.8991
   19274       0.8706
   19275       0.8561
   19276       0.9093
   19277       0.9320
   19278       0.9272
   19279       0.9524
   19280       1.1248
   19281       1.1002
   19282       1.1129
   19283       1.0216
   19284       0.9719
   19285       0.9819
   19286       1.0251
   19287       1.0236
   19288       0.9042
   19289       0.9379
   19290       0.8516
   19291       0.8836
   19292       1.0295
   19293       0.9348
   19294       0.9992
   19295       1.0293
   19296       1.0007
   19297       0.9424
   19298       1.0396
   19299       1.0748
   19300       1.0551
   19301       0.9364
   19302       0.8591
   19303       0.8354
   19304       0.8474
   19305       0.8936
   19306       0.9596
   19307       0.9906
   19308       0.8609
   19309       0.8097
   19310       0.9118
   19311       0.8029
   19312       0.9153
   19313       0.9211
   19314       1.0836
   19315       0.9435
   19316       0.8884
   19317       0.9351
   19318       0.8419
   19319       0.8740
   19320       0.9584
   19321       0.9038
   19322       0.9128
   19323       0.8493
   19324       0.9313
   19325       1.0073
   19326       0.9979
   19327       0.9720
   19328       0.9153
   19329       0.9197
   19330       0.9822
   19331       0.9061
   19332       0.8651
   19333       0.8699
   19334       0.9203
   19335       0.9257
   19336       0.9887
   19337       1.0400
   19338       0.9901
   19339       0.9288
   19340       0.9182
   19341       0.9974
   19342       0.9222
   19343       0.8569
   19344       0.9149
   19345       0.9864
   19346       0.9796
   19347       0.9760
   19348       1.0183
   19349       0.9507
   19350       0.8975
   19351       1.1164
   19352       0.9524
   19353       1.0924
   19354       0.9399
   19355       0.8577
   19356       0.8956
   19357       0.9427
   19358       0.9046
   19359       0.8226
   19360       0.8623
   19361       0.8565
   19362       0.9570
   19363       0.9261
   19364       0.9452
   19365       1.0165
   19366       1.0466
   19367       0.9600
   19368       1.0180
   19369       0.9936
   19370       1.0928
   19371       1.0443
   19372       0.9806
   19373       1.1005
   19374       1.0413
   19375       1.0082
   19376       0.9571
   19377       0.8906
   19378       1.0160
   19379       1.0339
   19380       1.0046
   19381       0.9672
   19382       0.9455
   19383       1.0310
   19384       1.0752
   19385       1.0324
   19386       1.0167
   19387       1.1359
   19388       0.9744
   19389       0.9418
   19390       1.0921
   19391       1.0226
   19392       1.0488
   19393       1.1515
   19394       1.0556
   19395       1.0954
   19396       1.0442
   19397       0.9538
   19398       1.0186
   19399       1.0924
   19400       1.1088
   19401       1.0722
   19402       1.0709
   19403       1.0590
   19404       1.1537
   19405       1.1720
   19406       1.0262
   19407       1.0114
   19408       1.0569
   19409       0.8892
   19410       0.9593
   19411       0.9891
   19412       1.0242
   19413       1.0543
   19414       1.0300
   19415       1.0666
   19416       1.1594
   19417       0.9787
   19418       0.9823
   19419       1.0152
   19420       0.9750
   19421       0.8979
   19422       1.0357
   19423       1.0323
   19424       1.0419
   19425       0.9789
   19426       0.8739
   19427       0.8833
   19428       1.0020
   19429       0.9968
   19430       0.9597
   19431       1.0523
   19432       1.0705
   19433       1.0485
   19434       1.0061
   19435       0.9419
   19436       0.9858
   19437       0.8774
   19438       0.9847
   19439       0.9641
   19440       0.9943
   19441       0.9980
   19442       0.9778
   19443       1.0087
   19444       1.0324
   19445       1.0709
   19446       1.1298
   19447       1.1784
   19448       1.1590
   19449       1.0752
   19450       0.9941
   19451       1.0527
   19452       1.0836
   19453       1.1318
   19454       1.1303
   19455       1.1892
   19456       1.1736
   19457       1.1187
   19458       1.1128
   19459       1.1338
   19460       1.0795
   19461       1.0929
   19462       1.1643
   19463       1.0845
   19464       0.9473
   19465       0.9914
   19466       0.9705
   19467       1.0270
   19468       1.0829
   19469       0.9602
   19470       0.9182
   19471       0.9113
   19472       0.9300
   19473       0.9663
   19474       1.0863
   19475       0.9501
   19476       0.8654
   19477       1.0094
   19478       1.0457
   19479       1.0768
   19480       1.0193
   19481       0.9898
   19482       1.0029
   19483       1.0152
   19484       0.9229
   19485       1.0589
   19486       0.9624
   19487       1.0244
   19488       0.9161
   19489       1.0340
   19490       1.0240
   19491       1.0327
   19492       0.9885
   19493       1.1285
   19494       1.1230
   19495       1.0237
   19496       1.0823
   19497       1.0281
   19498       1.0584
   19499       1.0569
   19500       1.1606
   19501       1.1132
   19502       1.0040
   19503       1.1218
   19504       1.1462
   19505       1.1222
   19506       1.0965
   19507       0.8966
   19508       0.9588
   19509       1.0421
   19510       1.0532
   19511       1.0298
   19512       1.0253
   19513       1.1303
   19514       1.0866
   19515       1.0665
   19516       1.0657
   19517       1.1016
   19518       1.1728
   19519       1.1764
   19520       1.0618
   19521       0.9994
   19522       1.0046
   19523       1.0438
   19524       1.0305
   19525       0.8878
   19526       0.8507
   19527       0.8615
   19528       0.7976
   19529       0.8541
   19530       0.8056
   19531       0.7865
   19532       0.8431
   19533       0.9275
   19534       0.9610
   19535       0.9211
   19536       0.8831
   19537       0.8992
   19538       0.8209
   19539       0.9650
   19540       0.8987
   19541       0.8776
   19542       0.9571
   19543       0.9042
   19544       0.8180
   19545       0.8616
   19546       0.8304
   19547       1.0222
   19548       0.9417
   19549       1.0437
   19550       0.9707
   19551       0.9600
   19552       1.0056
   19553       1.0102
   19554       1.0102
   19555       0.9373
   19556       0.8556
   19557       0.9321
   19558       0.8849
   19559       0.8212
   19560       0.8985
   19561       0.9895
   19562       0.9308
   19563       0.9444
   19564       1.0195
   19565       0.9671
   19566       1.1088
   19567       1.0130
   19568       0.9966
   19569       1.0870
   19570       1.0556
   19571       0.9357
   19572       0.9442
   19573       0.9886
   19574       0.9431
   19575       0.8964
   19576       0.9476
   19577       0.9402
   19578       0.9521
   19579       0.8859
   19580       1.0207
   19581       0.8951
   19582       0.9424
   19583       0.9337
   19584       0.9552
   19585       0.8657
   19586       0.9423
   19587       1.0094
   19588       0.9656
   19589       0.9239
   19590       1.0254
   19591       1.0396
   19592       0.9206
   19593       0.9251
   19594       1.0291
   19595       0.8889
   19596       0.9429
   19597       1.0379
   19598       0.9530
   19599       1.0152
   19600       1.0096
   19601       1.0337
   19602       1.0281
   19603       0.9100
   19604       1.0441
   19605       0.9782
   19606       1.1240
   19607       1.1115
   19608       1.1549
   19609       1.0182
   19610       1.0458
   19611       1.0616
   19612       1.1136
   19613       1.0269
   19614       1.1079
   19615       0.9592
   19616       1.0407
   19617       1.0222
   19618       0.9711
   19619       1.0479
   19620       1.0365
   19621       1.0373
   19622       1.1378
   19623       1.0698
   19624       1.1464
   19625       0.9940
   19626       1.0518
   19627       0.9978
   19628       1.0500
   19629       0.9915
   19630       1.0325
   19631       1.0252
   19632       1.0436
   19633       1.1658
   19634       1.1028
   19635       0.9837
   19636       0.9506
   19637       1.0355
   19638       0.9973
   19639       1.0521
   19640       1.0486
   19641       0.9775
   19642       0.9513
   19643       1.0211
   19644       1.1631
   19645       1.2530
   19646       1.1662
   19647       1.1324
   19648       1.1139
   19649       1.1313
   19650       1.1898
   19651       1.2724
   19652       1.1694
   19653       1.0887
   19654       1.1266
   19655       1.3012
   19656       1.1372
   19657       1.1888
   19658       1.1143
   19659       1.0172
   19660       1.0610
   19661       1.0963
   19662       1.1288
   19663       1.0150
   19664       1.0041
   19665       1.1512
   19666       1.1461
   19667       1.0633
   19668       1.1463
   19669       0.9914
   19670       0.9927
   19671       1.0739
   19672       1.1243
   19673       0.9957
   19674       1.0616
   19675       1.0500
   19676       0.9840
   19677       0.9396
   19678       0.9964
   19679       0.9776
   19680       1.0590
   19681       1.0850
   19682       1.0520
   19683       1.0630
   19684       1.0493
   19685       1.1513
   19686       1.0292
   19687       1.0617
   19688       1.0264
   19689       1.0302
   19690       0.9625
   19691       0.9726
   19692       0.9191
   19693       0.9361
   19694       0.8728
   19695       0.8708
   19696       0.9088
   19697       1.1254
   19698       1.0549
   19699       1.2813
   19700       1.0784
   19701       1.0877
   19702       1.1825
   19703       1.0183
   19704       1.0606
   19705       1.2427
   19706       1.1114
   19707       1.0801
   19708       1.2761
   19709       1.3521
   19710       1.3232
   19711       1.3331
   19712       1.3169
   19713       1.2335
   19714       1.1947
   19715       1.0419
   19716       1.2434
   19717       1.1355
   19718       1.0435
   19719       0.9649
   19720       0.9765
   19721       0.8812
   19722       1.0705
   19723       1.0172
   19724       1.0564
   19725       1.0022
   19726       1.0909
   19727       1.0450
   19728       1.1392
   19729       1.1236
   19730       1.2169
   19731       1.0104
   19732       1.0439
   19733       1.0256
   19734       1.0078
   19735       1.1193
   19736       1.0296
   19737       0.9928
   19738       1.1192
   19739       1.0565
   19740       1.1190
   19741       1.0411
   19742       1.1367
   19743       1.0661
   19744       1.0031
   19745       1.0397
   19746       1.0626
   19747       1.0876
   19748       0.9823
   19749       0.9744
   19750       1.0401
   19751       1.1773
   19752       1.0066
   19753       1.0331
   19754       1.0692
   19755       1.0826
   19756       1.1010
   19757       1.0858
   19758       1.1271
   19759       0.9826
   19760       1.1223
   19761       1.0535
   19762       1.1018
   19763       1.1031
   19764       1.0478
   19765       0.9649
   19766       0.9549
   19767       1.0725
   19768       1.0662
   19769       1.0667
   19770       1.0441
   19771       1.0324
   19772       1.1229
   19773       0.9307
   19774       0.9590
   19775       0.9476
   19776       1.0692
   19777       0.9985
   19778       0.9419
   19779       1.0080
   19780       0.9544
   19781       1.0018
   19782       1.0376
   19783       0.9770
   19784       0.9630
   19785       0.9397
   19786       1.0128
   19787       0.9584
   19788       1.0139
   19789       0.8601
   19790       1.0126
   19791       0.9947
   19792       0.8914
   19793       0.9172
   19794       1.0348
   19795       1.0676
   19796       1.0468
   19797       0.9088
   19798       1.0623
   19799       1.0762
   19800       0.9810
   19801       0.9894
   19802       1.1029
   19803       0.9803
   19804       1.0307
   19805       1.0803
   19806       1.0519
   19807       1.0451
   19808       1.1296
   19809       1.0493
   19810       1.0009
   19811       0.9329
   19812       0.9980
   19813       1.1087
   19814       1.1163
   19815       0.9567
   19816       1.0542
   19817       1.0846
   19818       1.0182
   19819       0.9698
   19820       0.9573
   19821       0.9412
   19822       1.0643
   19823       1.0729
   19824       0.9443
   19825       1.1209
   19826       1.1337
   19827       1.1054
   19828       0.9816
   19829       1.1266
   19830       1.1436
   19831       1.0298
   19832       1.0332
   19833       1.1583
   19834       1.0730
   19835       0.9376
   19836       0.9791
   19837       1.0124
   19838       1.1904
   19839       1.1343
   19840       1.0102
   19841       1.0965
   19842       1.1717
   19843       1.0721
   19844       1.0861
   19845       1.0668
   19846       1.1417
   19847       1.1513
   19848       1.1273
   19849       1.1399
   19850       1.0778
   19851       0.9091
   19852       0.9993
   19853       1.0819
   19854       1.0852
   19855       1.0335
   19856       1.1297
   19857       1.0338
   19858       1.0347
   19859       0.9597
   19860       1.0357
   19861       1.0939
   19862       0.9887
   19863       1.1128
   19864       0.9980
   19865       0.9329
   19866       0.9192
   19867       1.0018
   19868       0.9807
   19869       0.9814
   19870       1.0048
   19871       0.8812
   19872       0.8464
   19873       0.9647
   19874       0.9284
   19875       0.8675
   19876       0.8650
   19877       0.9950
   19878       0.9611
   19879       0.9588
   19880       0.9172
   19881       1.0520
   19882       1.0215
   19883       1.0619
   19884       0.9701
   19885       0.9312
   19886       0.9148
   19887       0.9138
   19888       1.0340
   19889       0.9189
   19890       0.9051
   19891       1.0467
   19892       0.8766
   19893       0.9679
   19894       0.9119
   19895       0.9945
   19896       0.9541
   19897       1.0393
   19898       1.0232
   19899       0.9949
   19900       0.9818
   19901       0.9878
   19902       0.9471
   19903       0.8824
   19904       1.0330
   19905       1.0080
   19906       1.0216
   19907       0.8770
   19908       0.8988
   19909       0.9501
   19910       0.9750
   19911       0.9535
   19912       0.9919
   19913       0.9551
   19914       0.9369
   19915       0.8522
   19916       0.9138
   19917       1.0310
   19918       1.0624
   19919       1.0286
   19920       0.9528
   19921       1.0866
   19922       1.1128
   19923       1.0461
   19924       1.0112
   19925       0.9327
   19926       0.9650
   19927       0.9400
   19928       0.9554
   19929       0.9367
   19930       0.9602
   19931       0.9623
   19932       1.0216
   19933       1.0072
   19934       0.9388
   19935       1.0321
   19936       1.0209
   19937       1.0145
   19938       0.9778
   19939       0.9737
   19940       0.9176
   19941       0.9186
   19942       0.9487
   19943       0.9506
   19944       0.9011
   19945       0.9631
   19946       0.9094
   19947       0.9414
   19948       1.0027
   19949       0.9102
   19950       0.9714
   19951       0.9229
   19952       0.8300
   19953       0.8309
   19954       0.8689
   19955       0.8369
   19956       0.9360
   19957       0.8708
   19958       0.8955
   19959       0.8625
   19960       0.8286
   19961       0.8493
   19962       0.8829
   19963       0.9114
   19964       0.9370
   19965       0.9435
   19966       0.8404
   19967       0.8985
   19968       0.9093
   19969       0.9969
   19970       0.9385
   19971       0.8976
   19972       0.8562
   19973       0.8967
   19974       0.8257
   19975       0.8481
   19976       0.9745
   19977       0.9120
   19978       0.9430
   19979       0.9699
   19980       0.8859
   19981       0.7992
   19982       0.8406
   19983       0.8398
   19984       0.8723
   19985       0.8123
   19986       0.9023
   19987       0.8624
   19988       0.8282
   19989       0.8389
   19990       0.9106
   19991       0.9480
   19992       0.9156
   19993       0.9487
   19994       0.8726
   19995       0.9911
   19996       0.9184
   19997       0.9392
   19998       0.9368
   19999       1.0090
   20000       0.9056
   20001       0.9357
   20002       0.8849
   20003       0.8796
   20004       0.8566
   20005       0.9439
   20006       0.8612
   20007       0.9328
   20008       0.8762
   20009       0.9470
   20010       0.9253
   20011       0.8921
   20012       0.8260
   20013       0.8791
   20014       0.9170
   20015       0.9220
   20016       1.0370
   20017       0.9464
   20018       0.9409
   20019       0.8792
   20020       0.8715
   20021       0.8895
   20022       0.8929
   20023       0.8513
   20024       0.7998
   20025       0.8977
   20026       0.8801
   20027       0.8846
   20028       1.0212
   20029       0.8820
   20030       0.9205
   20031       0.9439
   20032       0.9153
   20033       0.8514
   20034       0.8826
   20035       0.8577
   20036       0.9807
   20037       1.0373
   20038       1.0052
   20039       1.0075
   20040       0.9049
   20041       0.8782
   20042       0.8933
   20043       0.9357
   20044       0.8730
   20045       0.8825
   20046       0.9542
   20047       0.8632
   20048       0.8218
   20049       0.8302
   20050       0.9085
   20051       0.8629
   20052       0.8653
   20053       0.9453
   20054       0.8908
   20055       0.8422
   20056       0.8870
   20057       0.9033
   20058       0.9255
   20059       0.9790
   20060       1.0717
   20061       0.9507
   20062       0.8808
   20063       0.8409
   20064       0.9041
   20065       0.9605
   20066       0.9059
   20067       0.8758
   20068       0.8812
   20069       0.8207
   20070       0.8937
   20071       0.8934
   20072       0.9059
   20073       0.9610
   20074       0.9941
   20075       1.0134
   20076       0.9623
   20077       0.9583
   20078       0.9359
   20079       0.9109
   20080       0.9408
   20081       0.9199
   20082       0.9654
   20083       0.8812
   20084       1.0313
   20085       0.9995
   20086       0.9277
   20087       0.9821
   20088       1.0463
   20089       0.9827
   20090       0.9097
   20091       0.9671
   20092       1.0158
   20093       0.9528
   20094       0.9779
   20095       0.8499
   20096       0.8892
   20097       0.8954
   20098       0.8717
   20099       0.9040
   20100       0.9278
   20101       0.8771
   20102       0.9233
   20103       0.8491
   20104       0.9358
   20105       0.8809
   20106       0.9032
   20107       0.8557
   20108       0.9039
   20109       0.9372
   20110       0.9194
   20111       0.8558
   20112       0.8591
   20113       0.8684
   20114       0.9149
   20115       0.9228
   20116       0.9421
   20117       1.0158
   20118       0.8750
   20119       0.8968
   20120       0.9282
   20121       1.0223
   20122       1.1247
   20123       1.0978
   20124       1.0500
   20125       1.0383
   20126       1.0178
   20127       1.1257
   20128       1.0416
   20129       1.0184
   20130       0.8940
   20131       1.1072
   20132       1.0954
   20133       1.1450
   20134       1.1766
   20135       1.1653
   20136       0.9935
   20137       1.0003
   20138       0.9169
   20139       0.9646
   20140       0.8434
   20141       1.0135
   20142       1.0715
   20143       0.9816
   20144       0.9276
   20145       0.9812
   20146       0.9470
   20147       1.0324
   20148       0.9703
   20149       1.0174
   20150       1.0808
   20151       0.9396
   20152       0.9278
   20153       0.9344
   20154       0.9511
   20155       0.9890
   20156       1.0587
   20157       1.0315
   20158       0.9506
   20159       0.9630
   20160       0.9872
   20161       0.9406
   20162       0.9589
   20163       0.9655
   20164       0.9023
   20165       0.8894
   20166       0.8361
   20167       0.9685
   20168       0.9651
   20169       1.0339
   20170       0.9006
   20171       0.9947
   20172       0.9643
   20173       0.9896
   20174       0.9636
   20175       0.9623
   20176       0.9786
   20177       0.9283
   20178       0.9267
   20179       0.9657
   20180       1.0105
   20181       1.0008
   20182       0.8791
   20183       0.8700
   20184       1.0203
   20185       0.8933
   20186       1.0280
   20187       0.9292
   20188       0.9159
   20189       0.9878
   20190       0.9711
   20191       0.9952
   20192       0.8497
   20193       1.0353
   20194       0.9501
   20195       1.0191
   20196       1.0028
   20197       0.9906
   20198       0.9684
   20199       1.0052
   20200       1.0957
   20201       1.1461
   20202       1.1174
   20203       0.9597
   20204       0.9853
   20205       0.9349
   20206       0.9341
   20207       0.9670
   20208       0.9384
   20209       0.9637
   20210       1.0037
   20211       0.9123
   20212       1.0045
   20213       1.1035
   20214       1.0030
   20215       1.0298
   20216       1.0024
   20217       0.9427
   20218       0.8608
   20219       1.0075
   20220       0.9808
   20221       1.0228
   20222       0.9106
   20223       0.9407
   20224       1.0412
   20225       1.0415
   20226       1.1353
   20227       1.1901
   20228       1.2559
   20229       1.2087
   20230       1.0689
   20231       1.0509
   20232       1.0571
   20233       1.0347
   20234       1.1421
   20235       1.1974
   20236       1.0236
   20237       1.0797
   20238       1.0568
   20239       1.0310
   20240       1.0721
   20241       1.0272
   20242       0.9895
   20243       1.0072
   20244       1.0299
   20245       0.9300
   20246       0.9184
   20247       1.0800
   20248       1.0894
   20249       1.0019
   20250       1.1179
   20251       1.0946
   20252       1.0864
   20253       1.1332
   20254       0.9615
   20255       0.9854
   20256       1.0444
   20257       1.0818
   20258       1.0430
   20259       0.9574
   20260       0.9899
   20261       0.9413
   20262       1.0007
   20263       1.0268
   20264       1.0592
   20265       1.1545
   20266       1.0575
   20267       1.0537
   20268       1.0973
   20269       1.1931
   20270       1.1925
   20271       1.1204
   20272       1.0572
   20273       1.1002
   20274       1.0512
   20275       1.0806
   20276       1.1885
   20277       1.1156
   20278       1.1372
   20279       1.0050
   20280       1.0679
   20281       1.0419
   20282       1.0704
   20283       1.1688
   20284       0.9928
   20285       1.1033
   20286       1.1102
   20287       0.9846
   20288       1.0760
   20289       1.0660
   20290       1.0693
   20291       0.9821
   20292       1.0874
   20293       1.1206
   20294       1.0959
   20295       1.1907
   20296       1.1841
   20297       1.0484
   20298       1.1270
   20299       1.0450
   20300       1.0206
   20301       1.1129
   20302       0.9869
   20303       0.9691
   20304       0.9942
   20305       0.8699
   20306       0.9079
   20307       0.9115
   20308       0.8033
   20309       0.8544
   20310       0.8639
   20311       1.0263
   20312       0.9059
   20313       0.9666
   20314       0.9493
   20315       0.9999
   20316       0.8780
   20317       0.8550
   20318       1.0255
   20319       0.9580
   20320       0.9698
   20321       1.0567
   20322       1.0507
   20323       1.1305
   20324       1.0091
   20325       1.0751
   20326       1.1195
   20327       1.0829
   20328       1.0582
   20329       1.1425
   20330       1.0952
   20331       1.0235
   20332       1.0428
   20333       1.0423
   20334       1.0513
   20335       1.0793
   20336       1.1689
   20337       1.1487
   20338       1.1673
   20339       1.0187
   20340       1.0296
   20341       1.0969
   20342       1.0858
   20343       0.9496
   20344       0.9834
   20345       0.9358
   20346       1.1065
   20347       1.1730
   20348       1.0204
   20349       1.0702
   20350       1.0242
   20351       0.9710
   20352       0.9378
   20353       0.9250
   20354       0.9417
   20355       0.9513
   20356       0.9050
   20357       1.0733
   20358       1.0384
   20359       1.1105
   20360       1.2005
   20361       1.1162
   20362       1.0399
   20363       1.0042
   20364       0.9741
   20365       0.9796
   20366       0.9477
   20367       1.0298
   20368       1.0118
   20369       1.0227
   20370       0.9489
   20371       1.0572
   20372       1.0026
   20373       0.9873
   20374       1.0031
   20375       1.1703
   20376       1.1519
   20377       0.9720
   20378       0.9636
   20379       0.9769
   20380       0.9263
   20381       0.8728
   20382       0.9018
   20383       0.8729
   20384       0.9953
   20385       0.9965
   20386       1.0110
   20387       0.9392
   20388       0.9874
   20389       0.9524
   20390       0.9222
   20391       0.9204
   20392       0.9342
   20393       1.0290
   20394       1.0468
   20395       0.9957
   20396       1.0072
   20397       1.0816
   20398       0.9945
   20399       1.0754
   20400       1.1005
   20401       1.0033
   20402       1.1072
   20403       1.0433
   20404       1.0856
   20405       1.1355
   20406       1.0827
   20407       1.0402
   20408       1.1378
   20409       1.1484
   20410       1.2289
   20411       1.3678
   20412       1.1857
   20413       1.1852
   20414       1.1824
   20415       1.0857
   20416       1.0782
   20417       1.2305
   20418       1.2482
   20419       1.3013
   20420       1.2109
   20421       1.1096
   20422       1.0589
   20423       1.0360
   20424       1.0731
   20425       1.0409
   20426       1.1014
   20427       1.1094
   20428       1.1026
   20429       1.2341
   20430       1.2311
   20431       1.1489
   20432       1.1306
   20433       0.9906
   20434       1.0449
   20435       1.0754
   20436       1.0356
   20437       1.1214
   20438       1.0330
   20439       1.1262
   20440       1.1132
   20441       1.0195
   20442       0.9616
   20443       1.0569
   20444       1.1481
   20445       1.0979
   20446       1.1334
   20447       1.0418
   20448       1.1190
   20449       1.1443
   20450       1.2325
   20451       1.2171
   20452       1.0883
   20453       0.9777
   20454       0.9757
   20455       1.0496
   20456       0.9330
   20457       0.8856
   20458       0.9851
   20459       1.0279
   20460       1.0333
   20461       1.0770
   20462       1.0787
   20463       1.1756
   20464       1.1895
   20465       1.2027
   20466       1.0827
   20467       1.1720
   20468       1.0326
   20469       1.1067
   20470       1.1115
   20471       1.1612
   20472       1.0469
   20473       1.0041
   20474       1.1373
   20475       1.0498
   20476       0.9090
   20477       0.9798
   20478       1.1052
   20479       1.1123
   20480       1.0557
   20481       1.1461
   20482       1.0903
   20483       1.0985
   20484       1.0132
   20485       1.0599
   20486       1.1728
   20487       1.0415
   20488       1.0164
   20489       1.0463
   20490       1.0721
   20491       1.0876
   20492       1.0641
   20493       1.0730
   20494       1.1007
   20495       0.9416
   20496       0.9678
   20497       1.1131
   20498       1.0985
   20499       1.1371
   20500       1.0019
   20501       0.9716
   20502       0.9994
   20503       0.9722
   20504       0.9774
   20505       1.0737
   20506       1.0105
   20507       1.0468
   20508       0.9480
   20509       1.0271
   20510       0.9753
   20511       1.0011
   20512       0.9391
   20513       0.9710
   20514       0.9335
   20515       0.9268
   20516       0.9059
   20517       0.9002
   20518       1.0318
   20519       0.9179
   20520       1.0246
   20521       1.0497
   20522       0.9897
   20523       1.0119
   20524       0.9119
   20525       0.9540
   20526       0.9310
   20527       1.0623
   20528       1.1915
   20529       1.1324
   20530       1.0399
   20531       1.0985
   20532       1.1181
   20533       1.0751
   20534       0.8977
   20535       0.8447
   20536       1.0888
   20537       1.0113
   20538       1.2009
   20539       1.0218
   20540       1.0546
   20541       1.0241
   20542       1.0558
   20543       0.8786
   20544       0.9637
   20545       0.9298
   20546       0.9290
   20547       1.0390
   20548       0.8677
   20549       0.9983
   20550       0.9064
   20551       0.9141
   20552       0.8829
   20553       0.9295
   20554       0.9634
   20555       0.9286
   20556       0.9151
   20557       0.8585
   20558       0.9409
   20559       0.9517
   20560       1.0759
   20561       0.9411
   20562       0.9299
   20563       0.9319
   20564       0.9591
   20565       0.8713
   20566       0.9215
   20567       0.8766
   20568       0.9684
   20569       1.0291
   20570       1.1334
   20571       1.0952
   20572       0.9147
   20573       0.9210
   20574       0.9925
   20575       1.0683
   20576       1.1081
   20577       1.1219
   20578       1.0215
   20579       0.9938
   20580       1.0714
   20581       1.0697
   20582       0.9403
   20583       1.0768
   20584       1.0095
   20585       0.9274
   20586       0.9047
   20587       0.9248
   20588       0.8594
   20589       0.8841
   20590       0.8981
   20591       0.9661
   20592       0.9010
   20593       0.8961
   20594       0.9399
   20595       0.9259
   20596       0.9668
   20597       1.0506
   20598       1.0882
   20599       1.0278
   20600       1.0059
   20601       1.0299
   20602       1.0587
   20603       1.0663
   20604       1.0351
   20605       1.0494
   20606       0.9979
   20607       1.0930
   20608       0.8555
   20609       0.9140
   20610       0.9677
   20611       0.9170
   20612       0.8682
   20613       0.8359
   20614       0.9386
   20615       0.9638
   20616       0.9731
   20617       1.0180
   20618       1.0897
   20619       1.0296
   20620       1.0213
   20621       0.9534
   20622       0.9269
   20623       0.9260
   20624       0.9127
   20625       0.9635
   20626       1.0672
   20627       1.0063
   20628       0.8728
   20629       0.9419
   20630       0.8777
   20631       0.9273
   20632       0.9199
   20633       0.8842
   20634       0.9307
   20635       0.8944
   20636       1.0010
   20637       0.9635
   20638       0.9030
   20639       0.9064
   20640       0.9193
   20641       0.8923
   20642       0.9308
   20643       0.8592
   20644       0.9170
   20645       0.9260
   20646       0.9308
   20647       0.9506
   20648       1.0360
   20649       0.9842
   20650       1.0568
   20651       0.9207
   20652       0.9851
   20653       0.9737
   20654       1.0056
   20655       0.9098
   20656       0.9115
   20657       0.9946
   20658       0.9972
   20659       1.0443
   20660       0.9818
   20661       0.9388
   20662       1.0250
   20663       0.9045
   20664       0.9514
   20665       0.8543
   20666       0.9488
   20667       0.9467
   20668       0.9701
   20669       1.0283
   20670       0.9899
   20671       0.9662
   20672       0.9656
   20673       0.9466
   20674       0.9782
   20675       0.9495
   20676       0.9395
   20677       1.0383
   20678       1.0515
   20679       0.9982
   20680       0.8978
   20681       0.9853
   20682       0.9636
   20683       0.9109
   20684       0.9787
   20685       0.9829
   20686       0.9717
   20687       0.8513
   20688       0.9175
   20689       1.0206
   20690       0.9886
   20691       1.1109
   20692       0.9418
   20693       0.9167
   20694       0.9346
   20695       0.9879
   20696       0.9859
   20697       0.9401
   20698       1.0005
   20699       1.0301
   20700       1.1273
   20701       0.9440
   20702       0.9778
   20703       0.9721
   20704       0.9478
   20705       0.9774
   20706       0.9512
   20707       1.0493
   20708       0.9968
   20709       1.0253
   20710       1.1207
   20711       1.0862
   20712       1.1057
   20713       1.0449
   20714       0.9128
   20715       0.8807
   20716       0.9462
   20717       1.0003
   20718       0.9028
   20719       0.9660
   20720       1.0039
   20721       1.0872
   20722       1.1344
   20723       1.2034
   20724       1.2105
   20725       1.0469
   20726       1.0326
   20727       1.0651
   20728       1.1468
   20729       1.0643
   20730       1.1200
   20731       1.1177
   20732       1.1308
   20733       1.0729
   20734       1.0009
   20735       1.0847
   20736       1.0711
   20737       1.0456
   20738       1.1857
   20739       1.1224
   20740       1.0775
   20741       1.0854
   20742       0.9718
   20743       1.0575
   20744       1.0471
   20745       0.9775
   20746       1.0263
   20747       0.9078
   20748       0.8801
   20749       0.8926
   20750       0.9518
   20751       0.9520
   20752       1.0400
   20753       1.0432
   20754       0.9939
   20755       0.9160
   20756       0.9275
   20757       0.9976
   20758       1.2274
   20759       1.2850
   20760       1.1858
   20761       1.0384
   20762       1.0281
   20763       1.1142
   20764       1.1002
   20765       1.2059
   20766       1.0145
   20767       0.9873
   20768       1.0489
   20769       1.1553
   20770       1.2140
   20771       1.1088
   20772       1.1930
   20773       1.1812
   20774       1.0633
   20775       1.0998
   20776       1.0842
   20777       1.0516
   20778       1.0866
   20779       1.0914
   20780       1.1104
   20781       1.0800
   20782       1.1100
   20783       1.1204
   20784       1.0668
   20785       1.0657
   20786       1.0628
   20787       1.0802
   20788       1.1726
   20789       1.0813
   20790       1.0197
   20791       1.1021
   20792       1.0405
   20793       0.9915
   20794       1.0545
   20795       1.0352
   20796       1.0458
   20797       1.1357
   20798       1.0190
   20799       0.9770
   20800       0.9260
   20801       1.0867
   20802       1.1472
   20803       0.9585
   20804       1.0931
   20805       1.0664
   20806       1.0728
   20807       1.1291
   20808       1.0179
   20809       1.0917
   20810       1.1622
   20811       1.1916
   20812       1.0408
   20813       1.0583
   20814       1.2122
   20815       1.0226
   20816       1.0193
   20817       1.0453
   20818       1.0383
   20819       1.0006
   20820       1.0886
   20821       0.9918
   20822       1.0209
   20823       0.9397
   20824       0.9957
   20825       1.0160
   20826       1.0021
   20827       1.0359
   20828       1.0148
   20829       0.9744
   20830       1.0242
   20831       1.0246
   20832       0.9187
   20833       0.9099
   20834       0.9795
   20835       0.9788
   20836       1.0261
   20837       1.0320
   20838       1.0126
   20839       0.9479
   20840       0.9308
   20841       0.9416
   20842       1.0114
   20843       1.0074
   20844       0.9230
   20845       0.9667
   20846       1.0448
   20847       1.0083
   20848       1.1843
   20849       1.2079
   20850       1.1394
   20851       1.0085
   20852       0.9665
   20853       0.8814
   20854       0.8997
   20855       0.8973
   20856       0.9714
   20857       0.9670
   20858       0.9765
   20859       1.0872
   20860       1.1020
   20861       1.0212
   20862       1.0689
   20863       1.0126
   20864       1.0176
   20865       0.9913
   20866       1.0486
   20867       0.9755
   20868       1.1111
   20869       1.1397
   20870       1.0927
   20871       0.9884
   20872       1.0760
   20873       1.1488
   20874       1.2044
   20875       1.1111
   20876       1.1864
   20877       1.2194
   20878       1.1486
   20879       1.0097
   20880       1.0093
   20881       1.0660
   20882       0.9998
   20883       0.9798
   20884       1.0453
   20885       1.0124
   20886       0.9975
   20887       1.1084
   20888       1.1179
   20889       1.0995
   20890       0.9990
   20891       0.9320
   20892       0.9984
   20893       0.9635
   20894       1.0040
   20895       0.9455
   20896       0.9996
   20897       1.0358
   20898       1.0259
   20899       1.0632
   20900       1.0014
   20901       1.0502
   20902       1.1074
   20903       0.9898
   20904       1.0914
   20905       1.0404
   20906       0.9269
   20907       1.0400
   20908       1.0524
   20909       0.9649
   20910       1.0686
   20911       0.9776
   20912       1.0502
   20913       1.0356
   20914       1.0407
   20915       0.9504
   20916       1.0028
   20917       1.0254
   20918       0.9883
   20919       0.8811
   20920       0.9776
   20921       1.0090
   20922       1.0849
   20923       1.1155
   20924       1.1078
   20925       1.0158
   20926       1.0473
   20927       1.0922
   20928       1.0523
   20929       0.9165
   20930       0.9388
   20931       0.9945
   20932       1.0079
   20933       1.0292
   20934       1.0315
   20935       0.9666
   20936       1.1713
   20937       0.9285
   20938       1.0241
   20939       1.0453
   20940       0.9372
   20941       0.9912
   20942       1.0765
   20943       1.0305
   20944       1.0603
   20945       1.1375
   20946       1.0536
   20947       1.1614
   20948       1.1422
   20949       1.1807
   20950       1.1208
   20951       1.0075
   20952       0.9958
   20953       1.1386
   20954       1.0870
   20955       1.0561
   20956       1.0464
   20957       0.9913
   20958       0.9374
   20959       1.0115
   20960       0.9788
   20961       0.9508
   20962       0.9399
   20963       1.0281
   20964       0.9721
   20965       0.9934
   20966       1.0576
   20967       1.1251
   20968       1.0644
   20969       1.1097
   20970       0.9829
   20971       0.9617
   20972       1.0121
   20973       0.8999
   20974       0.9678
   20975       1.0023
   20976       1.0257
   20977       0.9141
   20978       0.9550
   20979       0.9739
   20980       0.8975
   20981       0.9110
   20982       0.8994
   20983       0.8841
   20984       0.9150
   20985       0.9963
   20986       1.0776
   20987       1.0529
   20988       0.9551
   20989       0.9994
   20990       0.9690
   20991       0.9043
   20992       0.8778
   20993       0.8968
   20994       0.9698
   20995       1.0024
   20996       1.0716
   20997       1.1525
   20998       1.2081
   20999       1.1416
   21000       1.1551
   21001       1.1020
   21002       1.1985
   21003       1.2384
   21004       1.1190
   21005       1.0776
   21006       1.1663
   21007       1.1228
   21008       1.2423
   21009       1.1312
   21010       0.9729
   21011       1.1502
   21012       0.9506
   21013       1.0552
   21014       1.1875
   21015       1.1515
   21016       1.2169
   21017       1.1663
   21018       1.1001
   21019       1.0804
   21020       1.1386
   21021       1.1043
   21022       1.1329
   21023       1.0032
   21024       1.0629
   21025       1.2022
   21026       1.2163
   21027       1.0857
   21028       0.9936
   21029       0.9164
   21030       0.7839
   21031       0.8364
   21032       0.8492
   21033       0.8423
   21034       0.8545
   21035       0.8787
   21036       0.9037
   21037       0.8760
   21038       0.8925
   21039       0.8491
   21040       0.8275
   21041       0.9645
   21042       0.9361
   21043       0.8779
   21044       0.8335
   21045       0.8482
   21046       0.8187
   21047       0.8160
   21048       0.9483
   21049       0.9419
   21050       0.9569
   21051       1.0243
   21052       1.0004
   21053       0.9697
   21054       0.9210
   21055       0.9549
   21056       0.8925
   21057       0.8850
   21058       0.9142
   21059       0.9054
   21060       1.0069
   21061       0.8575
   21062       0.8608
   21063       0.8574
   21064       0.8824
   21065       0.9803
   21066       1.0314
   21067       0.9670
   21068       0.8736
   21069       0.9278
   21070       0.9675
   21071       0.8771
   21072       0.8680
   21073       0.8823
   21074       0.9308
   21075       0.9670
   21076       0.9552
   21077       0.9674
   21078       1.0174
   21079       0.9515
   21080       0.9441
   21081       0.8720
   21082       0.8422
   21083       0.8168
   21084       0.8831
   21085       0.8468
   21086       0.8830
   21087       0.8399
   21088       0.8907
   21089       0.9764
   21090       1.0667
   21091       0.9208
   21092       0.9304
   21093       1.0354
   21094       0.9024
   21095       0.9542
   21096       0.8429
   21097       0.8581
   21098       0.8529
   21099       0.8739
   21100       0.8031
   21101       0.8744
   21102       0.8986
   21103       0.8898
   21104       0.8887
   21105       0.8944
   21106       0.8397
   21107       0.8595
   21108       0.9086
   21109       0.8291
   21110       0.8524
   21111       0.9306
   21112       0.9099
   21113       0.8967
   21114       0.7725
   21115       0.8726
   21116       0.8866
   21117       0.8891
   21118       0.8889
   21119       0.8907
   21120       0.8960
   21121       0.9109
   21122       0.9543
   21123       1.0896
   21124       0.9048
   21125       0.9183
   21126       0.7769
   21127       0.8390
   21128       0.8956
   21129       0.8266
   21130       0.8354
   21131       0.9286
   21132       0.8068
   21133       0.9655
   21134       0.7676
   21135       0.8279
   21136       0.8611
   21137       0.9156
   21138       1.0497
   21139       0.8401
   21140       0.8081
   21141       0.7573
   21142       0.8254
   21143       0.8156
   21144       0.8720
   21145       0.8340
   21146       0.8896
   21147       0.9185
   21148       0.9193
   21149       0.9031
   21150       0.7973
   21151       0.7891
   21152       0.9882
   21153       1.0035
   21154       0.9825
   21155       0.8827
   21156       0.8177
   21157       0.8555
   21158       0.8402
   21159       0.8357
   21160       0.9242
   21161       0.7722
   21162       0.7916
   21163       0.8877
   21164       0.8781
   21165       0.8276
   21166       0.9006
   21167       0.8273
   21168       0.8282
   21169       0.8491
   21170       0.9967
   21171       0.8755
   21172       0.7559
   21173       0.8959
   21174       0.8524
   21175       0.8553
   21176       0.9488
   21177       0.9691
   21178       0.8540
   21179       0.8464
   21180       0.8372
   21181       0.8563
   21182       0.9395
   21183       0.7919
   21184       0.9137
   21185       0.9388
   21186       0.8195
   21187       0.9145
   21188       0.9156
   21189       0.9336
   21190       0.8800
   21191       0.9738
   21192       1.0192
   21193       1.1237
   21194       0.9373
   21195       1.0431
   21196       0.9169
   21197       0.9629
   21198       0.8894
   21199       0.8480
   21200       0.8009
   21201       0.9404
   21202       0.9002
   21203       0.7836
   21204       0.8495
   21205       0.7997
   21206       0.8772
   21207       0.8663
   21208       0.7779
   21209       0.8336
   21210       0.8769
   21211       0.8399
   21212       0.8610
   21213       0.8445
   21214       0.8584
   21215       0.8721
   21216       0.8676
   21217       0.8529
   21218       0.8964
   21219       0.9060
   21220       0.8116
   21221       0.8316
   21222       0.9969
   21223       0.9346
   21224       0.9793
   21225       1.0465
   21226       0.8462
   21227       0.9211
   21228       1.0163
   21229       0.8642
   21230       0.8997
   21231       0.8770
   21232       0.7456
   21233       1.0012
   21234       0.9545
   21235       0.8667
   21236       0.8914
   21237       0.9369
   21238       0.8856
   21239       0.9356
   21240       0.9090
   21241       0.9241
   21242       1.0019
   21243       1.0257
   21244       0.8503
   21245       0.8820
   21246       0.9263
   21247       0.9712
   21248       0.8439
   21249       0.9331
   21250       0.9016
   21251       0.9670
   21252       0.9707
   21253       0.9589
   21254       0.9034
   21255       1.0082
   21256       1.0074
   21257       0.8932
   21258       0.8856
   21259       0.9962
   21260       0.9442
   21261       0.8917
   21262       0.9420
   21263       0.8194
   21264       0.8771
   21265       0.7844
   21266       1.0251
   21267       0.9075
   21268       0.9605
   21269       1.0477
   21270       1.1422
   21271       1.1316
   21272       1.0716
   21273       1.0320
   21274       1.0163
   21275       0.9032
   21276       0.9469
   21277       0.9430
   21278       0.9731
   21279       0.8162
   21280       0.7918
   21281       0.8400
   21282       0.9553
   21283       0.8886
   21284       0.8277
   21285       0.8835
   21286       0.9079
   21287       0.9020
   21288       0.9677
   21289       0.8593
   21290       0.8174
   21291       0.9121
   21292       0.8130
   21293       0.8777
   21294       0.8151
   21295       0.7133
   21296       0.8419
   21297       0.8292
   21298       0.8275
   21299       0.7290
   21300       0.8524
   21301       0.7710
   21302       0.8700
   21303       0.7885
   21304       0.7234
   21305       0.8450
   21306       1.0690
   21307       1.0765
   21308       1.1162
   21309       1.0005
   21310       0.9210
   21311       0.9076
   21312       0.8360
   21313       0.7743
   21314       0.8570
   21315       1.0043
   21316       1.0616
   21317       0.9732
   21318       0.9084
   21319       0.9119
   21320       0.8585
   21321       0.9132
   21322       0.8404
   21323       0.9697
   21324       0.9146
   21325       0.8845
   21326       0.8664
   21327       0.8032
   21328       0.9730
   21329       0.9375
   21330       0.8911
   21331       0.8104
   21332       0.8636
   21333       0.8504
   21334       0.8750
   21335       0.8950
   21336       0.9192
   21337       0.9121
   21338       0.7900
   21339       0.7558
   21340       0.8452
   21341       0.8960
   21342       0.9904
   21343       0.8920
   21344       0.9955
   21345       0.9042
   21346       0.9602
   21347       0.9162
   21348       1.0942
   21349       0.9908
   21350       0.8273
   21351       0.8740
   21352       0.9049
   21353       0.9110
   21354       0.9507
   21355       1.0322
   21356       0.9937
   21357       0.9367
   21358       1.0003
   21359       0.8471
   21360       0.8586
   21361       0.9226
   21362       0.9164
   21363       0.9640
   21364       0.8351
   21365       0.9523
   21366       0.9062
   21367       0.8251
   21368       0.8997
   21369       1.0557
   21370       0.8809
   21371       0.8864
   21372       0.9565
   21373       0.8746
   21374       0.9468
   21375       0.9310
   21376       0.8507
   21377       0.8172
   21378       0.8925
   21379       0.8770
   21380       0.9004
   21381       0.9693
   21382       0.9067
   21383       0.9696
   21384       0.9712
   21385       0.9526
   21386       0.9506
   21387       0.8276
   21388       0.8980
   21389       0.9066
   21390       0.9418
   21391       0.9114
   21392       0.9514
   21393       0.9608
   21394       0.9395
   21395       0.9707
   21396       1.0691
   21397       1.0946
   21398       1.0301
   21399       1.0188
   21400       1.1282
   21401       0.8993
   21402       1.0823
   21403       0.9600
   21404       0.9912
   21405       1.0634
   21406       1.0350
   21407       1.0423
   21408       1.0061
   21409       1.0320
   21410       1.0496
   21411       1.0298
   21412       1.0191
   21413       1.0721
   21414       0.9380
   21415       0.9607
   21416       1.0685
   21417       0.9787
   21418       0.9755
   21419       1.0100
   21420       0.9573
   21421       1.0866
   21422       1.0462
   21423       0.9219
   21424       1.0362
   21425       0.9743
   21426       0.8538
   21427       0.8745
   21428       0.8558
   21429       0.9874
   21430       0.9708
   21431       1.0512
   21432       1.1430
   21433       1.0033
   21434       0.9766
   21435       1.0056
   21436       1.0825
   21437       0.9727
   21438       1.0375
   21439       1.0172
   21440       1.0064
   21441       1.0504
   21442       1.0089
   21443       0.9552
   21444       0.9386
   21445       0.9603
   21446       0.9588
   21447       0.9358
   21448       0.8411
   21449       0.8427
   21450       0.8596
   21451       0.7968
   21452       0.7542
   21453       0.8180
   21454       0.8654
   21455       0.8826
   21456       0.9146
   21457       0.7915
   21458       0.8658
   21459       0.8996
   21460       0.8800
   21461       0.9272
   21462       0.9934
   21463       0.8764
   21464       0.8626
   21465       0.9239
   21466       0.9121
   21467       0.9631
   21468       0.8640
   21469       0.8598
   21470       0.9043
   21471       1.0142
   21472       1.0402
   21473       1.0547
   21474       1.0449
   21475       0.9765
   21476       1.0079
   21477       0.9355
   21478       0.8891
   21479       0.9603
   21480       0.9566
   21481       0.9443
   21482       0.9781
   21483       1.0479
   21484       1.0314
   21485       1.0285
   21486       1.1075
   21487       1.0963
   21488       1.0873
   21489       1.0043
   21490       1.0163
   21491       1.0415
   21492       1.0802
   21493       1.0421
   21494       0.9688
   21495       0.9727
   21496       1.0523
   21497       1.0845
   21498       1.0520
   21499       1.2044
   21500       1.1220
   21501       1.1205
   21502       1.1591
   21503       1.1500
   21504       1.1463
   21505       1.2391
   21506       1.2576
   21507       1.1753
   21508       1.1505
   21509       1.1729
   21510       1.1075
   21511       1.1424
   21512       1.1324
   21513       1.1480
   21514       1.2067
   21515       1.2958
   21516       1.3354
   21517       1.2197
   21518       1.2089
   21519       1.2480
   21520       1.1211
   21521       1.0020
   21522       1.0487
   21523       1.1245
   21524       1.1487
   21525       1.2768
   21526       1.2244
   21527       1.1036
   21528       1.0991
   21529       1.0400
   21530       1.1671
   21531       1.2328
   21532       1.0504
   21533       1.1334
   21534       1.1005
   21535       1.1191
   21536       0.9634
   21537       1.1096
   21538       1.1557
   21539       1.0905
   21540       1.0602
   21541       1.1029
   21542       1.1889
   21543       1.2272
   21544       1.2342
   21545       1.1321
   21546       1.0509
   21547       1.0468
   21548       1.0235
   21549       1.0936
   21550       1.1036
   21551       1.1730
   21552       1.0932
   21553       1.2133
   21554       1.1789
   21555       1.1211
   21556       1.3333
   21557       1.2575
   21558       1.1579
   21559       1.0568
   21560       1.1386
   21561       1.0298
   21562       1.0566
   21563       1.1226
   21564       1.1732
   21565       1.1235
   21566       1.0969
   21567       1.0959
   21568       1.2048
   21569       1.2176
   21570       1.2264
   21571       1.3793
   21572       1.3469
   21573       1.1691
   21574       1.0958
   21575       1.0433
   21576       1.1074
   21577       0.9492
   21578       0.9195
   21579       0.9227
   21580       1.0531
   21581       1.1160
   21582       0.9862
   21583       1.0518
   21584       1.0839
   21585       1.0282
   21586       1.0707
   21587       1.1569
   21588       1.1292
   21589       1.1554
   21590       1.1056
   21591       1.1720
   21592       1.0931
   21593       0.9995
   21594       1.1411
   21595       1.1439
   21596       0.9896
   21597       0.9543
   21598       1.1236
   21599       1.0923
   21600       1.1762
   21601       1.1597
   21602       1.2005
   21603       1.0703
   21604       1.0883
   21605       1.1188
   21606       1.1364
   21607       1.1569
   21608       1.0176
   21609       1.0982
   21610       1.0863
   21611       1.1959
   21612       1.1568
   21613       1.1146
   21614       1.0524
   21615       1.1433
   21616       1.0178
   21617       1.0094
   21618       1.0514
   21619       1.1339
   21620       1.1589
   21621       1.1096
   21622       1.1689
   21623       1.1153
   21624       1.2074
   21625       1.0849
   21626       1.1935
   21627       1.2592
   21628       1.0987
   21629       1.0886
   21630       1.1597
   21631       1.2029
   21632       1.2909
   21633       1.2924
   21634       1.2943
   21635       1.3701
   21636       1.3463
   21637       1.2964
   21638       1.3853
   21639       1.1924
   21640       1.1744
   21641       1.1573
   21642       1.1509
   21643       1.2418
   21644       1.1575
   21645       1.2865
   21646       1.3020
   21647       1.1985
   21648       1.3830
   21649       1.2132
   21650       1.1943
   21651       1.1977
   21652       1.1114
   21653       1.2432
   21654       1.1230
   21655       1.0803
   21656       1.0941
   21657       1.2474
   21658       1.1405
   21659       1.2048
   21660       1.1435
   21661       1.1772
   21662       1.2235
   21663       1.2718
   21664       1.0940
   21665       1.0882
   21666       1.1462
   21667       1.1039
   21668       1.0482
   21669       1.0591
   21670       1.2502
   21671       1.2114
   21672       1.2316
   21673       1.1600
   21674       1.1740
   21675       1.0804
   21676       1.0765
   21677       1.0733
   21678       1.0245
   21679       1.0334
   21680       1.0771
   21681       1.0921
   21682       1.0295
   21683       1.1217
   21684       0.9963
   21685       0.9468
   21686       0.9912
   21687       0.9629
   21688       1.0264
   21689       1.0532
   21690       1.0118
   21691       1.0825
   21692       1.0859
   21693       1.1683
   21694       1.1348
   21695       1.1786
   21696       1.1316
   21697       1.0107
   21698       1.0560
   21699       1.0239
   21700       1.0158
   21701       1.0774
   21702       1.1320
   21703       1.1346
   21704       1.0940
   21705       1.0974
   21706       1.0872
   21707       1.0047
   21708       1.0709
   21709       1.0500
   21710       1.0256
   21711       1.1191
   21712       1.0270
   21713       0.9728
   21714       0.9875
   21715       0.9791
   21716       1.0621
   21717       1.0227
   21718       0.9962
   21719       0.9436
   21720       1.0076
   21721       1.0960
   21722       1.1185
   21723       1.0304
   21724       1.0010
   21725       1.0577
   21726       1.0821
   21727       1.0239
   21728       1.1288
   21729       1.0911
   21730       1.0976
   21731       1.1694
   21732       1.0608
   21733       1.0288
   21734       1.0983
   21735       1.1000
   21736       1.1552
   21737       1.0131
   21738       1.1055
   21739       1.0187
   21740       1.0110
   21741       1.0076
   21742       0.9861
   21743       1.0158
   21744       1.1363
   21745       1.2546
   21746       1.2446
   21747       1.0303
   21748       0.9994
   21749       0.9723
   21750       1.0008
   21751       0.9727
   21752       1.0240
   21753       0.9180
   21754       0.9122
   21755       0.9002
   21756       0.9571
   21757       0.9847
   21758       1.0799
   21759       0.9364
   21760       0.9827
   21761       0.9403
   21762       0.9482
   21763       0.9633
   21764       0.9252
   21765       0.9877
   21766       1.0186
   21767       0.9577
   21768       0.9127
   21769       0.9159
   21770       0.9459
   21771       1.0633
   21772       1.1530
   21773       0.9955
   21774       0.9945
   21775       1.0674
   21776       1.0995
   21777       1.0951
   21778       1.0011
   21779       1.1784
   21780       1.1201
   21781       1.0855
   21782       1.0740
   21783       1.0212
   21784       1.0706
   21785       0.9916
   21786       0.9898
   21787       1.0542
   21788       0.9660
   21789       0.8306
   21790       0.9418
   21791       1.0051
   21792       1.0887
   21793       1.2138
   21794       1.0665
   21795       1.1382
   21796       1.2713
   21797       1.1960
   21798       1.0806
   21799       1.1851
   21800       1.2182
   21801       1.1581
   21802       1.1795
   21803       1.1814
   21804       1.0928
   21805       1.1141
   21806       0.9917
   21807       0.9402
   21808       0.9525
   21809       1.0906
   21810       0.9784
   21811       1.0196
   21812       1.0318
   21813       1.0577
   21814       1.1215
   21815       1.0938
   21816       0.9684
   21817       1.0771
   21818       0.8965
   21819       0.9044
   21820       0.9925
   21821       0.9720
   21822       1.0118
   21823       1.0478
   21824       0.9204
   21825       1.0791
   21826       1.0567
   21827       1.0523
   21828       1.0665
   21829       1.0853
   21830       0.9516
   21831       1.0983
   21832       0.9729
   21833       0.9981
   21834       0.9212
   21835       1.0159
   21836       0.9923
   21837       1.0815
   21838       1.0202
   21839       0.8753
   21840       1.0006
   21841       1.1031
   21842       1.0816
   21843       1.0787
   21844       1.0452
   21845       1.0500
   21846       1.0873
   21847       1.1208
   21848       1.0745
   21849       1.0093
   21850       0.9391
   21851       0.9760
   21852       1.0413
   21853       1.0265
   21854       1.0236
   21855       1.0055
   21856       1.1581
   21857       1.1487
   21858       0.9479
   21859       0.8757
   21860       0.9622
   21861       1.0680
   21862       1.0174
   21863       1.1127
   21864       1.0683
   21865       0.9976
   21866       0.9650
   21867       1.0632
   21868       1.0750
   21869       1.1212
   21870       1.0625
   21871       0.9901
   21872       0.9553
   21873       0.9768
   21874       0.9813
   21875       0.9739
   21876       1.0633
   21877       1.0698
   21878       1.0016
   21879       1.0813
   21880       1.0116
   21881       1.0246
   21882       1.0887
   21883       1.0234
   21884       1.0859
   21885       0.9657
   21886       1.0204
   21887       0.9781
   21888       1.0467
   21889       1.0938
   21890       1.0537
   21891       1.0369
   21892       1.0816
   21893       1.0459
   21894       1.1724
   21895       1.0522
   21896       1.1006
   21897       1.0487
   21898       1.0285
   21899       0.9454
   21900       0.9241
   21901       0.9510
   21902       1.0324
   21903       0.9591
   21904       0.8758
   21905       0.9670
   21906       1.0373
   21907       1.0102
   21908       1.0230
   21909       1.0310
   21910       1.0780
   21911       1.0320
   21912       1.0351
   21913       0.9639
   21914       0.9962
   21915       0.9342
   21916       0.9731
   21917       0.9842
   21918       1.0452
   21919       1.1146
   21920       0.8971
   21921       0.8477
   21922       0.8975
   21923       0.9733
   21924       0.9199
   21925       0.9833
   21926       1.0267
   21927       0.9695
   21928       1.0129
   21929       1.1113
   21930       1.0439
   21931       1.0172
   21932       1.1002
   21933       1.0482
   21934       1.0235
   21935       1.0113
   21936       1.0992
   21937       1.0841
   21938       1.0548
   21939       1.0403
   21940       1.0300
   21941       1.0340
   21942       1.0319
   21943       0.9414
   21944       1.0116
   21945       0.9763
   21946       0.9351
   21947       1.0436
   21948       1.0999
   21949       1.2239
   21950       1.2410
   21951       1.1040
   21952       1.0983
   21953       1.1475
   21954       1.0247
   21955       1.0024
   21956       1.1198
   21957       1.1710
   21958       1.0883
   21959       1.1448
   21960       1.1522
   21961       1.0947
   21962       1.0883
   21963       0.9435
   21964       1.1002
   21965       1.0761
   21966       1.0298
   21967       1.1438
   21968       1.1490
   21969       1.0391
   21970       1.1335
   21971       0.9979
   21972       1.0827
   21973       1.1044
   21974       1.0269
   21975       1.0329
   21976       1.0548
   21977       1.0021
   21978       1.1400
   21979       1.0188
   21980       1.1286
   21981       1.1312
   21982       1.0101
   21983       1.0080
   21984       0.9531
   21985       0.9972
   21986       0.9427
   21987       1.0014
   21988       1.0107
   21989       1.1448
   21990       1.0001
   21991       0.9483
   21992       0.8646
   21993       0.9562
   21994       0.9598
   21995       0.8998
   21996       0.9462
   21997       0.9608
   21998       0.9626
   21999       0.9593
   22000       0.9297
   22001       0.9649
   22002       0.9461
   22003       0.9723
   22004       0.9505
   22005       0.9075
   22006       0.9215
   22007       0.8447
   22008       0.9140
   22009       0.9537
   22010       1.1012
   22011       0.9015
   22012       0.9121
   22013       1.0047
   22014       0.8435
   22015       0.8792
   22016       0.8762
   22017       0.8893
   22018       0.8194
   22019       0.9033
   22020       0.8529
   22021       0.8839
   22022       1.0264
   22023       1.0257
   22024       0.9197
   22025       0.8824
   22026       0.9794
   22027       1.0881
   22028       1.0870
   22029       0.9497
   22030       1.0744
   22031       1.1943
   22032       1.1660
   22033       1.0082
   22034       1.0486
   22035       1.1157
   22036       1.1117
   22037       1.2623
   22038       1.1946
   22039       1.2020
   22040       1.1069
   22041       1.0524
   22042       1.0707
   22043       1.0742
   22044       1.1534
   22045       1.0324
   22046       0.9647
   22047       1.0174
   22048       1.0199
   22049       0.9997
   22050       1.1479
   22051       1.0407
   22052       1.0765
   22053       1.1294
   22054       1.0892
   22055       1.0598
   22056       1.0835
   22057       1.0670
   22058       1.2718
   22059       1.2708
   22060       1.0321
   22061       1.1706
   22062       1.1048
   22063       1.1328
   22064       1.0525
   22065       1.1217
   22066       1.1191
   22067       1.1675
   22068       1.1134
   22069       1.0766
   22070       1.1278
   22071       1.2350
   22072       1.1327
   22073       1.0668
   22074       0.9582
   22075       1.0413
   22076       1.0825
   22077       1.0779
   22078       1.0588
   22079       1.1196
   22080       1.1258
   22081       1.0682
   22082       1.0574
   22083       0.9563
   22084       1.0017
   22085       1.0500
   22086       1.1027
   22087       0.9527
   22088       0.9459
   22089       1.0046
   22090       1.0697
   22091       1.1114
   22092       1.1579
   22093       1.2095
   22094       1.0908
   22095       1.0015
   22096       0.9725
   22097       0.9670
   22098       0.9266
   22099       0.9217
   22100       1.0143
   22101       1.0430
   22102       1.2003
   22103       1.2528
   22104       1.0533
   22105       0.9740
   22106       0.9851
   22107       0.8690
   22108       0.9040
   22109       0.8978
   22110       0.9645
   22111       1.0658
   22112       0.9988
   22113       1.0546
   22114       0.9876
   22115       1.1558
   22116       1.1679
   22117       0.9804
   22118       1.0416
   22119       0.9154
   22120       0.9663
   22121       0.9793
   22122       0.9344
   22123       0.9434
   22124       1.0047
   22125       0.9319
   22126       0.8791
   22127       0.8691
   22128       0.8602
   22129       0.8996
   22130       0.9408
   22131       0.9385
   22132       0.9265
   22133       0.9714
   22134       1.0168
   22135       1.0329
   22136       1.0579
   22137       1.0123
   22138       1.0864
   22139       0.9843
   22140       1.0505
   22141       1.0424
   22142       1.0610
   22143       1.1059
   22144       1.0933
   22145       1.0756
   22146       0.9608
   22147       1.0792
   22148       1.0717
   22149       1.0390
   22150       1.0189
   22151       1.2136
   22152       1.0654
   22153       1.0915
   22154       1.0242
   22155       1.0053
   22156       0.9734
   22157       0.9730
   22158       1.0855
   22159       1.1394
   22160       1.0598
   22161       0.9518
   22162       1.0477
   22163       1.1158
   22164       1.1031
   22165       1.2191
   22166       1.2539
   22167       1.1491
   22168       1.1672
   22169       1.0461
   22170       1.0413
   22171       1.0441
   22172       0.9687
   22173       0.9050
   22174       1.0243
   22175       0.9298
   22176       1.0219
   22177       0.9835
   22178       1.1254
   22179       1.0234
   22180       1.0829
   22181       1.0549
   22182       0.9823
   22183       1.0409
   22184       1.1478
   22185       0.9988
   22186       0.9890
   22187       1.0575
   22188       1.0380
   22189       1.0414
   22190       1.0577
   22191       1.0969
   22192       0.9921
   22193       0.9713
   22194       0.9179
   22195       0.9035
   22196       0.8774
   22197       0.7955
   22198       0.8038
   22199       0.9079
   22200       0.9199
   22201       0.8767
   22202       0.9777
   22203       1.0214
   22204       1.0257
   22205       1.0516
   22206       0.9222
   22207       0.9028
   22208       0.9197
   22209       0.8920
   22210       0.8606
   22211       0.9773
   22212       0.9621
   22213       1.0226
   22214       1.0394
   22215       0.9476
   22216       0.8995
   22217       0.9369
   22218       1.0084
   22219       0.9977
   22220       1.1216
   22221       1.0116
   22222       0.9375
   22223       0.9612
   22224       0.9855
   22225       1.0071
   22226       1.0201
   22227       0.9987
   22228       1.2237
   22229       1.1659
   22230       1.2615
   22231       1.1926
   22232       1.0337
   22233       0.9327
   22234       1.0986
   22235       1.1123
   22236       1.0504
   22237       1.1029
   22238       1.1210
   22239       1.0941
   22240       1.2003
   22241       1.2812
   22242       1.2079
   22243       1.3079
   22244       1.2333
   22245       1.2418
   22246       1.2915
   22247       1.2928
   22248       1.2734
   22249       1.3346
   22250       1.1223
   22251       1.1412
   22252       1.1141
   22253       1.0384
   22254       1.1217
   22255       1.0822
   22256       1.0607
   22257       1.0895
   22258       0.9099
   22259       0.9725
   22260       0.9214
   22261       1.0096
   22262       0.9806
   22263       0.9290
   22264       0.9878
   22265       1.0241
   22266       0.9793
   22267       0.9567
   22268       0.9664
   22269       1.0014
   22270       0.9636
   22271       1.1120
   22272       0.9506
   22273       1.0553
   22274       1.0618
   22275       1.0740
   22276       0.9541
   22277       1.0318
   22278       0.9911
   22279       1.0032
   22280       0.9116
   22281       0.9160
   22282       1.1110
   22283       1.0893
   22284       1.1352
   22285       1.1861
   22286       1.1272
   22287       1.1670
   22288       1.1181
   22289       1.0690
   22290       1.0244
   22291       1.0339
   22292       1.0845
   22293       1.0526
   22294       1.0285
   22295       1.0786
   22296       1.0654
   22297       1.1127
   22298       1.3370
   22299       1.3407
   22300       1.3791
   22301       1.4597
   22302       1.2952
   22303       1.0721
   22304       1.0739
   22305       1.1033
   22306       1.0839
   22307       1.0339
   22308       1.1705
   22309       1.1415
   22310       1.1931
   22311       1.1734
   22312       1.0880
   22313       1.1257
   22314       1.1303
   22315       1.1003
   22316       1.2351
   22317       1.0811
   22318       1.1427
   22319       1.1478
   22320       1.1711
   22321       1.1977
   22322       1.2960
   22323       1.2741
   22324       1.1182
   22325       1.1503
   22326       1.2042
   22327       1.2108
   22328       1.0709
   22329       1.0580
   22330       1.1355
   22331       1.1679
   22332       1.2227
   22333       1.1909
   22334       1.1539
   22335       1.0804
   22336       1.0486
   22337       1.0367
   22338       0.9528
   22339       1.0381
   22340       1.1551
   22341       1.0321
   22342       1.0030
   22343       0.9283
   22344       1.0757
   22345       1.1286
   22346       1.1386
   22347       1.0815
   22348       1.0209
   22349       1.0556
   22350       1.0565
   22351       1.0556
   22352       1.1386
   22353       1.0582
   22354       1.0126
   22355       1.0291
   22356       1.0850
   22357       1.1575
   22358       1.0604
   22359       1.1426
   22360       1.0198
   22361       1.0240
   22362       1.0648
   22363       1.0210
   22364       1.0287
   22365       1.0346
   22366       1.0590
   22367       1.0881
   22368       1.0695
   22369       1.0453
   22370       1.0319
   22371       0.9794
   22372       1.0334
   22373       0.9284
   22374       0.9049
   22375       1.0186
   22376       1.0220
   22377       0.9462
   22378       0.9840
   22379       1.0961
   22380       1.0905
   22381       0.9506
   22382       0.9311
   22383       0.9580
   22384       0.9085
   22385       1.0146
   22386       0.9505
   22387       0.8913
   22388       0.8458
   22389       1.0313
   22390       1.0662
   22391       1.0758
   22392       1.0714
   22393       1.0370
   22394       1.1817
   22395       1.1969
   22396       0.9567
   22397       0.9199
   22398       1.0913
   22399       0.9429
   22400       0.9234
   22401       0.9979
   22402       1.1034
   22403       1.1768
   22404       1.0772
   22405       1.1560
   22406       1.1941
   22407       1.1661
   22408       1.2580
   22409       1.1269
   22410       1.1808
   22411       1.1998
   22412       1.1762
   22413       1.1039
   22414       0.9812
   22415       1.1223
   22416       1.1052
   22417       1.0200
   22418       0.9606
   22419       1.0460
   22420       1.0582
   22421       1.1084
   22422       1.0915
   22423       1.0491
   22424       0.9898
   22425       1.0136
   22426       1.0041
   22427       0.9919
   22428       1.0751
   22429       1.0846
   22430       1.0111
   22431       1.0180
   22432       0.9887
   22433       1.0205
   22434       0.9727
   22435       0.8922
   22436       0.9158
   22437       1.0321
   22438       0.9522
   22439       0.9324
   22440       1.0104
   22441       1.0856
   22442       0.9726
   22443       1.0166
   22444       0.9957
   22445       1.0643
   22446       1.1172
   22447       1.2342
   22448       1.0923
   22449       1.0633
   22450       1.1131
   22451       1.1839
   22452       1.1232
   22453       1.1024
   22454       1.0999
   22455       1.0047
   22456       1.0632
   22457       1.0921
   22458       1.1642
   22459       1.0702
   22460       1.1478
   22461       1.1005
   22462       1.0768
   22463       0.9941
   22464       1.0376
   22465       0.9851
   22466       0.9870
   22467       0.9630
   22468       1.0697
   22469       1.0091
   22470       1.0053
   22471       1.0476
   22472       1.1245
   22473       1.2438
   22474       1.0177
   22475       0.9885
   22476       1.0563
   22477       0.9375
   22478       0.9527
   22479       1.0435
   22480       1.1121
   22481       0.9123
   22482       0.9391
   22483       1.0361
   22484       1.0489
   22485       1.0419
   22486       1.0513
   22487       1.0298
   22488       0.9679
   22489       1.0594
   22490       0.9391
   22491       0.9789
   22492       1.0837
   22493       1.0710
   22494       0.9956
   22495       0.9689
   22496       1.1140
   22497       1.0124
   22498       1.1081
   22499       1.0444
   22500       1.0204
   22501       0.9650
   22502       0.8949
   22503       0.9220
   22504       0.9760
   22505       1.0596
   22506       1.0190
   22507       1.0171
   22508       1.1110
   22509       1.0499
   22510       1.0368
   22511       0.9806
   22512       1.0152
   22513       0.9486
   22514       0.9938
   22515       1.0607
   22516       0.9387
   22517       0.9156
   22518       0.8964
   22519       0.9345
   22520       0.9197
   22521       1.1371
   22522       0.9964
   22523       0.9985
   22524       0.9709
   22525       1.0682
   22526       1.0051
   22527       1.0748
   22528       0.9906
   22529       0.9782
   22530       1.0136
   22531       0.9756
   22532       1.0746
   22533       1.0107
   22534       1.0395
   22535       1.0558
   22536       1.0062
   22537       0.9389
   22538       1.0230
   22539       1.0816
   22540       1.0915
   22541       0.9965
   22542       0.9640
   22543       0.8539
   22544       0.9130
   22545       0.9310
   22546       1.0261
   22547       0.9759
   22548       0.9692
   22549       0.9327
   22550       0.9504
   22551       0.9327
   22552       0.9024
   22553       0.9569
   22554       0.8558
   22555       0.8720
   22556       0.9166
   22557       1.0219
   22558       1.0412
   22559       0.9752
   22560       0.8564
   22561       0.8500
   22562       0.7817
   22563       0.8985
   22564       1.0035
   22565       0.9644
   22566       0.8803
   22567       0.9457
   22568       0.9586
   22569       0.9800
   22570       0.9111
   22571       0.8926
   22572       0.9048
   22573       0.9191
   22574       0.8899
   22575       0.9710
   22576       0.9489
   22577       0.9985
   22578       0.9501
   22579       0.9723
   22580       0.8878
   22581       1.0021
   22582       0.9884
   22583       0.9032
   22584       0.9722
   22585       0.9110
   22586       1.0387
   22587       0.9055
   22588       0.8811
   22589       0.9730
   22590       0.9036
   22591       0.8615
   22592       0.8655
   22593       0.8676
   22594       0.9639
   22595       0.9887
   22596       0.9896
   22597       0.9763
   22598       0.8481
   22599       0.9230
   22600       0.8749
   22601       0.8318
   22602       0.9079
   22603       0.9463
   22604       1.0007
   22605       0.9993
   22606       0.9664
   22607       0.9453
   22608       0.9143
   22609       0.9138
   22610       0.9133
   22611       0.9450
   22612       0.8945
   22613       0.9529
   22614       0.9993
   22615       0.9945
   22616       0.9428
   22617       0.9126
   22618       0.8308
   22619       0.9376
   22620       0.8738
   22621       0.9357
   22622       0.9642
   22623       0.8985
   22624       1.0143
   22625       0.9785
   22626       0.9573
   22627       0.9926
   22628       1.0239
   22629       0.9724
   22630       0.9140
   22631       0.8811
   22632       0.9871
   22633       1.0300
   22634       1.0169
   22635       0.9531
   22636       0.9478
   22637       0.9832
   22638       1.0599
   22639       0.9876
   22640       1.0015
   22641       0.9147
   22642       0.9234
   22643       0.9541
   22644       1.0654
   22645       1.1425
   22646       1.0222
   22647       1.0585
   22648       1.1223
   22649       0.9616
   22650       1.0424
   22651       0.9364
   22652       0.9737
   22653       1.0412
   22654       0.9672
   22655       1.0072
   22656       1.0833
   22657       1.0520
   22658       0.9654
   22659       1.0290
   22660       1.1216
   22661       1.0315
   22662       0.9916
   22663       0.9296
   22664       0.9269
   22665       1.0321
   22666       1.1277
   22667       1.0617
   22668       1.0195
   22669       0.9729
   22670       0.9142
   22671       0.9511
   22672       1.0473
   22673       0.9637
   22674       0.9502
   22675       0.9746
   22676       1.0615
   22677       0.9918
   22678       1.0224
   22679       1.1144
   22680       1.0451
   22681       0.9598
   22682       1.0669
   22683       0.9289
   22684       0.9257
   22685       0.9164
   22686       0.8636
   22687       0.9401
   22688       0.8916
   22689       0.9309
   22690       0.9008
   22691       0.9173
   22692       0.9842
   22693       0.9503
   22694       1.0443
   22695       0.9534
   22696       1.0851
   22697       1.0443
   22698       1.0658
   22699       1.0160
   22700       1.0745
   22701       0.9994
   22702       0.9953
   22703       0.9645
   22704       0.9714
   22705       1.0140
   22706       0.9747
   22707       0.8751
   22708       1.0353
   22709       1.0749
   22710       1.0443
   22711       0.9144
   22712       0.9660
   22713       0.9190
   22714       0.9105
   22715       0.9969
   22716       0.9154
   22717       0.8856
   22718       0.9362
   22719       1.0164
   22720       0.9824
   22721       0.9086
   22722       0.9585
   22723       0.8454
   22724       0.9308
   22725       0.8847
   22726       1.0633
   22727       0.9383
   22728       0.8584
   22729       0.9354
   22730       0.9395
   22731       0.9809
   22732       1.1043
   22733       0.9849
   22734       0.9825
   22735       0.9914
   22736       0.9191
   22737       0.9880
   22738       1.0022
   22739       0.9706
   22740       1.0337
   22741       0.9961
   22742       0.9390
   22743       0.8574
   22744       0.8501
   22745       0.9317
   22746       1.0387
   22747       1.0480
   22748       0.9676
   22749       1.0327
   22750       1.0892
   22751       1.1474
   22752       1.1616
   22753       1.1398
   22754       1.1809
   22755       1.0978
   22756       1.1267
   22757       1.1368
   22758       1.0201
   22759       0.9570
   22760       1.0194
   22761       1.1097
   22762       1.1002
   22763       0.9827
   22764       0.9978
   22765       1.0399
   22766       1.1140
   22767       0.9955
   22768       1.0240
   22769       1.0048
   22770       1.0518
   22771       1.1009
   22772       1.0103
   22773       1.0233
   22774       1.1495
   22775       1.0493
   22776       1.0251
   22777       0.9925
   22778       0.9996
   22779       1.0273
   22780       0.9302
   22781       0.9222
   22782       0.9330
   22783       0.8491
   22784       0.9968
   22785       0.9281
   22786       0.9240
   22787       0.9261
   22788       0.9548
   22789       0.9331
   22790       0.9609
   22791       0.9255
   22792       1.0299
   22793       1.0775
   22794       0.9864
   22795       0.8985
   22796       0.8642
   22797       0.8765
   22798       0.8870
   22799       0.8921
   22800       0.8191
   22801       0.9420
   22802       1.0903
   22803       1.1314
   22804       1.2174
   22805       1.0284
   22806       0.9781
   22807       0.9614
   22808       1.0256
   22809       1.0152
   22810       1.0478
   22811       0.9289
   22812       0.9129
   22813       0.9856
   22814       1.0176
   22815       1.1237
   22816       1.1125
   22817       1.0928
   22818       1.0274
   22819       1.0900
   22820       1.1828
   22821       1.2322
   22822       1.2128
   22823       1.1848
   22824       1.1283
   22825       1.0308
   22826       1.0793
   22827       0.9639
   22828       1.1697
   22829       1.0809
   22830       1.1349
   22831       1.1258
   22832       1.0713
   22833       1.2094
   22834       1.1980
   22835       1.1586
   22836       1.0926
   22837       1.1624
   22838       1.0716
   22839       1.1057
   22840       1.2217
   22841       1.2949
   22842       1.3499
   22843       1.2220
   22844       1.2442
   22845       1.2571
   22846       1.2953
   22847       1.2604
   22848       1.1839
   22849       1.1549
   22850       1.1514
   22851       1.0179
   22852       1.0344
   22853       1.0522
   22854       1.0014
   22855       1.0033
   22856       1.1259
   22857       1.0583
   22858       0.9612
   22859       1.0404
   22860       0.9816
   22861       1.1354
   22862       1.0348
   22863       1.0725
   22864       1.0238
   22865       1.0532
   22866       1.0655
   22867       1.0539
   22868       1.0414
   22869       1.0384
   22870       1.0461
   22871       1.0346
   22872       0.9774
   22873       1.1079
   22874       0.9631
   22875       1.0077
   22876       1.1010
   22877       1.0680
   22878       1.1685
   22879       1.0414
   22880       1.1617
   22881       1.0071
   22882       1.1048
   22883       1.1624
   22884       1.0885
   22885       1.0897
   22886       1.0250
   22887       1.0630
   22888       1.0553
   22889       0.9751
   22890       0.9213
   22891       1.0062
   22892       1.0544
   22893       1.0277
   22894       0.9558
   22895       0.9692
   22896       1.0695
   22897       0.9794
   22898       1.0063
   22899       1.0265
   22900       1.0135
   22901       1.0168
   22902       1.1016
   22903       0.9748
   22904       1.0165
   22905       1.0738
   22906       0.9959
   22907       1.0618
   22908       1.0120
   22909       1.0652
   22910       1.0708
   22911       1.0939
   22912       0.9979
   22913       1.0816
   22914       1.0601
   22915       1.0449
   22916       0.9725
   22917       1.0355
   22918       1.0808
   22919       0.9422
   22920       1.0731
   22921       1.0277
   22922       0.9705
   22923       1.0741
   22924       1.0637
   22925       1.0242
   22926       0.9565
   22927       0.9850
   22928       1.0656
   22929       1.0324
   22930       1.0861
   22931       1.0892
   22932       1.0427
   22933       1.0506
   22934       1.0966
   22935       1.0452
   22936       1.0526
   22937       1.1076
   22938       1.1586
   22939       1.1135
   22940       1.2071
   22941       1.1013
   22942       1.0817
   22943       1.0643
   22944       1.1323
   22945       1.1500
   22946       1.1226
   22947       1.1227
   22948       1.0927
   22949       1.1598
   22950       1.0901
   22951       1.0250
   22952       0.9597
   22953       1.0669
   22954       1.0319
   22955       1.0735
   22956       1.0186
   22957       1.0955
   22958       0.9942
   22959       1.0767
   22960       0.9261
   22961       1.0137
   22962       1.0835
   22963       1.1443
   22964       0.9583
   22965       0.8997
   22966       1.1032
   22967       0.9908
   22968       0.9456
   22969       0.9509
   22970       0.9264
   22971       0.9593
   22972       0.9109
   22973       1.0494
   22974       0.9979
   22975       1.0658
   22976       1.1197
   22977       0.9903
   22978       0.9135
   22979       0.8952
   22980       0.9813
   22981       1.0476
   22982       1.0275
   22983       1.0395
   22984       0.9596
   22985       0.9957
   22986       0.9900
   22987       1.0305
   22988       1.0317
   22989       1.1739
   22990       1.0624
   22991       1.0599
   22992       1.0378
   22993       1.0486
   22994       1.1053
   22995       1.1186
   22996       1.0745
   22997       1.1022
   22998       1.0319
   22999       1.0647
   23000       1.1273
   23001       1.1136
   23002       1.1030
   23003       1.0798
   23004       1.0730
   23005       1.0519
   23006       1.1177
   23007       0.9849
   23008       1.0332
   23009       1.0272
   23010       1.1600
   23011       1.1395
   23012       1.1072
   23013       1.0712
   23014       0.9583
   23015       0.9483
   23016       1.0830
   23017       1.1006
   23018       1.0564
   23019       0.9935
   23020       0.9745
   23021       0.9918
   23022       1.0139
   23023       1.0559
   23024       0.9850
   23025       1.0173
   23026       1.0757
   23027       1.1255
   23028       1.0904
   23029       1.0759
   23030       1.1036
   23031       1.0776
   23032       1.1966
   23033       1.1567
   23034       1.1649
   23035       1.1777
   23036       1.1686
   23037       1.1208
   23038       1.1337
   23039       1.0078
   23040       1.0349
   23041       0.9820
   23042       1.0705
   23043       1.0996
   23044       1.0265
   23045       1.1349
   23046       1.0799
   23047       1.1644
   23048       1.2833
   23049       1.2153
   23050       1.2419
   23051       1.2519
   23052       1.3173
   23053       1.1983
   23054       1.1915
   23055       1.2058
   23056       1.0951
   23057       1.0954
   23058       1.0463
   23059       1.0661
   23060       1.1979
   23061       1.2368
   23062       1.1423
   23063       1.1740
   23064       1.1261
   23065       1.1636
   23066       1.2368
   23067       1.1518
   23068       1.0091
   23069       1.1128
   23070       1.1880
   23071       1.1631
   23072       1.0699
   23073       1.0980
   23074       1.1334
   23075       1.0959
   23076       1.1065
   23077       0.9935
   23078       0.9524
   23079       1.0223
   23080       1.0882
   23081       1.0394
   23082       1.1451
   23083       1.1807
   23084       1.1617
   23085       1.0836
   23086       1.1457
   23087       1.2969
   23088       1.1918
   23089       1.2198
   23090       1.1755
   23091       1.2146
   23092       1.2349
   23093       1.2044
   23094       1.1810
   23095       1.1997
   23096       1.2721
   23097       1.2184
   23098       1.1162
   23099       1.2706
   23100       1.2875
   23101       1.3296
   23102       1.2371
   23103       1.3366
   23104       1.3732
   23105       1.3465
   23106       1.3206
   23107       1.3132
   23108       1.2071
   23109       1.1513
   23110       1.1208
   23111       1.1675
   23112       1.0489
   23113       1.2044
   23114       1.2306
   23115       1.0999
   23116       1.0613
   23117       1.0377
   23118       1.1193
   23119       1.1246
   23120       1.0621
   23121       1.0578
   23122       1.1059
   23123       1.2303
   23124       1.2085
   23125       1.0270
   23126       1.1475
   23127       1.1255
   23128       0.9838
   23129       0.9931
   23130       1.1904
   23131       1.1361
   23132       1.0630
   23133       1.0699
   23134       1.0427
   23135       1.1579
   23136       1.1332
   23137       1.2132
   23138       1.1851
   23139       1.0659
   23140       1.2289
   23141       1.2575
   23142       1.1734
   23143       1.2649
   23144       1.1676
   23145       1.1330
   23146       1.1860
   23147       1.1096
   23148       1.2515
   23149       1.0620
   23150       1.0137
   23151       1.0647
   23152       1.1170
   23153       1.1779
   23154       1.0457
   23155       1.1317
   23156       1.0714
   23157       1.0622
   23158       1.1030
   23159       1.1724
   23160       1.0525
   23161       0.9582
   23162       1.0814
   23163       1.0859
   23164       1.1202
   23165       0.9981
   23166       1.1277
   23167       1.1337
   23168       1.0310
   23169       1.0969
   23170       1.1270
   23171       1.2864
   23172       1.1438
   23173       1.1293
   23174       1.1826
   23175       1.2603
   23176       1.1613
   23177       1.2881
   23178       1.1810
   23179       1.1402
   23180       1.1636
   23181       1.1247
   23182       1.1546
   23183       1.0690
   23184       1.2448
   23185       1.0962
   23186       1.0567
   23187       1.2185
   23188       1.1592
   23189       1.1310
   23190       1.0603
   23191       1.1345
   23192       1.0475
   23193       1.1016
   23194       1.2197
   23195       1.3265
   23196       1.1813
   23197       1.2161
   23198       1.3161
   23199       1.4392
   23200       1.2992
   23201       1.2010
   23202       1.1879
   23203       1.0907
   23204       1.2371
   23205       1.0915
   23206       1.1429
   23207       1.1004
   23208       1.2138
   23209       1.1545
   23210       1.1734
   23211       1.2860
   23212       1.1178
   23213       1.1644
   23214       1.1793
   23215       1.1090
   23216       1.2269
   23217       1.1146
   23218       1.2792
   23219       1.2351
   23220       1.1584
   23221       1.0921
   23222       1.2290
   23223       1.2215
   23224       1.1545
   23225       1.2068
   23226       1.2710
   23227       1.2859
   23228       1.0866
   23229       1.1060
   23230       1.0761
   23231       1.0754
   23232       1.1986
   23233       1.2471
   23234       1.0858
   23235       1.0701
   23236       1.0671
   23237       1.0431
   23238       1.1994
   23239       1.2272
   23240       1.2056
   23241       1.1940
   23242       1.2020
   23243       1.1901
   23244       1.2317
   23245       1.2363
   23246       1.2754
   23247       1.1815
   23248       1.2912
   23249       1.1730
   23250       1.0894
   23251       1.3395
   23252       1.2365
   23253       1.1611
   23254       1.1183
   23255       1.1923
   23256       1.2544
   23257       1.1958
   23258       1.3153
   23259       1.2663
   23260       1.3827
   23261       1.2754
   23262       1.1782
   23263       1.1364
   23264       1.2070
   23265       1.4276
   23266       1.2792
   23267       1.1364
   23268       1.3211
   23269       1.4663
   23270       1.3312
   23271       1.3587
   23272       1.1883
   23273       1.3355
   23274       1.3341
   23275       1.2356
   23276       1.2093
   23277       1.1187
   23278       1.1563
   23279       1.1114
   23280       1.1474
   23281       1.2158
   23282       1.1857
   23283       1.2833
   23284       1.1216
   23285       1.2035
   23286       1.2203
   23287       1.1632
   23288       1.0181
   23289       1.1053
   23290       1.0967
   23291       1.1053
   23292       1.0714
   23293       1.1679
   23294       1.0969
   23295       1.2057
   23296       1.1929
   23297       1.1241
   23298       1.1512
   23299       1.1123
   23300       1.1722
   23301       1.1953
   23302       1.2718
   23303       1.2701
   23304       1.2718
   23305       1.3349
   23306       1.4044
   23307       1.2431
   23308       1.1360
   23309       1.3082
   23310       1.1856
   23311       1.1541
   23312       1.1888
   23313       1.2185
   23314       1.1019
   23315       1.1067
   23316       0.9753
   23317       1.0956
   23318       1.2023
   23319       0.9974
   23320       1.0089
   23321       1.1082
   23322       1.0900
   23323       1.0986
   23324       1.1636
   23325       1.0943
   23326       0.9767
   23327       1.1043
   23328       0.9419
   23329       1.1284
   23330       1.1307
   23331       1.0673
   23332       1.1600
   23333       1.1515
   23334       1.0698
   23335       1.0831
   23336       1.0678
   23337       1.0000
   23338       1.1148
   23339       1.2337
   23340       1.2134
   23341       1.2168
   23342       1.2086
   23343       1.1847
   23344       1.1377
   23345       1.2639
   23346       1.1689
   23347       1.1253
   23348       1.1417
   23349       1.2198
   23350       1.1485
   23351       1.1448
   23352       1.2075
   23353       1.2597
   23354       1.2236
   23355       1.2264
   23356       1.2970
   23357       1.3137
   23358       1.3676
   23359       1.3467
   23360       1.4691
   23361       1.3344
   23362       1.4703
   23363       1.2718
   23364       1.2671
   23365       1.2609
   23366       1.3852
   23367       1.2434
   23368       1.2131
   23369       1.0659
   23370       1.0867
   23371       1.1985
   23372       1.0368
   23373       1.0307
   23374       1.0857
   23375       1.0556
   23376       1.1112
   23377       1.1633
   23378       1.1070
   23379       1.2117
   23380       1.2783
   23381       1.3395
   23382       1.2856
   23383       1.3020
   23384       1.3340
   23385       1.2575
   23386       1.0893
   23387       1.1688
   23388       1.2084
   23389       1.2669
   23390       1.1569
   23391       1.1768
   23392       1.2780
   23393       1.2629
   23394       1.2331
   23395       1.1161
   23396       1.0657
   23397       1.0383
   23398       1.0313
   23399       1.0855
   23400       1.0595
   23401       1.1625
   23402       1.1372
   23403       1.0923
   23404       1.0745
   23405       1.2317
   23406       1.3066
   23407       1.2853
   23408       1.3490
   23409       1.4142
   23410       1.2736
   23411       1.1137
   23412       1.1008
   23413       1.1100
   23414       1.1413
   23415       1.0807
   23416       1.1475
   23417       1.2000
   23418       1.1633
   23419       1.2653
   23420       1.2581
   23421       1.2857
   23422       1.1912
   23423       1.0395
   23424       1.0943
   23425       1.0841
   23426       1.1496
   23427       1.0165
   23428       1.1095
   23429       1.1174
   23430       1.0894
   23431       1.1746
   23432       1.0683
   23433       0.9816
   23434       0.9360
   23435       1.0079
   23436       1.0689
   23437       0.9819
   23438       0.9278
   23439       1.0381
   23440       0.8925
   23441       0.9668
   23442       1.0141
   23443       1.0099
   23444       1.0866
   23445       1.0341
   23446       0.9129
   23447       0.9554
   23448       0.9351
   23449       0.9690
   23450       1.1537
   23451       1.1517
   23452       1.1343
   23453       1.0356
   23454       1.2149
   23455       1.1142
   23456       1.1359
   23457       1.0802
   23458       1.1134
   23459       1.0944
   23460       1.1617
   23461       1.2112
   23462       1.1190
   23463       1.2162
   23464       1.2173
   23465       1.4469
   23466       1.3409
   23467       1.2106
   23468       1.2330
   23469       1.2652
   23470       1.2282
   23471       1.2659
   23472       1.3383
   23473       1.1820
   23474       1.0677
   23475       1.0932
   23476       1.0869
   23477       1.1818
   23478       1.2015
   23479       1.0550
   23480       1.0902
   23481       1.0695
   23482       1.0748
   23483       1.0787
   23484       1.1249
   23485       1.0386
   23486       1.0005
   23487       1.0667
   23488       1.1051
   23489       1.1117
   23490       1.2021
   23491       1.2792
   23492       1.2791
   23493       1.1939
   23494       1.0642
   23495       1.2667
   23496       1.2368
   23497       1.2556
   23498       1.1537
   23499       1.4397
   23500       1.2815
   23501       1.1827
   23502       1.1733
   23503       1.0842
   23504       1.1800
   23505       1.0310
   23506       1.1272
   23507       1.1438
   23508       1.0460
   23509       1.1546
   23510       1.2306
   23511       1.1775
   23512       1.1768
   23513       1.1897
   23514       1.2015
   23515       1.2361
   23516       1.1554
   23517       1.1599
   23518       1.1815
   23519       1.2255
   23520       1.2471
   23521       1.1593
   23522       1.0598
   23523       1.0699
   23524       1.1198
   23525       1.0814
   23526       1.1171
   23527       1.1552
   23528       1.1640
   23529       1.0921
   23530       1.1056
   23531       1.2089
   23532       1.2066
   23533       1.3479
   23534       1.2698
   23535       1.2595
   23536       1.2595
   23537       1.2611
   23538       1.4002
   23539       1.4587
   23540       1.4133
   23541       1.4485
   23542       1.2909
   23543       1.2959
   23544       1.1253
   23545       1.2195
   23546       1.2853
   23547       1.1099
   23548       1.2733
   23549       1.2899
   23550       1.4996
   23551       1.3992
   23552       1.5077
   23553       1.3111
   23554       1.3490
   23555       1.3396
   23556       1.3464
   23557       1.3780
   23558       1.3387
   23559       1.2409
   23560       1.1856
   23561       1.1727
   23562       1.1109
   23563       1.1230
   23564       1.1493
   23565       1.1814
   23566       1.1868
   23567       1.1713
   23568       1.1959
   23569       1.1273
   23570       1.2656
   23571       1.1336
   23572       1.0767
   23573       1.0505
   23574       1.1856
   23575       1.3053
   23576       1.2476
   23577       1.1659
   23578       1.1998
   23579       1.3472
   23580       1.2362
   23581       1.2108
   23582       1.1837
   23583       1.2034
   23584       1.2319
   23585       1.2600
   23586       1.1104
   23587       1.1591
   23588       1.1172
   23589       1.1309
   23590       1.0552
   23591       1.1536
   23592       1.1475
   23593       1.1277
   23594       1.1990
   23595       1.3646
   23596       1.0588
   23597       1.0629
   23598       1.2020
   23599       1.1563
   23600       1.1817
   23601       1.2521
   23602       1.1557
   23603       1.1597
   23604       1.1457
   23605       1.1998
   23606       1.1566
   23607       1.1000
   23608       1.2775
   23609       1.0410
   23610       1.1442
   23611       1.1792
   23612       1.3934
   23613       1.3471
   23614       1.2992
   23615       1.3219
   23616       1.4307
   23617       1.3524
   23618       1.2184
   23619       1.5569
   23620       1.4887
   23621       1.4781
   23622       1.2484
   23623       1.3550
   23624       1.4235
   23625       1.2166
   23626       1.3520
   23627       1.2128
   23628       1.3266
   23629       1.2791
   23630       1.2557
   23631       1.3682
   23632       1.2178
   23633       1.2958
   23634       1.3152
   23635       1.2714
   23636       1.2888
   23637       1.3145
   23638       1.4748
   23639       1.4493
   23640       1.3870
   23641       1.4614
   23642       1.3451
   23643       1.3847
   23644       1.3213
   23645       1.2485
   23646       1.2142
   23647       1.0786
   23648       1.1802
   23649       1.1149
   23650       1.1346
   23651       1.1800
   23652       1.3425
   23653       1.2415
   23654       1.2439
   23655       1.3869
   23656       1.4525
   23657       1.3866
   23658       1.2538
   23659       1.2933
   23660       1.1131
   23661       1.1906
   23662       1.1461
   23663       1.0582
   23664       1.1407
   23665       1.1864
   23666       1.0930
   23667       1.1118
   23668       1.1470
   23669       1.1227
   23670       1.1213
   23671       1.1222
   23672       1.0937
   23673       1.0852
   23674       1.0823
   23675       1.0785
   23676       1.1248
   23677       1.0399
   23678       1.0556
   23679       1.1599
   23680       1.1604
   23681       1.1956
   23682       1.1976
   23683       1.0849
   23684       1.0827
   23685       1.1509
   23686       0.9999
   23687       0.9864
   23688       1.0427
   23689       1.0759
   23690       0.9655
   23691       0.9699
   23692       1.0550
   23693       0.9921
   23694       1.0799
   23695       1.2043
   23696       1.2095
   23697       0.9940
   23698       1.1713
   23699       1.1027
   23700       1.0042
   23701       1.0840
   23702       1.1582
   23703       1.0740
   23704       1.0798
   23705       1.0804
   23706       1.2099
   23707       1.2263
   23708       1.2172
   23709       0.9678
   23710       1.0187
   23711       1.2445
   23712       1.2362
   23713       1.2164
   23714       1.0948
   23715       1.1387
   23716       1.0709
   23717       1.0107
   23718       1.0649
   23719       0.9883
   23720       1.0063
   23721       0.9546
   23722       0.9056
   23723       0.9155
   23724       0.8388
   23725       0.9154
   23726       0.9050
   23727       0.8277
   23728       0.9906
   23729       0.9194
   23730       1.0695
   23731       1.1549
   23732       1.0239
   23733       1.1019
   23734       1.0289
   23735       0.9075
   23736       0.9359
   23737       1.0000
   23738       0.9714
   23739       1.1619
   23740       1.1157
   23741       1.1944
   23742       1.1500
   23743       1.1846
   23744       1.1280
   23745       1.0614
   23746       1.0473
   23747       1.0403
   23748       1.1112
   23749       0.9282
   23750       0.9251
   23751       1.0220
   23752       1.0658
   23753       1.0919
   23754       1.0924
   23755       1.0720
   23756       1.2231
   23757       1.0461
   23758       1.1030
   23759       1.0290
   23760       1.2451
   23761       1.0653
   23762       0.9867
   23763       1.0012
   23764       0.9667
   23765       1.0658
   23766       1.1272
   23767       1.2100
   23768       1.4673
   23769       1.4323
   23770       1.1056
   23771       1.2034
   23772       0.9494
   23773       0.9902
   23774       0.9977
   23775       0.9433
   23776       0.9947
   23777       1.0805
   23778       1.0402
   23779       1.1218
   23780       1.0925
   23781       1.2072
   23782       1.1386
   23783       0.9412
   23784       0.9435
   23785       0.9742
   23786       1.1291
   23787       1.2241
   23788       0.9677
   23789       1.0544
   23790       1.0255
   23791       0.9795
   23792       0.9258
   23793       1.1478
   23794       1.0425
   23795       1.1940
   23796       1.1829
   23797       1.2671
   23798       1.2873
   23799       1.2969
   23800       1.2227
   23801       1.0736
   23802       1.1552
   23803       1.2472
   23804       1.2154
   23805       1.2094
   23806       1.0061
   23807       1.0119
   23808       1.1075
   23809       1.0761
   23810       1.1002
   23811       1.0167
   23812       0.9925
   23813       1.0277
   23814       1.0281
   23815       0.9288
   23816       0.9693
   23817       1.0856
   23818       1.1140
   23819       1.0336
   23820       1.1595
   23821       1.1177
   23822       1.1683
   23823       1.3631
   23824       1.3235
   23825       1.3792
   23826       1.1879
   23827       1.2100
   23828       1.1961
   23829       1.2258
   23830       1.3015
   23831       1.2912
   23832       1.3099
   23833       1.1784
   23834       1.1465
   23835       0.9667
   23836       0.9344
   23837       0.9664
   23838       0.9049
   23839       0.9779
   23840       0.9373
   23841       0.8603
   23842       0.9058
   23843       1.0083
   23844       0.9058
   23845       1.0325
   23846       1.0050
   23847       1.0418
   23848       1.1072
   23849       1.0713
   23850       1.2303
   23851       1.1977
   23852       1.2506
   23853       1.1608
   23854       1.1424
   23855       1.1545
   23856       1.0396
   23857       0.9698
   23858       0.9130
   23859       0.9403
   23860       0.9607
   23861       0.9485
   23862       1.0577
   23863       1.1401
   23864       1.0957
   23865       0.9985
   23866       1.0029
   23867       0.9979
   23868       0.9302
   23869       0.9830
   23870       1.1106
   23871       1.1194
   23872       1.0335
   23873       0.8548
   23874       1.0278
   23875       1.0358
   23876       1.0897
   23877       1.1179
   23878       1.2533
   23879       1.4026
   23880       1.1222
   23881       1.1846
   23882       1.3038
   23883       1.2448
   23884       1.2131
   23885       1.2430
   23886       1.1775
   23887       1.0769
   23888       1.0207
   23889       1.0472
   23890       0.9626
   23891       1.0475
   23892       1.1584
   23893       1.0733
   23894       1.0424
   23895       1.0311
   23896       1.0930
   23897       1.0108
   23898       1.0313
   23899       1.1027
   23900       1.1264
   23901       1.0576
   23902       1.1208
   23903       1.1139
   23904       0.9876
   23905       1.0186
   23906       1.1040
   23907       1.1466
   23908       1.0532
   23909       0.9860
   23910       0.9266
   23911       1.0509
   23912       0.9540
   23913       1.0891
   23914       0.9792
   23915       0.9807
   23916       1.0478
   23917       0.9757
   23918       1.1094
   23919       0.9607
   23920       0.9991
   23921       0.9816
   23922       1.0725
   23923       1.0099
   23924       1.0813
   23925       1.2095
   23926       1.3050
   23927       1.1698
   23928       1.1652
   23929       1.1230
   23930       1.1099
   23931       1.0055
   23932       0.9994
   23933       0.9994
   23934       1.0384
   23935       1.0783
   23936       0.9971
   23937       1.2124
   23938       0.9873
   23939       1.0305
   23940       1.0807
   23941       1.0316
   23942       0.9878
   23943       1.0472
   23944       0.9931
   23945       1.0578
   23946       1.0624
   23947       1.0505
   23948       0.9615
   23949       1.0772
   23950       0.9197
   23951       1.0221
   23952       1.0696
   23953       1.1502
   23954       1.3385
   23955       1.2525
   23956       1.1344
   23957       1.1083
   23958       1.1293
   23959       1.0699
   23960       1.0834
   23961       0.9650
   23962       1.1118
   23963       1.0737
   23964       0.9936
   23965       0.9789
   23966       1.0216
   23967       0.9800
   23968       1.0634
   23969       1.1389
   23970       1.1055
   23971       1.3071
   23972       1.2227
   23973       1.1556
   23974       1.2547
   23975       1.2933
   23976       1.0876
   23977       1.1870
   23978       1.1255
   23979       1.2029
   23980       1.2487
   23981       1.2518
   23982       1.1691
   23983       1.2048
   23984       1.0726
   23985       0.9790
   23986       0.9036
   23987       0.9213
   23988       0.9607
   23989       0.9122
   23990       0.9254
   23991       1.1141
   23992       1.0054
   23993       1.0866
   23994       0.9287
   23995       1.1688
   23996       1.1036
   23997       1.1869
   23998       1.0976
   23999       1.0592
   24000       1.1255
   24001       1.2383
   24002       1.2954
   24003       1.1052
   24004       1.1135
   24005       1.1628
   24006       1.0720
   24007       1.1413
   24008       1.2599
   24009       1.2906
   24010       1.2394
   24011       1.2239
   24012       1.1475
   24013       0.9782
   24014       0.9758
   24015       0.9748
   24016       1.0908
   24017       1.0555
   24018       1.0644
   24019       1.1722
   24020       1.0642
   24021       1.1414
   24022       0.9428
   24023       0.9368
   24024       1.0351
   24025       0.9854
   24026       0.9908
   24027       0.9032
   24028       0.8812
   24029       0.8185
   24030       0.8761
   24031       0.8302
   24032       0.8951
   24033       1.0343
   24034       0.8628
   24035       0.9001
   24036       0.9499
   24037       1.0119
   24038       0.9861
   24039       1.0701
   24040       1.0995
   24041       1.0328
   24042       0.9936
   24043       1.1030
   24044       1.0734
   24045       1.0715
   24046       1.0255
   24047       1.0792
   24048       1.2169
   24049       1.2702
   24050       1.1419
   24051       1.0146
   24052       0.9489
   24053       0.8981
   24054       0.9599
   24055       1.0331
   24056       1.1402
   24057       1.2626
   24058       1.1801
   24059       1.1090
   24060       1.0625
   24061       1.0340
   24062       0.9735
   24063       1.0742
   24064       1.1089
   24065       1.0800
   24066       1.1180
   24067       1.1435
   24068       0.9668
   24069       1.1216
   24070       1.1132
   24071       1.2189
   24072       1.1061
   24073       1.1220
   24074       1.0747
   24075       1.0246
   24076       1.1244
   24077       1.0274
   24078       1.0528
   24079       0.9291
   24080       1.0551
   24081       0.9257
   24082       0.9093
   24083       0.9643
   24084       0.9565
   24085       0.9726
   24086       0.9099
   24087       0.9458
   24088       1.0093
   24089       0.9573
   24090       0.9716
   24091       1.1327
   24092       1.1572
   24093       1.3504
   24094       1.2093
   24095       1.0089
   24096       1.0969
   24097       1.0353
   24098       0.9167
   24099       0.9068
   24100       1.0223
   24101       0.9375
   24102       1.0304
   24103       1.1098
   24104       1.1697
   24105       1.2614
   24106       1.1637
   24107       1.2060
   24108       1.3481
   24109       1.3696
   24110       1.1946
   24111       1.2005
   24112       1.2738
   24113       1.2178
   24114       1.1887
   24115       1.1239
   24116       1.1747
   24117       1.2280
   24118       1.2302
   24119       1.2086
   24120       1.0751
   24121       1.1706
   24122       1.2520
   24123       1.3957
   24124       1.2459
   24125       1.3185
   24126       1.0757
   24127       1.1354
   24128       1.2433
   24129       1.1987
   24130       1.2918
   24131       1.3574
   24132       1.1786
   24133       1.0109
   24134       1.1558
   24135       1.1016
   24136       1.2195
   24137       1.1940
   24138       1.1972
   24139       1.1052
   24140       1.1346
   24141       1.1823
   24142       1.1953
   24143       1.2185
   24144       1.1840
   24145       1.0904
   24146       1.2908
   24147       1.1837
   24148       1.2413
   24149       1.1582
   24150       1.2549
   24151       1.0894
   24152       1.0784
   24153       1.0757
   24154       1.0405
   24155       1.0802
   24156       1.1003
   24157       1.0198
   24158       0.9973
   24159       1.0081
   24160       1.0275
   24161       1.0897
   24162       0.9709
   24163       0.9283
   24164       1.0869
   24165       1.1168
   24166       1.1296
   24167       1.1585
   24168       0.9856
   24169       1.0674
   24170       1.1039
   24171       1.0389
   24172       1.1426
   24173       1.2697
   24174       1.2595
   24175       1.3186
   24176       1.3116
   24177       1.2130
   24178       1.1307
   24179       1.0291
   24180       1.0519
   24181       0.8621
   24182       0.9573
   24183       1.0432
   24184       0.9350
   24185       0.8291
   24186       0.8913
   24187       0.8170
   24188       0.8796
   24189       0.8248
   24190       0.9757
   24191       0.8732
   24192       0.8900
   24193       0.9847
   24194       0.9102
   24195       0.9471
   24196       0.9705
   24197       0.9913
   24198       1.1106
   24199       0.9607
   24200       1.1463
   24201       1.2374
   24202       1.1614
   24203       1.1376
   24204       1.1350
   24205       1.0271
   24206       1.0059
   24207       0.9984
   24208       1.0105
   24209       1.0923
   24210       0.9469
   24211       0.9696
   24212       0.8927
   24213       0.8438
   24214       0.9862
   24215       0.9053
   24216       1.0726
   24217       0.9850
   24218       1.0631
   24219       1.1721
   24220       1.0599
   24221       1.1000
   24222       1.1751
   24223       1.2288
   24224       1.2586
   24225       1.2642
   24226       1.2245
   24227       1.0661
   24228       1.1053
   24229       1.0852
   24230       0.8969
   24231       0.8789
   24232       0.9289
   24233       0.9467
   24234       0.8501
   24235       1.0060
   24236       1.0224
   24237       0.9936
   24238       1.0376
   24239       1.1912
   24240       1.0721
   24241       1.1191
   24242       1.1282
   24243       1.1604
   24244       1.0641
   24245       1.1355
   24246       1.1059
   24247       1.1635
   24248       1.0786
   24249       1.0865
   24250       1.0856
   24251       1.0940
   24252       1.0638
   24253       1.1723
   24254       1.1668
   24255       1.0574
   24256       1.0463
   24257       1.0479
   24258       1.0874
   24259       1.0827
   24260       1.0270
   24261       1.0284
   24262       0.9893
   24263       0.9486
   24264       1.1191
   24265       1.0704
   24266       1.0589
   24267       1.1061
   24268       1.2450
   24269       1.2425
   24270       1.2493
   24271       1.2308
   24272       1.1852
   24273       1.2137
   24274       1.1032
   24275       1.2602
   24276       1.2702
   24277       1.2945
   24278       1.4906
   24279       1.1488
   24280       1.2581
   24281       1.3731
   24282       1.1168
   24283       1.1899
   24284       1.0819
   24285       1.1305
   24286       1.0090
   24287       1.0635
   24288       1.0362
   24289       1.1033
   24290       1.1637
   24291       1.1186
   24292       1.4152
   24293       1.1791
   24294       1.3605
   24295       1.3103
   24296       1.4414
   24297       1.3882
   24298       1.3188
   24299       1.4410
   24300       1.4192
   24301       1.2950
   24302       1.1295
   24303       1.1662
   24304       1.2186
   24305       1.3458
   24306       1.2951
   24307       1.1885
   24308       1.2004
   24309       1.0824
   24310       1.1737
   24311       1.1066
   24312       1.1493
   24313       1.2505
   24314       1.1915
   24315       1.1873
   24316       1.1972
   24317       1.1108
   24318       1.1921
   24319       1.3517
   24320       1.2860
   24321       1.1462
   24322       1.1950
   24323       1.1264
   24324       1.0455
   24325       1.0960
   24326       1.1271
   24327       1.0367
   24328       0.9675
   24329       1.0946
   24330       1.0906
   24331       1.0725
   24332       1.0411
   24333       1.0840
   24334       1.0590
   24335       1.1478
   24336       1.1759
   24337       1.2472
   24338       1.1804
   24339       1.1353
   24340       1.0108
   24341       1.0225
   24342       1.0524
   24343       1.0416
   24344       1.0764
   24345       1.1103
   24346       1.1555
   24347       1.1994
   24348       1.0688
   24349       1.1411
   24350       1.1282
   24351       1.1580
   24352       1.2257
   24353       1.0621
   24354       0.9848
   24355       1.0353
   24356       1.0322
   24357       1.0882
   24358       1.1273
   24359       1.0007
   24360       1.1243
   24361       1.0981
   24362       1.0211
   24363       1.0222
   24364       1.2297
   24365       1.1769
   24366       1.2032
   24367       1.1703
   24368       1.1012
   24369       1.2433
   24370       1.1720
   24371       1.2000
   24372       1.1773
   24373       1.2842
   24374       1.2368
   24375       1.3248
   24376       1.3195
   24377       1.2213
   24378       1.2020
   24379       1.1095
   24380       1.1461
   24381       1.2622
   24382       1.2582
   24383       1.3300
   24384       1.2761
   24385       1.0837
   24386       1.0649
   24387       1.1651
   24388       1.2778
   24389       1.2217
   24390       1.1095
   24391       1.1110
   24392       1.1770
   24393       1.1592
   24394       1.2659
   24395       1.1830
   24396       1.1025
   24397       1.1633
   24398       1.2839
   24399       1.2552
   24400       1.4176
   24401       1.3999
   24402       1.3734
   24403       1.4037
   24404       1.2569
   24405       1.2314
   24406       1.3199
   24407       1.3578
   24408       1.3786
   24409       1.1536
   24410       1.2448
   24411       1.0652
   24412       1.1975
   24413       1.2222
   24414       1.1212
   24415       1.1039
   24416       1.1598
   24417       1.0492
   24418       1.0244
   24419       1.1399
   24420       1.1747
   24421       1.0443
   24422       1.2715
   24423       1.1933
   24424       1.3225
   24425       1.1873
   24426       1.0654
   24427       1.0723
   24428       1.1029
   24429       1.1147
   24430       1.1132
   24431       1.2263
   24432       1.0532
   24433       1.0268
   24434       1.0959
   24435       1.1794
   24436       1.1203
   24437       1.1630
   24438       1.2458
   24439       1.2823
   24440       1.1946
   24441       1.1403
   24442       1.2441
   24443       1.1165
   24444       1.0986
   24445       1.1375
   24446       1.1245
   24447       1.2638
   24448       1.1814
   24449       1.2593
   24450       1.1715
   24451       1.2942
   24452       1.2336
   24453       1.1769
   24454       1.3386
   24455       1.3114
   24456       1.2989
   24457       1.2864
   24458       1.3764
   24459       1.2976
   24460       1.2918
   24461       1.2093
   24462       1.1241
   24463       1.1687
   24464       1.2304
   24465       1.2224
   24466       1.1726
   24467       1.1276
   24468       1.1879
   24469       1.3011
   24470       1.1686
   24471       1.1814
   24472       1.1367
   24473       1.0902
   24474       1.0634
   24475       1.0179
   24476       1.0420
   24477       1.0556
   24478       1.0052
   24479       1.0800
   24480       0.9480
   24481       1.0782
   24482       1.1497
   24483       1.1436
   24484       1.1215
   24485       1.1267
   24486       1.2344
   24487       1.2439
   24488       1.2109
   24489       1.2042
   24490       1.2782
   24491       1.2022
   24492       1.3240
   24493       1.3614
   24494       1.4915
   24495       1.3595
   24496       1.4484
   24497       1.2225
   24498       1.2407
   24499       1.1054
   24500       1.0816
   24501       1.1964
   24502       1.1647
   24503       1.1246
   24504       1.2335
   24505       1.2264
   24506       1.1907
   24507       1.2010
   24508       1.2159
   24509       1.1537
   24510       1.0781
   24511       1.0853
   24512       1.0989
   24513       1.1098
   24514       0.9945
   24515       0.9781
   24516       1.0798
   24517       1.0874
   24518       1.0281
   24519       1.2182
   24520       1.1910
   24521       1.0398
   24522       0.9078
   24523       0.9935
   24524       1.0400
   24525       0.9164
   24526       1.1413
   24527       1.2030
   24528       1.0476
   24529       1.2356
   24530       1.1943
   24531       1.1841
   24532       1.1271
   24533       1.1878
   24534       1.1399
   24535       0.9875
   24536       0.9966
   24537       1.0653
   24538       1.0148
   24539       0.9225
   24540       0.9767
   24541       1.0665
   24542       1.0806
   24543       1.0624
   24544       1.0257
   24545       1.3175
   24546       1.1684
   24547       1.0891
   24548       1.1904
   24549       1.2441
   24550       1.3484
   24551       1.3120
   24552       1.1845
   24553       1.1611
   24554       1.2197
   24555       1.2760
   24556       1.2976
   24557       1.2751
   24558       1.2012
   24559       1.1947
   24560       1.1298
   24561       1.1565
   24562       1.0648
   24563       1.1313
   24564       1.0359
   24565       1.0764
   24566       1.2133
   24567       1.1505
   24568       0.9546
   24569       0.9689
   24570       1.0122
   24571       1.2387
   24572       1.0900
   24573       1.0559
   24574       1.0425
   24575       1.0686
   24576       1.0502
   24577       1.0177
   24578       1.0735
   24579       1.1373
   24580       1.0478
   24581       1.0969
   24582       1.1211
   24583       1.1089
   24584       1.1213
   24585       1.0317
   24586       1.1624
   24587       1.0257
   24588       0.9953
   24589       0.9852
   24590       0.9511
   24591       0.9516
   24592       1.1853
   24593       1.0716
   24594       1.0960
   24595       1.0469
   24596       0.9561
   24597       1.0708
   24598       1.1473
   24599       1.0621
   24600       1.1503
   24601       1.0591
   24602       1.0577
   24603       1.0792
   24604       1.0254
   24605       1.0176
   24606       1.1001
   24607       1.0111
   24608       1.2487
   24609       1.1988
   24610       1.0164
   24611       1.0972
   24612       1.1575
   24613       1.0484
   24614       1.0000
   24615       1.0146
   24616       1.0085
   24617       0.9103
   24618       1.0835
   24619       0.9429
   24620       1.0761
   24621       1.1443
   24622       1.1331
   24623       1.1512
   24624       1.1727
   24625       1.1701
   24626       1.1000
   24627       1.0703
   24628       1.0881
   24629       1.1995
   24630       1.2773
   24631       1.2292
   24632       1.3138
   24633       1.2216
   24634       1.1177
   24635       0.9775
   24636       1.0704
   24637       1.0899
   24638       1.0645
   24639       1.0850
   24640       1.0254
   24641       1.0898
   24642       1.1943
   24643       1.1037
   24644       1.1340
   24645       1.0935
   24646       1.0914
   24647       1.0682
   24648       1.1118
   24649       1.1954
   24650       1.0843
   24651       1.1388
   24652       1.2379
   24653       1.2022
   24654       1.1365
   24655       1.1338
   24656       1.0887
   24657       1.1043
   24658       1.1494
   24659       1.1368
   24660       1.2422
   24661       1.1044
   24662       1.0370
   24663       1.1041
   24664       1.0718
   24665       1.2748
   24666       1.2215
   24667       1.0568
   24668       1.1452
   24669       1.0818
   24670       1.1915
   24671       1.2706
   24672       1.1503
   24673       1.3485
   24674       1.2337
   24675       1.2466
   24676       1.5392
   24677       1.3689
   24678       1.5196
   24679       1.4558
   24680       1.4212
   24681       1.4507
   24682       1.4748
   24683       1.3588
   24684       1.4464
   24685       1.4277
   24686       1.3941
   24687       1.4988
   24688       1.5335
   24689       1.5176
   24690       1.3371
   24691       1.2859
   24692       1.3783
   24693       1.4932
   24694       1.6106
   24695       1.6438
   24696       1.5812
   24697       1.4615
   24698       1.5358
   24699       1.3260
   24700       1.3926
   24701       1.2629
   24702       1.2323
   24703       1.3098
   24704       1.4169
   24705       1.3990
   24706       1.4763
   24707       1.5603
   24708       1.5715
   24709       1.5086
   24710       1.4463
   24711       1.4295
   24712       1.4123
   24713       1.4025
   24714       1.4183
   24715       1.3390
   24716       1.2598
   24717       1.2654
   24718       1.2935
   24719       1.1185
   24720       1.2256
   24721       1.4780
   24722       1.5260
   24723       1.5299
   24724       1.5532
   24725       1.5024
   24726       1.4468
   24727       1.2870
   24728       1.2775
   24729       1.2903
   24730       1.1635
   24731       1.1258
   24732       1.1695
   24733       1.1620
   24734       1.0440
   24735       1.0993
   24736       1.1049
   24737       1.2368
   24738       1.2191
   24739       1.2823
   24740       1.2931
   24741       1.2904
   24742       1.4920
   24743       1.4606
   24744       1.3793
   24745       1.3840
   24746       1.3575
   24747       1.2861
   24748       1.2694
   24749       1.3351
   24750       1.3366
   24751       1.3021
   24752       1.3467
   24753       1.4290
   24754       1.4132
   24755       1.3299
   24756       1.2942
   24757       1.2698
   24758       1.3705
   24759       1.1856
   24760       1.2603
   24761       1.1506
   24762       1.1464
   24763       1.1525
   24764       1.1722
   24765       1.2931
   24766       1.3682
   24767       1.3421
   24768       1.4007
   24769       1.3701
   24770       1.4478
   24771       1.3670
   24772       1.4056
   24773       1.4524
   24774       1.4238
   24775       1.4584
   24776       1.3053
   24777       1.2974
   24778       1.2418
   24779       1.1323
   24780       1.2680
   24781       1.2970
   24782       1.2320
   24783       1.2234
   24784       1.2264
   24785       1.1488
   24786       1.1862
   24787       1.3078
   24788       1.1731
   24789       1.1842
   24790       1.0127
   24791       1.1167
   24792       1.0665
   24793       1.0962
   24794       1.1443
   24795       1.0092
   24796       1.2416
   24797       1.2087
   24798       1.1786
   24799       1.2000
   24800       1.1643
   24801       1.2669
   24802       1.4168
   24803       1.3098
   24804       1.2463
   24805       1.1641
   24806       1.2462
   24807       1.3480
   24808       1.4217
   24809       1.3238
   24810       1.3477
   24811       1.2884
   24812       1.3619
   24813       1.2668
   24814       1.3943
   24815       1.4341
   24816       1.2383
   24817       1.2444
   24818       1.2035
   24819       1.1925
   24820       1.2698
   24821       1.1125
   24822       1.2365
   24823       1.1540
   24824       1.1795
   24825       1.2567
   24826       1.3007
   24827       1.1610
   24828       1.1999
   24829       1.1273
   24830       1.2451
   24831       1.1154
   24832       1.0855
   24833       1.1761
   24834       1.1267
   24835       1.0613
   24836       1.1268
   24837       1.0510
   24838       1.0625
   24839       1.0437
   24840       1.0087
   24841       1.0276
   24842       1.0279
   24843       1.0554
   24844       1.0827
   24845       1.1092
   24846       1.0925
   24847       1.1419
   24848       1.0219
   24849       1.0150
   24850       1.1710
   24851       1.0861
   24852       1.1411
   24853       1.0009
   24854       1.0163
   24855       1.0348
   24856       1.0254
   24857       1.0792
   24858       1.1452
   24859       1.3038
   24860       1.2676
   24861       1.2606
   24862       1.1410
   24863       1.1739
   24864       1.0055
   24865       1.0092
   24866       1.0651
   24867       1.0276
   24868       1.0051
   24869       1.0999
   24870       1.0214
   24871       1.1396
   24872       1.1443
   24873       1.2204
   24874       1.1463
   24875       1.1513
   24876       1.0845
   24877       1.2773
   24878       1.2809
   24879       1.3026
   24880       1.2331
   24881       1.1636
   24882       1.1480
   24883       1.2209
   24884       1.2873
   24885       1.2155
   24886       1.2442
   24887       1.3493
   24888       1.5450
   24889       1.3910
   24890       1.3216
   24891       1.4412
   24892       1.2749
   24893       1.3949
   24894       1.4458
   24895       1.1953
   24896       1.2523
   24897       1.2142
   24898       1.2703
   24899       1.2457
   24900       1.5151
   24901       1.5787
   24902       1.5966
   24903       1.5891
   24904       1.6899
   24905       1.5900
   24906       1.4967
   24907       1.3844
   24908       1.3388
   24909       1.2056
   24910       1.3252
   24911       1.4380
   24912       1.2651
   24913       1.2679
   24914       1.2354
   24915       1.1920
   24916       1.2025
   24917       1.4052
   24918       1.3671
   24919       1.3487
   24920       1.4051
   24921       1.2767
   24922       1.3740
   24923       1.5537
   24924       1.5205
   24925       1.6189
   24926       1.4065
   24927       1.3856
   24928       1.2222
   24929       1.3965
   24930       1.1573
   24931       1.1852
   24932       1.1758
   24933       1.2164
   24934       1.3219
   24935       1.2345
   24936       1.4140
   24937       1.2963
   24938       1.3001
   24939       1.4387
   24940       1.3937
   24941       1.2926
   24942       1.3232
   24943       1.3358
   24944       1.1700
   24945       1.1746
   24946       1.2875
   24947       1.4148
   24948       1.3353
   24949       1.2950
   24950       1.3124
   24951       1.3344
   24952       1.3875
   24953       1.3619
   24954       1.4885
   24955       1.3885
   24956       1.3713
   24957       1.2947
   24958       1.4173
   24959       1.4384
   24960       1.4959
   24961       1.3900
   24962       1.4653
   24963       1.3064
   24964       1.2408
   24965       1.2095
   24966       1.3291
   24967       1.3305
   24968       1.3617
   24969       1.4428
   24970       1.3185
   24971       1.3430
   24972       1.3353
   24973       1.3851
   24974       1.3236
   24975       1.2772
   24976       1.1520
   24977       1.2722
   24978       1.2114
   24979       1.2526
   24980       1.4235
   24981       1.3515
   24982       1.2334
   24983       1.2416
   24984       1.3155
   24985       1.5217
   24986       1.3173
   24987       1.3906
   24988       1.3381
   24989       1.2905
   24990       1.4400
   24991       1.3781
   24992       1.2567
   24993       1.2795
   24994       1.1927
   24995       1.2910
   24996       1.3405
   24997       1.3737
   24998       1.2587
   24999       1.1243
   25000       1.1645
