#Frame     RMSD_00002
       1       1.2988
       2       1.2170
       3       1.2662
       4       1.2833
       5       1.4234
       6       1.3004
       7       1.1169
       8       1.2004
       9       1.3341
      10       1.3018
      11       1.3632
      12       1.3668
      13       1.3502
      14       1.3641
      15       1.3614
      16       1.2349
      17       1.1950
      18       1.1704
      19       1.2106
      20       1.1791
      21       1.1758
      22       1.1342
      23       1.1602
      24       1.2312
      25       1.2730
      26       1.4422
      27       1.2346
      28       1.2548
      29       1.4264
      30       1.5040
      31       1.4751
      32       1.3797
      33       1.4259
      34       1.5373
      35       1.5294
      36       1.3671
      37       1.4026
      38       1.2696
      39       1.2433
      40       1.3598
      41       1.4811
      42       1.3815
      43       1.3254
      44       1.4102
      45       1.2484
      46       1.1817
      47       1.3313
      48       1.2160
      49       1.2501
      50       1.1500
      51       1.1753
      52       1.2599
      53       1.2267
      54       1.2308
      55       1.2512
      56       1.2113
      57       1.2467
      58       1.3206
      59       1.3803
      60       1.2256
      61       1.1377
      62       1.1306
      63       1.2407
      64       1.2066
      65       1.1152
      66       1.1832
      67       1.1998
      68       1.3240
      69       1.2197
      70       1.2208
      71       1.1925
      72       1.0094
      73       1.1966
      74       1.1101
      75       1.2341
      76       1.2384
      77       1.1918
      78       1.2881
      79       1.3859
      80       1.2235
      81       1.2990
      82       1.2823
      83       1.1336
      84       1.2483
      85       1.3650
      86       1.2760
      87       1.3010
      88       1.2048
      89       1.1408
      90       1.0927
      91       1.1584
      92       1.1561
      93       1.0321
      94       1.2364
      95       1.2752
      96       1.1977
      97       1.2323
      98       1.1543
      99       1.0907
     100       1.0634
     101       1.1594
     102       1.3293
     103       1.3432
     104       1.2793
     105       1.1979
     106       1.2961
     107       1.3433
     108       1.3298
     109       1.2614
     110       1.4520
     111       1.3437
     112       1.3769
     113       1.2907
     114       1.2929
     115       1.2621
     116       1.1211
     117       1.0299
     118       1.1866
     119       1.2934
     120       1.3481
     121       1.2229
     122       1.1371
     123       1.3197
     124       1.3109
     125       1.3942
     126       1.4119
     127       1.5004
     128       1.4318
     129       1.4652
     130       1.4378
     131       1.4191
     132       1.3454
     133       1.2872
     134       1.2582
     135       1.4554
     136       1.3825
     137       1.4833
     138       1.3709
     139       1.3338
     140       1.3552
     141       1.3437
     142       1.4366
     143       1.2960
     144       1.3157
     145       1.2733
     146       1.2181
     147       1.3752
     148       1.3679
     149       1.2417
     150       1.3744
     151       1.4472
     152       1.3926
     153       1.3431
     154       1.3052
     155       1.1830
     156       1.1639
     157       1.1360
     158       1.2043
     159       1.2988
     160       1.2898
     161       1.2853
     162       1.3567
     163       1.3548
     164       1.2036
     165       1.2694
     166       1.3277
     167       1.2326
     168       1.4067
     169       1.3022
     170       1.3177
     171       1.2579
     172       1.3111
     173       1.1797
     174       1.1360
     175       1.1821
     176       1.1342
     177       1.2228
     178       1.3658
     179       1.1867
     180       1.2893
     181       1.2989
     182       1.3598
     183       1.3232
     184       1.2862
     185       1.2890
     186       1.5013
     187       1.3417
     188       1.3718
     189       1.2920
     190       1.1787
     191       1.0832
     192       1.0704
     193       1.0555
     194       1.0683
     195       1.1032
     196       1.0492
     197       1.0749
     198       1.0862
     199       1.0500
     200       1.1231
     201       1.0881
     202       1.0701
     203       1.0542
     204       1.1706
     205       1.1951
     206       1.1671
     207       1.0778
     208       1.1609
     209       1.3056
     210       1.2549
     211       1.1267
     212       1.1977
     213       1.2191
     214       1.1179
     215       1.1443
     216       1.1304
     217       1.1544
     218       1.1095
     219       1.3484
     220       1.1949
     221       1.2385
     222       1.1516
     223       1.1460
     224       1.1178
     225       1.0133
     226       1.0643
     227       1.0319
     228       1.0579
     229       1.0939
     230       1.1530
     231       1.1989
     232       1.1784
     233       1.2088
     234       1.1372
     235       1.1410
     236       1.2283
     237       1.2858
     238       1.2029
     239       1.2418
     240       1.2048
     241       1.1521
     242       1.1702
     243       1.1874
     244       1.2676
     245       1.1081
     246       1.2561
     247       1.1063
     248       1.1366
     249       1.0699
     250       1.0458
     251       1.0390
     252       1.0967
     253       1.1398
     254       1.0765
     255       1.0548
     256       1.0680
     257       1.0207
     258       1.1032
     259       1.0657
     260       1.0329
     261       1.0629
     262       1.0584
     263       1.1241
     264       1.1628
     265       1.0663
     266       1.1714
     267       1.1217
     268       1.2038
     269       1.2349
     270       1.3625
     271       1.0491
     272       1.1009
     273       1.0611
     274       1.0324
     275       1.1931
     276       1.2123
     277       1.2445
     278       1.1386
     279       1.2157
     280       1.1975
     281       1.2004
     282       1.0648
     283       1.0642
     284       1.1066
     285       1.1939
     286       1.2382
     287       1.3180
     288       1.1782
     289       1.1396
     290       1.3035
     291       1.4275
     292       1.4181
     293       1.3944
     294       1.4870
     295       1.4066
     296       1.3530
     297       1.4726
     298       1.4605
     299       1.3416
     300       1.3924
     301       1.4133
     302       1.2982
     303       1.3418
     304       1.2067
     305       1.2087
     306       1.3522
     307       1.2587
     308       1.3004
     309       1.2154
     310       1.1751
     311       1.2427
     312       1.1878
     313       1.2968
     314       1.3041
     315       1.2903
     316       1.2238
     317       1.2977
     318       1.4018
     319       1.5178
     320       1.5890
     321       1.4238
     322       1.3021
     323       1.4622
     324       1.4278
     325       1.5937
     326       1.5434
     327       1.5972
     328       1.6207
     329       1.5811
     330       1.4289
     331       1.4721
     332       1.3056
     333       1.2898
     334       1.4492
     335       1.4740
     336       1.4574
     337       1.3172
     338       1.2649
     339       1.3155
     340       1.1931
     341       1.2151
     342       1.2672
     343       1.2111
     344       1.1342
     345       1.2113
     346       1.1032
     347       1.1722
     348       1.0541
     349       1.1602
     350       1.2019
     351       1.0277
     352       1.0247
     353       0.9768
     354       0.9957
     355       1.0536
     356       1.0670
     357       1.1128
     358       1.2093
     359       1.1548
     360       1.1643
     361       1.0362
     362       1.1434
     363       1.0349
     364       1.0513
     365       1.1376
     366       1.1803
     367       1.1342
     368       1.1520
     369       1.2384
     370       1.2366
     371       1.0651
     372       1.0510
     373       1.0812
     374       1.0388
     375       0.9275
     376       0.9788
     377       1.0944
     378       0.9711
     379       1.0647
     380       1.0215
     381       0.9889
     382       1.0360
     383       0.9878
     384       0.9253
     385       0.9222
     386       0.9119
     387       0.9529
     388       0.9328
     389       1.0421
     390       0.8948
     391       0.9418
     392       0.9686
     393       0.9756
     394       1.0755
     395       1.1868
     396       0.9981
     397       1.1035
     398       1.0620
     399       1.2431
     400       1.1821
     401       1.1707
     402       1.0355
     403       1.2306
     404       1.2359
     405       1.2267
     406       1.0690
     407       1.1503
     408       1.0087
     409       1.2192
     410       1.0860
     411       1.0391
     412       1.1884
     413       1.1319
     414       1.0696
     415       1.0995
     416       1.1468
     417       1.1595
     418       0.9519
     419       0.9548
     420       1.1482
     421       1.0456
     422       1.1577
     423       1.0515
     424       1.0394
     425       1.1585
     426       1.1495
     427       1.4196
     428       1.1901
     429       0.9697
     430       0.9823
     431       1.0803
     432       0.9724
     433       0.9537
     434       1.1139
     435       1.1493
     436       0.9933
     437       1.0960
     438       1.0006
     439       1.0551
     440       0.9495
     441       0.8228
     442       1.0044
     443       1.1452
     444       0.9975
     445       1.0805
     446       1.0730
     447       1.1099
     448       1.0423
     449       1.0894
     450       1.1419
     451       1.1618
     452       1.0417
     453       1.1717
     454       1.0977
     455       1.1854
     456       1.0248
     457       0.9672
     458       0.9090
     459       1.1209
     460       1.1225
     461       1.1472
     462       1.1740
     463       1.1158
     464       1.1226
     465       1.0404
     466       1.0685
     467       1.0550
     468       1.0536
     469       0.9759
     470       0.9907
     471       1.0064
     472       1.0345
     473       1.1605
     474       1.1313
     475       1.1622
     476       1.2514
     477       1.1392
     478       1.2691
     479       1.3143
     480       1.2596
     481       1.2515
     482       1.2392
     483       1.1129
     484       1.0925
     485       1.0190
     486       1.0407
     487       1.0234
     488       0.8609
     489       1.0120
     490       0.8578
     491       0.9758
     492       1.1020
     493       1.0449
     494       0.9743
     495       1.0058
     496       1.1014
     497       1.1069
     498       1.1292
     499       1.0057
     500       1.0370
     501       1.1024
     502       1.0100
     503       1.0344
     504       0.9465
     505       1.0498
     506       1.1855
     507       1.1580
     508       1.1254
     509       1.0971
     510       1.1410
     511       1.2422
     512       1.0875
     513       1.0915
     514       1.2547
     515       1.2631
     516       1.3188
     517       1.2290
     518       1.3356
     519       1.4012
     520       1.2214
     521       1.1327
     522       1.1785
     523       1.3489
     524       1.1808
     525       1.3661
     526       1.2904
     527       1.2196
     528       1.1558
     529       1.1524
     530       1.2682
     531       1.2960
     532       1.1782
     533       1.1295
     534       1.1542
     535       1.0728
     536       0.8990
     537       0.9594
     538       1.0156
     539       1.0493
     540       0.9256
     541       0.9930
     542       1.0115
     543       0.9375
     544       1.0064
     545       0.9985
     546       0.8704
     547       1.0117
     548       0.9518
     549       1.0702
     550       0.9553
     551       0.9086
     552       0.9196
     553       1.0236
     554       1.1562
     555       0.9262
     556       0.9520
     557       0.9633
     558       1.0948
     559       0.9979
     560       0.9665
     561       0.9004
     562       0.9396
     563       0.9964
     564       0.9154
     565       1.0229
     566       0.8753
     567       1.0271
     568       0.9348
     569       0.9825
     570       0.9968
     571       0.9456
     572       0.9278
     573       0.9301
     574       0.9571
     575       1.1409
     576       1.1759
     577       1.3522
     578       1.4776
     579       1.3468
     580       1.2530
     581       1.2241
     582       1.2645
     583       1.0384
     584       0.9625
     585       0.9881
     586       1.0284
     587       1.1004
     588       0.9388
     589       0.9017
     590       1.0614
     591       1.0304
     592       1.0043
     593       0.9702
     594       0.9045
     595       0.8717
     596       0.9596
     597       1.0125
     598       0.9497
     599       0.9650
     600       0.9219
     601       0.8930
     602       0.8655
     603       0.8695
     604       0.7869
     605       0.7411
     606       0.7964
     607       0.7769
     608       0.9258
     609       0.8876
     610       1.0680
     611       0.9835
     612       1.0770
     613       0.9926
     614       0.9217
     615       0.9337
     616       0.9559
     617       1.0340
     618       0.9691
     619       0.9431
     620       0.8928
     621       0.8361
     622       0.8463
     623       0.9182
     624       0.9844
     625       0.8280
     626       0.8457
     627       0.8956
     628       0.8917
     629       0.7766
     630       0.8461
     631       0.8044
     632       1.0058
     633       1.1127
     634       1.0328
     635       1.0383
     636       1.0245
     637       0.8946
     638       1.0093
     639       0.8259
     640       0.9023
     641       1.0063
     642       0.9801
     643       0.8732
     644       0.9396
     645       0.9632
     646       0.9051
     647       0.8085
     648       0.9100
     649       0.8630
     650       0.9586
     651       1.0378
     652       0.9597
     653       0.8644
     654       0.8621
     655       0.8997
     656       1.0213
     657       1.1310
     658       1.0712
     659       1.1350
     660       1.1400
     661       1.1778
     662       1.3108
     663       1.1959
     664       1.2091
     665       1.0845
     666       1.0881
     667       1.0537
     668       1.1641
     669       1.1786
     670       1.1750
     671       1.1788
     672       1.2908
     673       1.3035
     674       1.2689
     675       1.3074
     676       1.3733
     677       1.0962
     678       1.1955
     679       1.1678
     680       1.1835
     681       1.2188
     682       1.3582
     683       1.3390
     684       1.3295
     685       1.2338
     686       1.3523
     687       1.3735
     688       1.3137
     689       1.2554
     690       1.2639
     691       1.3194
     692       1.2424
     693       1.1748
     694       1.0620
     695       1.1658
     696       1.1736
     697       1.2069
     698       1.1423
     699       1.2946
     700       1.2159
     701       1.2982
     702       1.2636
     703       1.2474
     704       1.3761
     705       1.5007
     706       1.3388
     707       1.4223
     708       1.5183
     709       1.3910
     710       1.5119
     711       1.4610
     712       1.5690
     713       1.5788
     714       1.4165
     715       1.5344
     716       1.3733
     717       1.5025
     718       1.4481
     719       1.5245
     720       1.3676
     721       1.2584
     722       1.1788
     723       1.0692
     724       1.1486
     725       1.2265
     726       1.2310
     727       1.1248
     728       1.1260
     729       1.1665
     730       1.2768
     731       1.1304
     732       1.1695
     733       1.1601
     734       1.1249
     735       1.1798
     736       1.1617
     737       1.0294
     738       0.9782
     739       1.0996
     740       1.1031
     741       1.1760
     742       1.2322
     743       1.1986
     744       1.0129
     745       1.0250
     746       1.0998
     747       1.1743
     748       1.1663
     749       1.1277
     750       1.0182
     751       1.0925
     752       1.1457
     753       1.1409
     754       1.0580
     755       1.0011
     756       1.0338
     757       1.0837
     758       1.0131
     759       0.9322
     760       1.0259
     761       0.8676
     762       0.9696
     763       0.9923
     764       1.0212
     765       1.0036
     766       1.0480
     767       1.0682
     768       1.0651
     769       1.0228
     770       1.1113
     771       1.1450
     772       1.0747
     773       1.1352
     774       1.1238
     775       1.1099
     776       1.0560
     777       1.0516
     778       1.0064
     779       0.9649
     780       1.1231
     781       0.9655
     782       1.0499
     783       1.2090
     784       1.1134
     785       1.1166
     786       1.1096
     787       1.0881
     788       1.1124
     789       1.0796
     790       1.0466
     791       1.0645
     792       1.0311
     793       0.9949
     794       1.0368
     795       0.8774
     796       1.0412
     797       0.8198
     798       0.9361
     799       1.0455
     800       0.8543
     801       0.9593
     802       1.0343
     803       0.9530
     804       1.0171
     805       0.9154
     806       0.9887
     807       0.9755
     808       0.9854
     809       1.0359
     810       1.0962
     811       1.1411
     812       1.0048
     813       1.0011
     814       0.9697
     815       0.9337
     816       0.9630
     817       0.8790
     818       0.9315
     819       0.9115
     820       0.9378
     821       1.0339
     822       1.0019
     823       1.2578
     824       1.1002
     825       1.0968
     826       1.0852
     827       1.0941
     828       1.1197
     829       1.0484
     830       0.9734
     831       1.0546
     832       1.0513
     833       0.9658
     834       1.0566
     835       0.9911
     836       1.0174
     837       0.9649
     838       1.0165
     839       1.0617
     840       0.9146
     841       0.9641
     842       0.9177
     843       0.8735
     844       0.8929
     845       0.9377
     846       0.9684
     847       0.9116
     848       1.0241
     849       0.9488
     850       1.0289
     851       1.0602
     852       1.0173
     853       1.1560
     854       1.0469
     855       1.0054
     856       0.9817
     857       1.0422
     858       1.0185
     859       1.0275
     860       1.0666
     861       1.0941
     862       1.1165
     863       1.0207
     864       0.8667
     865       0.9722
     866       0.9309
     867       0.9149
     868       0.9185
     869       0.8524
     870       0.9134
     871       0.9475
     872       0.9510
     873       1.0181
     874       0.9135
     875       0.8893
     876       0.8860
     877       0.9485
     878       0.8392
     879       0.9168
     880       0.8808
     881       0.9397
     882       0.8193
     883       0.9456
     884       0.8546
     885       0.8506
     886       0.7984
     887       0.8388
     888       0.8665
     889       0.8845
     890       1.0001
     891       0.8461
     892       0.8619
     893       1.0834
     894       0.8619
     895       0.8757
     896       0.8799
     897       0.9098
     898       0.9234
     899       0.8075
     900       0.8607
     901       0.9349
     902       0.8045
     903       0.9582
     904       0.9137
     905       0.8806
     906       0.8042
     907       0.8797
     908       0.7638
     909       1.0527
     910       1.0345
     911       1.0486
     912       0.9640
     913       0.9198
     914       0.8945
     915       0.8043
     916       0.7974
     917       0.8683
     918       0.9924
     919       0.9538
     920       0.9141
     921       0.8792
     922       0.8690
     923       0.9083
     924       0.9231
     925       1.0063
     926       1.0800
     927       0.9276
     928       0.8712
     929       0.8010
     930       0.9526
     931       0.8728
     932       0.9223
     933       0.9893
     934       0.9297
     935       1.0092
     936       0.9453
     937       0.9655
     938       0.9354
     939       0.9815
     940       0.9821
     941       0.9333
     942       0.9904
     943       0.9181
     944       0.9357
     945       0.9580
     946       0.9152
     947       0.9522
     948       0.8506
     949       0.8112
     950       0.7534
     951       0.8799
     952       0.8384
     953       0.9336
     954       0.9720
     955       0.8671
     956       1.0166
     957       0.8041
     958       0.7719
     959       0.7752
     960       0.8089
     961       0.7763
     962       0.8406
     963       0.7572
     964       0.8647
     965       0.8017
     966       0.7867
     967       0.9341
     968       0.9592
     969       0.9331
     970       0.9307
     971       0.9965
     972       0.8795
     973       0.9003
     974       1.0102
     975       1.0561
     976       0.8940
     977       0.8257
     978       0.9594
     979       1.0104
     980       0.9859
     981       0.9393
     982       0.9066
     983       0.8841
     984       0.9211
     985       0.9184
     986       1.0409
     987       1.1305
     988       1.0195
     989       0.9946
     990       1.1351
     991       1.0088
     992       0.9804
     993       1.0309
     994       0.9881
     995       0.9037
     996       1.0321
     997       0.9815
     998       0.8978
     999       1.0821
    1000       1.0125
    1001       1.2489
    1002       1.0471
    1003       1.0744
    1004       0.9929
    1005       1.0132
    1006       1.0227
    1007       0.9049
    1008       0.8917
    1009       0.8827
    1010       1.0516
    1011       0.9900
    1012       0.8713
    1013       0.8941
    1014       0.8954
    1015       0.9998
    1016       1.1250
    1017       1.1153
    1018       1.2002
    1019       1.1079
    1020       1.1152
    1021       0.9568
    1022       1.1185
    1023       1.0020
    1024       0.9458
    1025       1.0357
    1026       1.0367
    1027       1.0841
    1028       0.9549
    1029       0.9539
    1030       0.9455
    1031       0.9443
    1032       0.8755
    1033       0.9010
    1034       0.9248
    1035       1.1817
    1036       1.1617
    1037       1.1319
    1038       1.0948
    1039       1.0514
    1040       1.0853
    1041       0.9817
    1042       0.9958
    1043       1.1156
    1044       0.9881
    1045       1.1119
    1046       1.0962
    1047       1.0401
    1048       1.0589
    1049       1.0175
    1050       1.1460
    1051       1.0369
    1052       1.0711
    1053       0.8625
    1054       0.9232
    1055       1.1457
    1056       1.0618
    1057       1.0710
    1058       1.0590
    1059       1.1201
    1060       1.0387
    1061       0.9560
    1062       1.1024
    1063       0.9464
    1064       1.0259
    1065       0.9244
    1066       1.0312
    1067       0.8674
    1068       0.9067
    1069       0.8749
    1070       0.9241
    1071       0.9092
    1072       0.9313
    1073       0.8665
    1074       0.9047
    1075       0.8727
    1076       0.8701
    1077       1.0163
    1078       1.0373
    1079       0.9286
    1080       0.9076
    1081       0.9172
    1082       0.9083
    1083       1.0475
    1084       1.1299
    1085       1.1650
    1086       1.0500
    1087       1.0540
    1088       1.0812
    1089       1.1545
    1090       1.0753
    1091       0.9362
    1092       0.8960
    1093       0.9291
    1094       0.9508
    1095       0.9138
    1096       0.9956
    1097       1.0932
    1098       1.1235
    1099       1.1981
    1100       1.0997
    1101       1.1907
    1102       1.0810
    1103       1.0990
    1104       0.9671
    1105       0.9648
    1106       0.9161
    1107       1.0389
    1108       1.0457
    1109       1.0423
    1110       0.9217
    1111       0.9946
    1112       1.0505
    1113       0.9797
    1114       0.9739
    1115       0.9591
    1116       0.9841
    1117       1.0252
    1118       0.9121
    1119       0.8271
    1120       1.0718
    1121       1.0852
    1122       1.0282
    1123       1.1018
    1124       0.9377
    1125       0.9408
    1126       1.1654
    1127       1.0196
    1128       1.0047
    1129       0.9604
    1130       0.9180
    1131       0.9492
    1132       0.9015
    1133       1.0482
    1134       0.8575
    1135       0.9486
    1136       0.9492
    1137       1.0601
    1138       0.9416
    1139       0.9603
    1140       0.9035
    1141       1.0704
    1142       1.1040
    1143       1.0367
    1144       1.0142
    1145       0.9683
    1146       0.8956
    1147       1.1793
    1148       1.1793
    1149       1.2697
    1150       1.2899
    1151       1.1498
    1152       0.8914
    1153       0.8693
    1154       0.9422
    1155       0.8294
    1156       0.9608
    1157       0.9562
    1158       0.9557
    1159       0.8533
    1160       0.8625
    1161       1.0055
    1162       1.0767
    1163       0.8569
    1164       0.9173
    1165       0.9508
    1166       1.0372
    1167       0.9709
    1168       1.0367
    1169       0.8787
    1170       0.9727
    1171       0.8747
    1172       0.8905
    1173       0.8841
    1174       1.0809
    1175       0.9874
    1176       1.0184
    1177       1.1087
    1178       1.3355
    1179       1.2328
    1180       1.1301
    1181       1.0258
    1182       1.0129
    1183       0.9034
    1184       1.0854
    1185       0.9743
    1186       1.0357
    1187       0.9228
    1188       0.8566
    1189       0.8741
    1190       1.0821
    1191       1.0351
    1192       1.1193
    1193       1.1607
    1194       1.1849
    1195       1.0939
    1196       1.0849
    1197       0.9938
    1198       0.8444
    1199       0.8614
    1200       0.7792
    1201       0.8085
    1202       0.8983
    1203       0.8786
    1204       0.9109
    1205       0.8753
    1206       0.9209
    1207       0.9267
    1208       0.8923
    1209       0.9188
    1210       0.8761
    1211       0.8874
    1212       0.9410
    1213       0.8691
    1214       0.8231
    1215       0.9665
    1216       1.0108
    1217       1.0238
    1218       0.9154
    1219       1.0672
    1220       1.0245
    1221       1.0004
    1222       0.8383
    1223       1.0410
    1224       0.9964
    1225       0.9842
    1226       1.0169
    1227       1.0012
    1228       1.0950
    1229       1.0511
    1230       0.9716
    1231       0.8700
    1232       0.8711
    1233       0.8322
    1234       0.9291
    1235       1.0599
    1236       1.0981
    1237       1.0965
    1238       1.0683
    1239       1.0130
    1240       1.1756
    1241       1.0311
    1242       0.9866
    1243       0.9787
    1244       1.0029
    1245       1.0076
    1246       1.0064
    1247       1.0182
    1248       0.9161
    1249       1.0945
    1250       0.8986
    1251       1.0062
    1252       1.0353
    1253       0.9076
    1254       0.9757
    1255       0.9201
    1256       0.9272
    1257       0.8825
    1258       1.0169
    1259       0.9907
    1260       0.9805
    1261       0.9901
    1262       1.0043
    1263       1.0652
    1264       0.9317
    1265       0.8407
    1266       0.8808
    1267       0.8159
    1268       0.9027
    1269       1.0338
    1270       0.9497
    1271       0.8569
    1272       1.1033
    1273       0.9224
    1274       1.0137
    1275       1.0465
    1276       0.8488
    1277       0.9601
    1278       0.8915
    1279       0.8748
    1280       0.8861
    1281       0.8759
    1282       0.8158
    1283       0.8621
    1284       0.9301
    1285       1.0247
    1286       0.9618
    1287       0.9263
    1288       0.9366
    1289       0.8688
    1290       0.9883
    1291       0.8946
    1292       0.9881
    1293       0.9795
    1294       1.0260
    1295       1.1462
    1296       1.1506
    1297       0.9745
    1298       0.9012
    1299       0.9522
    1300       0.9142
    1301       0.7932
    1302       0.9607
    1303       0.9379
    1304       0.7874
    1305       0.8411
    1306       0.8818
    1307       0.7833
    1308       0.8930
    1309       0.9275
    1310       0.8961
    1311       0.8098
    1312       0.8300
    1313       0.8251
    1314       0.8068
    1315       0.7192
    1316       0.8339
    1317       0.7866
    1318       0.8218
    1319       0.8581
    1320       0.7852
    1321       0.9986
    1322       0.9647
    1323       0.8197
    1324       0.8172
    1325       0.8192
    1326       0.7435
    1327       0.7612
    1328       0.7351
    1329       0.7848
    1330       0.8225
    1331       0.8292
    1332       0.8468
    1333       0.8635
    1334       0.8051
    1335       0.7787
    1336       0.8665
    1337       0.9097
    1338       0.9403
    1339       0.9388
    1340       1.0761
    1341       0.9195
    1342       0.9406
    1343       0.8663
    1344       0.8644
    1345       0.8895
    1346       1.0105
    1347       0.9177
    1348       0.8525
    1349       0.9676
    1350       0.8828
    1351       0.8480
    1352       0.9225
    1353       0.9412
    1354       0.9677
    1355       1.0138
    1356       1.0162
    1357       0.9791
    1358       1.0008
    1359       0.9863
    1360       1.0814
    1361       0.9982
    1362       1.0645
    1363       0.9887
    1364       1.1449
    1365       1.0289
    1366       1.0631
    1367       1.0410
    1368       1.1075
    1369       0.9947
    1370       0.9360
    1371       0.9874
    1372       1.0407
    1373       0.9540
    1374       0.9562
    1375       0.9056
    1376       0.9632
    1377       0.8839
    1378       0.9809
    1379       0.9580
    1380       0.8566
    1381       0.9624
    1382       0.8610
    1383       0.9677
    1384       0.9809
    1385       0.9201
    1386       0.9129
    1387       0.9828
    1388       1.0178
    1389       0.9624
    1390       0.8934
    1391       0.7973
    1392       0.8447
    1393       0.9218
    1394       1.0875
    1395       1.0250
    1396       1.0970
    1397       0.9351
    1398       1.0283
    1399       1.0055
    1400       1.0334
    1401       0.9883
    1402       0.9032
    1403       0.8944
    1404       0.7934
    1405       0.7797
    1406       0.9589
    1407       0.9280
    1408       0.9212
    1409       0.8260
    1410       0.8297
    1411       0.8404
    1412       0.9279
    1413       0.9408
    1414       0.8352
    1415       1.0079
    1416       0.9857
    1417       0.8205
    1418       0.8504
    1419       0.9148
    1420       0.8624
    1421       0.8299
    1422       0.8640
    1423       0.9443
    1424       0.9485
    1425       0.8506
    1426       0.8594
    1427       0.9628
    1428       0.8936
    1429       0.9640
    1430       0.9056
    1431       0.9278
    1432       1.0375
    1433       0.9308
    1434       0.9366
    1435       0.8482
    1436       0.8230
    1437       0.8814
    1438       0.9399
    1439       0.8695
    1440       0.9880
    1441       1.1860
    1442       1.0768
    1443       0.9809
    1444       1.0661
    1445       0.9615
    1446       0.9131
    1447       0.9785
    1448       0.9072
    1449       0.9343
    1450       0.9409
    1451       0.9301
    1452       1.1253
    1453       0.9905
    1454       0.9418
    1455       1.0434
    1456       1.0217
    1457       0.9873
    1458       1.1508
    1459       1.1649
    1460       1.0237
    1461       0.9344
    1462       0.8563
    1463       0.9467
    1464       0.8546
    1465       0.8945
    1466       0.8397
    1467       0.7997
    1468       0.8447
    1469       0.8098
    1470       0.8579
    1471       0.8651
    1472       0.7358
    1473       0.8932
    1474       0.9252
    1475       0.8559
    1476       0.8692
    1477       0.8698
    1478       0.8673
    1479       0.9530
    1480       0.9369
    1481       0.9341
    1482       0.8600
    1483       0.8337
    1484       0.7931
    1485       0.8706
    1486       0.8999
    1487       0.9889
    1488       1.0595
    1489       0.9916
    1490       0.8559
    1491       0.9538
    1492       0.9512
    1493       1.0943
    1494       0.9488
    1495       0.9371
    1496       0.9451
    1497       0.8625
    1498       0.9005
    1499       0.9283
    1500       0.9330
    1501       0.9474
    1502       0.9773
    1503       0.9828
    1504       0.9245
    1505       1.0192
    1506       1.0836
    1507       1.1335
    1508       1.0913
    1509       1.0738
    1510       1.0207
    1511       1.2102
    1512       1.1790
    1513       1.0356
    1514       1.0693
    1515       1.0299
    1516       0.9929
    1517       0.9334
    1518       1.0237
    1519       1.0423
    1520       1.1242
    1521       1.0078
    1522       1.0268
    1523       0.9283
    1524       1.0901
    1525       1.1201
    1526       0.9570
    1527       1.0434
    1528       1.0353
    1529       1.1228
    1530       0.9963
    1531       0.9751
    1532       0.9207
    1533       0.9615
    1534       0.9459
    1535       1.2237
    1536       1.0837
    1537       1.0954
    1538       1.0379
    1539       1.0839
    1540       1.0216
    1541       1.1087
    1542       1.0979
    1543       1.0133
    1544       1.0716
    1545       0.9641
    1546       0.9667
    1547       1.0245
    1548       0.9598
    1549       1.1190
    1550       0.8979
    1551       0.8964
    1552       1.0330
    1553       0.9725
    1554       1.1275
    1555       0.9619
    1556       0.9940
    1557       1.0863
    1558       1.0853
    1559       1.2137
    1560       1.2484
    1561       1.1487
    1562       1.1321
    1563       0.9273
    1564       0.9812
    1565       0.9974
    1566       1.1116
    1567       1.2094
    1568       1.0627
    1569       1.0755
    1570       1.0397
    1571       0.9922
    1572       1.0801
    1573       1.0795
    1574       1.0488
    1575       1.0479
    1576       1.0741
    1577       1.1065
    1578       1.0228
    1579       0.9651
    1580       1.0675
    1581       1.1170
    1582       1.1634
    1583       1.1033
    1584       1.0904
    1585       1.0438
    1586       1.2309
    1587       1.2536
    1588       1.1463
    1589       1.2847
    1590       1.2829
    1591       1.3084
    1592       1.3855
    1593       1.2877
    1594       1.3123
    1595       1.3526
    1596       1.2993
    1597       1.3957
    1598       1.3370
    1599       1.1029
    1600       1.2133
    1601       1.1866
    1602       0.8872
    1603       0.9248
    1604       0.9529
    1605       0.8525
    1606       0.9511
    1607       0.9294
    1608       1.0089
    1609       0.8721
    1610       0.8378
    1611       0.8805
    1612       1.0626
    1613       0.8554
    1614       0.9460
    1615       0.9708
    1616       0.9575
    1617       0.8644
    1618       0.8362
    1619       1.1202
    1620       1.1023
    1621       1.2224
    1622       1.2106
    1623       1.1648
    1624       1.1678
    1625       1.0823
    1626       1.1361
    1627       0.9272
    1628       1.1740
    1629       1.0466
    1630       0.9367
    1631       1.1002
    1632       0.9867
    1633       1.0043
    1634       1.0628
    1635       1.1010
    1636       1.1390
    1637       1.0547
    1638       1.1905
    1639       1.1435
    1640       1.2521
    1641       1.2389
    1642       1.2997
    1643       1.3453
    1644       1.1872
    1645       1.3511
    1646       1.4991
    1647       1.3793
    1648       1.1808
    1649       1.3075
    1650       1.2039
    1651       1.1773
    1652       1.0590
    1653       1.1618
    1654       1.1579
    1655       1.0534
    1656       0.9684
    1657       0.8925
    1658       0.9485
    1659       0.8554
    1660       1.0887
    1661       1.0998
    1662       1.0972
    1663       0.9593
    1664       1.0107
    1665       0.9149
    1666       1.1591
    1667       1.0395
    1668       1.0823
    1669       1.0292
    1670       1.0838
    1671       1.0947
    1672       1.0230
    1673       0.9838
    1674       1.0409
    1675       1.0638
    1676       1.0512
    1677       1.1700
    1678       1.1330
    1679       0.9435
    1680       1.0257
    1681       0.9661
    1682       0.9526
    1683       1.0087
    1684       1.0110
    1685       1.0087
    1686       0.9215
    1687       0.9445
    1688       0.9097
    1689       0.9697
    1690       0.9334
    1691       0.8930
    1692       0.9043
    1693       0.8465
    1694       0.9513
    1695       0.8902
    1696       0.9933
    1697       0.9493
    1698       0.9497
    1699       0.9700
    1700       0.8550
    1701       0.8727
    1702       0.9008
    1703       0.9218
    1704       0.8872
    1705       0.9887
    1706       0.9487
    1707       0.9561
    1708       0.8039
    1709       0.9208
    1710       0.8970
    1711       0.9390
    1712       1.0477
    1713       0.9553
    1714       0.8979
    1715       0.9026
    1716       0.9194
    1717       0.9362
    1718       0.8596
    1719       0.9524
    1720       1.0839
    1721       1.1815
    1722       1.1279
    1723       0.9628
    1724       0.9596
    1725       1.0394
    1726       1.0878
    1727       0.9744
    1728       0.8600
    1729       0.9428
    1730       1.0094
    1731       1.0118
    1732       0.8850
    1733       0.9698
    1734       0.8989
    1735       1.0224
    1736       1.0463
    1737       1.0778
    1738       0.9693
    1739       0.9544
    1740       1.0794
    1741       1.0743
    1742       1.1701
    1743       0.9711
    1744       0.9494
    1745       1.0423
    1746       1.0192
    1747       1.1958
    1748       0.9358
    1749       1.0647
    1750       0.9842
    1751       1.1125
    1752       1.0453
    1753       0.9804
    1754       0.9255
    1755       0.9568
    1756       1.0553
    1757       1.1193
    1758       1.1610
    1759       1.0478
    1760       1.1108
    1761       1.0421
    1762       0.9442
    1763       1.0264
    1764       0.8856
    1765       1.0025
    1766       0.8335
    1767       0.8810
    1768       0.8242
    1769       0.8173
    1770       0.8762
    1771       1.0227
    1772       1.1235
    1773       1.2403
    1774       1.0354
    1775       1.0998
    1776       1.0471
    1777       1.0721
    1778       0.9091
    1779       1.0432
    1780       1.2269
    1781       1.1978
    1782       1.2136
    1783       1.2998
    1784       1.1547
    1785       1.1529
    1786       1.1535
    1787       1.2476
    1788       1.4094
    1789       1.3209
    1790       1.2414
    1791       1.1976
    1792       1.1403
    1793       1.2610
    1794       1.0321
    1795       1.0475
    1796       1.0450
    1797       1.0668
    1798       1.1576
    1799       1.2388
    1800       1.2876
    1801       1.1558
    1802       1.1788
    1803       1.1634
    1804       1.1565
    1805       1.1665
    1806       1.1639
    1807       1.0720
    1808       1.1147
    1809       1.0494
    1810       1.0457
    1811       1.0743
    1812       0.9741
    1813       1.0719
    1814       1.0163
    1815       0.8824
    1816       0.8993
    1817       1.0337
    1818       0.9391
    1819       1.0092
    1820       1.2202
    1821       1.1817
    1822       1.1694
    1823       1.1752
    1824       1.2378
    1825       1.1489
    1826       1.1747
    1827       1.1526
    1828       0.9900
    1829       1.2409
    1830       1.1495
    1831       1.2300
    1832       1.1763
    1833       1.2917
    1834       1.3135
    1835       0.9376
    1836       1.0605
    1837       1.0688
    1838       1.0250
    1839       0.9453
    1840       0.8837
    1841       0.8774
    1842       0.8986
    1843       0.9421
    1844       1.1017
    1845       0.9548
    1846       1.2897
    1847       1.3090
    1848       1.4912
    1849       1.2719
    1850       1.0596
    1851       1.1783
    1852       1.0659
    1853       1.1303
    1854       0.9755
    1855       0.9238
    1856       1.0452
    1857       0.9370
    1858       0.9527
    1859       1.0738
    1860       1.0579
    1861       1.1328
    1862       1.0017
    1863       0.9675
    1864       0.9862
    1865       0.9773
    1866       0.9196
    1867       1.0097
    1868       1.0942
    1869       0.9393
    1870       1.0023
    1871       1.0640
    1872       0.9586
    1873       1.0506
    1874       1.1017
    1875       1.1256
    1876       1.0658
    1877       1.0601
    1878       1.0785
    1879       1.0455
    1880       0.9912
    1881       0.9915
    1882       0.9703
    1883       0.8553
    1884       0.9311
    1885       1.0812
    1886       1.0331
    1887       1.0913
    1888       1.1067
    1889       1.0065
    1890       1.1935
    1891       1.1716
    1892       1.1483
    1893       1.1249
    1894       1.1719
    1895       0.9945
    1896       1.1314
    1897       1.2585
    1898       1.1171
    1899       1.0778
    1900       1.0083
    1901       1.0012
    1902       1.0355
    1903       1.0166
    1904       0.8898
    1905       0.7431
    1906       0.8043
    1907       0.9733
    1908       0.9151
    1909       1.0462
    1910       0.8440
    1911       0.7999
    1912       0.8568
    1913       0.8337
    1914       0.8543
    1915       0.8160
    1916       0.8544
    1917       0.9091
    1918       0.9914
    1919       1.1563
    1920       0.9100
    1921       0.9419
    1922       0.9702
    1923       1.0331
    1924       0.9638
    1925       0.9662
    1926       0.9776
    1927       0.9133
    1928       0.9523
    1929       1.0412
    1930       1.1391
    1931       1.2552
    1932       1.1571
    1933       1.0210
    1934       1.0541
    1935       0.9921
    1936       0.9918
    1937       1.0160
    1938       0.8865
    1939       1.0171
    1940       0.9833
    1941       1.0235
    1942       0.9891
    1943       1.0057
    1944       0.9526
    1945       0.9223
    1946       1.0208
    1947       1.0035
    1948       1.0520
    1949       0.9469
    1950       0.9943
    1951       0.9594
    1952       1.2981
    1953       1.1322
    1954       1.1036
    1955       1.0551
    1956       1.0524
    1957       1.0107
    1958       1.0793
    1959       1.0232
    1960       0.9216
    1961       1.0356
    1962       1.0552
    1963       1.0947
    1964       1.0564
    1965       1.1213
    1966       0.9803
    1967       1.0354
    1968       1.0404
    1969       0.9688
    1970       0.9382
    1971       0.9420
    1972       0.9684
    1973       0.8891
    1974       1.0536
    1975       0.8935
    1976       0.9781
    1977       0.9098
    1978       0.8347
    1979       0.9261
    1980       0.9095
    1981       1.0017
    1982       1.2636
    1983       1.1948
    1984       1.1033
    1985       1.0518
    1986       1.0713
    1987       1.0607
    1988       0.9653
    1989       0.8679
    1990       1.0348
    1991       0.9452
    1992       1.0136
    1993       0.9793
    1994       0.9094
    1995       0.8906
    1996       0.9801
    1997       0.8326
    1998       0.8612
    1999       1.0106
    2000       0.9218
    2001       0.9933
    2002       1.0197
    2003       1.0346
    2004       1.1308
    2005       1.0536
    2006       1.0764
    2007       0.9767
    2008       1.0192
    2009       1.1523
    2010       1.0066
    2011       1.0369
    2012       1.0144
    2013       0.8307
    2014       0.7868
    2015       0.8236
    2016       0.9064
    2017       0.9566
    2018       0.9724
    2019       0.8381
    2020       0.9632
    2021       1.0608
    2022       1.0512
    2023       1.0611
    2024       1.0150
    2025       1.1895
    2026       0.9709
    2027       0.9744
    2028       0.8282
    2029       0.8728
    2030       0.9889
    2031       1.0278
    2032       0.8552
    2033       0.8317
    2034       0.9687
    2035       1.0343
    2036       0.9416
    2037       1.1227
    2038       0.9604
    2039       0.9689
    2040       0.8772
    2041       0.9158
    2042       0.9527
    2043       0.8205
    2044       1.0348
    2045       0.9817
    2046       0.8528
    2047       0.8752
    2048       0.8204
    2049       0.8056
    2050       0.8714
    2051       0.8071
    2052       0.9129
    2053       0.8601
    2054       0.9660
    2055       0.8865
    2056       0.9229
    2057       0.9362
    2058       0.9277
    2059       0.8624
    2060       0.9947
    2061       1.1066
    2062       1.0529
    2063       1.1004
    2064       0.9366
    2065       1.0987
    2066       1.0546
    2067       0.8544
    2068       0.8860
    2069       0.9027
    2070       0.9447
    2071       0.9619
    2072       0.9584
    2073       0.9853
    2074       0.9064
    2075       0.8773
    2076       0.8845
    2077       0.9010
    2078       0.8239
    2079       0.9562
    2080       1.0576
    2081       1.1798
    2082       1.0538
    2083       1.0501
    2084       1.0529
    2085       0.9527
    2086       1.1016
    2087       1.0292
    2088       0.9419
    2089       0.8057
    2090       0.7828
    2091       0.8331
    2092       0.8608
    2093       0.9267
    2094       0.9074
    2095       0.8787
    2096       0.8487
    2097       0.7215
    2098       0.8238
    2099       0.7804
    2100       0.7794
    2101       0.7764
    2102       0.8853
    2103       0.8501
    2104       0.8330
    2105       0.7637
    2106       0.8177
    2107       0.7573
    2108       0.8249
    2109       0.7491
    2110       0.8027
    2111       0.9099
    2112       0.9374
    2113       0.8550
    2114       0.7874
    2115       0.9253
    2116       0.9242
    2117       0.9041
    2118       0.9407
    2119       0.8939
    2120       0.9609
    2121       0.9061
    2122       1.0543
    2123       0.8262
    2124       0.8340
    2125       0.8982
    2126       0.8125
    2127       1.0073
    2128       1.0160
    2129       0.9340
    2130       0.9483
    2131       0.8743
    2132       0.8889
    2133       0.8770
    2134       0.7721
    2135       0.8157
    2136       0.9087
    2137       0.8853
    2138       0.8551
    2139       0.8772
    2140       0.9004
    2141       0.8278
    2142       0.8698
    2143       0.9346
    2144       0.8570
    2145       0.7991
    2146       1.0934
    2147       0.9752
    2148       0.8320
    2149       0.8346
    2150       0.9660
    2151       0.8330
    2152       0.8748
    2153       0.9472
    2154       1.0228
    2155       0.9282
    2156       0.9188
    2157       0.9299
    2158       1.0767
    2159       1.1099
    2160       1.0529
    2161       1.0207
    2162       1.0090
    2163       1.1427
    2164       0.9226
    2165       1.1052
    2166       1.0695
    2167       1.0449
    2168       0.9965
    2169       1.1115
    2170       1.0628
    2171       1.1512
    2172       1.0498
    2173       1.1361
    2174       1.2220
    2175       1.1494
    2176       1.1564
    2177       1.2124
    2178       1.1330
    2179       1.1432
    2180       1.0310
    2181       1.1793
    2182       1.0559
    2183       1.0425
    2184       1.0651
    2185       1.0399
    2186       1.1547
    2187       1.0561
    2188       1.0316
    2189       1.1689
    2190       1.1604
    2191       1.1296
    2192       1.2109
    2193       1.2842
    2194       0.9929
    2195       1.0745
    2196       1.0599
    2197       0.9130
    2198       0.9452
    2199       0.9180
    2200       0.8388
    2201       0.8698
    2202       0.9894
    2203       1.1421
    2204       0.9311
    2205       0.9186
    2206       0.9583
    2207       1.0526
    2208       1.1459
    2209       0.9010
    2210       0.9146
    2211       1.0119
    2212       1.0443
    2213       1.0268
    2214       0.9494
    2215       0.9938
    2216       1.0911
    2217       1.0400
    2218       1.0922
    2219       1.0048
    2220       1.2194
    2221       1.0272
    2222       1.0137
    2223       0.9308
    2224       0.9517
    2225       0.8706
    2226       0.7711
    2227       0.8947
    2228       0.7576
    2229       0.8011
    2230       0.8653
    2231       0.7958
    2232       0.9729
    2233       0.9609
    2234       0.9680
    2235       0.9190
    2236       0.9420
    2237       0.9255
    2238       0.9984
    2239       0.8856
    2240       0.9080
    2241       0.8563
    2242       0.8867
    2243       0.9110
    2244       0.9618
    2245       0.8975
    2246       1.0064
    2247       1.0731
    2248       1.0196
    2249       0.9691
    2250       1.0548
    2251       1.1005
    2252       1.0325
    2253       1.0121
    2254       0.9731
    2255       0.9291
    2256       0.9418
    2257       0.9829
    2258       0.9631
    2259       0.9880
    2260       0.9674
    2261       0.9523
    2262       0.8443
    2263       0.9319
    2264       0.8789
    2265       0.9510
    2266       0.9808
    2267       0.9824
    2268       0.8855
    2269       0.9482
    2270       0.9351
    2271       0.8955
    2272       0.8721
    2273       0.9026
    2274       0.9706
    2275       0.8898
    2276       1.0130
    2277       1.1272
    2278       1.1276
    2279       1.1600
    2280       1.2451
    2281       1.0787
    2282       1.2553
    2283       1.0010
    2284       1.1725
    2285       1.2774
    2286       1.1013
    2287       1.1285
    2288       1.0578
    2289       1.0598
    2290       1.0209
    2291       1.0802
    2292       1.1911
    2293       1.1379
    2294       1.0242
    2295       1.0891
    2296       0.9854
    2297       1.0408
    2298       1.1388
    2299       1.0850
    2300       1.2174
    2301       1.1176
    2302       0.9243
    2303       0.8555
    2304       0.9490
    2305       0.8476
    2306       0.8920
    2307       0.8597
    2308       0.7902
    2309       0.9820
    2310       1.0008
    2311       0.9616
    2312       0.8824
    2313       0.9815
    2314       0.9773
    2315       0.9897
    2316       0.9627
    2317       0.9891
    2318       0.9609
    2319       1.0521
    2320       0.9858
    2321       1.0890
    2322       1.0325
    2323       0.9723
    2324       1.1352
    2325       1.0438
    2326       1.0605
    2327       1.0445
    2328       1.0526
    2329       1.2168
    2330       1.1202
    2331       1.0690
    2332       1.0957
    2333       1.0104
    2334       0.9854
    2335       0.8837
    2336       0.8412
    2337       0.8931
    2338       0.9983
    2339       1.0346
    2340       1.2427
    2341       1.0666
    2342       0.9709
    2343       0.9908
    2344       0.8571
    2345       0.8979
    2346       0.8843
    2347       0.9096
    2348       0.8577
    2349       0.9597
    2350       0.9432
    2351       0.9731
    2352       1.0806
    2353       0.9825
    2354       1.0629
    2355       1.0808
    2356       1.0946
    2357       1.1217
    2358       1.1502
    2359       1.0906
    2360       1.0193
    2361       1.1794
    2362       1.0592
    2363       0.8155
    2364       0.8058
    2365       0.8230
    2366       0.9695
    2367       1.0133
    2368       1.0210
    2369       1.1418
    2370       1.1782
    2371       1.1158
    2372       0.9202
    2373       0.9273
    2374       0.9371
    2375       0.9495
    2376       0.8879
    2377       0.8424
    2378       0.8455
    2379       0.9548
    2380       1.0048
    2381       1.0977
    2382       0.9411
    2383       0.8702
    2384       0.8074
    2385       0.8270
    2386       0.9543
    2387       0.9948
    2388       0.8953
    2389       0.9332
    2390       0.8725
    2391       1.0670
    2392       1.0262
    2393       1.0209
    2394       1.0369
    2395       1.0649
    2396       0.9992
    2397       0.8584
    2398       0.8346
    2399       0.8471
    2400       0.9688
    2401       1.0927
    2402       1.0108
    2403       1.0954
    2404       1.2329
    2405       1.0187
    2406       0.9442
    2407       1.0033
    2408       0.9945
    2409       1.2423
    2410       1.2567
    2411       0.9700
    2412       1.0857
    2413       1.0257
    2414       1.1735
    2415       1.0705
    2416       0.9667
    2417       0.9971
    2418       1.0772
    2419       0.9777
    2420       1.1374
    2421       1.0218
    2422       0.9516
    2423       1.0177
    2424       0.9662
    2425       1.0730
    2426       1.1002
    2427       0.9532
    2428       0.9780
    2429       0.9185
    2430       1.0767
    2431       1.0418
    2432       1.1742
    2433       1.1793
    2434       1.1283
    2435       1.0784
    2436       1.1761
    2437       1.1126
    2438       1.1837
    2439       0.9876
    2440       1.0575
    2441       1.1375
    2442       1.1033
    2443       1.1596
    2444       1.0923
    2445       1.2240
    2446       1.0623
    2447       1.0486
    2448       0.9965
    2449       1.0139
    2450       1.0495
    2451       1.0753
    2452       1.0006
    2453       0.9960
    2454       0.9781
    2455       0.9859
    2456       1.0600
    2457       1.1030
    2458       1.0540
    2459       1.0227
    2460       1.0021
    2461       0.9362
    2462       1.0268
    2463       1.0134
    2464       1.1379
    2465       1.1006
    2466       1.1717
    2467       0.9487
    2468       1.0134
    2469       1.1077
    2470       0.9809
    2471       1.0160
    2472       1.0392
    2473       0.9703
    2474       0.9681
    2475       1.0233
    2476       0.9243
    2477       0.9517
    2478       0.9253
    2479       1.0083
    2480       1.0260
    2481       1.0965
    2482       1.2932
    2483       1.3031
    2484       1.2779
    2485       1.2982
    2486       1.2593
    2487       1.3616
    2488       1.2421
    2489       1.2552
    2490       1.1844
    2491       1.1597
    2492       0.9687
    2493       1.0644
    2494       1.0461
    2495       1.0695
    2496       1.0643
    2497       1.1520
    2498       1.0659
    2499       0.9878
    2500       0.9666
    2501       1.0600
    2502       0.9935
    2503       1.0031
    2504       0.8888
    2505       0.8999
    2506       0.9423
    2507       0.9433
    2508       1.0393
    2509       1.0488
    2510       1.0998
    2511       0.9874
    2512       1.0399
    2513       1.1079
    2514       0.9507
    2515       0.9078
    2516       0.9002
    2517       0.9340
    2518       0.9251
    2519       0.7955
    2520       0.8593
    2521       0.7786
    2522       0.9143
    2523       1.0548
    2524       0.9704
    2525       0.9051
    2526       0.9305
    2527       1.1077
    2528       1.0855
    2529       1.2501
    2530       1.1975
    2531       1.1722
    2532       1.1337
    2533       1.0851
    2534       1.1176
    2535       0.8849
    2536       0.9334
    2537       1.0262
    2538       0.9611
    2539       0.9040
    2540       0.8964
    2541       1.0147
    2542       1.2298
    2543       1.0932
    2544       1.0394
    2545       0.9145
    2546       0.9557
    2547       1.0492
    2548       1.0636
    2549       1.1055
    2550       0.9558
    2551       1.1479
    2552       1.1294
    2553       1.1197
    2554       1.0786
    2555       0.9687
    2556       1.0017
    2557       1.1036
    2558       1.1922
    2559       1.0614
    2560       1.1218
    2561       1.0625
    2562       1.1284
    2563       1.1144
    2564       1.1332
    2565       1.1622
    2566       1.2795
    2567       1.2973
    2568       1.1755
    2569       1.2027
    2570       1.2015
    2571       1.1554
    2572       1.1460
    2573       1.2822
    2574       1.2858
    2575       1.2441
    2576       1.1574
    2577       1.1906
    2578       1.1015
    2579       1.0308
    2580       1.0122
    2581       1.0252
    2582       1.0284
    2583       0.9750
    2584       0.9497
    2585       0.9837
    2586       0.9371
    2587       0.9766
    2588       0.9515
    2589       0.9676
    2590       1.0362
    2591       1.0646
    2592       0.9213
    2593       0.9502
    2594       1.0576
    2595       0.9287
    2596       1.0278
    2597       1.0546
    2598       0.9465
    2599       1.0443
    2600       1.0257
    2601       1.1244
    2602       1.1355
    2603       1.1291
    2604       1.0306
    2605       1.1977
    2606       1.1603
    2607       1.3027
    2608       1.1468
    2609       0.9286
    2610       0.9193
    2611       0.9161
    2612       0.9511
    2613       1.0127
    2614       1.1013
    2615       1.0387
    2616       1.0120
    2617       1.0542
    2618       1.0880
    2619       1.0596
    2620       0.9393
    2621       1.0170
    2622       0.9145
    2623       0.8987
    2624       0.9628
    2625       0.9214
    2626       0.9801
    2627       0.9261
    2628       0.9511
    2629       0.9197
    2630       0.8688
    2631       0.9834
    2632       0.8755
    2633       1.0675
    2634       0.9481
    2635       0.9647
    2636       0.9540
    2637       1.0829
    2638       1.0265
    2639       1.0822
    2640       1.0311
    2641       0.9920
    2642       1.0636
    2643       1.1583
    2644       1.0743
    2645       0.9362
    2646       1.0525
    2647       0.9669
    2648       1.1178
    2649       1.0499
    2650       1.0594
    2651       1.0232
    2652       1.0287
    2653       1.0135
    2654       1.0141
    2655       1.0300
    2656       1.0348
    2657       0.9357
    2658       0.9179
    2659       0.9280
    2660       0.9453
    2661       0.9692
    2662       0.9030
    2663       0.8995
    2664       0.8543
    2665       0.7664
    2666       0.8769
    2667       0.8324
    2668       0.8354
    2669       0.9200
    2670       0.8739
    2671       0.9679
    2672       1.0156
    2673       0.9944
    2674       0.9926
    2675       1.0601
    2676       1.0053
    2677       0.9844
    2678       1.0623
    2679       1.0496
    2680       1.0059
    2681       1.0220
    2682       1.0233
    2683       0.9506
    2684       0.9029
    2685       0.8925
    2686       0.8895
    2687       1.0213
    2688       1.0438
    2689       0.8924
    2690       0.8556
    2691       1.0177
    2692       0.8839
    2693       0.9001
    2694       0.9340
    2695       0.8499
    2696       1.0232
    2697       0.7871
    2698       0.8344
    2699       0.9299
    2700       0.9162
    2701       0.9429
    2702       0.9037
    2703       0.9116
    2704       0.8128
    2705       0.9485
    2706       0.9485
    2707       1.0478
    2708       0.8833
    2709       1.0170
    2710       1.0473
    2711       1.0207
    2712       1.0586
    2713       0.9767
    2714       1.0960
    2715       1.0754
    2716       1.0524
    2717       1.0596
    2718       1.1598
    2719       1.1157
    2720       1.0542
    2721       1.1098
    2722       1.0678
    2723       0.9379
    2724       1.0427
    2725       0.9482
    2726       0.9961
    2727       0.9551
    2728       1.0294
    2729       0.9533
    2730       0.9531
    2731       0.9197
    2732       0.8728
    2733       0.9102
    2734       0.9135
    2735       1.0175
    2736       0.9869
    2737       1.0865
    2738       0.8995
    2739       1.0326
    2740       0.9382
    2741       0.9859
    2742       0.9311
    2743       0.8869
    2744       0.8710
    2745       0.9514
    2746       0.9430
    2747       0.8918
    2748       0.8885
    2749       0.9523
    2750       0.8848
    2751       0.8758
    2752       0.8693
    2753       0.9481
    2754       1.0194
    2755       1.0160
    2756       0.8658
    2757       0.8459
    2758       0.9170
    2759       0.9085
    2760       0.9462
    2761       1.0448
    2762       1.0474
    2763       0.9408
    2764       0.9775
    2765       1.0531
    2766       0.9851
    2767       0.9519
    2768       0.9160
    2769       0.9884
    2770       0.9429
    2771       0.9186
    2772       0.9421
    2773       0.9370
    2774       0.9904
    2775       1.0749
    2776       1.0805
    2777       1.1352
    2778       1.0928
    2779       1.0782
    2780       1.1630
    2781       1.1982
    2782       0.9875
    2783       1.1553
    2784       1.3435
    2785       1.1143
    2786       1.0770
    2787       1.1994
    2788       1.2504
    2789       1.2797
    2790       1.3695
    2791       1.3817
    2792       1.4163
    2793       1.3885
    2794       1.4916
    2795       1.4155
    2796       1.2817
    2797       1.3020
    2798       1.2125
    2799       1.2966
    2800       1.3014
    2801       1.1910
    2802       1.4258
    2803       1.5006
    2804       1.5406
    2805       1.4733
    2806       1.4080
    2807       1.4415
    2808       1.3074
    2809       1.2998
    2810       1.1687
    2811       1.2402
    2812       1.2063
    2813       1.2696
    2814       1.1571
    2815       1.2482
    2816       1.1297
    2817       1.1982
    2818       1.1270
    2819       1.1368
    2820       1.1040
    2821       1.1605
    2822       1.1226
    2823       1.1633
    2824       1.2724
    2825       1.1745
    2826       1.0944
    2827       1.0322
    2828       1.1383
    2829       1.1303
    2830       1.1079
    2831       1.0633
    2832       1.0277
    2833       1.0859
    2834       1.0481
    2835       1.0478
    2836       1.0063
    2837       1.1174
    2838       1.2738
    2839       1.2598
    2840       1.2905
    2841       1.5003
    2842       1.5777
    2843       1.5751
    2844       1.3688
    2845       1.5328
    2846       1.5176
    2847       1.3828
    2848       1.4055
    2849       1.3754
    2850       1.4077
    2851       1.3842
    2852       1.2459
    2853       1.2305
    2854       1.1142
    2855       1.1499
    2856       1.0528
    2857       0.9477
    2858       0.9665
    2859       1.1139
    2860       1.0566
    2861       1.1905
    2862       1.2522
    2863       1.1909
    2864       1.3939
    2865       1.3057
    2866       1.4502
    2867       1.3804
    2868       1.2438
    2869       1.2811
    2870       1.1878
    2871       1.2434
    2872       1.3336
    2873       1.3953
    2874       1.4672
    2875       1.3523
    2876       1.3390
    2877       1.2160
    2878       1.2892
    2879       1.2616
    2880       1.1598
    2881       1.2035
    2882       1.1980
    2883       1.2841
    2884       1.5007
    2885       1.4401
    2886       1.4238
    2887       1.3578
    2888       1.3548
    2889       1.4064
    2890       1.3231
    2891       1.2995
    2892       1.1132
    2893       1.1881
    2894       1.0732
    2895       1.1105
    2896       1.1466
    2897       1.1491
    2898       1.1875
    2899       1.0926
    2900       1.0934
    2901       1.0808
    2902       1.0757
    2903       1.1588
    2904       1.1536
    2905       1.1767
    2906       1.1883
    2907       1.1088
    2908       1.2016
    2909       1.2921
    2910       1.2086
    2911       1.1640
    2912       1.1119
    2913       1.0949
    2914       0.9440
    2915       0.9320
    2916       0.9689
    2917       1.0376
    2918       1.0076
    2919       1.0208
    2920       1.0096
    2921       1.0315
    2922       0.9946
    2923       1.0622
    2924       1.1290
    2925       1.0861
    2926       1.0641
    2927       1.2153
    2928       1.0927
    2929       1.0535
    2930       1.0569
    2931       1.0547
    2932       1.1212
    2933       1.0797
    2934       1.1278
    2935       0.9547
    2936       0.8963
    2937       0.9315
    2938       0.7916
    2939       0.9407
    2940       0.8677
    2941       0.9196
    2942       0.9814
    2943       1.1001
    2944       1.1777
    2945       1.2279
    2946       1.1253
    2947       1.1055
    2948       1.0523
    2949       1.2217
    2950       1.1051
    2951       1.1206
    2952       1.1103
    2953       1.0795
    2954       1.0838
    2955       1.0165
    2956       1.0026
    2957       0.9607
    2958       0.9014
    2959       0.9862
    2960       0.8583
    2961       0.9882
    2962       0.9908
    2963       1.0522
    2964       1.0330
    2965       1.0214
    2966       1.0817
    2967       1.1850
    2968       1.0999
    2969       1.1140
    2970       0.9618
    2971       1.0352
    2972       0.9963
    2973       1.0127
    2974       0.8754
    2975       0.9589
    2976       0.9941
    2977       1.1034
    2978       1.0562
    2979       0.9650
    2980       0.8962
    2981       1.0956
    2982       1.1223
    2983       1.1204
    2984       1.0519
    2985       1.1624
    2986       1.0129
    2987       1.0964
    2988       0.9600
    2989       0.9395
    2990       0.8826
    2991       0.8849
    2992       0.9580
    2993       1.0941
    2994       0.9908
    2995       0.9594
    2996       0.9759
    2997       1.0323
    2998       0.9031
    2999       0.9679
    3000       0.9123
    3001       1.0211
    3002       1.0563
    3003       1.0439
    3004       0.9503
    3005       0.9114
    3006       0.9577
    3007       0.9759
    3008       0.9498
    3009       0.9500
    3010       0.9805
    3011       0.9210
    3012       0.8860
    3013       0.9597
    3014       0.9521
    3015       0.9370
    3016       0.8833
    3017       0.7358
    3018       0.7515
    3019       0.8077
    3020       0.8052
    3021       0.7239
    3022       0.8504
    3023       0.8165
    3024       0.8080
    3025       0.7623
    3026       0.9109
    3027       0.9637
    3028       0.9742
    3029       0.9060
    3030       0.8719
    3031       1.0188
    3032       0.9820
    3033       0.9302
    3034       0.8302
    3035       0.7984
    3036       0.8760
    3037       0.8689
    3038       0.8388
    3039       0.8277
    3040       0.9056
    3041       1.0453
    3042       1.1067
    3043       1.0908
    3044       0.8822
    3045       0.9706
    3046       1.0096
    3047       1.0033
    3048       0.9987
    3049       0.9555
    3050       1.0098
    3051       0.9515
    3052       0.9104
    3053       0.8625
    3054       0.9200
    3055       1.0638
    3056       0.9950
    3057       0.9443
    3058       0.9289
    3059       1.0137
    3060       0.8456
    3061       1.0220
    3062       0.9769
    3063       0.9169
    3064       1.0807
    3065       0.9885
    3066       0.9516
    3067       0.9491
    3068       1.0807
    3069       1.0166
    3070       1.0334
    3071       0.9656
    3072       0.8655
    3073       0.8891
    3074       0.9115
    3075       0.8791
    3076       0.8717
    3077       0.8056
    3078       0.8350
    3079       0.8271
    3080       0.9177
    3081       1.0119
    3082       0.8194
    3083       0.8207
    3084       0.7892
    3085       0.7593
    3086       0.7874
    3087       0.8493
    3088       0.7878
    3089       0.7563
    3090       0.7319
    3091       0.7402
    3092       0.8632
    3093       0.7828
    3094       0.7712
    3095       0.9590
    3096       0.7901
    3097       0.8199
    3098       0.8469
    3099       0.8421
    3100       0.8106
    3101       0.7497
    3102       0.8561
    3103       0.7872
    3104       0.7218
    3105       0.8176
    3106       0.7922
    3107       0.8544
    3108       0.8415
    3109       0.8947
    3110       0.8985
    3111       0.9615
    3112       0.8915
    3113       0.8338
    3114       0.8644
    3115       0.7729
    3116       0.7994
    3117       0.9186
    3118       0.8587
    3119       0.9032
    3120       0.9324
    3121       0.8924
    3122       0.7961
    3123       0.8373
    3124       0.6913
    3125       0.7552
    3126       0.8479
    3127       0.7847
    3128       0.7880
    3129       0.7286
    3130       0.7647
    3131       0.6969
    3132       0.6929
    3133       0.7279
    3134       0.6841
    3135       0.7202
    3136       0.7901
    3137       0.7698
    3138       0.9037
    3139       0.9382
    3140       0.8718
    3141       0.9974
    3142       0.8711
    3143       0.8642
    3144       0.9630
    3145       0.9362
    3146       0.8069
    3147       0.8195
    3148       0.8540
    3149       0.8567
    3150       0.7739
    3151       0.8487
    3152       0.7916
    3153       0.7973
    3154       0.8826
    3155       0.7713
    3156       0.8749
    3157       0.8950
    3158       0.9072
    3159       1.0590
    3160       1.0760
    3161       1.0007
    3162       0.8496
    3163       0.8869
    3164       0.9695
    3165       0.9488
    3166       1.0024
    3167       0.9628
    3168       0.8989
    3169       1.0349
    3170       1.0982
    3171       1.1433
    3172       1.0653
    3173       1.0311
    3174       1.0894
    3175       1.0950
    3176       1.0049
    3177       1.1101
    3178       0.9890
    3179       0.9212
    3180       0.9653
    3181       1.0667
    3182       1.0232
    3183       1.0884
    3184       1.0376
    3185       1.0515
    3186       1.0483
    3187       1.0983
    3188       1.0595
    3189       1.1907
    3190       1.2000
    3191       1.2132
    3192       1.1668
    3193       1.0850
    3194       1.0733
    3195       1.1379
    3196       1.1457
    3197       1.2517
    3198       1.2092
    3199       1.1783
    3200       1.1027
    3201       1.1053
    3202       1.1119
    3203       1.0532
    3204       1.1491
    3205       1.2365
    3206       1.1214
    3207       1.1025
    3208       1.1846
    3209       1.0744
    3210       1.0758
    3211       1.1357
    3212       1.0634
    3213       1.1180
    3214       1.0116
    3215       0.9527
    3216       0.9980
    3217       1.0835
    3218       1.0124
    3219       1.1273
    3220       1.0705
    3221       1.0349
    3222       0.9578
    3223       0.8828
    3224       0.9627
    3225       1.1303
    3226       1.0593
    3227       1.0746
    3228       1.0419
    3229       1.0590
    3230       1.0641
    3231       1.0830
    3232       1.1322
    3233       1.1231
    3234       1.1545
    3235       1.1241
    3236       1.0569
    3237       0.9416
    3238       1.0528
    3239       1.0644
    3240       1.0229
    3241       1.0971
    3242       1.1401
    3243       1.1564
    3244       1.1565
    3245       0.9962
    3246       1.0600
    3247       1.0395
    3248       1.1192
    3249       1.1783
    3250       1.2749
    3251       1.0949
    3252       1.0334
    3253       0.9760
    3254       1.0490
    3255       1.1569
    3256       1.0162
    3257       0.9570
    3258       1.0933
    3259       1.0826
    3260       1.0063
    3261       1.1708
    3262       1.1598
    3263       1.1246
    3264       1.1407
    3265       1.3094
    3266       1.2584
    3267       1.3068
    3268       1.2403
    3269       1.1820
    3270       1.1442
    3271       1.1393
    3272       1.2696
    3273       1.2679
    3274       1.2603
    3275       1.1429
    3276       1.2396
    3277       1.2430
    3278       1.2747
    3279       1.1940
    3280       1.1497
    3281       1.1968
    3282       1.3150
    3283       1.1786
    3284       1.1874
    3285       1.2639
    3286       1.2076
    3287       1.2847
    3288       1.1750
    3289       1.1472
    3290       1.3102
    3291       1.3634
    3292       1.2591
    3293       1.2396
    3294       1.2768
    3295       1.2987
    3296       1.2983
    3297       1.2663
    3298       1.3591
    3299       1.4142
    3300       1.3084
    3301       1.2059
    3302       1.2520
    3303       1.2138
    3304       1.2154
    3305       1.2084
    3306       1.2757
    3307       1.3313
    3308       1.4552
    3309       1.2925
    3310       1.3439
    3311       1.2245
    3312       1.2281
    3313       1.2036
    3314       1.1651
    3315       1.2672
    3316       1.2363
    3317       1.2746
    3318       1.2998
    3319       1.3825
    3320       1.2741
    3321       1.2701
    3322       1.3059
    3323       1.1776
    3324       1.1690
    3325       1.2430
    3326       1.2084
    3327       1.2580
    3328       1.3585
    3329       1.2694
    3330       1.2420
    3331       1.1692
    3332       1.1467
    3333       1.1424
    3334       1.1853
    3335       1.1935
    3336       1.2163
    3337       1.3447
    3338       1.3575
    3339       1.2886
    3340       1.3084
    3341       1.1810
    3342       1.3022
    3343       1.1970
    3344       1.2011
    3345       1.2627
    3346       1.2127
    3347       1.1985
    3348       1.2522
    3349       1.3295
    3350       1.2018
    3351       1.2236
    3352       1.1073
    3353       1.1455
    3354       1.1804
    3355       1.1347
    3356       1.2568
    3357       1.1181
    3358       1.0102
    3359       1.1183
    3360       1.0673
    3361       1.0894
    3362       1.1629
    3363       1.1939
    3364       1.1953
    3365       1.1070
    3366       1.1283
    3367       1.1100
    3368       1.0405
    3369       1.0717
    3370       1.1278
    3371       1.1578
    3372       1.2779
    3373       1.1955
    3374       1.1599
    3375       1.1489
    3376       1.3191
    3377       1.2248
    3378       1.1392
    3379       0.9860
    3380       1.1771
    3381       1.1816
    3382       1.2145
    3383       1.2461
    3384       1.1561
    3385       1.0991
    3386       1.1609
    3387       1.2010
    3388       1.1580
    3389       1.1894
    3390       1.1869
    3391       1.0920
    3392       1.1468
    3393       1.0358
    3394       1.0646
    3395       1.0539
    3396       0.9681
    3397       1.1077
    3398       1.0995
    3399       1.1549
    3400       1.1085
    3401       1.1086
    3402       1.1480
    3403       1.0661
    3404       1.0092
    3405       1.0101
    3406       1.0601
    3407       1.0836
    3408       1.0640
    3409       1.0582
    3410       1.0130
    3411       1.0095
    3412       1.0196
    3413       1.1201
    3414       0.9559
    3415       1.0379
    3416       0.9726
    3417       1.0451
    3418       1.1877
    3419       1.1253
    3420       1.1162
    3421       1.0968
    3422       1.1071
    3423       1.1566
    3424       1.1001
    3425       1.0594
    3426       1.0724
    3427       1.0789
    3428       1.0338
    3429       1.1109
    3430       0.9748
    3431       1.0485
    3432       1.0136
    3433       1.0588
    3434       1.0650
    3435       1.1155
    3436       1.0961
    3437       1.0917
    3438       1.1129
    3439       1.1733
    3440       1.1316
    3441       1.0060
    3442       0.9935
    3443       0.9142
    3444       0.9579
    3445       0.8542
    3446       0.9722
    3447       0.8945
    3448       1.0112
    3449       0.9964
    3450       0.8743
    3451       0.8516
    3452       0.9845
    3453       1.0772
    3454       1.0153
    3455       0.9932
    3456       0.9878
    3457       1.0721
    3458       1.0112
    3459       1.0707
    3460       1.1766
    3461       1.1199
    3462       1.1789
    3463       1.1125
    3464       1.0492
    3465       1.0861
    3466       1.1239
    3467       1.1376
    3468       1.1147
    3469       1.0787
    3470       1.2950
    3471       1.2658
    3472       1.3088
    3473       1.2425
    3474       1.2215
    3475       1.2301
    3476       1.2623
    3477       1.1393
    3478       1.2472
    3479       1.3516
    3480       1.0925
    3481       1.2268
    3482       1.0398
    3483       0.9948
    3484       1.0676
    3485       1.1380
    3486       1.0258
    3487       1.1325
    3488       1.2165
    3489       1.0560
    3490       1.0543
    3491       1.0965
    3492       1.0969
    3493       1.1608
    3494       1.0607
    3495       1.1231
    3496       1.1532
    3497       1.0457
    3498       0.9788
    3499       1.0139
    3500       1.0224
    3501       1.0114
    3502       0.9870
    3503       1.0121
    3504       0.9503
    3505       0.9834
    3506       1.0565
    3507       0.9780
    3508       0.9031
    3509       1.0597
    3510       0.9670
    3511       0.9346
    3512       1.0364
    3513       0.9675
    3514       1.0395
    3515       1.0956
    3516       1.0151
    3517       0.9925
    3518       0.9218
    3519       0.9080
    3520       1.0595
    3521       1.1016
    3522       1.0726
    3523       1.0309
    3524       1.0431
    3525       0.9849
    3526       0.9509
    3527       1.0198
    3528       0.9738
    3529       1.0963
    3530       1.0602
    3531       0.9361
    3532       1.0201
    3533       1.0475
    3534       1.1432
    3535       1.0612
    3536       1.0134
    3537       1.1392
    3538       0.9498
    3539       0.9279
    3540       1.0571
    3541       0.9986
    3542       0.9966
    3543       0.9689
    3544       0.9789
    3545       0.9578
    3546       0.9825
    3547       0.9251
    3548       0.9046
    3549       0.9722
    3550       0.9661
    3551       0.9865
    3552       1.0694
    3553       1.0830
    3554       1.0218
    3555       0.9747
    3556       1.0965
    3557       1.1235
    3558       1.1367
    3559       1.1873
    3560       1.0803
    3561       1.1061
    3562       1.0643
    3563       1.0168
    3564       1.0818
    3565       1.0586
    3566       0.9997
    3567       0.9508
    3568       1.0975
    3569       1.0964
    3570       1.0476
    3571       0.9523
    3572       0.9942
    3573       1.0559
    3574       1.0717
    3575       0.9703
    3576       0.9535
    3577       0.9177
    3578       0.9530
    3579       0.9879
    3580       1.0504
    3581       1.0364
    3582       1.0301
    3583       1.0654
    3584       0.9876
    3585       0.9911
    3586       0.9762
    3587       1.0036
    3588       1.1273
    3589       1.1544
    3590       1.0496
    3591       0.9987
    3592       1.0452
    3593       1.0543
    3594       1.1000
    3595       1.0894
    3596       1.0868
    3597       1.1113
    3598       1.0578
    3599       1.0117
    3600       1.1386
    3601       1.0887
    3602       1.1453
    3603       1.0930
    3604       1.0175
    3605       1.0632
    3606       1.0660
    3607       1.1056
    3608       1.0879
    3609       1.0957
    3610       1.0364
    3611       1.0661
    3612       1.1805
    3613       1.1758
    3614       1.0763
    3615       1.1384
    3616       1.1107
    3617       1.0285
    3618       1.0389
    3619       1.0198
    3620       1.0924
    3621       1.1016
    3622       0.9833
    3623       0.9694
    3624       0.9758
    3625       1.0088
    3626       0.9556
    3627       0.9643
    3628       1.0301
    3629       1.0355
    3630       0.9969
    3631       0.9855
    3632       0.9686
    3633       1.0133
    3634       1.0315
    3635       1.1086
    3636       1.0461
    3637       0.9713
    3638       1.1234
    3639       1.0498
    3640       1.0303
    3641       1.0329
    3642       1.0744
    3643       1.0712
    3644       0.9739
    3645       1.0482
    3646       0.9929
    3647       1.0682
    3648       0.9935
    3649       0.9392
    3650       0.9929
    3651       1.0209
    3652       1.0004
    3653       1.0148
    3654       1.0168
    3655       1.0341
    3656       0.9905
    3657       1.0170
    3658       1.0594
    3659       1.0211
    3660       1.1242
    3661       1.1752
    3662       1.0337
    3663       1.0044
    3664       1.0959
    3665       1.0606
    3666       1.0325
    3667       0.9475
    3668       0.9628
    3669       0.9833
    3670       0.9662
    3671       0.9685
    3672       1.0628
    3673       0.9488
    3674       1.0500
    3675       1.0088
    3676       1.0080
    3677       1.0965
    3678       1.1905
    3679       1.1747
    3680       1.0595
    3681       1.1079
    3682       0.9921
    3683       1.1845
    3684       1.1004
    3685       1.0142
    3686       1.0883
    3687       1.1577
    3688       1.0317
    3689       1.1269
    3690       1.1292
    3691       1.1082
    3692       1.2341
    3693       1.0911
    3694       1.1107
    3695       1.2818
    3696       1.1335
    3697       1.1485
    3698       1.0495
    3699       1.0732
    3700       1.0492
    3701       0.9833
    3702       1.1394
    3703       1.1153
    3704       1.0797
    3705       1.1431
    3706       1.0897
    3707       1.1140
    3708       1.1051
    3709       1.1274
    3710       1.0816
    3711       1.0272
    3712       1.0454
    3713       1.1326
    3714       1.3064
    3715       1.1545
    3716       1.0466
    3717       1.1270
    3718       1.0287
    3719       1.0786
    3720       1.1800
    3721       1.1609
    3722       1.1176
    3723       1.1069
    3724       1.0555
    3725       1.0069
    3726       1.0438
    3727       1.0199
    3728       1.0812
    3729       1.1370
    3730       1.0302
    3731       1.1071
    3732       1.1389
    3733       1.0854
    3734       1.1588
    3735       1.1995
    3736       1.0509
    3737       1.1533
    3738       1.1013
    3739       1.1702
    3740       1.3569
    3741       1.3213
    3742       1.2845
    3743       1.2295
    3744       1.2341
    3745       1.2620
    3746       1.2699
    3747       1.2124
    3748       1.2080
    3749       1.1500
    3750       1.1603
    3751       1.1960
    3752       1.3105
    3753       1.2030
    3754       1.2198
    3755       1.2201
    3756       1.1769
    3757       1.0195
    3758       1.1828
    3759       1.2054
    3760       1.1855
    3761       1.2631
    3762       1.1789
    3763       1.2400
    3764       1.2032
    3765       1.0891
    3766       1.0784
    3767       1.0092
    3768       0.9623
    3769       1.1148
    3770       1.0162
    3771       1.0949
    3772       1.1080
    3773       1.1241
    3774       1.2854
    3775       1.2613
    3776       1.0806
    3777       1.2038
    3778       1.2526
    3779       1.1326
    3780       1.1126
    3781       1.1485
    3782       1.0359
    3783       1.0264
    3784       1.0864
    3785       1.1210
    3786       1.0641
    3787       1.0323
    3788       1.0182
    3789       0.9765
    3790       1.0625
    3791       1.0732
    3792       1.1081
    3793       1.1005
    3794       1.0947
    3795       1.1810
    3796       1.1552
    3797       1.2600
    3798       1.1517
    3799       1.0663
    3800       1.1440
    3801       1.0499
    3802       1.1069
    3803       1.1218
    3804       1.1004
    3805       1.0280
    3806       1.1521
    3807       0.9701
    3808       0.9432
    3809       1.0184
    3810       0.9365
    3811       0.9780
    3812       1.0598
    3813       0.9855
    3814       0.9650
    3815       1.0437
    3816       0.9969
    3817       0.9749
    3818       0.9180
    3819       1.0379
    3820       0.9745
    3821       0.9894
    3822       0.9399
    3823       1.0321
    3824       0.9906
    3825       1.0303
    3826       0.9767
    3827       1.0372
    3828       1.0023
    3829       1.0073
    3830       1.0371
    3831       1.1040
    3832       1.0390
    3833       1.0338
    3834       1.0273
    3835       0.9924
    3836       1.0922
    3837       1.0731
    3838       1.0626
    3839       1.0743
    3840       1.0071
    3841       1.0079
    3842       1.0647
    3843       1.1236
    3844       1.1658
    3845       1.2217
    3846       1.0590
    3847       0.9906
    3848       1.0152
    3849       0.9905
    3850       1.0126
    3851       1.0605
    3852       1.0528
    3853       1.0219
    3854       1.0164
    3855       1.0162
    3856       1.1270
    3857       1.2026
    3858       1.1852
    3859       1.0143
    3860       1.0956
    3861       1.0850
    3862       1.0700
    3863       1.1030
    3864       1.2014
    3865       1.0937
    3866       1.1982
    3867       1.1222
    3868       1.1072
    3869       1.1278
    3870       1.0446
    3871       1.0527
    3872       1.1292
    3873       1.0405
    3874       1.0993
    3875       1.0726
    3876       1.1204
    3877       1.1576
    3878       1.0617
    3879       1.1178
    3880       1.1131
    3881       1.0798
    3882       1.1139
    3883       1.1669
    3884       1.0084
    3885       1.0613
    3886       0.9935
    3887       1.0948
    3888       1.1406
    3889       1.1041
    3890       1.1572
    3891       1.0476
    3892       1.0492
    3893       1.0723
    3894       1.1629
    3895       1.0989
    3896       1.0590
    3897       1.2257
    3898       1.0956
    3899       1.1488
    3900       1.1863
    3901       1.1955
    3902       1.1691
    3903       1.0974
    3904       1.1091
    3905       1.1000
    3906       1.1367
    3907       1.1380
    3908       1.2655
    3909       1.1086
    3910       1.0977
    3911       1.1277
    3912       1.0584
    3913       1.1035
    3914       1.0570
    3915       0.9781
    3916       1.0518
    3917       1.0471
    3918       1.0632
    3919       1.1000
    3920       1.1323
    3921       1.0609
    3922       1.0412
    3923       1.1619
    3924       1.0260
    3925       1.1454
    3926       1.1895
    3927       1.1888
    3928       1.1193
    3929       1.1461
    3930       1.1512
    3931       1.1753
    3932       1.1715
    3933       1.1073
    3934       1.2401
    3935       1.2027
    3936       1.2844
    3937       1.1762
    3938       1.0849
    3939       1.1664
    3940       1.0377
    3941       1.0112
    3942       1.1681
    3943       1.2493
    3944       1.1742
    3945       1.1804
    3946       1.2348
    3947       1.2040
    3948       1.2003
    3949       1.2618
    3950       1.1851
    3951       1.0708
    3952       1.1570
    3953       1.1422
    3954       1.1274
    3955       1.0915
    3956       1.0975
    3957       1.2047
    3958       1.1004
    3959       1.1117
    3960       1.0659
    3961       1.1466
    3962       1.0708
    3963       1.1248
    3964       1.0768
    3965       1.0740
    3966       1.1250
    3967       1.1038
    3968       1.0751
    3969       1.0657
    3970       1.0232
    3971       1.0105
    3972       1.0005
    3973       1.1590
    3974       1.1165
    3975       1.1604
    3976       1.1396
    3977       1.2489
    3978       1.2476
    3979       1.1753
    3980       1.0943
    3981       1.2316
    3982       1.2141
    3983       1.1416
    3984       1.1375
    3985       1.0627
    3986       1.1854
    3987       1.2006
    3988       1.1104
    3989       1.0877
    3990       1.0923
    3991       1.0808
    3992       1.1886
    3993       1.1756
    3994       1.1761
    3995       1.1953
    3996       1.1950
    3997       1.1759
    3998       1.1296
    3999       1.2453
    4000       1.2026
    4001       1.2154
    4002       1.1925
    4003       1.2088
    4004       1.2259
    4005       1.0960
    4006       1.0543
    4007       1.1061
    4008       1.0487
    4009       1.0314
    4010       0.9871
    4011       1.1117
    4012       1.0613
    4013       1.1273
    4014       1.1116
    4015       1.0814
    4016       1.0317
    4017       0.9606
    4018       0.9708
    4019       1.0568
    4020       1.0862
    4021       1.0982
    4022       1.0921
    4023       1.0820
    4024       1.1126
    4025       1.1342
    4026       1.0337
    4027       1.1205
    4028       1.0941
    4029       1.0774
    4030       1.1792
    4031       1.1501
    4032       1.3183
    4033       1.2522
    4034       1.1079
    4035       1.2932
    4036       1.2834
    4037       1.3061
    4038       1.1457
    4039       1.2049
    4040       1.3461
    4041       1.1232
    4042       1.2440
    4043       1.2056
    4044       1.3230
    4045       1.2649
    4046       1.2859
    4047       1.1626
    4048       1.1439
    4049       1.1224
    4050       1.1105
    4051       1.0460
    4052       1.0140
    4053       1.0189
    4054       0.9599
    4055       1.0418
    4056       0.9650
    4057       1.0289
    4058       1.0693
    4059       1.0066
    4060       1.1040
    4061       1.0878
    4062       1.1156
    4063       1.0332
    4064       1.0356
    4065       1.2275
    4066       1.1990
    4067       1.1183
    4068       1.0057
    4069       1.0280
    4070       1.0748
    4071       1.1186
    4072       1.2089
    4073       1.1070
    4074       1.1343
    4075       1.2167
    4076       1.1524
    4077       1.2285
    4078       1.1018
    4079       1.0868
    4080       1.0695
    4081       1.0922
    4082       1.0777
    4083       1.0822
    4084       1.1079
    4085       1.1484
    4086       1.0910
    4087       1.1967
    4088       1.1461
    4089       1.0683
    4090       1.0202
    4091       0.9691
    4092       0.9871
    4093       1.0883
    4094       1.1027
    4095       1.0459
    4096       1.1567
    4097       1.1080
    4098       1.1002
    4099       1.1460
    4100       1.2493
    4101       1.2054
    4102       1.2270
    4103       1.3356
    4104       1.1744
    4105       1.0812
    4106       1.1129
    4107       1.1889
    4108       1.1680
    4109       1.0806
    4110       1.2257
    4111       1.1545
    4112       1.1306
    4113       1.1596
    4114       1.1471
    4115       1.2002
    4116       1.0997
    4117       1.1053
    4118       1.0712
    4119       1.1462
    4120       1.0938
    4121       1.1294
    4122       1.1791
    4123       1.1164
    4124       1.1015
    4125       1.1843
    4126       1.1134
    4127       1.0736
    4128       1.1106
    4129       1.0818
    4130       1.0484
    4131       1.0750
    4132       1.0914
    4133       1.1442
    4134       1.0913
    4135       1.0763
    4136       1.0490
    4137       1.1042
    4138       1.0375
    4139       1.0267
    4140       1.0500
    4141       1.0448
    4142       0.9433
    4143       1.1113
    4144       1.2209
    4145       1.1150
    4146       1.0877
    4147       1.0203
    4148       1.0753
    4149       1.0659
    4150       1.0819
    4151       1.1295
    4152       1.1035
    4153       1.0856
    4154       1.1955
    4155       1.1678
    4156       1.0647
    4157       1.1394
    4158       1.2126
    4159       0.9923
    4160       1.0490
    4161       1.1180
    4162       1.1487
    4163       1.1011
    4164       1.1066
    4165       1.0618
    4166       1.0861
    4167       1.0587
    4168       1.0506
    4169       1.1011
    4170       1.1144
    4171       1.1154
    4172       1.0240
    4173       1.0770
    4174       1.1478
    4175       1.1570
    4176       1.1165
    4177       1.0848
    4178       1.1064
    4179       1.0664
    4180       1.1215
    4181       1.1053
    4182       1.1126
    4183       1.0903
    4184       1.1009
    4185       1.2500
    4186       1.0941
    4187       1.0467
    4188       1.1502
    4189       1.0945
    4190       1.0240
    4191       1.0337
    4192       1.0170
    4193       1.1612
    4194       1.1386
    4195       1.1312
    4196       1.2267
    4197       1.1334
    4198       1.1683
    4199       1.0280
    4200       1.0366
    4201       1.0906
    4202       1.0489
    4203       1.0469
    4204       1.1301
    4205       1.0272
    4206       1.1772
    4207       1.1780
    4208       1.0668
    4209       1.1488
    4210       1.1118
    4211       1.0185
    4212       1.0603
    4213       1.0484
    4214       1.1245
    4215       1.1496
    4216       1.1940
    4217       1.1761
    4218       1.1784
    4219       1.2727
    4220       1.1386
    4221       1.0976
    4222       1.0855
    4223       1.0730
    4224       1.1006
    4225       1.1133
    4226       1.2176
    4227       1.2414
    4228       1.1718
    4229       1.1359
    4230       1.1996
    4231       1.1619
    4232       1.1262
    4233       1.1355
    4234       1.1922
    4235       1.3426
    4236       1.2355
    4237       1.2923
    4238       1.1650
    4239       1.1459
    4240       1.1283
    4241       1.0946
    4242       1.0834
    4243       1.2232
    4244       1.1575
    4245       1.0386
    4246       1.0943
    4247       1.1405
    4248       1.1062
    4249       1.1507
    4250       1.2140
    4251       1.1293
    4252       1.2118
    4253       1.1041
    4254       1.1061
    4255       0.9988
    4256       1.0328
    4257       1.0594
    4258       1.0755
    4259       1.1090
    4260       1.0774
    4261       1.1199
    4262       1.1110
    4263       1.0415
    4264       1.0080
    4265       1.1012
    4266       0.9889
    4267       1.0781
    4268       1.0465
    4269       1.0536
    4270       1.1625
    4271       1.2589
    4272       1.1852
    4273       1.1590
    4274       1.2152
    4275       1.2668
    4276       1.2782
    4277       1.1548
    4278       1.1305
    4279       1.1407
    4280       1.0969
    4281       1.1035
    4282       1.2937
    4283       1.0539
    4284       1.1529
    4285       1.1921
    4286       1.1644
    4287       1.1184
    4288       1.0013
    4289       1.0428
    4290       0.9416
    4291       1.1210
    4292       1.2380
    4293       1.2057
    4294       1.0534
    4295       1.0949
    4296       1.1138
    4297       0.9855
    4298       1.0139
    4299       1.0414
    4300       1.0843
    4301       1.0326
    4302       1.1993
    4303       1.0877
    4304       1.1145
    4305       1.1311
    4306       1.1675
    4307       1.1777
    4308       1.0371
    4309       1.1019
    4310       1.0788
    4311       1.0541
    4312       1.1180
    4313       1.0870
    4314       1.1472
    4315       1.0273
    4316       1.1188
    4317       1.1252
    4318       1.0787
    4319       1.0313
    4320       1.1197
    4321       1.3206
    4322       1.2045
    4323       1.3085
    4324       1.2233
    4325       1.1889
    4326       1.1624
    4327       1.3302
    4328       1.3362
    4329       1.3908
    4330       1.3514
    4331       1.2216
    4332       1.1265
    4333       1.2465
    4334       1.1802
    4335       1.1334
    4336       1.0872
    4337       1.1222
    4338       1.1403
    4339       1.1810
    4340       1.1711
    4341       1.2506
    4342       1.2879
    4343       1.3752
    4344       1.3328
    4345       1.3672
    4346       1.2864
    4347       1.2017
    4348       1.1968
    4349       1.0601
    4350       1.1417
    4351       1.0885
    4352       1.2640
    4353       1.1460
    4354       1.2019
    4355       1.1997
    4356       1.1347
    4357       1.0210
    4358       1.1117
    4359       1.0406
    4360       1.0636
    4361       1.0280
    4362       1.0555
    4363       1.0426
    4364       1.0410
    4365       1.0719
    4366       1.1076
    4367       1.1217
    4368       1.1313
    4369       1.1603
    4370       1.1046
    4371       1.1252
    4372       1.1582
    4373       1.1708
    4374       1.3064
    4375       1.3259
    4376       1.1029
    4377       1.1678
    4378       1.2029
    4379       1.1526
    4380       1.2808
    4381       1.2495
    4382       1.2435
    4383       1.2047
    4384       1.2625
    4385       1.1751
    4386       1.3036
    4387       1.2723
    4388       1.2813
    4389       1.1847
    4390       1.0997
    4391       1.0250
    4392       1.0742
    4393       1.1206
    4394       1.1620
    4395       1.1570
    4396       1.1175
    4397       1.1877
    4398       1.1798
    4399       1.0676
    4400       1.1807
    4401       1.0779
    4402       1.1304
    4403       1.1878
    4404       1.1644
    4405       1.1054
    4406       1.0943
    4407       1.1545
    4408       1.0211
    4409       1.0066
    4410       1.0765
    4411       1.1203
    4412       1.0886
    4413       1.1270
    4414       1.0589
    4415       1.0888
    4416       1.0044
    4417       1.0631
    4418       0.9853
    4419       1.1001
    4420       1.1615
    4421       1.2279
    4422       1.1840
    4423       1.1504
    4424       1.1842
    4425       1.1129
    4426       1.0931
    4427       1.1155
    4428       1.1582
    4429       1.1494
    4430       1.1013
    4431       1.1201
    4432       1.1414
    4433       1.1820
    4434       1.0834
    4435       1.1645
    4436       1.1242
    4437       1.0788
    4438       1.1537
    4439       1.0877
    4440       1.0469
    4441       1.0419
    4442       1.1779
    4443       1.0913
    4444       1.0827
    4445       1.1171
    4446       1.0727
    4447       1.1658
    4448       1.1136
    4449       1.1650
    4450       1.1956
    4451       1.0540
    4452       1.0852
    4453       1.1064
    4454       1.0275
    4455       1.1687
    4456       1.2253
    4457       1.1532
    4458       1.2604
    4459       1.2685
    4460       1.1719
    4461       1.1102
    4462       1.0824
    4463       1.1994
    4464       1.1044
    4465       1.1811
    4466       1.1085
    4467       1.0899
    4468       1.0866
    4469       1.0821
    4470       1.2227
    4471       1.2400
    4472       1.2120
    4473       1.1135
    4474       1.2041
    4475       1.1912
    4476       1.1622
    4477       1.1143
    4478       1.1456
    4479       1.0970
    4480       1.2135
    4481       1.2112
    4482       1.2401
    4483       1.2017
    4484       1.2575
    4485       1.2081
    4486       1.1963
    4487       1.1089
    4488       1.1755
    4489       1.1627
    4490       1.1436
    4491       1.1332
    4492       1.1075
    4493       1.1871
    4494       1.1698
    4495       1.1393
    4496       1.2163
    4497       1.1789
    4498       1.1761
    4499       1.0907
    4500       1.1029
    4501       1.0894
    4502       1.1396
    4503       1.1387
    4504       1.1269
    4505       1.2271
    4506       1.2976
    4507       1.2529
    4508       1.1867
    4509       1.2678
    4510       1.2027
    4511       1.2119
    4512       1.1054
    4513       1.1039
    4514       1.1182
    4515       1.1167
    4516       1.1869
    4517       1.2181
    4518       1.1364
    4519       1.1238
    4520       1.2094
    4521       1.2004
    4522       1.1774
    4523       1.2019
    4524       1.3210
    4525       1.1577
    4526       1.1874
    4527       1.2162
    4528       1.2512
    4529       1.2518
    4530       1.1108
    4531       1.0747
    4532       1.0646
    4533       1.0794
    4534       1.1229
    4535       1.1433
    4536       1.1138
    4537       1.1440
    4538       1.1615
    4539       1.1186
    4540       1.1062
    4541       1.0883
    4542       1.0335
    4543       1.0865
    4544       1.0250
    4545       1.0193
    4546       1.0359
    4547       1.0398
    4548       1.2220
    4549       1.1330
    4550       1.0998
    4551       1.0782
    4552       1.2132
    4553       1.1640
    4554       1.0622
    4555       1.0322
    4556       1.0299
    4557       1.0660
    4558       1.0666
    4559       1.1098
    4560       1.0952
    4561       1.0543
    4562       1.1318
    4563       1.1053
    4564       1.0772
    4565       1.1075
    4566       1.1328
    4567       1.0230
    4568       1.0462
    4569       1.0585
    4570       1.1259
    4571       1.1189
    4572       1.1016
    4573       1.1943
    4574       1.3487
    4575       1.4746
    4576       1.3612
    4577       1.2699
    4578       1.0383
    4579       1.0592
    4580       1.1544
    4581       1.1394
    4582       1.0979
    4583       1.1490
    4584       1.1263
    4585       1.2486
    4586       1.1087
    4587       1.0943
    4588       1.0583
    4589       1.0313
    4590       1.1414
    4591       1.2004
    4592       1.1445
    4593       1.1103
    4594       1.1963
    4595       1.0027
    4596       1.1379
    4597       1.1518
    4598       1.2580
    4599       1.2206
    4600       1.1415
    4601       1.1716
    4602       1.1924
    4603       1.1740
    4604       1.2270
    4605       1.2367
    4606       1.2025
    4607       1.2802
    4608       1.2590
    4609       1.1996
    4610       1.2886
    4611       1.0457
    4612       1.1206
    4613       1.0015
    4614       1.0522
    4615       1.0899
    4616       1.2017
    4617       1.1312
    4618       1.0485
    4619       1.0703
    4620       1.1176
    4621       1.1280
    4622       1.0612
    4623       1.1664
    4624       1.0564
    4625       1.0881
    4626       1.0310
    4627       1.2047
    4628       1.0940
    4629       1.0121
    4630       1.1070
    4631       1.1277
    4632       1.1866
    4633       1.1783
    4634       1.0247
    4635       1.0034
    4636       1.0871
    4637       1.0722
    4638       1.1142
    4639       1.0393
    4640       1.0211
    4641       1.0806
    4642       1.0278
    4643       1.0236
    4644       0.9691
    4645       0.9223
    4646       0.9871
    4647       1.0547
    4648       0.9907
    4649       0.9393
    4650       1.0019
    4651       1.0638
    4652       0.9668
    4653       0.9714
    4654       1.0726
    4655       1.0255
    4656       0.9789
    4657       1.1010
    4658       0.9657
    4659       0.9746
    4660       1.0856
    4661       1.0173
    4662       1.0336
    4663       1.0429
    4664       0.9190
    4665       0.9720
    4666       1.0929
    4667       1.0876
    4668       1.1433
    4669       1.1917
    4670       1.0633
    4671       1.0934
    4672       1.0053
    4673       0.9851
    4674       1.0650
    4675       1.1492
    4676       1.1247
    4677       1.1620
    4678       1.0497
    4679       1.0976
    4680       1.0856
    4681       1.1627
    4682       1.1802
    4683       1.0970
    4684       1.1814
    4685       1.2349
    4686       1.2233
    4687       1.1579
    4688       1.0567
    4689       1.0896
    4690       1.1378
    4691       1.1031
    4692       1.0900
    4693       1.0450
    4694       1.1346
    4695       1.0294
    4696       1.0167
    4697       1.0635
    4698       1.0742
    4699       1.1375
    4700       1.1207
    4701       1.1429
    4702       1.2602
    4703       1.1987
    4704       1.3566
    4705       1.1374
    4706       1.1849
    4707       1.2019
    4708       1.2121
    4709       1.1513
    4710       1.1975
    4711       1.0844
    4712       1.1724
    4713       1.1631
    4714       1.3507
    4715       1.2315
    4716       1.2514
    4717       1.0919
    4718       1.0511
    4719       1.0262
    4720       1.0657
    4721       1.1598
    4722       1.0819
    4723       1.0641
    4724       1.0515
    4725       1.1416
    4726       1.1046
    4727       1.1274
    4728       1.0300
    4729       1.1305
    4730       1.0378
    4731       0.9886
    4732       1.0421
    4733       0.9811
    4734       1.0862
    4735       1.0964
    4736       1.1526
    4737       1.0126
    4738       1.0650
    4739       1.0656
    4740       1.0817
    4741       0.9664
    4742       1.0789
    4743       0.9984
    4744       1.1045
    4745       1.0077
    4746       1.0501
    4747       0.9928
    4748       1.0018
    4749       1.1244
    4750       1.1714
    4751       1.2066
    4752       1.2708
    4753       1.2618
    4754       1.1141
    4755       1.1754
    4756       1.2193
    4757       1.1580
    4758       1.1251
    4759       1.0539
    4760       1.1059
    4761       0.9933
    4762       1.0255
    4763       1.0066
    4764       0.9976
    4765       0.9988
    4766       1.0638
    4767       1.0499
    4768       1.1356
    4769       1.1888
    4770       1.2692
    4771       1.2553
    4772       1.1518
    4773       1.1962
    4774       1.2052
    4775       1.1570
    4776       1.1304
    4777       1.2602
    4778       1.3195
    4779       1.1133
    4780       1.2637
    4781       1.0889
    4782       1.1005
    4783       1.0805
    4784       1.0954
    4785       1.1422
    4786       1.1388
    4787       1.2075
    4788       1.3927
    4789       1.2249
    4790       1.2341
    4791       1.3365
    4792       1.2048
    4793       1.2343
    4794       1.1006
    4795       1.1070
    4796       1.1130
    4797       1.1542
    4798       1.0997
    4799       1.2575
    4800       1.1826
    4801       1.2368
    4802       1.2587
    4803       1.1828
    4804       1.1699
    4805       1.1677
    4806       1.1767
    4807       1.2159
    4808       1.1183
    4809       1.1819
    4810       1.0954
    4811       1.0407
    4812       1.0092
    4813       1.0901
    4814       1.0488
    4815       1.0555
    4816       1.0098
    4817       1.1094
    4818       1.0139
    4819       0.9891
    4820       1.0122
    4821       0.9282
    4822       1.0604
    4823       0.9412
    4824       0.9949
    4825       1.0342
    4826       0.9692
    4827       1.0074
    4828       0.9920
    4829       0.9244
    4830       1.0780
    4831       1.0984
    4832       1.1052
    4833       0.9613
    4834       1.0560
    4835       1.0426
    4836       1.0162
    4837       1.0407
    4838       1.1388
    4839       1.1404
    4840       1.0996
    4841       1.0935
    4842       1.1504
    4843       1.2118
    4844       1.2516
    4845       1.0757
    4846       1.1801
    4847       1.2672
    4848       1.1361
    4849       1.1331
    4850       1.1829
    4851       1.1772
    4852       1.1376
    4853       1.1673
    4854       1.0933
    4855       1.1725
    4856       1.2154
    4857       1.1619
    4858       1.2264
    4859       1.3263
    4860       1.2577
    4861       1.2151
    4862       1.1876
    4863       1.2397
    4864       1.1350
    4865       1.0871
    4866       1.1671
    4867       1.1827
    4868       1.2178
    4869       1.2130
    4870       1.2028
    4871       1.0646
    4872       0.9827
    4873       0.9634
    4874       1.0077
    4875       1.0265
    4876       1.1062
    4877       1.1628
    4878       1.2829
    4879       1.0835
    4880       1.0485
    4881       0.9937
    4882       1.0201
    4883       1.0255
    4884       0.9975
    4885       1.0135
    4886       0.9559
    4887       1.0461
    4888       1.1085
    4889       1.0541
    4890       1.1672
    4891       1.0524
    4892       1.0645
    4893       1.1462
    4894       1.1710
    4895       1.1898
    4896       1.1403
    4897       1.2028
    4898       1.1317
    4899       1.0023
    4900       1.0956
    4901       1.1801
    4902       1.1821
    4903       1.0790
    4904       1.1831
    4905       1.2122
    4906       1.1170
    4907       1.0948
    4908       1.1971
    4909       1.0833
    4910       1.1155
    4911       1.2136
    4912       1.0895
    4913       1.0698
    4914       1.1509
    4915       1.1182
    4916       1.1739
    4917       1.1495
    4918       1.0894
    4919       1.0721
    4920       1.1165
    4921       1.1149
    4922       1.0677
    4923       1.0608
    4924       1.0984
    4925       1.0927
    4926       1.2017
    4927       1.1344
    4928       1.0915
    4929       1.0835
    4930       0.9672
    4931       1.0137
    4932       1.0836
    4933       1.0446
    4934       1.0788
    4935       1.0362
    4936       1.0718
    4937       1.0850
    4938       1.2010
    4939       1.1946
    4940       1.0076
    4941       1.0209
    4942       1.1158
    4943       1.1573
    4944       1.1301
    4945       1.1253
    4946       1.2496
    4947       1.1206
    4948       1.1355
    4949       1.0429
    4950       1.0862
    4951       1.0958
    4952       1.1876
    4953       1.1802
    4954       1.1071
    4955       1.0954
    4956       1.0980
    4957       1.0421
    4958       1.1360
    4959       1.0984
    4960       1.0456
    4961       1.0893
    4962       0.9968
    4963       1.0348
    4964       1.1331
    4965       1.0697
    4966       1.0418
    4967       1.1463
    4968       1.0952
    4969       1.1009
    4970       1.0682
    4971       1.0044
    4972       1.0746
    4973       1.0893
    4974       1.0337
    4975       1.0963
    4976       1.1420
    4977       1.1294
    4978       1.0777
    4979       1.0607
    4980       1.0839
    4981       1.0322
    4982       1.1625
    4983       1.0274
    4984       1.0147
    4985       1.1811
    4986       1.2342
    4987       1.0934
    4988       1.2320
    4989       1.1976
    4990       1.2165
    4991       1.1401
    4992       1.1891
    4993       1.1140
    4994       1.1416
    4995       1.1759
    4996       1.1281
    4997       1.0466
    4998       1.0418
    4999       1.0157
    5000       1.0746
    5001       1.0108
    5002       0.9795
    5003       0.9914
    5004       1.0693
    5005       0.9675
    5006       0.9128
    5007       0.9851
    5008       0.9946
    5009       1.0842
    5010       1.0655
    5011       1.0366
    5012       1.0434
    5013       0.9919
    5014       1.0564
    5015       1.0196
    5016       1.0663
    5017       1.1867
    5018       1.1081
    5019       1.0147
    5020       1.0941
    5021       1.1250
    5022       1.0824
    5023       0.9829
    5024       1.0388
    5025       1.0137
    5026       1.0360
    5027       0.9628
    5028       0.9691
    5029       0.9855
    5030       1.0961
    5031       0.9565
    5032       0.9902
    5033       1.0315
    5034       0.9916
    5035       1.0079
    5036       1.0417
    5037       1.0703
    5038       1.0773
    5039       1.1716
    5040       1.1132
    5041       1.1686
    5042       1.1249
    5043       1.1441
    5044       1.1118
    5045       1.1104
    5046       1.0386
    5047       1.0757
    5048       1.2717
    5049       1.2818
    5050       1.1854
    5051       1.3119
    5052       1.1569
    5053       1.1754
    5054       1.1726
    5055       1.2962
    5056       1.1326
    5057       0.9702
    5058       1.0475
    5059       1.0999
    5060       1.2836
    5061       1.1167
    5062       1.0599
    5063       1.0111
    5064       1.1213
    5065       1.1019
    5066       1.1556
    5067       1.1757
    5068       1.1847
    5069       1.1017
    5070       1.0342
    5071       1.0919
    5072       1.0173
    5073       1.0608
    5074       1.1541
    5075       1.0746
    5076       1.0517
    5077       1.2126
    5078       1.1597
    5079       1.1147
    5080       1.1148
    5081       1.1804
    5082       1.1474
    5083       1.1608
    5084       1.1681
    5085       1.1508
    5086       1.1353
    5087       1.1557
    5088       1.3425
    5089       1.1295
    5090       1.1006
    5091       1.1024
    5092       1.1874
    5093       1.1894
    5094       1.1171
    5095       1.2407
    5096       1.2458
    5097       1.2142
    5098       1.2392
    5099       1.1192
    5100       1.1193
    5101       1.1247
    5102       1.1541
    5103       1.1053
    5104       1.1252
    5105       1.1753
    5106       1.1932
    5107       1.0728
    5108       1.0405
    5109       1.0613
    5110       0.9437
    5111       1.0945
    5112       1.0540
    5113       1.1467
    5114       1.1351
    5115       1.0761
    5116       1.0295
    5117       1.1620
    5118       1.0907
    5119       1.0790
    5120       1.0801
    5121       0.9912
    5122       1.1176
    5123       1.1008
    5124       1.1060
    5125       1.0299
    5126       1.1145
    5127       1.1078
    5128       1.1147
    5129       1.0779
    5130       1.0312
    5131       1.1387
    5132       1.1483
    5133       1.0746
    5134       1.1038
    5135       1.0432
    5136       1.0426
    5137       1.0044
    5138       1.1476
    5139       1.0531
    5140       1.0259
    5141       1.2042
    5142       1.0801
    5143       1.0140
    5144       1.1030
    5145       0.9891
    5146       1.0060
    5147       1.0390
    5148       1.0073
    5149       0.9609
    5150       0.9632
    5151       1.0195
    5152       1.0972
    5153       1.0734
    5154       0.9837
    5155       1.1215
    5156       1.0684
    5157       0.9969
    5158       1.0798
    5159       0.9748
    5160       0.9831
    5161       0.9668
    5162       0.9481
    5163       1.0257
    5164       1.0884
    5165       1.1493
    5166       1.1184
    5167       1.1061
    5168       1.0275
    5169       0.9530
    5170       1.0083
    5171       1.0299
    5172       1.0664
    5173       1.0390
    5174       1.1910
    5175       1.1472
    5176       1.0484
    5177       1.1389
    5178       1.0919
    5179       1.0824
    5180       1.0914
    5181       1.0091
    5182       1.0465
    5183       1.0807
    5184       1.1262
    5185       1.0543
    5186       1.0585
    5187       1.0734
    5188       1.0877
    5189       1.0696
    5190       1.0778
    5191       1.0247
    5192       1.0771
    5193       1.0676
    5194       1.0682
    5195       1.0427
    5196       1.0158
    5197       1.1201
    5198       0.9797
    5199       1.0397
    5200       0.9855
    5201       1.1315
    5202       1.0716
    5203       1.0611
    5204       0.9676
    5205       1.0165
    5206       1.1131
    5207       1.0392
    5208       1.0343
    5209       1.0622
    5210       1.0076
    5211       1.0688
    5212       1.0208
    5213       1.0497
    5214       1.1560
    5215       1.1771
    5216       1.1268
    5217       1.0097
    5218       1.0491
    5219       1.0906
    5220       1.0167
    5221       1.1262
    5222       1.0640
    5223       0.9808
    5224       1.0664
    5225       1.1900
    5226       1.1784
    5227       1.1428
    5228       1.2099
    5229       1.1572
    5230       1.0955
    5231       1.0882
    5232       1.0539
    5233       1.1222
    5234       1.0907
    5235       1.1607
    5236       1.1142
    5237       1.1684
    5238       1.0009
    5239       1.2126
    5240       1.0779
    5241       1.1256
    5242       1.2026
    5243       1.1370
    5244       1.1264
    5245       1.0452
    5246       1.0403
    5247       1.0121
    5248       1.1116
    5249       1.1575
    5250       1.0436
    5251       1.0333
    5252       1.0757
    5253       1.0886
    5254       1.2075
    5255       1.1089
    5256       1.1622
    5257       1.2855
    5258       1.1402
    5259       1.1058
    5260       0.9797
    5261       0.9644
    5262       1.0214
    5263       1.0760
    5264       1.0085
    5265       1.0812
    5266       1.0709
    5267       1.0349
    5268       1.0217
    5269       1.1156
    5270       1.0724
    5271       1.1876
    5272       0.9865
    5273       0.9819
    5274       1.0315
    5275       0.9685
    5276       1.0131
    5277       0.9809
    5278       0.9796
    5279       0.9996
    5280       0.9550
    5281       1.0274
    5282       1.0575
    5283       1.0039
    5284       0.9550
    5285       0.9973
    5286       0.9973
    5287       1.1026
    5288       1.1095
    5289       1.0323
    5290       1.0212
    5291       0.9960
    5292       0.9960
    5293       1.0240
    5294       1.1023
    5295       1.0732
    5296       1.0111
    5297       0.9822
    5298       1.0852
    5299       1.0723
    5300       1.0593
    5301       1.1030
    5302       1.0893
    5303       1.0681
    5304       1.1059
    5305       1.0997
    5306       1.0269
    5307       1.1559
    5308       1.0406
    5309       1.0682
    5310       1.0502
    5311       1.0799
    5312       1.0205
    5313       0.9791
    5314       1.0022
    5315       1.0015
    5316       0.9616
    5317       1.0071
    5318       0.9796
    5319       1.0485
    5320       0.9351
    5321       0.9964
    5322       1.0436
    5323       1.0270
    5324       0.9912
    5325       1.0359
    5326       1.0209
    5327       0.9770
    5328       0.9626
    5329       1.1140
    5330       1.0592
    5331       1.0710
    5332       1.1504
    5333       1.0991
    5334       1.0824
    5335       1.0333
    5336       1.0671
    5337       1.0702
    5338       1.0694
    5339       1.0761
    5340       1.0178
    5341       1.0795
    5342       1.0441
    5343       1.0702
    5344       1.0373
    5345       1.0624
    5346       1.0981
    5347       1.0721
    5348       1.1586
    5349       1.0797
    5350       1.0647
    5351       1.0223
    5352       1.1073
    5353       1.1938
    5354       1.1672
    5355       1.0788
    5356       1.0851
    5357       1.1267
    5358       1.2425
    5359       1.0744
    5360       1.1588
    5361       1.1214
    5362       1.1210
    5363       1.0676
    5364       1.1763
    5365       1.0391
    5366       1.1365
    5367       1.1133
    5368       1.0879
    5369       1.1478
    5370       1.0426
    5371       1.1672
    5372       1.1244
    5373       1.1370
    5374       1.0314
    5375       1.1721
    5376       1.1168
    5377       1.1958
    5378       1.0217
    5379       1.1147
    5380       1.0999
    5381       1.0572
    5382       1.1141
    5383       1.1391
    5384       1.1578
    5385       1.0943
    5386       1.0153
    5387       1.1766
    5388       1.3985
    5389       1.4789
    5390       1.4280
    5391       1.2813
    5392       1.1897
    5393       1.1923
    5394       1.1866
    5395       1.0694
    5396       1.0665
    5397       1.1055
    5398       1.0243
    5399       1.1367
    5400       1.1045
    5401       1.0872
    5402       1.0910
    5403       1.0365
    5404       1.2551
    5405       1.3228
    5406       1.2612
    5407       1.3068
    5408       1.1292
    5409       1.1364
    5410       1.0299
    5411       1.0452
    5412       1.0676
    5413       1.0987
    5414       1.0811
    5415       1.0818
    5416       1.1485
    5417       1.1120
    5418       1.0520
    5419       1.0742
    5420       1.0505
    5421       1.1368
    5422       1.1168
    5423       1.1065
    5424       1.0351
    5425       1.2058
    5426       1.2137
    5427       1.1700
    5428       1.3424
    5429       1.2801
    5430       1.1867
    5431       1.1118
    5432       1.0650
    5433       1.0935
    5434       1.0954
    5435       0.9720
    5436       1.0076
    5437       0.9994
    5438       0.9243
    5439       1.0842
    5440       0.9620
    5441       1.0385
    5442       1.0949
    5443       1.2026
    5444       1.0429
    5445       0.9825
    5446       1.1284
    5447       1.0450
    5448       1.1179
    5449       0.9550
    5450       0.9965
    5451       0.9753
    5452       0.9686
    5453       1.0663
    5454       1.0487
    5455       0.9993
    5456       1.1493
    5457       1.0406
    5458       1.1598
    5459       1.0776
    5460       1.0242
    5461       0.9892
    5462       0.9310
    5463       0.9925
    5464       1.0443
    5465       1.0491
    5466       0.9798
    5467       0.9694
    5468       1.0561
    5469       1.0410
    5470       0.9393
    5471       0.9451
    5472       1.0216
    5473       1.0712
    5474       1.0483
    5475       1.0356
    5476       1.0459
    5477       1.1030
    5478       1.1154
    5479       1.0762
    5480       1.0982
    5481       1.1067
    5482       1.0485
    5483       1.0088
    5484       0.9537
    5485       1.0094
    5486       1.0627
    5487       1.0094
    5488       1.0779
    5489       1.0441
    5490       0.9975
    5491       1.0839
    5492       1.1296
    5493       1.0180
    5494       0.9996
    5495       0.9490
    5496       0.9453
    5497       0.9983
    5498       0.9567
    5499       0.9654
    5500       0.9601
    5501       1.0184
    5502       0.9593
    5503       1.0557
    5504       1.1401
    5505       1.0297
    5506       1.0733
    5507       1.0866
    5508       1.0472
    5509       1.0183
    5510       1.0650
    5511       1.0767
    5512       0.9806
    5513       1.0260
    5514       0.9945
    5515       0.9675
    5516       0.9413
    5517       0.9425
    5518       0.9650
    5519       1.0093
    5520       0.9928
    5521       0.9589
    5522       0.9583
    5523       1.0617
    5524       0.9690
    5525       0.8883
    5526       1.0046
    5527       0.9814
    5528       1.0477
    5529       1.0323
    5530       1.0697
    5531       1.0830
    5532       0.9891
    5533       1.1671
    5534       1.1365
    5535       1.1440
    5536       1.0819
    5537       1.0360
    5538       0.9292
    5539       1.0272
    5540       0.9840
    5541       0.9032
    5542       0.9514
    5543       1.0055
    5544       1.0048
    5545       0.9572
    5546       0.9874
    5547       0.9819
    5548       1.0281
    5549       1.0214
    5550       0.9941
    5551       1.0433
    5552       0.9275
    5553       1.0396
    5554       1.1637
    5555       1.1860
    5556       1.1630
    5557       1.3059
    5558       1.2769
    5559       1.2129
    5560       1.1004
    5561       1.1104
    5562       1.0783
    5563       1.1707
    5564       1.0551
    5565       1.1716
    5566       1.1448
    5567       1.1622
    5568       1.0653
    5569       1.0995
    5570       1.1801
    5571       1.0871
    5572       1.1669
    5573       1.1066
    5574       1.0580
    5575       1.0953
    5576       1.0441
    5577       1.0621
    5578       1.1703
    5579       1.1504
    5580       1.0268
    5581       1.0468
    5582       1.0405
    5583       1.1090
    5584       0.9851
    5585       0.9591
    5586       1.1760
    5587       1.1576
    5588       1.0417
    5589       0.9964
    5590       1.0942
    5591       1.0412
    5592       1.0703
    5593       1.1142
    5594       0.9765
    5595       1.0674
    5596       1.1194
    5597       1.0534
    5598       1.0692
    5599       1.0170
    5600       0.9781
    5601       1.0263
    5602       0.9705
    5603       1.0771
    5604       0.9477
    5605       0.9880
    5606       1.0300
    5607       1.0389
    5608       1.0074
    5609       1.0678
    5610       1.1645
    5611       1.1108
    5612       1.1559
    5613       1.0202
    5614       1.0766
    5615       1.1536
    5616       1.0833
    5617       1.0690
    5618       1.0616
    5619       1.0815
    5620       1.0885
    5621       1.0546
    5622       1.0894
    5623       1.2462
    5624       1.0786
    5625       1.0593
    5626       1.0409
    5627       0.9684
    5628       1.0003
    5629       1.0372
    5630       1.0862
    5631       1.1232
    5632       1.0050
    5633       1.0544
    5634       1.0701
    5635       1.1264
    5636       1.0218
    5637       1.0781
    5638       0.9700
    5639       1.0250
    5640       1.0748
    5641       1.1207
    5642       1.0651
    5643       1.1276
    5644       1.0613
    5645       1.0863
    5646       1.2318
    5647       1.0487
    5648       1.0995
    5649       1.1191
    5650       1.0556
    5651       1.0565
    5652       0.9872
    5653       1.0409
    5654       1.0077
    5655       1.1161
    5656       1.3172
    5657       1.2854
    5658       1.0905
    5659       1.0869
    5660       1.1421
    5661       1.0790
    5662       1.0692
    5663       1.0985
    5664       1.1022
    5665       1.0436
    5666       1.1250
    5667       1.0461
    5668       1.0340
    5669       1.0681
    5670       1.0179
    5671       0.9583
    5672       1.0060
    5673       0.9846
    5674       0.9970
    5675       0.9532
    5676       0.9614
    5677       1.0200
    5678       0.9967
    5679       0.9290
    5680       0.9670
    5681       0.9553
    5682       1.0159
    5683       1.1366
    5684       1.0988
    5685       1.0834
    5686       1.1335
    5687       0.9791
    5688       1.1049
    5689       1.0730
    5690       1.1075
    5691       1.1878
    5692       1.0914
    5693       1.1594
    5694       1.0815
    5695       1.0909
    5696       1.1778
    5697       1.1072
    5698       1.0816
    5699       1.1043
    5700       1.0560
    5701       1.0352
    5702       1.0113
    5703       1.0319
    5704       1.1078
    5705       0.9957
    5706       0.9525
    5707       1.0873
    5708       1.0717
    5709       1.1380
    5710       1.1378
    5711       1.1884
    5712       1.1414
    5713       1.1709
    5714       1.0874
    5715       1.0457
    5716       1.0595
    5717       1.0239
    5718       1.0230
    5719       1.1244
    5720       1.0220
    5721       1.1666
    5722       1.0973
    5723       1.1780
    5724       1.2461
    5725       1.2425
    5726       1.1502
    5727       1.1122
    5728       1.0987
    5729       1.2078
    5730       1.0565
    5731       1.0256
    5732       1.0443
    5733       1.1133
    5734       1.0745
    5735       1.0666
    5736       1.0720
    5737       1.1819
    5738       1.1133
    5739       1.1176
    5740       1.0386
    5741       1.0041
    5742       1.0222
    5743       1.1398
    5744       1.1416
    5745       1.1368
    5746       1.1326
    5747       1.1496
    5748       1.1105
    5749       1.1727
    5750       1.1101
    5751       1.0997
    5752       1.0541
    5753       1.0731
    5754       1.0034
    5755       1.1340
    5756       1.1699
    5757       1.0102
    5758       1.0916
    5759       1.0183
    5760       1.0523
    5761       1.0189
    5762       1.0190
    5763       1.0796
    5764       0.9944
    5765       1.0185
    5766       1.1197
    5767       1.2339
    5768       1.1489
    5769       1.0295
    5770       1.0871
    5771       1.0619
    5772       1.1537
    5773       1.0335
    5774       0.9956
    5775       0.9336
    5776       0.9621
    5777       1.0773
    5778       1.0434
    5779       1.0808
    5780       0.9883
    5781       1.0709
    5782       1.0152
    5783       1.0966
    5784       1.0809
    5785       1.1189
    5786       1.1060
    5787       1.1718
    5788       1.1489
    5789       1.2240
    5790       1.1470
    5791       1.2147
    5792       1.0924
    5793       1.1347
    5794       1.0700
    5795       0.9944
    5796       1.0658
    5797       1.1211
    5798       1.1220
    5799       1.0911
    5800       1.0518
    5801       1.0308
    5802       1.0403
    5803       1.0536
    5804       1.0700
    5805       1.0628
    5806       1.1166
    5807       1.0429
    5808       1.0975
    5809       1.0963
    5810       1.0489
    5811       1.0976
    5812       1.1310
    5813       1.1623
    5814       1.0840
    5815       1.0431
    5816       1.0413
    5817       1.0688
    5818       1.1049
    5819       1.0544
    5820       1.0759
    5821       1.0098
    5822       1.0958
    5823       1.0334
    5824       1.0317
    5825       1.1254
    5826       1.1702
    5827       1.1688
    5828       1.1953
    5829       1.2114
    5830       1.1156
    5831       1.1528
    5832       1.2033
    5833       1.1210
    5834       1.0668
    5835       1.1401
    5836       1.1448
    5837       1.2152
    5838       1.1000
    5839       1.1657
    5840       1.1937
    5841       1.1852
    5842       1.2113
    5843       1.2288
    5844       1.1896
    5845       1.2732
    5846       1.2028
    5847       1.1614
    5848       1.1047
    5849       1.1199
    5850       1.2383
    5851       1.1787
    5852       1.1527
    5853       1.1414
    5854       1.1605
    5855       1.1888
    5856       1.0973
    5857       1.0666
    5858       1.0106
    5859       1.0856
    5860       1.0756
    5861       1.1955
    5862       1.1884
    5863       1.2354
    5864       1.1250
    5865       1.2995
    5866       1.2536
    5867       1.1325
    5868       1.0703
    5869       1.2959
    5870       1.2592
    5871       1.1598
    5872       1.1899
    5873       1.1750
    5874       1.2052
    5875       1.1699
    5876       1.1386
    5877       1.2176
    5878       1.1448
    5879       1.1501
    5880       1.2347
    5881       1.2109
    5882       1.1025
    5883       1.2063
    5884       1.1793
    5885       1.2126
    5886       1.1812
    5887       1.1099
    5888       1.1197
    5889       1.1311
    5890       1.0272
    5891       1.0659
    5892       1.1608
    5893       1.0668
    5894       1.1272
    5895       0.9658
    5896       1.0658
    5897       1.0367
    5898       0.9496
    5899       1.0121
    5900       1.0455
    5901       0.9616
    5902       1.0178
    5903       0.9980
    5904       0.9683
    5905       0.9405
    5906       1.0580
    5907       0.9957
    5908       1.0362
    5909       1.1337
    5910       1.1491
    5911       1.1275
    5912       1.2667
    5913       1.1507
    5914       1.0738
    5915       1.0853
    5916       1.0454
    5917       0.9861
    5918       1.0651
    5919       1.1003
    5920       1.0215
    5921       1.0389
    5922       1.1347
    5923       1.1233
    5924       1.1097
    5925       1.0578
    5926       1.1354
    5927       1.1238
    5928       1.0109
    5929       1.0385
    5930       1.0294
    5931       1.0945
    5932       1.0504
    5933       1.0449
    5934       1.0036
    5935       1.1065
    5936       0.9871
    5937       1.0326
    5938       1.0082
    5939       1.1720
    5940       1.1110
    5941       1.0129
    5942       0.9237
    5943       1.0137
    5944       1.1211
    5945       1.1492
    5946       1.1067
    5947       1.1569
    5948       1.1027
    5949       1.0384
    5950       1.0773
    5951       1.1160
    5952       0.9558
    5953       1.0206
    5954       1.0294
    5955       1.0189
    5956       1.0157
    5957       1.0684
    5958       1.0068
    5959       0.9553
    5960       0.9520
    5961       1.0235
    5962       0.9957
    5963       1.0409
    5964       1.0787
    5965       1.1135
    5966       1.0585
    5967       1.0554
    5968       1.1508
    5969       0.9985
    5970       1.1081
    5971       1.0294
    5972       1.0757
    5973       1.1834
    5974       1.1569
    5975       1.1559
    5976       1.0677
    5977       1.2008
    5978       1.1485
    5979       0.9413
    5980       1.0368
    5981       1.0561
    5982       1.0870
    5983       1.0044
    5984       1.0601
    5985       1.0564
    5986       1.0963
    5987       1.1816
    5988       1.1216
    5989       1.0239
    5990       1.0419
    5991       1.0522
    5992       1.0525
    5993       1.1032
    5994       1.1044
    5995       1.0511
    5996       0.9934
    5997       1.0590
    5998       1.0112
    5999       0.9824
    6000       0.9811
    6001       0.9988
    6002       1.0431
    6003       1.0630
    6004       1.0751
    6005       1.0205
    6006       1.0452
    6007       1.1405
    6008       0.9778
    6009       0.9827
    6010       1.0625
    6011       0.9785
    6012       1.1201
    6013       1.1547
    6014       1.2074
    6015       1.1086
    6016       1.0451
    6017       1.0303
    6018       1.0962
    6019       1.0857
    6020       1.1179
    6021       1.0439
    6022       1.0131
    6023       0.9683
    6024       1.0668
    6025       1.0396
    6026       0.9718
    6027       0.9895
    6028       1.0821
    6029       1.0331
    6030       1.0150
    6031       0.9859
    6032       0.9586
    6033       0.9528
    6034       1.0587
    6035       0.9846
    6036       1.0911
    6037       1.1722
    6038       1.2271
    6039       1.0414
    6040       0.9737
    6041       1.1182
    6042       1.0208
    6043       1.0111
    6044       1.0496
    6045       1.0675
    6046       1.0570
    6047       1.0923
    6048       1.1224
    6049       1.0501
    6050       1.1275
    6051       1.1591
    6052       1.0554
    6053       1.0101
    6054       1.1580
    6055       1.1859
    6056       1.1479
    6057       1.0818
    6058       1.1267
    6059       1.0763
    6060       1.0713
    6061       1.0333
    6062       0.9969
    6063       1.0240
    6064       1.0033
    6065       1.1971
    6066       1.1230
    6067       1.1351
    6068       1.0722
    6069       1.0938
    6070       1.1120
    6071       1.1647
    6072       1.0484
    6073       1.0799
    6074       1.0276
    6075       1.0394
    6076       1.0778
    6077       1.0003
    6078       0.9480
    6079       1.0223
    6080       0.9954
    6081       0.9872
    6082       1.1936
    6083       1.0978
    6084       1.1195
    6085       1.2288
    6086       1.1406
    6087       1.1435
    6088       1.1057
    6089       0.9817
    6090       1.0883
    6091       0.9642
    6092       0.9669
    6093       1.0202
    6094       1.0115
    6095       1.1148
    6096       1.0694
    6097       0.9940
    6098       1.0439
    6099       1.0485
    6100       1.0137
    6101       1.1163
    6102       1.2256
    6103       1.1124
    6104       1.1251
    6105       1.1615
    6106       0.9798
    6107       1.1248
    6108       1.2900
    6109       1.1865
    6110       1.1662
    6111       1.1301
    6112       1.1414
    6113       1.0984
    6114       1.0220
    6115       1.0020
    6116       1.0747
    6117       1.0444
    6118       1.1191
    6119       1.0383
    6120       1.0536
    6121       1.0229
    6122       1.1135
    6123       1.0281
    6124       1.1177
    6125       1.0490
    6126       1.0507
    6127       1.0083
    6128       1.0727
    6129       0.9980
    6130       1.0613
    6131       1.0956
    6132       1.0623
    6133       1.0234
    6134       0.9588
    6135       1.1892
    6136       1.1219
    6137       1.2161
    6138       1.1215
    6139       1.1188
    6140       1.0547
    6141       1.0921
    6142       1.2368
    6143       1.0826
    6144       1.0018
    6145       1.0059
    6146       1.0431
    6147       0.8943
    6148       0.9661
    6149       0.9637
    6150       1.0246
    6151       1.0372
    6152       1.0115
    6153       1.0762
    6154       0.9568
    6155       1.0094
    6156       1.0168
    6157       1.0281
    6158       1.0607
    6159       1.0595
    6160       1.0071
    6161       1.0976
    6162       1.0866
    6163       1.0353
    6164       1.0574
    6165       1.0812
    6166       1.0950
    6167       1.0593
    6168       1.1013
    6169       1.0729
    6170       1.0939
    6171       1.2413
    6172       1.1917
    6173       1.1728
    6174       1.2411
    6175       1.1210
    6176       0.9753
    6177       1.0522
    6178       1.0391
    6179       1.0619
    6180       1.0504
    6181       1.0715
    6182       1.1481
    6183       1.0533
    6184       1.0240
    6185       0.9949
    6186       1.0427
    6187       0.9779
    6188       1.0615
    6189       1.0112
    6190       1.0434
    6191       1.0736
    6192       1.1375
    6193       1.1600
    6194       1.1724
    6195       1.0760
    6196       1.0433
    6197       1.0545
    6198       1.0198
    6199       0.9599
    6200       1.0950
    6201       1.1130
    6202       1.0233
    6203       1.0099
    6204       0.9838
    6205       1.0409
    6206       0.9602
    6207       1.1206
    6208       1.1755
    6209       1.1002
    6210       1.0327
    6211       1.0904
    6212       1.0815
    6213       1.0886
    6214       1.0620
    6215       1.1505
    6216       1.0399
    6217       1.0356
    6218       1.1257
    6219       1.0637
    6220       1.0694
    6221       1.0003
    6222       1.0012
    6223       0.9280
    6224       0.9890
    6225       1.0710
    6226       1.0750
    6227       1.0950
    6228       1.0273
    6229       1.0402
    6230       0.9709
    6231       0.9798
    6232       0.9531
    6233       1.1489
    6234       1.0493
    6235       1.0862
    6236       1.0125
    6237       1.0993
    6238       1.0711
    6239       1.0723
    6240       0.9744
    6241       1.0740
    6242       0.9610
    6243       1.0371
    6244       1.0261
    6245       0.9937
    6246       1.1126
    6247       1.0256
    6248       0.9003
    6249       0.9890
    6250       1.0514
    6251       0.9014
    6252       0.8195
    6253       0.8251
    6254       0.9331
    6255       0.8489
    6256       0.8613
    6257       0.8897
    6258       0.9646
    6259       1.0215
    6260       0.9974
    6261       1.0346
    6262       1.0224
    6263       0.9556
    6264       1.0811
    6265       1.0153
    6266       0.9786
    6267       1.0338
    6268       1.0701
    6269       1.0043
    6270       1.0811
    6271       1.0466
    6272       0.9920
    6273       1.0806
    6274       1.1194
    6275       1.0523
    6276       0.9984
    6277       0.9227
    6278       1.0499
    6279       0.9814
    6280       1.0096
    6281       1.0573
    6282       1.0077
    6283       0.9955
    6284       1.0077
    6285       1.0489
    6286       1.0992
    6287       0.9718
    6288       1.0890
    6289       1.2407
    6290       1.2330
    6291       1.2946
    6292       1.2843
    6293       1.1055
    6294       1.1687
    6295       1.0199
    6296       1.2663
    6297       1.1547
    6298       1.0304
    6299       1.0722
    6300       1.1125
    6301       1.1735
    6302       1.2236
    6303       1.1509
    6304       1.1758
    6305       1.1596
    6306       1.0770
    6307       1.0980
    6308       1.1074
    6309       1.0942
    6310       1.0306
    6311       1.0856
    6312       1.1489
    6313       1.1857
    6314       1.0227
    6315       1.0737
    6316       0.9414
    6317       1.0612
    6318       1.0180
    6319       1.0141
    6320       0.9851
    6321       0.9617
    6322       1.0216
    6323       1.1028
    6324       1.0026
    6325       1.0156
    6326       1.1783
    6327       1.0360
    6328       1.1487
    6329       1.0566
    6330       1.0664
    6331       1.0882
    6332       1.1243
    6333       1.0753
    6334       1.0022
    6335       1.2020
    6336       1.1308
    6337       1.2540
    6338       1.0453
    6339       1.0741
    6340       1.1631
    6341       1.1584
    6342       1.0770
    6343       1.0645
    6344       1.1687
    6345       1.1754
    6346       1.0765
    6347       1.1159
    6348       1.0339
    6349       1.1141
    6350       1.0862
    6351       0.9364
    6352       0.9465
    6353       0.9779
    6354       1.0259
    6355       1.1172
    6356       1.0427
    6357       1.0716
    6358       0.9849
    6359       1.0545
    6360       1.0798
    6361       1.1255
    6362       1.1252
    6363       1.0454
    6364       1.0552
    6365       1.0141
    6366       0.9512
    6367       1.0227
    6368       1.0099
    6369       0.9863
    6370       1.1071
    6371       1.0702
    6372       1.1157
    6373       1.0672
    6374       1.0870
    6375       1.0546
    6376       1.1005
    6377       1.0395
    6378       1.2138
    6379       0.9982
    6380       1.0124
    6381       0.9956
    6382       1.0939
    6383       1.0372
    6384       1.2124
    6385       1.0948
    6386       1.1388
    6387       1.0807
    6388       1.1788
    6389       1.2793
    6390       1.1561
    6391       1.0702
    6392       1.1083
    6393       1.0163
    6394       1.1201
    6395       1.1803
    6396       1.1202
    6397       1.1720
    6398       1.0747
    6399       1.1587
    6400       1.1837
    6401       1.1410
    6402       1.1764
    6403       1.0851
    6404       1.0617
    6405       1.0018
    6406       1.0282
    6407       0.8845
    6408       0.9962
    6409       0.9661
    6410       1.0311
    6411       0.9286
    6412       1.1512
    6413       1.0521
    6414       1.0001
    6415       1.0734
    6416       1.1572
    6417       1.0347
    6418       1.0464
    6419       1.1216
    6420       1.1958
    6421       1.1538
    6422       1.1736
    6423       1.0605
    6424       1.2034
    6425       1.0882
    6426       1.1654
    6427       1.0699
    6428       1.1488
    6429       1.1911
    6430       1.1248
    6431       1.1514
    6432       1.1470
    6433       1.0825
    6434       1.0583
    6435       1.0965
    6436       1.0332
    6437       0.9633
    6438       1.0522
    6439       1.0892
    6440       1.0963
    6441       1.1955
    6442       0.9762
    6443       0.9695
    6444       0.9873
    6445       1.0967
    6446       1.1366
    6447       1.0980
    6448       1.1731
    6449       1.0542
    6450       1.1695
    6451       1.1127
    6452       1.2261
    6453       1.1984
    6454       1.2030
    6455       1.1720
    6456       1.1852
    6457       1.1831
    6458       1.1647
    6459       1.2278
    6460       1.1103
    6461       1.1471
    6462       1.0771
    6463       1.1174
    6464       1.1139
    6465       1.2590
    6466       1.2327
    6467       1.2556
    6468       1.2316
    6469       1.1876
    6470       1.1497
    6471       1.0128
    6472       1.0864
    6473       1.0806
    6474       1.0107
    6475       1.0393
    6476       1.0793
    6477       1.0812
    6478       1.0573
    6479       1.0800
    6480       1.0390
    6481       1.0215
    6482       1.0090
    6483       1.0122
    6484       1.1447
    6485       0.9712
    6486       1.0626
    6487       1.1455
    6488       1.0283
    6489       0.9842
    6490       1.1017
    6491       1.0334
    6492       1.0382
    6493       1.0535
    6494       0.9669
    6495       1.0018
    6496       0.9819
    6497       1.0035
    6498       1.0631
    6499       1.0421
    6500       1.0788
    6501       1.1284
    6502       1.1810
    6503       1.1534
    6504       1.0801
    6505       1.0467
    6506       1.0861
    6507       1.2090
    6508       1.1311
    6509       1.1995
    6510       1.2303
    6511       1.1578
    6512       1.1151
    6513       1.1448
    6514       1.1604
    6515       1.0998
    6516       1.0670
    6517       1.0487
    6518       1.0806
    6519       1.0139
    6520       1.1292
    6521       1.0769
    6522       1.1550
    6523       1.1426
    6524       1.0968
    6525       1.0847
    6526       1.0713
    6527       1.0625
    6528       0.9982
    6529       1.0113
    6530       0.9558
    6531       0.9893
    6532       1.0716
    6533       0.9539
    6534       0.9471
    6535       0.9358
    6536       0.9887
    6537       0.9954
    6538       1.0395
    6539       1.0506
    6540       0.9850
    6541       0.9703
    6542       1.1361
    6543       1.0113
    6544       1.0804
    6545       1.0826
    6546       1.0655
    6547       1.1320
    6548       1.1026
    6549       1.1118
    6550       1.1783
    6551       1.1575
    6552       1.0890
    6553       1.1753
    6554       1.0966
    6555       1.0242
    6556       1.0136
    6557       1.0777
    6558       1.0958
    6559       1.0781
    6560       1.1081
    6561       1.1428
    6562       1.1754
    6563       1.1025
    6564       1.1363
    6565       1.2303
    6566       1.3042
    6567       1.2969
    6568       1.2904
    6569       1.2221
    6570       1.2173
    6571       1.1993
    6572       1.1709
    6573       1.1332
    6574       1.2133
    6575       1.1407
    6576       1.1688
    6577       1.1218
    6578       1.2242
    6579       1.1518
    6580       1.1372
    6581       1.1422
    6582       1.0897
    6583       1.1660
    6584       1.1330
    6585       1.0862
    6586       1.2249
    6587       1.1606
    6588       1.1537
    6589       1.1557
    6590       1.2676
    6591       1.2318
    6592       1.2272
    6593       1.0281
    6594       1.0978
    6595       1.0811
    6596       1.1073
    6597       1.1868
    6598       1.1452
    6599       1.1695
    6600       1.1737
    6601       1.1421
    6602       1.0690
    6603       1.0271
    6604       1.0751
    6605       1.2661
    6606       1.2776
    6607       1.1801
    6608       1.1941
    6609       1.2018
    6610       1.2314
    6611       1.2544
    6612       1.2096
    6613       1.3843
    6614       1.1367
    6615       1.2041
    6616       1.1839
    6617       1.2044
    6618       1.1508
    6619       1.0862
    6620       1.2107
    6621       1.0509
    6622       1.1222
    6623       1.2191
    6624       1.1794
    6625       1.0346
    6626       1.1772
    6627       1.1812
    6628       1.3355
    6629       1.4024
    6630       1.3727
    6631       1.4251
    6632       1.1976
    6633       1.2239
    6634       1.1109
    6635       0.9978
    6636       1.0542
    6637       1.0578
    6638       1.2529
    6639       1.2836
    6640       1.2324
    6641       1.1199
    6642       1.1431
    6643       1.2301
    6644       1.1923
    6645       1.1689
    6646       1.1421
    6647       1.1780
    6648       1.1729
    6649       1.2173
    6650       1.0833
    6651       1.1669
    6652       1.2065
    6653       1.0392
    6654       1.0410
    6655       1.1659
    6656       1.0935
    6657       1.1442
    6658       1.2643
    6659       1.1818
    6660       1.2103
    6661       1.0992
    6662       1.2240
    6663       1.2132
    6664       1.2171
    6665       1.1360
    6666       1.0326
    6667       1.1747
    6668       1.1055
    6669       1.1093
    6670       1.1702
    6671       1.1314
    6672       1.1185
    6673       1.1891
    6674       1.0885
    6675       1.3251
    6676       1.3183
    6677       1.1219
    6678       1.3368
    6679       1.1836
    6680       1.1023
    6681       1.0909
    6682       1.0963
    6683       1.1364
    6684       1.1938
    6685       1.1109
    6686       1.1377
    6687       1.2384
    6688       1.1688
    6689       1.2386
    6690       1.1427
    6691       1.0893
    6692       0.9865
    6693       1.0441
    6694       1.1046
    6695       1.0540
    6696       1.1416
    6697       0.9839
    6698       0.9665
    6699       1.0047
    6700       0.9595
    6701       0.9066
    6702       0.9710
    6703       1.1058
    6704       1.1616
    6705       1.1153
    6706       1.1158
    6707       1.2130
    6708       1.3413
    6709       1.3242
    6710       1.2563
    6711       1.2118
    6712       1.3068
    6713       1.2214
    6714       1.0638
    6715       0.9743
    6716       0.9795
    6717       0.9265
    6718       0.9909
    6719       0.9841
    6720       0.9722
    6721       1.1101
    6722       1.0927
    6723       1.0753
    6724       1.1694
    6725       1.1968
    6726       1.2810
    6727       1.2646
    6728       1.3176
    6729       1.1765
    6730       1.1942
    6731       1.1461
    6732       1.0721
    6733       1.0047
    6734       1.1409
    6735       1.1670
    6736       1.2311
    6737       1.1585
    6738       1.1199
    6739       1.0462
    6740       1.0347
    6741       1.1217
    6742       1.0799
    6743       1.2111
    6744       1.1792
    6745       1.1030
    6746       1.1877
    6747       1.1608
    6748       1.0822
    6749       1.2157
    6750       1.0779
    6751       1.0492
    6752       1.1666
    6753       1.0527
    6754       1.1298
    6755       1.1255
    6756       1.1769
    6757       1.0764
    6758       1.0923
    6759       1.0455
    6760       0.9573
    6761       1.1103
    6762       1.2012
    6763       1.2849
    6764       1.3147
    6765       1.3284
    6766       1.2011
    6767       1.1785
    6768       1.1021
    6769       1.0974
    6770       1.1637
    6771       1.0876
    6772       1.0375
    6773       1.0500
    6774       1.0466
    6775       0.9794
    6776       1.0250
    6777       1.0812
    6778       1.0153
    6779       1.0597
    6780       1.0375
    6781       1.1153
    6782       1.0813
    6783       1.0546
    6784       1.0927
    6785       1.1104
    6786       1.1443
    6787       1.0016
    6788       1.0549
    6789       1.0680
    6790       1.1339
    6791       1.1369
    6792       1.2081
    6793       1.1710
    6794       1.1890
    6795       1.3132
    6796       1.2977
    6797       1.1230
    6798       1.1448
    6799       1.2716
    6800       1.3808
    6801       1.2075
    6802       1.1851
    6803       1.2012
    6804       1.2309
    6805       1.2013
    6806       1.1854
    6807       1.2991
    6808       1.2533
    6809       1.1831
    6810       1.0870
    6811       1.1360
    6812       1.1008
    6813       1.2065
    6814       1.0725
    6815       1.0702
    6816       1.0527
    6817       0.9880
    6818       1.1315
    6819       1.1386
    6820       1.1091
    6821       1.1488
    6822       1.0985
    6823       1.1089
    6824       1.0787
    6825       1.2020
    6826       1.1043
    6827       1.0052
    6828       1.1627
    6829       1.1564
    6830       1.1655
    6831       1.0984
    6832       1.0472
    6833       1.0559
    6834       1.1183
    6835       1.0752
    6836       1.0199
    6837       1.0639
    6838       1.1017
    6839       1.0456
    6840       1.0760
    6841       1.0701
    6842       1.1082
    6843       1.1393
    6844       1.1504
    6845       1.2327
    6846       1.1897
    6847       1.1335
    6848       1.2054
    6849       1.1646
    6850       1.1720
    6851       1.0710
    6852       1.1460
    6853       1.1506
    6854       1.0682
    6855       1.0683
    6856       1.0034
    6857       1.0687
    6858       1.1071
    6859       1.1585
    6860       1.1655
    6861       1.1229
    6862       1.0259
    6863       1.0744
    6864       1.0534
    6865       1.0548
    6866       1.0778
    6867       1.0310
    6868       1.0582
    6869       1.0180
    6870       1.0080
    6871       1.1148
    6872       1.0378
    6873       1.0595
    6874       0.9846
    6875       1.0688
    6876       1.2673
    6877       1.2459
    6878       1.1504
    6879       1.0405
    6880       1.0385
    6881       1.0368
    6882       1.0171
    6883       1.1529
    6884       1.2305
    6885       1.2762
    6886       1.2797
    6887       1.2708
    6888       1.2191
    6889       1.1656
    6890       1.0880
    6891       1.0928
    6892       1.1179
    6893       1.1502
    6894       1.0413
    6895       1.0206
    6896       1.1122
    6897       1.0661
    6898       1.0692
    6899       1.1938
    6900       1.0483
    6901       1.2054
    6902       1.0724
    6903       1.1776
    6904       1.1161
    6905       1.1107
    6906       1.1937
    6907       1.0780
    6908       1.1218
    6909       1.0851
    6910       1.1342
    6911       1.0983
    6912       1.1749
    6913       1.0425
    6914       1.0439
    6915       1.1293
    6916       1.0528
    6917       1.0506
    6918       1.1043
    6919       1.1140
    6920       1.0056
    6921       1.0194
    6922       1.0470
    6923       1.0046
    6924       1.0648
    6925       1.0474
    6926       1.1760
    6927       1.0082
    6928       1.0428
    6929       1.1607
    6930       1.2980
    6931       1.2526
    6932       1.1902
    6933       1.1743
    6934       1.2246
    6935       1.2564
    6936       1.2714
    6937       1.1434
    6938       1.1608
    6939       1.1519
    6940       1.1388
    6941       1.1254
    6942       1.2014
    6943       1.1893
    6944       1.0099
    6945       1.1133
    6946       1.1439
    6947       1.2048
    6948       1.0900
    6949       1.1097
    6950       1.1539
    6951       1.1184
    6952       1.1789
    6953       1.3131
    6954       1.0569
    6955       1.2042
    6956       1.2648
    6957       1.1035
    6958       1.1066
    6959       1.1811
    6960       1.1872
    6961       1.0966
    6962       1.0716
    6963       0.9777
    6964       1.0869
    6965       1.0413
    6966       1.0217
    6967       1.0090
    6968       1.0031
    6969       1.2301
    6970       0.9577
    6971       1.0032
    6972       1.0103
    6973       1.0569
    6974       1.1869
    6975       1.0695
    6976       1.1200
    6977       1.0923
    6978       1.1025
    6979       1.0591
    6980       1.1031
    6981       1.1253
    6982       1.0605
    6983       1.0553
    6984       0.8658
    6985       0.8400
    6986       0.9402
    6987       1.0191
    6988       0.9838
    6989       1.0983
    6990       1.0262
    6991       1.0000
    6992       0.9965
    6993       1.0226
    6994       1.0912
    6995       1.1359
    6996       1.2096
    6997       1.2265
    6998       1.1087
    6999       1.1162
    7000       1.0446
    7001       1.0132
    7002       1.0793
    7003       1.0917
    7004       1.0299
    7005       1.0859
    7006       1.0902
    7007       1.1457
    7008       1.1378
    7009       1.1340
    7010       1.0572
    7011       1.1388
    7012       1.2531
    7013       1.0645
    7014       1.1143
    7015       1.1402
    7016       1.1824
    7017       1.2137
    7018       1.1515
    7019       1.0209
    7020       1.0089
    7021       1.0530
    7022       1.1316
    7023       1.2030
    7024       1.1572
    7025       1.1833
    7026       1.1127
    7027       1.1815
    7028       1.1421
    7029       1.1590
    7030       1.1935
    7031       1.1958
    7032       1.2235
    7033       1.3266
    7034       1.2829
    7035       1.3744
    7036       1.2007
    7037       1.1881
    7038       1.3024
    7039       1.1804
    7040       1.2145
    7041       1.1845
    7042       1.2362
    7043       1.2005
    7044       1.1281
    7045       1.1509
    7046       1.1461
    7047       1.1463
    7048       1.1557
    7049       1.1209
    7050       1.0192
    7051       1.0336
    7052       1.0471
    7053       1.0971
    7054       1.0719
    7055       1.0609
    7056       1.0619
    7057       1.0529
    7058       1.0966
    7059       1.1874
    7060       1.0799
    7061       1.0718
    7062       1.0849
    7063       1.0080
    7064       1.0594
    7065       1.0413
    7066       1.0019
    7067       0.9870
    7068       1.0190
    7069       1.0874
    7070       1.0664
    7071       1.1122
    7072       1.1005
    7073       1.1822
    7074       1.1538
    7075       1.1766
    7076       1.0743
    7077       1.0021
    7078       1.0023
    7079       1.0092
    7080       1.0239
    7081       1.0614
    7082       1.0065
    7083       0.9947
    7084       1.0419
    7085       0.9980
    7086       1.0791
    7087       1.0646
    7088       1.0869
    7089       1.1229
    7090       1.0254
    7091       1.0709
    7092       1.0863
    7093       1.0763
    7094       1.1025
    7095       1.1272
    7096       1.0539
    7097       1.1068
    7098       1.0667
    7099       1.0292
    7100       1.1370
    7101       1.1293
    7102       1.1121
    7103       1.0377
    7104       1.0887
    7105       1.0714
    7106       1.1040
    7107       1.2783
    7108       1.3406
    7109       1.2624
    7110       1.2814
    7111       1.1360
    7112       1.1602
    7113       1.1224
    7114       1.1806
    7115       1.1783
    7116       1.2490
    7117       1.2374
    7118       1.3113
    7119       1.2356
    7120       1.1157
    7121       1.0600
    7122       1.1478
    7123       1.1124
    7124       1.0747
    7125       1.1153
    7126       1.1494
    7127       1.0244
    7128       1.0108
    7129       1.1265
    7130       1.0044
    7131       1.1473
    7132       1.2127
    7133       1.2021
    7134       1.1021
    7135       0.9777
    7136       1.0885
    7137       1.0713
    7138       1.0926
    7139       1.0711
    7140       0.9899
    7141       1.0767
    7142       1.0224
    7143       1.0186
    7144       1.0041
    7145       1.0388
    7146       1.0646
    7147       1.0725
    7148       1.0808
    7149       1.1444
    7150       0.9375
    7151       1.0274
    7152       0.9703
    7153       1.0629
    7154       1.0729
    7155       1.1087
    7156       1.0574
    7157       1.1414
    7158       1.1745
    7159       1.2560
    7160       1.3336
    7161       1.2576
    7162       1.2506
    7163       1.2830
    7164       1.1945
    7165       1.2247
    7166       1.1365
    7167       1.0994
    7168       1.1092
    7169       1.1637
    7170       1.0905
    7171       1.0300
    7172       1.0352
    7173       1.0421
    7174       1.0146
    7175       1.0616
    7176       1.0562
    7177       1.0686
    7178       1.0465
    7179       1.0759
    7180       1.1342
    7181       1.0675
    7182       1.0653
    7183       1.1081
    7184       1.0418
    7185       0.9868
    7186       1.0648
    7187       1.0542
    7188       0.9281
    7189       1.0238
    7190       1.0391
    7191       1.1074
    7192       1.1112
    7193       1.0746
    7194       1.0984
    7195       1.1013
    7196       1.0333
    7197       1.0382
    7198       1.0234
    7199       0.9624
    7200       0.9885
    7201       1.0354
    7202       1.1383
    7203       1.1167
    7204       1.1607
    7205       1.1119
    7206       1.1017
    7207       1.0983
    7208       1.1718
    7209       1.1295
    7210       1.1392
    7211       1.1420
    7212       1.1942
    7213       1.1788
    7214       1.1402
    7215       1.0701
    7216       1.3011
    7217       1.3971
    7218       1.3240
    7219       1.2090
    7220       1.1383
    7221       1.0756
    7222       1.1597
    7223       1.1322
    7224       1.0589
    7225       1.0023
    7226       1.0869
    7227       1.1313
    7228       1.0664
    7229       1.0956
    7230       1.1997
    7231       1.0709
    7232       1.1319
    7233       1.1117
    7234       1.0653
    7235       1.0822
    7236       0.9661
    7237       0.9925
    7238       1.0267
    7239       1.0268
    7240       1.1336
    7241       1.0697
    7242       1.1178
    7243       1.0946
    7244       1.0119
    7245       1.0577
    7246       1.0658
    7247       1.0225
    7248       1.0092
    7249       1.1004
    7250       1.0578
    7251       1.1035
    7252       1.2529
    7253       1.1701
    7254       1.1550
    7255       1.0999
    7256       1.1820
    7257       1.2152
    7258       1.2767
    7259       1.2465
    7260       1.1641
    7261       1.1707
    7262       1.1458
    7263       1.1116
    7264       1.0018
    7265       1.1493
    7266       1.0330
    7267       1.1467
    7268       1.1170
    7269       1.0748
    7270       1.0418
    7271       1.1089
    7272       1.0550
    7273       1.0379
    7274       1.1197
    7275       1.1062
    7276       1.1265
    7277       1.2634
    7278       1.1532
    7279       1.1012
    7280       1.1475
    7281       1.0227
    7282       1.0582
    7283       1.0451
    7284       1.0556
    7285       1.1266
    7286       1.1302
    7287       1.1864
    7288       1.2536
    7289       1.1976
    7290       1.1021
    7291       1.0943
    7292       1.0417
    7293       1.1152
    7294       1.0940
    7295       1.0643
    7296       1.1616
    7297       1.1307
    7298       1.1225
    7299       1.0849
    7300       1.0607
    7301       1.0453
    7302       1.0308
    7303       0.9236
    7304       0.9907
    7305       1.1326
    7306       1.1358
    7307       1.0386
    7308       0.9831
    7309       0.9834
    7310       1.1025
    7311       0.9596
    7312       1.0532
    7313       1.0470
    7314       1.0853
    7315       0.9454
    7316       1.0146
    7317       0.9835
    7318       1.0557
    7319       1.0751
    7320       0.9301
    7321       0.9755
    7322       0.9762
    7323       0.9858
    7324       1.0850
    7325       1.0062
    7326       0.9425
    7327       0.9552
    7328       1.0026
    7329       1.0852
    7330       1.0392
    7331       1.0948
    7332       1.1216
    7333       0.9884
    7334       1.0629
    7335       1.1537
    7336       1.0758
    7337       1.0478
    7338       1.1466
    7339       1.1326
    7340       1.0926
    7341       1.0912
    7342       1.0334
    7343       1.0378
    7344       1.0087
    7345       1.0429
    7346       1.1579
    7347       1.0430
    7348       1.0567
    7349       1.0533
    7350       1.0157
    7351       1.0059
    7352       1.0048
    7353       0.9761
    7354       1.0593
    7355       1.1699
    7356       1.0772
    7357       1.0306
    7358       1.0752
    7359       1.0208
    7360       1.0758
    7361       1.1028
    7362       1.0174
    7363       1.0184
    7364       1.0017
    7365       1.0967
    7366       1.0563
    7367       1.0324
    7368       1.0814
    7369       1.1227
    7370       1.1091
    7371       1.1148
    7372       1.2089
    7373       1.0762
    7374       1.1408
    7375       1.2071
    7376       1.1151
    7377       1.1601
    7378       1.1550
    7379       1.1113
    7380       1.1293
    7381       1.0563
    7382       1.0816
    7383       1.0537
    7384       1.1792
    7385       1.1919
    7386       1.0898
    7387       1.1364
    7388       1.2047
    7389       1.3305
    7390       1.2486
    7391       1.2388
    7392       1.2892
    7393       1.2536
    7394       1.1199
    7395       1.1785
    7396       1.1602
    7397       1.1983
    7398       1.1918
    7399       1.2525
    7400       1.1445
    7401       1.1966
    7402       1.1249
    7403       1.0862
    7404       1.2142
    7405       1.1917
    7406       1.2394
    7407       1.2920
    7408       1.2872
    7409       1.2687
    7410       1.3493
    7411       1.3517
    7412       1.3117
    7413       1.3598
    7414       1.2183
    7415       1.3483
    7416       1.2960
    7417       1.3222
    7418       1.2334
    7419       1.2893
    7420       1.3002
    7421       1.2698
    7422       1.2194
    7423       1.2051
    7424       1.2362
    7425       1.2473
    7426       1.3493
    7427       1.1628
    7428       1.1682
    7429       1.0986
    7430       1.2195
    7431       1.2317
    7432       1.1867
    7433       1.2869
    7434       1.1860
    7435       1.1304
    7436       1.2870
    7437       1.2023
    7438       1.2549
    7439       1.2110
    7440       1.2356
    7441       1.1481
    7442       1.1047
    7443       1.1247
    7444       1.0157
    7445       1.1788
    7446       1.1407
    7447       1.1078
    7448       1.1546
    7449       1.2065
    7450       1.2446
    7451       1.1755
    7452       1.1787
    7453       1.2025
    7454       1.1841
    7455       1.1285
    7456       1.0214
    7457       0.9863
    7458       0.9926
    7459       1.0375
    7460       1.1419
    7461       1.1644
    7462       1.0931
    7463       1.1554
    7464       1.3115
    7465       1.2043
    7466       1.0274
    7467       1.1901
    7468       1.0864
    7469       1.1510
    7470       1.2292
    7471       1.0682
    7472       1.0798
    7473       1.0033
    7474       0.9803
    7475       1.0001
    7476       1.0451
    7477       1.1291
    7478       1.0122
    7479       1.0297
    7480       1.0968
    7481       1.1228
    7482       1.0600
    7483       1.0888
    7484       1.1170
    7485       1.0507
    7486       1.1427
    7487       1.0439
    7488       0.9348
    7489       1.0720
    7490       1.0942
    7491       1.2199
    7492       1.0948
    7493       1.1279
    7494       1.2589
    7495       1.2567
    7496       1.1459
    7497       1.0981
    7498       1.1947
    7499       1.0623
    7500       1.0767
    7501       1.1924
    7502       1.1941
    7503       1.1609
    7504       1.1440
    7505       1.1622
    7506       1.1767
    7507       1.1131
    7508       1.1200
    7509       1.1182
    7510       1.1635
    7511       1.1203
    7512       1.0797
    7513       0.9999
    7514       1.0933
    7515       1.0547
    7516       1.0422
    7517       1.0586
    7518       1.0661
    7519       1.0830
    7520       1.0372
    7521       1.1869
    7522       1.1166
    7523       1.1240
    7524       1.1341
    7525       1.0915
    7526       1.1773
    7527       1.1719
    7528       1.1625
    7529       1.2517
    7530       1.1616
    7531       1.2170
    7532       1.1424
    7533       1.1081
    7534       1.1686
    7535       1.1978
    7536       1.1618
    7537       1.1075
    7538       1.1905
    7539       1.2276
    7540       1.1346
    7541       1.1624
    7542       1.2379
    7543       1.1511
    7544       1.1830
    7545       1.1382
    7546       1.1075
    7547       1.1465
    7548       1.2750
    7549       1.2668
    7550       1.2351
    7551       1.2687
    7552       1.1726
    7553       1.1576
    7554       1.2210
    7555       1.1800
    7556       1.2096
    7557       1.1860
    7558       1.1423
    7559       1.1131
    7560       1.0574
    7561       1.0558
    7562       1.0349
    7563       0.9874
    7564       1.0324
    7565       1.0139
    7566       1.0462
    7567       1.0933
    7568       1.0774
    7569       1.1359
    7570       1.0959
    7571       1.1734
    7572       1.1836
    7573       1.1259
    7574       1.0893
    7575       1.1114
    7576       1.1687
    7577       1.1055
    7578       1.1268
    7579       1.1101
    7580       1.1875
    7581       1.0921
    7582       1.2244
    7583       1.1058
    7584       1.1915
    7585       1.1868
    7586       1.2274
    7587       1.1474
    7588       1.2425
    7589       1.0646
    7590       1.2319
    7591       1.1769
    7592       1.2190
    7593       1.2316
    7594       1.1611
    7595       1.3030
    7596       1.3609
    7597       1.2682
    7598       1.2076
    7599       1.2444
    7600       1.2567
    7601       1.2100
    7602       1.0890
    7603       1.1728
    7604       1.1513
    7605       1.1483
    7606       1.1222
    7607       1.2501
    7608       1.1216
    7609       1.2373
    7610       1.2197
    7611       1.1367
    7612       1.1875
    7613       1.0751
    7614       1.1199
    7615       1.1265
    7616       1.1130
    7617       1.0753
    7618       1.2126
    7619       1.2117
    7620       1.1818
    7621       1.1208
    7622       1.1626
    7623       1.1212
    7624       0.9706
    7625       0.9628
    7626       1.0677
    7627       1.1170
    7628       1.1662
    7629       1.0088
    7630       1.0008
    7631       1.0446
    7632       1.1429
    7633       1.1329
    7634       1.1271
    7635       1.0896
    7636       1.0416
    7637       1.0823
    7638       1.1620
    7639       1.1462
    7640       1.1105
    7641       1.1847
    7642       1.2944
    7643       1.2452
    7644       1.2494
    7645       1.2691
    7646       1.2628
    7647       1.1977
    7648       1.1671
    7649       1.1894
    7650       1.1907
    7651       1.2235
    7652       1.2324
    7653       1.2099
    7654       1.1576
    7655       1.1316
    7656       1.1563
    7657       1.0464
    7658       1.1768
    7659       1.1562
    7660       1.1555
    7661       1.2062
    7662       1.1642
    7663       1.2180
    7664       1.2092
    7665       1.1452
    7666       1.1070
    7667       1.2494
    7668       1.2094
    7669       1.2325
    7670       1.1725
    7671       1.2107
    7672       1.1155
    7673       1.1943
    7674       1.2075
    7675       1.1730
    7676       1.1774
    7677       1.0981
    7678       1.2844
    7679       1.2651
    7680       1.3179
    7681       1.2625
    7682       1.1512
    7683       1.0978
    7684       1.1412
    7685       1.2538
    7686       1.1512
    7687       1.1643
    7688       1.3020
    7689       1.3213
    7690       1.2922
    7691       1.2220
    7692       1.1929
    7693       1.2730
    7694       1.2663
    7695       1.2276
    7696       1.2069
    7697       1.2227
    7698       1.1300
    7699       1.1383
    7700       1.2683
    7701       1.1314
    7702       1.2298
    7703       1.1647
    7704       1.1947
    7705       1.0828
    7706       1.1860
    7707       1.3690
    7708       1.3003
    7709       1.2418
    7710       1.2799
    7711       1.2855
    7712       1.3074
    7713       1.2706
    7714       1.1503
    7715       1.2820
    7716       1.2467
    7717       1.1917
    7718       1.4840
    7719       1.4031
    7720       1.2755
    7721       1.2991
    7722       1.2287
    7723       1.2423
    7724       1.2711
    7725       1.1508
    7726       1.1943
    7727       1.2020
    7728       1.2437
    7729       1.0927
    7730       1.1969
    7731       1.1482
    7732       1.2115
    7733       1.1447
    7734       1.1940
    7735       1.1978
    7736       1.1199
    7737       1.2146
    7738       1.2819
    7739       1.2457
    7740       1.1980
    7741       1.1318
    7742       1.0725
    7743       1.1671
    7744       1.1823
    7745       1.0774
    7746       1.1090
    7747       1.0924
    7748       1.1565
    7749       1.1301
    7750       1.1741
    7751       1.0797
    7752       1.1400
    7753       1.0783
    7754       1.1239
    7755       1.1895
    7756       1.2426
    7757       1.2255
    7758       1.0048
    7759       1.0900
    7760       1.1674
    7761       1.0989
    7762       1.1008
    7763       1.1186
    7764       1.0544
    7765       1.0035
    7766       1.1425
    7767       1.2436
    7768       1.0984
    7769       1.0661
    7770       1.3170
    7771       1.1369
    7772       1.2158
    7773       1.1177
    7774       1.1117
    7775       1.1173
    7776       1.1182
    7777       1.1143
    7778       1.0939
    7779       1.0717
    7780       1.1001
    7781       1.1377
    7782       1.1466
    7783       1.1716
    7784       1.1386
    7785       1.2081
    7786       1.2091
    7787       1.1951
    7788       1.2584
    7789       1.2128
    7790       1.2501
    7791       1.1935
    7792       1.1759
    7793       1.1981
    7794       1.1843
    7795       1.1219
    7796       1.1247
    7797       1.0876
    7798       1.1439
    7799       1.1799
    7800       1.1588
    7801       1.1552
    7802       1.1293
    7803       1.1810
    7804       1.2110
    7805       1.2046
    7806       1.1283
    7807       1.1537
    7808       1.2276
    7809       1.2368
    7810       1.2652
    7811       1.1524
    7812       1.1604
    7813       1.0682
    7814       1.1510
    7815       1.1365
    7816       1.2223
    7817       1.1997
    7818       1.2157
    7819       1.2198
    7820       1.2021
    7821       1.2751
    7822       1.2438
    7823       1.4207
    7824       1.3508
    7825       1.2477
    7826       1.1812
    7827       1.2220
    7828       1.1982
    7829       1.2635
    7830       1.2617
    7831       1.2922
    7832       1.2999
    7833       1.3289
    7834       1.3193
    7835       1.2972
    7836       1.1780
    7837       1.2269
    7838       1.3245
    7839       1.1738
    7840       1.3065
    7841       1.3381
    7842       1.1059
    7843       1.0449
    7844       0.9793
    7845       1.1258
    7846       1.0184
    7847       1.0681
    7848       1.0712
    7849       1.0733
    7850       1.0787
    7851       1.0329
    7852       0.9149
    7853       1.0035
    7854       1.2306
    7855       1.1861
    7856       1.1347
    7857       1.1356
    7858       1.0674
    7859       1.1015
    7860       1.0842
    7861       1.0937
    7862       1.0379
    7863       1.0738
    7864       1.0225
    7865       0.9979
    7866       1.0327
    7867       1.0365
    7868       1.0552
    7869       1.0770
    7870       1.1130
    7871       1.0652
    7872       1.0738
    7873       1.0314
    7874       1.1418
    7875       1.0794
    7876       1.0380
    7877       1.0753
    7878       1.1262
    7879       1.0472
    7880       1.1090
    7881       1.0944
    7882       1.1728
    7883       1.1166
    7884       1.0997
    7885       0.9899
    7886       1.0291
    7887       1.0562
    7888       0.9818
    7889       1.0812
    7890       1.1773
    7891       1.1281
    7892       1.1354
    7893       1.0524
    7894       1.0256
    7895       1.2443
    7896       1.1522
    7897       1.0352
    7898       0.9531
    7899       1.0154
    7900       0.9300
    7901       1.0720
    7902       0.9912
    7903       1.0060
    7904       1.0029
    7905       1.0864
    7906       1.1669
    7907       1.0139
    7908       1.0550
    7909       1.1014
    7910       1.0742
    7911       1.0271
    7912       1.0503
    7913       0.9690
    7914       0.9880
    7915       1.0219
    7916       1.0555
    7917       1.0623
    7918       1.0258
    7919       1.1197
    7920       1.1773
    7921       1.2155
    7922       1.0874
    7923       1.0569
    7924       1.0179
    7925       1.0250
    7926       1.0459
    7927       1.0804
    7928       1.0591
    7929       1.0646
    7930       1.1082
    7931       1.0968
    7932       1.0487
    7933       1.1421
    7934       1.0296
    7935       1.0964
    7936       1.1679
    7937       1.1535
    7938       1.1492
    7939       1.2017
    7940       1.1634
    7941       1.0808
    7942       1.0449
    7943       1.1774
    7944       1.1039
    7945       1.0693
    7946       1.0243
    7947       1.1630
    7948       1.0563
    7949       1.0912
    7950       1.1472
    7951       1.1980
    7952       1.1896
    7953       1.1811
    7954       1.2009
    7955       1.1843
    7956       1.2270
    7957       1.2334
    7958       1.1465
    7959       1.0862
    7960       1.0517
    7961       1.1717
    7962       1.1968
    7963       1.1559
    7964       1.2077
    7965       1.1063
    7966       1.1796
    7967       1.1516
    7968       1.0246
    7969       0.9697
    7970       1.0987
    7971       1.1161
    7972       1.1381
    7973       1.0761
    7974       1.1788
    7975       1.1789
    7976       1.0360
    7977       1.1491
    7978       1.1486
    7979       1.1844
    7980       1.1415
    7981       1.2709
    7982       1.2340
    7983       1.1834
    7984       1.1360
    7985       1.0870
    7986       1.0909
    7987       1.1614
    7988       1.1811
    7989       1.1777
    7990       1.1257
    7991       1.1459
    7992       1.0841
    7993       1.0825
    7994       1.1689
    7995       1.1632
    7996       1.1233
    7997       1.1348
    7998       1.2348
    7999       1.2436
    8000       1.2247
    8001       1.1184
    8002       1.1179
    8003       1.1304
    8004       1.1600
    8005       1.0656
    8006       1.1146
    8007       1.0962
    8008       1.1179
    8009       1.1478
    8010       1.1445
    8011       1.2081
    8012       1.1011
    8013       1.0731
    8014       1.2078
    8015       1.1841
    8016       1.2237
    8017       1.1624
    8018       1.1262
    8019       1.1160
    8020       1.0563
    8021       1.0608
    8022       1.1693
    8023       1.2336
    8024       1.1519
    8025       1.1980
    8026       1.0119
    8027       1.1037
    8028       1.0819
    8029       1.1832
    8030       1.2084
    8031       1.1141
    8032       1.0661
    8033       1.0361
    8034       1.0871
    8035       1.0807
    8036       1.0707
    8037       1.2310
    8038       1.1022
    8039       1.1810
    8040       1.1427
    8041       1.1956
    8042       1.1807
    8043       1.3047
    8044       1.2779
    8045       1.1499
    8046       1.2309
    8047       1.2211
    8048       1.2192
    8049       1.1416
    8050       1.1787
    8051       1.1211
    8052       1.0750
    8053       1.1219
    8054       1.0873
    8055       1.1853
    8056       1.1260
    8057       1.1459
    8058       1.1283
    8059       1.1546
    8060       1.1290
    8061       1.1210
    8062       1.1003
    8063       1.0337
    8064       1.1613
    8065       1.1760
    8066       1.1085
    8067       1.1967
    8068       1.1014
    8069       1.1094
    8070       1.2961
    8071       1.2331
    8072       1.2495
    8073       1.1937
    8074       1.0991
    8075       1.1311
    8076       1.2022
    8077       1.0762
    8078       1.0705
    8079       1.1339
    8080       1.1607
    8081       1.0401
    8082       1.1736
    8083       1.1402
    8084       1.1141
    8085       1.1346
    8086       1.0296
    8087       1.1116
    8088       1.1007
    8089       1.1362
    8090       1.0479
    8091       1.0690
    8092       1.0530
    8093       1.0679
    8094       1.2007
    8095       1.1724
    8096       1.1189
    8097       1.0462
    8098       1.1191
    8099       1.0599
    8100       1.0602
    8101       1.0228
    8102       0.9837
    8103       1.0930
    8104       1.0365
    8105       1.0179
    8106       1.1178
    8107       1.1025
    8108       1.1985
    8109       1.0363
    8110       1.0638
    8111       1.0232
    8112       1.1087
    8113       1.0512
    8114       1.0060
    8115       1.1013
    8116       1.0389
    8117       1.1501
    8118       1.0708
    8119       1.1313
    8120       1.1255
    8121       1.1116
    8122       1.1107
    8123       1.1298
    8124       1.1140
    8125       1.1162
    8126       1.1574
    8127       1.1574
    8128       1.2146
    8129       1.1655
    8130       1.1421
    8131       1.1665
    8132       1.2043
    8133       1.2412
    8134       1.2479
    8135       1.2062
    8136       1.2186
    8137       1.1713
    8138       1.2917
    8139       1.3156
    8140       1.3728
    8141       1.3097
    8142       1.2029
    8143       1.3775
    8144       1.4374
    8145       1.3768
    8146       1.2573
    8147       1.2498
    8148       1.1254
    8149       1.1665
    8150       1.2257
    8151       1.1509
    8152       1.1803
    8153       1.0604
    8154       1.1151
    8155       1.1757
    8156       1.0751
    8157       1.2396
    8158       1.2568
    8159       1.2110
    8160       1.0700
    8161       1.1230
    8162       1.1276
    8163       1.1561
    8164       1.1583
    8165       1.1603
    8166       1.1594
    8167       1.1001
    8168       1.0678
    8169       1.1101
    8170       1.0543
    8171       1.1513
    8172       1.1595
    8173       1.1022
    8174       1.1561
    8175       1.1326
    8176       1.1441
    8177       1.1244
    8178       1.1227
    8179       1.0404
    8180       1.1667
    8181       1.0360
    8182       1.1195
    8183       1.1831
    8184       1.0391
    8185       1.0134
    8186       1.0188
    8187       1.0651
    8188       1.0087
    8189       1.1016
    8190       1.1672
    8191       1.1358
    8192       1.1759
    8193       1.1003
    8194       1.1182
    8195       1.1367
    8196       1.1382
    8197       1.0521
    8198       1.0655
    8199       1.1067
    8200       1.0826
    8201       1.1410
    8202       1.1544
    8203       1.1195
    8204       1.0889
    8205       1.1606
    8206       1.1438
    8207       1.0936
    8208       1.1805
    8209       1.1369
    8210       1.0961
    8211       1.2185
    8212       1.0844
    8213       1.0610
    8214       1.0744
    8215       1.0667
    8216       1.1487
    8217       1.1147
    8218       1.1330
    8219       1.2516
    8220       1.1482
    8221       1.1619
    8222       1.2036
    8223       1.1605
    8224       1.0902
    8225       1.1887
    8226       1.0823
    8227       1.0490
    8228       1.1426
    8229       1.0626
    8230       1.1721
    8231       1.2325
    8232       1.3390
    8233       1.4007
    8234       1.2206
    8235       1.1613
    8236       1.1452
    8237       1.1392
    8238       1.1110
    8239       1.1492
    8240       1.1995
    8241       1.1933
    8242       1.2419
    8243       1.1577
    8244       1.0951
    8245       1.1950
    8246       1.0656
    8247       1.1399
    8248       1.2081
    8249       1.1992
    8250       1.1105
    8251       1.1301
    8252       1.2849
    8253       1.2272
    8254       1.1889
    8255       1.2400
    8256       1.2068
    8257       1.1819
    8258       1.2410
    8259       1.1141
    8260       1.1338
    8261       1.1243
    8262       1.1268
    8263       1.1875
    8264       1.2076
    8265       1.1314
    8266       1.1071
    8267       1.1119
    8268       1.0502
    8269       1.1604
    8270       1.1636
    8271       1.1568
    8272       1.1928
    8273       1.2047
    8274       1.0744
    8275       1.0474
    8276       1.0709
    8277       1.0418
    8278       1.0744
    8279       1.0617
    8280       1.1396
    8281       1.1369
    8282       1.0986
    8283       1.1164
    8284       1.0841
    8285       1.0948
    8286       1.1146
    8287       1.0581
    8288       1.0908
    8289       1.0892
    8290       1.1290
    8291       1.0807
    8292       1.0899
    8293       1.0367
    8294       1.0576
    8295       1.0306
    8296       1.0200
    8297       1.0742
    8298       1.0234
    8299       1.0610
    8300       1.0789
    8301       1.0518
    8302       1.0431
    8303       1.0993
    8304       1.0459
    8305       1.0687
    8306       1.0443
    8307       1.0842
    8308       1.1293
    8309       1.1262
    8310       1.1158
    8311       1.1273
    8312       1.1482
    8313       1.1166
    8314       1.1003
    8315       1.0783
    8316       1.0038
    8317       1.1111
    8318       1.1449
    8319       1.1928
    8320       1.0968
    8321       1.0660
    8322       1.1431
    8323       1.0872
    8324       1.0889
    8325       1.1542
    8326       1.0901
    8327       1.0976
    8328       1.1052
    8329       1.2313
    8330       1.1422
    8331       1.2014
    8332       1.1900
    8333       1.1424
    8334       1.1061
    8335       1.1030
    8336       1.1462
    8337       1.1573
    8338       1.1976
    8339       1.1653
    8340       1.0799
    8341       1.1318
    8342       1.0687
    8343       1.1813
    8344       1.1643
    8345       1.1183
    8346       1.1823
    8347       1.1739
    8348       1.2312
    8349       1.3300
    8350       1.3160
    8351       1.3702
    8352       1.3023
    8353       1.4209
    8354       1.3528
    8355       1.2784
    8356       1.3035
    8357       1.3400
    8358       1.3995
    8359       1.3338
    8360       1.3867
    8361       1.3517
    8362       1.4367
    8363       1.4472
    8364       1.3341
    8365       1.3606
    8366       1.4081
    8367       1.5273
    8368       1.3922
    8369       1.2653
    8370       1.3541
    8371       1.3937
    8372       1.3435
    8373       1.3403
    8374       1.3697
    8375       1.3756
    8376       1.3974
    8377       1.4224
    8378       1.4220
    8379       1.3913
    8380       1.3770
    8381       1.3247
    8382       1.3050
    8383       1.2847
    8384       1.3092
    8385       1.2475
    8386       1.3766
    8387       1.2920
    8388       1.1779
    8389       1.2576
    8390       1.3068
    8391       1.2132
    8392       1.2687
    8393       1.2133
    8394       1.2275
    8395       1.2625
    8396       1.2688
    8397       1.1814
    8398       1.2141
    8399       1.3147
    8400       1.2579
    8401       1.2219
    8402       1.3047
    8403       1.1619
    8404       1.2058
    8405       1.1815
    8406       1.1130
    8407       1.2261
    8408       1.2265
    8409       1.1554
    8410       1.2392
    8411       1.1323
    8412       1.3104
    8413       1.2305
    8414       1.2171
    8415       1.0635
    8416       1.2148
    8417       1.1228
    8418       1.2409
    8419       1.2020
    8420       1.2101
    8421       1.2425
    8422       1.1410
    8423       1.1105
    8424       1.1167
    8425       1.1345
    8426       1.2496
    8427       1.2560
    8428       1.2023
    8429       1.0555
    8430       1.0719
    8431       1.1915
    8432       1.1384
    8433       1.1284
    8434       1.1590
    8435       1.0880
    8436       1.0961
    8437       1.1009
    8438       1.1489
    8439       1.0522
    8440       1.1890
    8441       1.0934
    8442       1.1521
    8443       1.0834
    8444       1.1144
    8445       1.1617
    8446       1.1809
    8447       1.1436
    8448       1.3000
    8449       1.3141
    8450       1.2638
    8451       1.2044
    8452       1.3523
    8453       1.2845
    8454       1.1881
    8455       1.2338
    8456       1.2440
    8457       1.0892
    8458       1.1766
    8459       1.1320
    8460       1.1304
    8461       1.2565
    8462       1.2317
    8463       1.3311
    8464       1.2593
    8465       1.2275
    8466       1.2555
    8467       1.2880
    8468       1.2712
    8469       1.1947
    8470       1.2874
    8471       1.2746
    8472       1.2468
    8473       1.2262
    8474       1.2554
    8475       1.1595
    8476       1.1092
    8477       1.2586
    8478       1.1723
    8479       1.2079
    8480       1.2060
    8481       1.2209
    8482       1.1357
    8483       1.1200
    8484       1.1051
    8485       1.2251
    8486       1.1720
    8487       1.3014
    8488       1.2362
    8489       1.2310
    8490       1.2983
    8491       1.2118
    8492       1.2232
    8493       1.2163
    8494       1.2676
    8495       1.2882
    8496       1.1815
    8497       1.2677
    8498       1.3336
    8499       1.2531
    8500       1.2600
    8501       1.1887
    8502       1.2598
    8503       1.2506
    8504       1.2646
    8505       1.1909
    8506       1.2065
    8507       1.2439
    8508       1.1881
    8509       1.1377
    8510       1.2110
    8511       1.2165
    8512       1.3098
    8513       1.2906
    8514       1.2676
    8515       1.3121
    8516       1.2180
    8517       1.2998
    8518       1.3556
    8519       1.3129
    8520       1.2852
    8521       1.2793
    8522       1.2492
    8523       1.2207
    8524       1.2157
    8525       1.2284
    8526       1.2496
    8527       1.1471
    8528       1.1814
    8529       1.1365
    8530       1.2177
    8531       1.2315
    8532       1.2176
    8533       1.1962
    8534       1.1930
    8535       1.2105
    8536       1.1578
    8537       1.1513
    8538       1.1983
    8539       1.2225
    8540       1.2825
    8541       1.1214
    8542       1.1371
    8543       1.2516
    8544       1.2822
    8545       1.3258
    8546       1.2778
    8547       1.2515
    8548       1.3339
    8549       1.2994
    8550       1.3494
    8551       1.2934
    8552       1.2317
    8553       1.1357
    8554       1.2773
    8555       1.2260
    8556       1.1534
    8557       1.1550
    8558       1.1843
    8559       1.1401
    8560       1.1482
    8561       1.1920
    8562       1.1830
    8563       1.0738
    8564       1.1942
    8565       1.2335
    8566       1.3063
    8567       1.3690
    8568       1.3752
    8569       1.1967
    8570       1.1833
    8571       1.1766
    8572       1.0460
    8573       1.0519
    8574       1.1053
    8575       1.2585
    8576       1.2653
    8577       1.2193
    8578       1.2214
    8579       1.1869
    8580       1.2042
    8581       1.0514
    8582       1.2079
    8583       1.1947
    8584       1.2533
    8585       1.1130
    8586       1.1279
    8587       1.1110
    8588       1.1802
    8589       1.1592
    8590       1.0440
    8591       1.0592
    8592       1.0880
    8593       1.0631
    8594       1.2384
    8595       1.2295
    8596       1.3022
    8597       1.2758
    8598       1.2900
    8599       1.2983
    8600       1.2110
    8601       1.0418
    8602       1.1212
    8603       1.1788
    8604       1.0784
    8605       1.0771
    8606       1.1733
    8607       1.0958
    8608       1.0858
    8609       1.0600
    8610       1.1891
    8611       1.2111
    8612       1.1726
    8613       1.2035
    8614       1.2111
    8615       1.1712
    8616       1.2044
    8617       1.1245
    8618       1.0587
    8619       1.1320
    8620       1.0651
    8621       1.0797
    8622       1.0869
    8623       1.0878
    8624       1.1132
    8625       1.1464
    8626       1.2356
    8627       1.3151
    8628       1.2455
    8629       1.2262
    8630       1.1376
    8631       1.1869
    8632       1.2552
    8633       1.2909
    8634       1.2615
    8635       1.2754
    8636       1.2622
    8637       1.1782
    8638       1.1590
    8639       1.2110
    8640       1.2221
    8641       1.1139
    8642       1.1554
    8643       1.1652
    8644       1.2235
    8645       1.1021
    8646       1.1271
    8647       1.1367
    8648       1.1643
    8649       1.1027
    8650       1.0860
    8651       1.0871
    8652       0.9756
    8653       1.1283
    8654       1.0638
    8655       1.0452
    8656       1.1659
    8657       1.2138
    8658       1.1342
    8659       1.1171
    8660       1.1192
    8661       0.9934
    8662       1.0004
    8663       1.0317
    8664       0.9875
    8665       1.0711
    8666       1.1200
    8667       1.3107
    8668       1.1249
    8669       1.0453
    8670       1.0774
    8671       1.0554
    8672       1.0691
    8673       1.0794
    8674       1.0300
    8675       1.1453
    8676       1.1268
    8677       1.2380
    8678       1.1686
    8679       1.1394
    8680       1.0090
    8681       1.0735
    8682       1.0635
    8683       1.1070
    8684       1.1011
    8685       1.1157
    8686       1.1494
    8687       1.1755
    8688       1.3035
    8689       1.1872
    8690       1.2089
    8691       1.1843
    8692       1.2651
    8693       1.1719
    8694       1.1473
    8695       1.2247
    8696       1.1960
    8697       1.2355
    8698       1.1707
    8699       1.0504
    8700       1.1910
    8701       1.1471
    8702       1.1635
    8703       1.2411
    8704       1.1935
    8705       1.1003
    8706       1.2070
    8707       1.1564
    8708       1.2320
    8709       1.1411
    8710       1.0928
    8711       1.0785
    8712       1.1776
    8713       1.1483
    8714       1.0849
    8715       1.0270
    8716       1.0347
    8717       1.0429
    8718       1.0461
    8719       1.0217
    8720       1.0293
    8721       1.0822
    8722       0.9969
    8723       0.9789
    8724       1.0289
    8725       1.0177
    8726       0.9887
    8727       1.0870
    8728       1.0318
    8729       0.9750
    8730       1.0362
    8731       1.0849
    8732       1.1641
    8733       1.1145
    8734       1.1294
    8735       1.1401
    8736       1.1231
    8737       1.0772
    8738       1.1356
    8739       1.1056
    8740       1.0645
    8741       1.0577
    8742       1.1277
    8743       1.0506
    8744       1.0654
    8745       1.0656
    8746       1.1170
    8747       1.0268
    8748       1.1851
    8749       1.0831
    8750       1.2827
    8751       1.2847
    8752       1.2432
    8753       1.3381
    8754       1.2269
    8755       1.1474
    8756       1.2099
    8757       1.1870
    8758       1.0310
    8759       1.1476
    8760       1.2091
    8761       1.1857
    8762       1.1364
    8763       1.0843
    8764       1.0790
    8765       1.0459
    8766       1.0219
    8767       1.1130
    8768       1.1720
    8769       1.1607
    8770       1.2707
    8771       1.2383
    8772       1.2323
    8773       1.1541
    8774       1.0552
    8775       1.1370
    8776       1.1734
    8777       1.0337
    8778       1.0242
    8779       1.1414
    8780       1.2046
    8781       1.1863
    8782       1.1271
    8783       1.1083
    8784       1.0338
    8785       1.0431
    8786       1.1026
    8787       1.0763
    8788       1.2790
    8789       1.1386
    8790       1.1450
    8791       1.1453
    8792       1.1721
    8793       1.0323
    8794       1.0838
    8795       1.0698
    8796       1.1502
    8797       1.0419
    8798       1.1506
    8799       1.0981
    8800       1.0732
    8801       1.2040
    8802       1.1563
    8803       1.1411
    8804       1.1551
    8805       1.1473
    8806       1.1185
    8807       1.2137
    8808       1.1346
    8809       1.1157
    8810       1.1764
    8811       1.2804
    8812       1.3219
    8813       1.1770
    8814       1.1453
    8815       1.0625
    8816       1.3627
    8817       1.2066
    8818       1.1871
    8819       1.1833
    8820       1.1657
    8821       1.0569
    8822       1.0706
    8823       1.1540
    8824       1.1826
    8825       1.1518
    8826       1.0998
    8827       1.0084
    8828       1.0010
    8829       0.9832
    8830       1.0136
    8831       1.2120
    8832       1.2458
    8833       1.0028
    8834       1.0191
    8835       1.0487
    8836       1.0516
    8837       1.0627
    8838       1.0906
    8839       1.0756
    8840       0.9870
    8841       0.9819
    8842       1.0961
    8843       0.9943
    8844       1.1285
    8845       1.1618
    8846       1.1878
    8847       1.1727
    8848       1.1295
    8849       1.2001
    8850       1.2503
    8851       1.1396
    8852       1.1182
    8853       1.1090
    8854       1.0828
    8855       1.0849
    8856       1.0490
    8857       1.0855
    8858       1.0332
    8859       1.0949
    8860       1.1670
    8861       1.1460
    8862       1.0730
    8863       1.1044
    8864       0.9998
    8865       1.0368
    8866       1.0671
    8867       1.0582
    8868       1.0318
    8869       0.9930
    8870       1.0458
    8871       1.0502
    8872       1.0282
    8873       1.0408
    8874       1.1251
    8875       1.1337
    8876       1.1092
    8877       1.1544
    8878       1.1218
    8879       1.1420
    8880       1.1717
    8881       1.1606
    8882       1.1936
    8883       1.1798
    8884       1.1421
    8885       1.1443
    8886       1.1520
    8887       1.0696
    8888       1.0719
    8889       1.2286
    8890       1.1775
    8891       1.1722
    8892       1.0794
    8893       1.1475
    8894       1.0613
    8895       1.0618
    8896       1.1232
    8897       1.2105
    8898       1.1087
    8899       1.0766
    8900       1.1285
    8901       1.2099
    8902       1.1780
    8903       1.3253
    8904       1.2773
    8905       1.2810
    8906       1.2003
    8907       1.2135
    8908       1.1594
    8909       1.1015
    8910       1.0405
    8911       1.1562
    8912       1.1192
    8913       1.1306
    8914       1.0517
    8915       1.0924
    8916       1.2648
    8917       1.1942
    8918       1.1341
    8919       1.2078
    8920       1.1390
    8921       1.1094
    8922       1.3027
    8923       1.0739
    8924       1.1753
    8925       1.0911
    8926       1.0794
    8927       1.0378
    8928       1.0521
    8929       1.1307
    8930       1.0763
    8931       1.0919
    8932       1.1700
    8933       1.1060
    8934       1.0912
    8935       1.1000
    8936       1.1051
    8937       1.0497
    8938       1.0217
    8939       1.0786
    8940       1.0975
    8941       1.0213
    8942       1.0269
    8943       0.9728
    8944       0.9675
    8945       1.0178
    8946       1.0572
    8947       1.1377
    8948       1.1284
    8949       1.0681
    8950       1.1390
    8951       1.2405
    8952       1.3180
    8953       1.1240
    8954       1.1294
    8955       1.2006
    8956       1.1662
    8957       1.2226
    8958       1.1297
    8959       1.0786
    8960       1.1104
    8961       1.1199
    8962       1.0834
    8963       1.0884
    8964       1.1167
    8965       1.2369
    8966       1.1647
    8967       1.0949
    8968       1.1604
    8969       1.1280
    8970       1.0575
    8971       1.0231
    8972       1.0346
    8973       0.9556
    8974       1.0147
    8975       0.9728
    8976       1.0573
    8977       1.0620
    8978       1.1269
    8979       1.1969
    8980       1.1857
    8981       1.1629
    8982       1.0889
    8983       1.1184
    8984       1.1695
    8985       1.1506
    8986       1.1019
    8987       1.0250
    8988       1.0698
    8989       1.0168
    8990       1.0179
    8991       0.9620
    8992       1.1480
    8993       1.1392
    8994       1.0529
    8995       1.0723
    8996       1.1040
    8997       1.0658
    8998       1.0535
    8999       1.0896
    9000       1.0564
    9001       1.0297
    9002       1.0456
    9003       0.9931
    9004       1.0456
    9005       1.2144
    9006       1.1111
    9007       1.1203
    9008       1.1693
    9009       1.1170
    9010       1.0506
    9011       1.0656
    9012       1.0895
    9013       1.0967
    9014       1.1555
    9015       1.0807
    9016       1.2025
    9017       1.1617
    9018       1.0715
    9019       1.0855
    9020       1.1023
    9021       1.1734
    9022       1.2934
    9023       1.3245
    9024       1.2054
    9025       1.1433
    9026       1.2138
    9027       1.1868
    9028       1.3077
    9029       1.2441
    9030       1.2388
    9031       1.2621
    9032       1.1416
    9033       1.2330
    9034       1.2041
    9035       1.1577
    9036       1.2000
    9037       1.2580
    9038       1.1567
    9039       1.1768
    9040       1.2790
    9041       1.3250
    9042       1.2225
    9043       1.2733
    9044       1.3538
    9045       1.1037
    9046       1.1802
    9047       1.0621
    9048       1.1036
    9049       1.0936
    9050       1.0507
    9051       1.0498
    9052       1.1403
    9053       1.0368
    9054       0.9688
    9055       1.0177
    9056       1.0883
    9057       1.1237
    9058       1.1120
    9059       1.1512
    9060       1.1508
    9061       1.0992
    9062       1.0874
    9063       0.9943
    9064       0.9831
    9065       0.9684
    9066       0.9990
    9067       0.9964
    9068       1.0446
    9069       1.2000
    9070       1.0572
    9071       1.1333
    9072       1.0750
    9073       1.1026
    9074       1.0792
    9075       1.0577
    9076       1.0750
    9077       1.2057
    9078       1.1811
    9079       1.2879
    9080       1.4227
    9081       1.3299
    9082       1.1648
    9083       1.1593
    9084       1.2878
    9085       1.0944
    9086       0.9936
    9087       1.0596
    9088       1.0707
    9089       1.0749
    9090       1.0836
    9091       1.1333
    9092       1.2890
    9093       1.2674
    9094       1.1660
    9095       1.1923
    9096       1.3071
    9097       1.1591
    9098       1.2191
    9099       1.1543
    9100       1.1507
    9101       1.1298
    9102       1.1442
    9103       1.1507
    9104       1.0304
    9105       1.1163
    9106       1.0196
    9107       0.9704
    9108       1.0297
    9109       1.0712
    9110       1.0915
    9111       1.1169
    9112       1.2842
    9113       1.1730
    9114       1.1139
    9115       1.1102
    9116       1.0805
    9117       1.1100
    9118       1.0904
    9119       1.1243
    9120       1.1292
    9121       1.0307
    9122       1.0754
    9123       1.1313
    9124       1.1693
    9125       1.1926
    9126       1.1518
    9127       1.2438
    9128       1.2193
    9129       1.1034
    9130       1.1309
    9131       1.2213
    9132       1.0796
    9133       1.1257
    9134       1.2025
    9135       1.1083
    9136       1.0992
    9137       1.1576
    9138       1.2117
    9139       1.3061
    9140       1.3410
    9141       1.2812
    9142       1.2144
    9143       1.2519
    9144       1.2875
    9145       1.4150
    9146       1.3128
    9147       1.2869
    9148       1.2360
    9149       1.1771
    9150       1.1558
    9151       1.1430
    9152       1.1787
    9153       1.2503
    9154       1.1331
    9155       1.2173
    9156       1.1973
    9157       1.1473
    9158       1.1733
    9159       1.1845
    9160       1.2760
    9161       1.1946
    9162       1.1940
    9163       1.1831
    9164       1.1210
    9165       1.0303
    9166       1.1313
    9167       0.9911
    9168       1.0371
    9169       0.9639
    9170       1.0343
    9171       1.1270
    9172       1.2195
    9173       1.2392
    9174       1.2539
    9175       1.1977
    9176       1.2191
    9177       1.0857
    9178       1.1695
    9179       1.2115
    9180       1.1455
    9181       1.2837
    9182       1.1932
    9183       1.2082
    9184       1.0043
    9185       1.1789
    9186       1.1772
    9187       1.1494
    9188       1.1293
    9189       1.2288
    9190       1.2644
    9191       1.2549
    9192       1.1839
    9193       1.1108
    9194       1.1637
    9195       1.1755
    9196       1.1170
    9197       1.2818
    9198       1.2327
    9199       1.2565
    9200       1.2893
    9201       1.3698
    9202       1.3219
    9203       1.2590
    9204       1.3519
    9205       1.3222
    9206       1.3045
    9207       1.1948
    9208       1.1889
    9209       1.1969
    9210       1.2345
    9211       1.2708
    9212       1.1769
    9213       1.1436
    9214       1.2305
    9215       1.1749
    9216       1.2496
    9217       1.2061
    9218       1.1956
    9219       1.2422
    9220       1.3065
    9221       1.2059
    9222       1.1556
    9223       1.1526
    9224       1.1423
    9225       1.0803
    9226       1.1923
    9227       1.2583
    9228       1.2506
    9229       1.2173
    9230       1.2426
    9231       1.2148
    9232       1.3027
    9233       1.3215
    9234       1.3586
    9235       1.3636
    9236       1.3568
    9237       1.2084
    9238       1.2970
    9239       1.1637
    9240       1.1542
    9241       1.0937
    9242       1.0153
    9243       1.1197
    9244       1.0920
    9245       1.0614
    9246       0.9583
    9247       0.9712
    9248       1.0669
    9249       1.0248
    9250       1.0127
    9251       1.1316
    9252       1.1066
    9253       1.1525
    9254       1.2597
    9255       1.2099
    9256       1.2707
    9257       1.2899
    9258       1.1106
    9259       1.0915
    9260       1.1223
    9261       1.1725
    9262       1.0869
    9263       1.0712
    9264       1.1036
    9265       0.9697
    9266       1.0343
    9267       1.1021
    9268       1.0693
    9269       1.0758
    9270       1.0498
    9271       1.0451
    9272       1.2846
    9273       1.2146
    9274       1.2167
    9275       1.1985
    9276       1.2329
    9277       1.2911
    9278       1.0625
    9279       0.9820
    9280       1.0279
    9281       0.9153
    9282       0.9269
    9283       1.0708
    9284       1.0579
    9285       1.2068
    9286       1.1525
    9287       1.1198
    9288       1.1533
    9289       1.1804
    9290       1.2186
    9291       1.1525
    9292       1.1180
    9293       1.0904
    9294       1.0729
    9295       1.0376
    9296       1.0720
    9297       1.0822
    9298       1.1518
    9299       1.1018
    9300       1.2589
    9301       1.1259
    9302       1.0796
    9303       1.1086
    9304       1.1240
    9305       1.0874
    9306       1.1621
    9307       1.2336
    9308       1.2680
    9309       1.1864
    9310       1.3163
    9311       1.2325
    9312       1.2073
    9313       1.0052
    9314       1.0352
    9315       0.9465
    9316       1.0237
    9317       0.9747
    9318       1.0540
    9319       1.0180
    9320       1.0334
    9321       1.1011
    9322       1.1080
    9323       1.0387
    9324       1.0617
    9325       1.0535
    9326       1.1415
    9327       1.1620
    9328       1.3749
    9329       1.2404
    9330       1.1226
    9331       1.1066
    9332       1.0716
    9333       1.0306
    9334       1.1385
    9335       1.1706
    9336       1.2301
    9337       1.1428
    9338       1.1434
    9339       1.1624
    9340       1.1720
    9341       1.0317
    9342       1.1109
    9343       1.2034
    9344       1.2730
    9345       1.3066
    9346       1.3745
    9347       1.3970
    9348       1.3026
    9349       1.1960
    9350       1.2691
    9351       1.1731
    9352       1.1828
    9353       1.1230
    9354       1.1415
    9355       1.1018
    9356       1.1326
    9357       1.2749
    9358       1.3058
    9359       1.2804
    9360       1.3961
    9361       1.4778
    9362       1.3663
    9363       1.2812
    9364       1.4909
    9365       1.3599
    9366       1.3200
    9367       1.3114
    9368       1.3448
    9369       1.1975
    9370       1.1916
    9371       1.1542
    9372       1.1632
    9373       1.1495
    9374       1.0872
    9375       1.0655
    9376       1.2027
    9377       1.1245
    9378       1.1082
    9379       1.1647
    9380       1.1791
    9381       1.1720
    9382       1.0706
    9383       1.0831
    9384       1.0707
    9385       1.1831
    9386       1.1269
    9387       1.1325
    9388       1.1012
    9389       1.1723
    9390       1.2248
    9391       1.2759
    9392       1.2791
    9393       1.1682
    9394       1.2025
    9395       1.2742
    9396       1.1225
    9397       1.2060
    9398       1.1533
    9399       1.2683
    9400       1.2280
    9401       1.1690
    9402       1.1386
    9403       1.1283
    9404       1.2455
    9405       1.2338
    9406       1.1742
    9407       1.2177
    9408       1.1682
    9409       1.1278
    9410       1.2379
    9411       1.3444
    9412       1.2619
    9413       1.0306
    9414       1.0219
    9415       1.0351
    9416       1.0669
    9417       1.1348
    9418       1.0743
    9419       1.1102
    9420       1.0922
    9421       1.0984
    9422       1.0988
    9423       1.0774
    9424       1.0950
    9425       1.0701
    9426       1.1971
    9427       1.1384
    9428       1.1233
    9429       1.0112
    9430       1.1017
    9431       1.0639
    9432       1.0617
    9433       1.0307
    9434       1.1391
    9435       1.0807
    9436       1.0736
    9437       1.2145
    9438       1.0791
    9439       1.1949
    9440       1.0764
    9441       1.2638
    9442       1.2702
    9443       1.1483
    9444       1.1673
    9445       1.1073
    9446       1.0915
    9447       1.1372
    9448       1.1141
    9449       0.9826
    9450       1.1643
    9451       1.1183
    9452       1.0637
    9453       1.0478
    9454       1.0208
    9455       1.0054
    9456       1.0615
    9457       1.0196
    9458       0.9901
    9459       1.0080
    9460       1.1066
    9461       1.1062
    9462       1.0925
    9463       1.0321
    9464       1.1509
    9465       1.1315
    9466       1.1220
    9467       0.9755
    9468       0.9184
    9469       1.0143
    9470       1.0935
    9471       1.1056
    9472       1.0693
    9473       1.1103
    9474       1.1154
    9475       1.1444
    9476       1.0300
    9477       1.0680
    9478       1.2091
    9479       1.1107
    9480       1.0774
    9481       1.0010
    9482       0.9668
    9483       1.1310
    9484       1.0893
    9485       1.1281
    9486       1.2120
    9487       1.0997
    9488       1.1996
    9489       1.1850
    9490       1.0427
    9491       0.9936
    9492       0.9738
    9493       1.0889
    9494       1.1032
    9495       1.1150
    9496       1.0686
    9497       1.1825
    9498       1.1110
    9499       1.1850
    9500       1.2670
    9501       1.2971
    9502       1.1591
    9503       1.2662
    9504       1.2227
    9505       1.1928
    9506       1.1601
    9507       1.1854
    9508       1.1549
    9509       1.0760
    9510       1.1494
    9511       1.1215
    9512       1.1404
    9513       1.1694
    9514       1.0386
    9515       1.1026
    9516       1.2065
    9517       1.2416
    9518       1.0805
    9519       1.1392
    9520       1.1628
    9521       1.2015
    9522       1.3382
    9523       1.1921
    9524       1.1942
    9525       1.0790
    9526       1.0845
    9527       1.1770
    9528       1.1109
    9529       1.2030
    9530       1.0989
    9531       1.0634
    9532       1.1035
    9533       0.9953
    9534       1.0187
    9535       1.0918
    9536       1.1775
    9537       1.3249
    9538       1.1964
    9539       1.1622
    9540       1.2200
    9541       1.1693
    9542       1.0938
    9543       1.0437
    9544       1.1032
    9545       0.9248
    9546       1.0412
    9547       1.0241
    9548       0.9668
    9549       1.0984
    9550       0.9976
    9551       1.0676
    9552       1.0231
    9553       1.0127
    9554       1.0651
    9555       1.3615
    9556       1.3449
    9557       1.2397
    9558       1.2324
    9559       1.2443
    9560       1.3468
    9561       1.2535
    9562       1.2474
    9563       1.2262
    9564       1.2413
    9565       1.3412
    9566       1.2855
    9567       1.3239
    9568       1.2567
    9569       1.3301
    9570       1.2433
    9571       1.2445
    9572       1.3651
    9573       1.3109
    9574       1.2768
    9575       1.2751
    9576       1.2073
    9577       1.1255
    9578       1.2079
    9579       1.1013
    9580       0.9916
    9581       1.1785
    9582       1.2039
    9583       1.2556
    9584       1.2610
    9585       1.1961
    9586       1.2376
    9587       1.1985
    9588       1.2107
    9589       1.2009
    9590       1.1767
    9591       1.1183
    9592       1.1279
    9593       1.0886
    9594       1.0546
    9595       1.0944
    9596       1.0706
    9597       1.0778
    9598       1.0555
    9599       1.0986
    9600       1.1165
    9601       1.1389
    9602       1.1178
    9603       1.1547
    9604       1.1225
    9605       1.1929
    9606       1.2302
    9607       1.1875
    9608       1.0951
    9609       1.2712
    9610       1.2120
    9611       1.1943
    9612       1.1538
    9613       1.0989
    9614       1.0782
    9615       1.2607
    9616       1.1998
    9617       1.1505
    9618       1.0939
    9619       1.0708
    9620       1.1727
    9621       1.2755
    9622       1.0833
    9623       1.1208
    9624       1.3405
    9625       1.2697
    9626       1.2135
    9627       1.1505
    9628       1.2693
    9629       1.2810
    9630       1.2234
    9631       1.2745
    9632       1.2640
    9633       1.2001
    9634       1.1220
    9635       1.3198
    9636       1.2995
    9637       1.1898
    9638       1.2191
    9639       1.1764
    9640       1.1710
    9641       1.2206
    9642       1.1870
    9643       1.1468
    9644       1.0962
    9645       1.1838
    9646       1.1853
    9647       1.2289
    9648       1.1460
    9649       1.0806
    9650       1.1616
    9651       1.1247
    9652       1.1342
    9653       1.1600
    9654       1.0430
    9655       1.1292
    9656       1.1202
    9657       1.1097
    9658       1.1637
    9659       1.1658
    9660       1.0578
    9661       1.1009
    9662       1.1419
    9663       1.2141
    9664       1.2585
    9665       1.1704
    9666       1.0380
    9667       1.1073
    9668       1.0575
    9669       1.0613
    9670       1.0714
    9671       1.0792
    9672       1.1003
    9673       1.0580
    9674       1.0977
    9675       0.9789
    9676       1.0398
    9677       1.0477
    9678       1.0633
    9679       1.0970
    9680       1.0863
    9681       1.0271
    9682       0.9987
    9683       1.0236
    9684       1.1634
    9685       1.2136
    9686       1.1073
    9687       1.1858
    9688       1.0555
    9689       1.1171
    9690       1.2661
    9691       1.1868
    9692       1.1150
    9693       1.1203
    9694       1.0222
    9695       1.0232
    9696       1.1435
    9697       1.0564
    9698       1.0454
    9699       1.1100
    9700       1.1844
    9701       1.1367
    9702       1.1186
    9703       1.2776
    9704       1.2416
    9705       1.2821
    9706       1.2327
    9707       1.1519
    9708       1.1626
    9709       1.1730
    9710       1.1605
    9711       1.2122
    9712       1.1192
    9713       1.0300
    9714       1.2322
    9715       1.1247
    9716       1.1404
    9717       1.1426
    9718       1.0961
    9719       1.1307
    9720       1.0855
    9721       1.0511
    9722       1.0602
    9723       0.9835
    9724       1.0863
    9725       1.0501
    9726       0.9865
    9727       0.9974
    9728       0.9454
    9729       0.9271
    9730       0.9481
    9731       1.0443
    9732       0.9595
    9733       0.9981
    9734       0.9596
    9735       1.0141
    9736       0.9682
    9737       0.9214
    9738       1.0663
    9739       1.1210
    9740       1.0137
    9741       1.1002
    9742       1.1959
    9743       1.1239
    9744       1.1054
    9745       1.1223
    9746       1.1258
    9747       1.2510
    9748       1.2573
    9749       1.2669
    9750       1.3729
    9751       1.2903
    9752       1.1928
    9753       1.1676
    9754       1.0893
    9755       1.1546
    9756       1.0778
    9757       1.1718
    9758       1.1239
    9759       1.2446
    9760       1.0982
    9761       1.1393
    9762       1.1831
    9763       1.1416
    9764       1.2005
    9765       1.1691
    9766       1.2212
    9767       1.1436
    9768       1.1766
    9769       1.2590
    9770       1.2002
    9771       1.1630
    9772       1.2204
    9773       1.2179
    9774       1.1436
    9775       1.1527
    9776       1.0975
    9777       1.0875
    9778       1.1655
    9779       1.0995
    9780       1.2263
    9781       1.2732
    9782       1.3277
    9783       1.2005
    9784       1.2019
    9785       1.3961
    9786       1.2376
    9787       1.3789
    9788       1.4950
    9789       1.3023
    9790       1.2586
    9791       1.3460
    9792       1.1692
    9793       1.0572
    9794       1.1069
    9795       1.0071
    9796       1.1109
    9797       1.1467
    9798       1.1555
    9799       1.0505
    9800       1.1539
    9801       1.2568
    9802       1.2172
    9803       1.1996
    9804       1.1498
    9805       1.1891
    9806       1.3440
    9807       1.1802
    9808       1.2722
    9809       1.1676
    9810       1.2590
    9811       1.0577
    9812       1.1714
    9813       1.1601
    9814       1.3420
    9815       1.1620
    9816       1.0072
    9817       1.0783
    9818       1.1121
    9819       1.0618
    9820       1.2433
    9821       1.0197
    9822       1.0655
    9823       1.0730
    9824       1.0705
    9825       1.0152
    9826       1.0446
    9827       1.0847
    9828       1.0171
    9829       1.0392
    9830       1.0940
    9831       1.1236
    9832       1.0894
    9833       1.0267
    9834       0.9551
    9835       1.0716
    9836       1.1585
    9837       1.0053
    9838       0.9678
    9839       1.0400
    9840       1.0193
    9841       1.0388
    9842       1.1481
    9843       0.9848
    9844       1.0923
    9845       1.0129
    9846       1.0870
    9847       1.0223
    9848       1.1191
    9849       0.9793
    9850       1.0655
    9851       0.9603
    9852       1.0201
    9853       1.0755
    9854       0.9851
    9855       1.0066
    9856       0.9053
    9857       0.9736
    9858       0.9477
    9859       0.8996
    9860       1.0511
    9861       1.0216
    9862       1.0219
    9863       1.0780
    9864       1.1651
    9865       1.2253
    9866       1.1926
    9867       1.1411
    9868       1.1789
    9869       1.2034
    9870       1.1477
    9871       1.0819
    9872       1.0331
    9873       1.0479
    9874       1.0562
    9875       1.0874
    9876       1.0907
    9877       1.0633
    9878       1.0551
    9879       1.1072
    9880       1.2018
    9881       1.1002
    9882       1.0826
    9883       1.1763
    9884       1.1925
    9885       1.2222
    9886       1.2182
    9887       1.2243
    9888       1.2155
    9889       1.2827
    9890       1.3380
    9891       1.2887
    9892       1.3794
    9893       1.3097
    9894       1.3196
    9895       1.3250
    9896       1.3703
    9897       1.3010
    9898       1.3542
    9899       1.5487
    9900       1.4466
    9901       1.5348
    9902       1.5475
    9903       1.5766
    9904       1.5404
    9905       1.4670
    9906       1.5683
    9907       1.4592
    9908       1.5785
    9909       1.3881
    9910       1.3522
    9911       1.3441
    9912       1.3271
    9913       1.4110
    9914       1.4797
    9915       1.4840
    9916       1.3743
    9917       1.5078
    9918       1.5807
    9919       1.4935
    9920       1.5156
    9921       1.4648
    9922       1.4919
    9923       1.5159
    9924       1.3952
    9925       1.4551
    9926       1.4548
    9927       1.4364
    9928       1.4666
    9929       1.4818
    9930       1.4627
    9931       1.3211
    9932       1.5296
    9933       1.4057
    9934       1.5117
    9935       1.4930
    9936       1.3926
    9937       1.5181
    9938       1.4517
    9939       1.4905
    9940       1.5340
    9941       1.4679
    9942       1.4477
    9943       1.4227
    9944       1.4836
    9945       1.4220
    9946       1.6024
    9947       1.4702
    9948       1.5903
    9949       1.5026
    9950       1.5217
    9951       1.3396
    9952       1.3635
    9953       1.3258
    9954       1.3929
    9955       1.3853
    9956       1.2598
    9957       1.3394
    9958       1.3650
    9959       1.1751
    9960       1.1701
    9961       1.1685
    9962       1.0949
    9963       1.1501
    9964       1.2132
    9965       1.2706
    9966       1.1422
    9967       1.2644
    9968       1.1409
    9969       1.2056
    9970       1.1289
    9971       1.1478
    9972       1.2062
    9973       1.2461
    9974       1.2630
    9975       1.1380
    9976       1.1452
    9977       1.0697
    9978       1.1058
    9979       1.1262
    9980       1.1490
    9981       1.2105
    9982       1.2617
    9983       1.1971
    9984       1.1265
    9985       1.1054
    9986       1.1756
    9987       1.0943
    9988       1.1717
    9989       1.1697
    9990       1.1571
    9991       1.1087
    9992       1.1609
    9993       1.1661
    9994       1.2094
    9995       1.2719
    9996       1.1812
    9997       1.2707
    9998       1.2460
    9999       1.2020
   10000       1.2995
   10001       1.1933
   10002       1.2356
   10003       1.2253
   10004       1.2202
   10005       1.2475
   10006       1.2554
   10007       1.2735
   10008       1.2974
   10009       1.2566
   10010       1.1605
   10011       1.1241
   10012       1.1926
   10013       1.1883
   10014       1.1150
   10015       1.1445
   10016       1.1536
   10017       1.2777
   10018       1.3317
   10019       1.2320
   10020       1.2871
   10021       1.1449
   10022       1.1296
   10023       1.2207
   10024       1.1275
   10025       1.1064
   10026       1.2383
   10027       1.2443
   10028       1.1839
   10029       1.2187
   10030       1.2162
   10031       1.1952
   10032       1.2642
   10033       1.2495
   10034       1.2865
   10035       1.2107
   10036       1.3160
   10037       1.2309
   10038       1.3063
   10039       1.2304
   10040       1.2394
   10041       1.2368
   10042       1.2076
   10043       1.3884
   10044       1.3573
   10045       1.3039
   10046       1.3029
   10047       1.3533
   10048       1.4112
   10049       1.2676
   10050       1.2524
   10051       1.2971
   10052       1.2245
   10053       1.2796
   10054       1.2686
   10055       1.3086
   10056       1.1812
   10057       1.1816
   10058       1.2469
   10059       1.2927
   10060       1.2647
   10061       1.2924
   10062       1.2831
   10063       1.3305
   10064       1.3127
   10065       1.3401
   10066       1.3111
   10067       1.3577
   10068       1.4401
   10069       1.3228
   10070       1.3685
   10071       1.2294
   10072       1.3586
   10073       1.3652
   10074       1.3377
   10075       1.3220
   10076       1.3592
   10077       1.3154
   10078       1.1656
   10079       1.3100
   10080       1.1344
   10081       1.1306
   10082       1.0858
   10083       1.1332
   10084       1.0909
   10085       1.1138
   10086       1.1072
   10087       1.1721
   10088       1.3055
   10089       1.2350
   10090       1.2306
   10091       1.0958
   10092       1.1929
   10093       1.0874
   10094       1.0613
   10095       1.0486
   10096       1.0925
   10097       1.1032
   10098       1.0205
   10099       1.0382
   10100       1.1043
   10101       1.1451
   10102       1.0987
   10103       1.0849
   10104       0.9866
   10105       1.0147
   10106       1.0207
   10107       0.9602
   10108       1.0532
   10109       0.9991
   10110       0.9618
   10111       0.9948
   10112       0.9531
   10113       1.0776
   10114       1.0360
   10115       1.0760
   10116       0.9956
   10117       1.0823
   10118       1.1232
   10119       1.0910
   10120       1.2160
   10121       1.2041
   10122       1.1256
   10123       1.2427
   10124       1.1339
   10125       1.1032
   10126       1.1455
   10127       1.0763
   10128       1.0826
   10129       1.0539
   10130       1.0645
   10131       1.0546
   10132       1.1091
   10133       1.1629
   10134       1.1674
   10135       1.1377
   10136       1.1801
   10137       1.0385
   10138       1.1315
   10139       1.1585
   10140       1.1253
   10141       0.9806
   10142       1.0357
   10143       1.0185
   10144       1.0656
   10145       1.0047
   10146       1.1919
   10147       1.1253
   10148       1.0240
   10149       1.0579
   10150       1.1162
   10151       1.0704
   10152       1.1099
   10153       1.0799
   10154       1.1191
   10155       1.2562
   10156       1.3204
   10157       1.0911
   10158       1.0499
   10159       1.0859
   10160       1.0638
   10161       1.0420
   10162       1.0810
   10163       1.0885
   10164       1.0678
   10165       1.1635
   10166       1.1804
   10167       1.2138
   10168       1.0929
   10169       1.0723
   10170       1.1122
   10171       1.0817
   10172       1.1328
   10173       1.1720
   10174       1.1130
   10175       1.0811
   10176       1.1221
   10177       1.0506
   10178       1.1347
   10179       1.1015
   10180       1.0846
   10181       1.1074
   10182       1.0365
   10183       1.1050
   10184       1.0126
   10185       1.1246
   10186       1.0550
   10187       1.0632
   10188       1.0331
   10189       1.0619
   10190       1.0097
   10191       1.0405
   10192       1.0180
   10193       1.0263
   10194       0.9832
   10195       1.0513
   10196       1.0776
   10197       1.0991
   10198       1.1046
   10199       1.0125
   10200       0.9840
   10201       1.0608
   10202       1.0986
   10203       1.1149
   10204       1.1746
   10205       1.1509
   10206       1.0453
   10207       1.1741
   10208       0.9992
   10209       1.1390
   10210       1.0453
   10211       1.1230
   10212       1.1437
   10213       1.0848
   10214       1.0710
   10215       1.0675
   10216       1.0648
   10217       1.0365
   10218       1.0317
   10219       0.9563
   10220       0.9871
   10221       1.0036
   10222       1.1253
   10223       1.1335
   10224       1.1003
   10225       1.0995
   10226       1.1167
   10227       1.1868
   10228       1.1736
   10229       1.0571
   10230       1.0323
   10231       1.1360
   10232       1.1111
   10233       1.1426
   10234       1.1343
   10235       1.1085
   10236       1.0608
   10237       1.0130
   10238       1.0902
   10239       1.1395
   10240       1.1094
   10241       1.1036
   10242       1.1423
   10243       1.1043
   10244       1.2131
   10245       1.2124
   10246       1.1442
   10247       1.1580
   10248       1.1517
   10249       1.1194
   10250       1.0161
   10251       1.1152
   10252       1.1188
   10253       1.1275
   10254       1.1211
   10255       1.2225
   10256       1.1087
   10257       1.0333
   10258       1.0981
   10259       1.1227
   10260       1.0746
   10261       1.0256
   10262       0.9067
   10263       0.9306
   10264       0.9955
   10265       1.0433
   10266       1.1550
   10267       1.0701
   10268       0.9924
   10269       1.1108
   10270       1.0506
   10271       1.2672
   10272       1.1808
   10273       1.1476
   10274       1.1108
   10275       1.0975
   10276       1.0990
   10277       1.1926
   10278       1.1803
   10279       1.1752
   10280       1.3351
   10281       1.2527
   10282       1.2572
   10283       1.3734
   10284       1.3279
   10285       1.3469
   10286       1.2378
   10287       1.1949
   10288       1.2231
   10289       1.3089
   10290       1.3316
   10291       1.4779
   10292       1.2894
   10293       1.3920
   10294       1.2736
   10295       1.1622
   10296       1.1943
   10297       1.1855
   10298       1.1971
   10299       1.2955
   10300       1.2099
   10301       1.1475
   10302       1.1657
   10303       1.1957
   10304       1.2470
   10305       1.2241
   10306       1.2019
   10307       1.0880
   10308       1.1780
   10309       1.0625
   10310       1.2855
   10311       1.3563
   10312       1.2256
   10313       1.2628
   10314       1.2785
   10315       1.1560
   10316       1.1440
   10317       1.1348
   10318       1.1877
   10319       1.2077
   10320       1.2597
   10321       1.0943
   10322       1.1473
   10323       1.2429
   10324       1.2562
   10325       1.3308
   10326       1.2266
   10327       1.2935
   10328       1.2843
   10329       1.1653
   10330       1.2079
   10331       1.1445
   10332       1.0623
   10333       1.1912
   10334       1.1399
   10335       1.1537
   10336       1.2293
   10337       1.3167
   10338       1.2209
   10339       1.2215
   10340       1.2787
   10341       1.2628
   10342       1.2646
   10343       1.2056
   10344       1.1752
   10345       1.1038
   10346       1.2798
   10347       1.1606
   10348       1.2312
   10349       1.2251
   10350       1.2092
   10351       1.1684
   10352       1.2319
   10353       1.2274
   10354       1.1468
   10355       1.2049
   10356       1.1535
   10357       1.1365
   10358       1.1818
   10359       1.0801
   10360       1.1492
   10361       1.1611
   10362       1.1415
   10363       1.0906
   10364       1.1558
   10365       1.2081
   10366       1.0872
   10367       1.0688
   10368       1.0573
   10369       1.1569
   10370       1.1775
   10371       1.1151
   10372       1.1257
   10373       1.0451
   10374       1.0689
   10375       1.1219
   10376       1.1243
   10377       1.0830
   10378       1.0943
   10379       1.0980
   10380       1.0690
   10381       1.0309
   10382       1.1017
   10383       1.0612
   10384       1.1377
   10385       1.1529
   10386       1.1330
   10387       1.2036
   10388       1.1332
   10389       1.2550
   10390       1.3577
   10391       1.2380
   10392       1.0344
   10393       1.1557
   10394       1.0266
   10395       0.9980
   10396       1.1331
   10397       1.0723
   10398       1.1342
   10399       1.1425
   10400       1.1836
   10401       1.1148
   10402       1.0721
   10403       1.0847
   10404       1.1430
   10405       1.1257
   10406       1.0477
   10407       1.0649
   10408       1.1132
   10409       1.0568
   10410       1.1461
   10411       1.0951
   10412       1.1031
   10413       1.1428
   10414       1.2176
   10415       1.1343
   10416       1.2784
   10417       1.3364
   10418       1.1394
   10419       1.1939
   10420       1.2717
   10421       1.2030
   10422       1.1208
   10423       1.0650
   10424       1.0746
   10425       1.1356
   10426       1.1280
   10427       1.0778
   10428       1.1771
   10429       1.1360
   10430       1.0596
   10431       1.0772
   10432       1.1546
   10433       1.1774
   10434       1.1396
   10435       1.1637
   10436       1.0887
   10437       1.1206
   10438       1.2450
   10439       1.1137
   10440       1.1527
   10441       1.1043
   10442       1.1003
   10443       1.1608
   10444       1.0587
   10445       1.0986
   10446       1.1135
   10447       1.0530
   10448       1.2021
   10449       1.1554
   10450       1.1441
   10451       1.1598
   10452       1.2305
   10453       1.1366
   10454       1.1050
   10455       1.1076
   10456       1.0546
   10457       0.9909
   10458       1.0289
   10459       1.0527
   10460       0.9993
   10461       0.9746
   10462       1.0435
   10463       1.1168
   10464       1.1757
   10465       1.0632
   10466       1.1886
   10467       1.1857
   10468       1.1162
   10469       1.1716
   10470       1.1536
   10471       1.1970
   10472       1.1896
   10473       1.1371
   10474       1.1662
   10475       1.0435
   10476       1.1635
   10477       1.1829
   10478       1.1120
   10479       1.0543
   10480       1.1413
   10481       1.0841
   10482       1.0326
   10483       1.0562
   10484       1.0188
   10485       1.0511
   10486       1.0116
   10487       1.0728
   10488       1.0729
   10489       1.0272
   10490       1.0790
   10491       1.0438
   10492       1.0387
   10493       1.0150
   10494       1.0501
   10495       1.0314
   10496       1.0185
   10497       1.0397
   10498       0.9969
   10499       1.0237
   10500       1.0709
   10501       1.0818
   10502       0.9727
   10503       1.0157
   10504       1.0387
   10505       1.0939
   10506       1.2002
   10507       1.2285
   10508       1.0570
   10509       1.0356
   10510       1.0515
   10511       1.0881
   10512       1.1648
   10513       1.1019
   10514       1.0514
   10515       1.0945
   10516       0.9326
   10517       0.9773
   10518       0.9740
   10519       1.0298
   10520       0.9423
   10521       1.1207
   10522       1.0055
   10523       1.0565
   10524       1.0218
   10525       1.1717
   10526       1.3246
   10527       1.1381
   10528       1.2461
   10529       1.2649
   10530       1.1967
   10531       1.1877
   10532       1.1200
   10533       1.2539
   10534       1.1408
   10535       1.2152
   10536       1.2385
   10537       1.2523
   10538       1.2797
   10539       1.2286
   10540       1.1173
   10541       1.1996
   10542       1.2073
   10543       1.1554
   10544       1.1390
   10545       1.1258
   10546       1.0693
   10547       1.0601
   10548       1.2201
   10549       1.1648
   10550       1.2374
   10551       1.1575
   10552       1.1242
   10553       1.0213
   10554       1.2005
   10555       1.1894
   10556       1.0837
   10557       1.0570
   10558       1.1010
   10559       1.1248
   10560       1.2092
   10561       1.1902
   10562       1.1884
   10563       1.3566
   10564       1.2331
   10565       1.2741
   10566       1.1805
   10567       1.1218
   10568       1.0042
   10569       0.9960
   10570       0.9972
   10571       1.1159
   10572       1.0247
   10573       0.9272
   10574       0.9990
   10575       1.1232
   10576       1.0698
   10577       1.0794
   10578       1.0329
   10579       0.9915
   10580       1.1003
   10581       1.2299
   10582       1.0967
   10583       1.2423
   10584       1.1293
   10585       1.1936
   10586       1.2196
   10587       1.1725
   10588       1.1462
   10589       1.2218
   10590       1.1586
   10591       1.0685
   10592       1.0950
   10593       1.0414
   10594       1.0605
   10595       1.1092
   10596       1.1713
   10597       1.1535
   10598       1.0645
   10599       1.0581
   10600       0.9964
   10601       1.1102
   10602       1.1202
   10603       1.0186
   10604       1.0598
   10605       1.1040
   10606       1.0924
   10607       1.1221
   10608       1.0708
   10609       1.0516
   10610       1.0923
   10611       1.0605
   10612       1.2046
   10613       1.1140
   10614       1.1190
   10615       0.9742
   10616       1.1593
   10617       1.1746
   10618       1.1608
   10619       1.2507
   10620       1.1429
   10621       1.1330
   10622       1.1821
   10623       1.2421
   10624       1.1857
   10625       1.1387
   10626       1.0640
   10627       1.0689
   10628       1.1647
   10629       1.0326
   10630       1.1455
   10631       1.0752
   10632       1.0576
   10633       1.0533
   10634       1.0570
   10635       1.1063
   10636       1.0996
   10637       1.1292
   10638       1.2140
   10639       1.2249
   10640       1.1179
   10641       1.1519
   10642       1.2377
   10643       1.1094
   10644       1.2441
   10645       1.4722
   10646       1.2484
   10647       1.3014
   10648       1.2872
   10649       1.2540
   10650       1.2011
   10651       1.2362
   10652       1.2397
   10653       1.0225
   10654       1.0599
   10655       1.0950
   10656       1.1904
   10657       1.0843
   10658       1.1272
   10659       1.2115
   10660       1.3763
   10661       1.3413
   10662       1.1658
   10663       1.2488
   10664       1.2741
   10665       1.1359
   10666       1.1736
   10667       1.3519
   10668       1.2353
   10669       1.2215
   10670       1.3423
   10671       1.0776
   10672       1.1697
   10673       1.0830
   10674       1.1615
   10675       1.1486
   10676       1.1682
   10677       1.2086
   10678       1.1457
   10679       1.2482
   10680       1.1883
   10681       1.1991
   10682       1.1047
   10683       1.1213
   10684       0.9779
   10685       1.0729
   10686       1.0471
   10687       1.0791
   10688       1.1557
   10689       1.1958
   10690       1.1675
   10691       1.0969
   10692       1.1279
   10693       1.1298
   10694       1.0891
   10695       1.1898
   10696       1.1264
   10697       1.0904
   10698       1.1753
   10699       1.2304
   10700       1.0923
   10701       1.2369
   10702       1.1731
   10703       1.2036
   10704       1.1939
   10705       1.2186
   10706       1.2380
   10707       1.2681
   10708       1.1716
   10709       1.1809
   10710       1.1115
   10711       1.1754
   10712       1.1727
   10713       1.1502
   10714       1.1102
   10715       1.0955
   10716       1.1657
   10717       1.1077
   10718       1.1597
   10719       1.0630
   10720       1.0983
   10721       1.1232
   10722       1.1404
   10723       1.1075
   10724       1.0273
   10725       1.1365
   10726       1.0852
   10727       1.1785
   10728       1.1520
   10729       1.1832
   10730       1.1561
   10731       1.2349
   10732       1.1620
   10733       1.2448
   10734       1.1861
   10735       1.2060
   10736       1.1721
   10737       1.1692
   10738       1.1232
   10739       1.1080
   10740       1.1399
   10741       1.2432
   10742       1.1674
   10743       1.2100
   10744       1.1648
   10745       1.2105
   10746       1.1304
   10747       1.2532
   10748       1.2021
   10749       1.1390
   10750       1.1819
   10751       1.1904
   10752       1.1334
   10753       1.1416
   10754       1.2164
   10755       1.1962
   10756       1.2823
   10757       1.2059
   10758       1.2072
   10759       1.1679
   10760       1.1188
   10761       1.1488
   10762       1.2530
   10763       1.2310
   10764       1.2140
   10765       1.1300
   10766       1.1594
   10767       1.1240
   10768       1.2675
   10769       1.1992
   10770       1.1764
   10771       1.1154
   10772       1.0270
   10773       1.0839
   10774       1.0942
   10775       1.0854
   10776       1.1523
   10777       1.1439
   10778       1.2664
   10779       1.1963
   10780       1.2085
   10781       1.2912
   10782       1.1814
   10783       1.2164
   10784       1.2550
   10785       1.1506
   10786       1.2665
   10787       1.1621
   10788       1.1027
   10789       1.2180
   10790       1.2350
   10791       1.0541
   10792       1.1810
   10793       1.2353
   10794       1.2550
   10795       1.2587
   10796       1.2101
   10797       1.2689
   10798       1.2414
   10799       1.2929
   10800       1.2038
   10801       1.1983
   10802       1.2189
   10803       1.2001
   10804       1.1515
   10805       1.2290
   10806       1.1850
   10807       1.2248
   10808       1.2339
   10809       1.1116
   10810       1.1826
   10811       1.3262
   10812       1.2396
   10813       1.3954
   10814       1.4096
   10815       1.2672
   10816       1.3229
   10817       1.3446
   10818       1.3787
   10819       1.3729
   10820       1.3283
   10821       1.2133
   10822       1.2601
   10823       1.1773
   10824       1.2225
   10825       1.1367
   10826       1.1988
   10827       1.1288
   10828       1.1036
   10829       1.2127
   10830       1.1977
   10831       1.1494
   10832       1.0794
   10833       1.0642
   10834       1.1211
   10835       1.1019
   10836       1.1567
   10837       1.1204
   10838       1.1810
   10839       1.2372
   10840       1.2162
   10841       1.2697
   10842       1.2108
   10843       1.1727
   10844       1.1761
   10845       1.1416
   10846       1.1526
   10847       1.0993
   10848       1.1220
   10849       1.1615
   10850       1.1985
   10851       1.1732
   10852       1.2301
   10853       1.1640
   10854       1.3013
   10855       1.3044
   10856       1.2316
   10857       1.2198
   10858       1.2183
   10859       1.1618
   10860       1.1860
   10861       1.2600
   10862       1.3501
   10863       1.3664
   10864       1.3742
   10865       1.2675
   10866       1.2941
   10867       1.2949
   10868       1.2520
   10869       1.3203
   10870       1.2622
   10871       1.2675
   10872       1.2955
   10873       1.1904
   10874       1.3046
   10875       1.3336
   10876       1.2834
   10877       1.3504
   10878       1.2910
   10879       1.3998
   10880       1.3731
   10881       1.4353
   10882       1.4215
   10883       1.2838
   10884       1.3463
   10885       1.2646
   10886       1.2646
   10887       1.3599
   10888       1.3622
   10889       1.4530
   10890       1.3419
   10891       1.4532
   10892       1.4490
   10893       1.3872
   10894       1.1783
   10895       1.3038
   10896       1.2972
   10897       1.3511
   10898       1.3247
   10899       1.4060
   10900       1.2748
   10901       1.4021
   10902       1.3540
   10903       1.3837
   10904       1.3497
   10905       1.2951
   10906       1.2575
   10907       1.1971
   10908       1.2310
   10909       1.2342
   10910       1.2618
   10911       1.2981
   10912       1.2488
   10913       1.2910
   10914       1.2016
   10915       1.1736
   10916       1.1969
   10917       1.2043
   10918       1.3140
   10919       1.3132
   10920       1.1999
   10921       1.2642
   10922       1.2312
   10923       1.2727
   10924       1.2718
   10925       1.1689
   10926       1.2523
   10927       1.2277
   10928       1.1820
   10929       1.1198
   10930       1.1250
   10931       1.1421
   10932       1.1592
   10933       1.0949
   10934       1.0916
   10935       1.1061
   10936       1.0466
   10937       1.0755
   10938       1.1501
   10939       1.1073
   10940       1.1642
   10941       1.2586
   10942       1.1507
   10943       1.1152
   10944       1.0717
   10945       1.1093
   10946       1.1845
   10947       1.2239
   10948       1.2282
   10949       1.2455
   10950       1.0602
   10951       1.1395
   10952       1.0566
   10953       1.0601
   10954       1.0387
   10955       1.0818
   10956       1.1105
   10957       1.0775
   10958       1.1293
   10959       1.2389
   10960       1.1920
   10961       1.1994
   10962       1.2278
   10963       1.1534
   10964       1.1143
   10965       1.0695
   10966       1.0951
   10967       1.1143
   10968       1.1181
   10969       1.1428
   10970       1.0838
   10971       1.1880
   10972       1.0957
   10973       1.1122
   10974       1.1151
   10975       1.1342
   10976       1.1811
   10977       1.1798
   10978       1.0499
   10979       1.0924
   10980       1.1617
   10981       1.2034
   10982       1.2510
   10983       1.1446
   10984       1.1167
   10985       1.0294
   10986       1.1008
   10987       1.1022
   10988       1.0533
   10989       1.0467
   10990       1.0099
   10991       1.0886
   10992       1.0429
   10993       1.1330
   10994       1.0599
   10995       1.1003
   10996       1.1022
   10997       1.1454
   10998       1.1158
   10999       1.1089
   11000       1.1099
   11001       1.0559
   11002       1.0760
   11003       1.0465
   11004       1.0959
   11005       1.0957
   11006       1.1014
   11007       1.0691
   11008       1.1191
   11009       1.1216
   11010       1.0963
   11011       1.1311
   11012       1.1014
   11013       1.1108
   11014       1.1409
   11015       1.1647
   11016       1.1310
   11017       1.1303
   11018       1.0786
   11019       1.0862
   11020       1.0575
   11021       1.1261
   11022       1.1297
   11023       1.0838
   11024       1.0667
   11025       1.1035
   11026       1.0664
   11027       1.1520
   11028       1.1482
   11029       1.1261
   11030       1.2398
   11031       1.2161
   11032       1.1005
   11033       1.1954
   11034       1.1432
   11035       1.1076
   11036       1.1087
   11037       1.1872
   11038       1.1030
   11039       1.1302
   11040       1.1585
   11041       1.0762
   11042       1.1535
   11043       1.1504
   11044       1.1124
   11045       1.1701
   11046       1.0880
   11047       1.0706
   11048       1.1555
   11049       1.2309
   11050       1.0644
   11051       1.1646
   11052       1.1605
   11053       1.1681
   11054       1.1232
   11055       1.2207
   11056       1.1225
   11057       1.1011
   11058       1.1113
   11059       1.0878
   11060       1.0367
   11061       1.1195
   11062       1.0603
   11063       1.0530
   11064       1.2964
   11065       1.2768
   11066       1.1035
   11067       1.2979
   11068       1.1445
   11069       1.1400
   11070       1.0939
   11071       1.0734
   11072       1.1558
   11073       1.1200
   11074       1.1118
   11075       1.1859
   11076       1.0920
   11077       1.0926
   11078       1.0737
   11079       1.1066
   11080       1.1200
   11081       1.1982
   11082       1.1431
   11083       1.1267
   11084       1.2217
   11085       1.1177
   11086       1.1894
   11087       1.1307
   11088       1.2073
   11089       1.1576
   11090       1.1620
   11091       1.0927
   11092       0.9947
   11093       1.0166
   11094       1.1203
   11095       1.2018
   11096       1.1641
   11097       1.0981
   11098       1.1307
   11099       1.0972
   11100       1.1632
   11101       1.1284
   11102       1.1485
   11103       1.2303
   11104       1.1326
   11105       1.1152
   11106       1.0971
   11107       1.0959
   11108       1.1114
   11109       1.1668
   11110       1.1900
   11111       1.2629
   11112       1.2976
   11113       1.1868
   11114       1.3010
   11115       1.1879
   11116       1.2043
   11117       1.2937
   11118       1.1540
   11119       1.2821
   11120       1.2267
   11121       1.2786
   11122       1.3041
   11123       1.1856
   11124       1.0622
   11125       1.1491
   11126       1.2408
   11127       1.1462
   11128       1.2600
   11129       1.1368
   11130       1.2853
   11131       1.1723
   11132       1.1723
   11133       1.1860
   11134       1.2547
   11135       1.2724
   11136       1.3038
   11137       1.2173
   11138       1.1801
   11139       1.1819
   11140       1.1752
   11141       1.2278
   11142       1.1976
   11143       1.2523
   11144       1.2403
   11145       1.2347
   11146       1.2557
   11147       1.2376
   11148       1.1728
   11149       1.3110
   11150       1.1387
   11151       1.1709
   11152       1.1743
   11153       1.0605
   11154       1.1176
   11155       1.2123
   11156       1.2409
   11157       1.2243
   11158       1.0571
   11159       1.0995
   11160       1.0926
   11161       1.1329
   11162       1.1360
   11163       1.1667
   11164       1.2527
   11165       1.2460
   11166       1.2331
   11167       1.3478
   11168       1.2213
   11169       1.2024
   11170       1.2104
   11171       1.1068
   11172       1.2241
   11173       1.2667
   11174       1.3714
   11175       1.2660
   11176       1.2380
   11177       1.1888
   11178       1.1660
   11179       1.1615
   11180       1.1597
   11181       1.2017
   11182       1.2092
   11183       1.1002
   11184       1.1883
   11185       1.2791
   11186       1.2287
   11187       1.1740
   11188       1.2430
   11189       1.2350
   11190       1.2484
   11191       1.2698
   11192       1.1562
   11193       1.2306
   11194       1.2040
   11195       1.3141
   11196       1.2782
   11197       1.4249
   11198       1.2521
   11199       1.2454
   11200       1.1613
   11201       1.1278
   11202       1.0998
   11203       1.1554
   11204       1.1928
   11205       1.2004
   11206       1.2153
   11207       1.2708
   11208       1.2797
   11209       1.3209
   11210       1.1350
   11211       1.1210
   11212       1.2512
   11213       1.0938
   11214       1.0305
   11215       1.0730
   11216       1.0758
   11217       1.1059
   11218       1.1398
   11219       1.1865
   11220       1.1688
   11221       1.1564
   11222       1.3212
   11223       1.2890
   11224       1.2921
   11225       1.2046
   11226       1.1702
   11227       1.1490
   11228       1.2620
   11229       1.2262
   11230       1.1902
   11231       1.2132
   11232       1.2336
   11233       1.2223
   11234       1.1396
   11235       1.1409
   11236       1.1195
   11237       1.2133
   11238       1.1811
   11239       1.2603
   11240       1.2814
   11241       1.3495
   11242       1.1857
   11243       1.2439
   11244       1.2987
   11245       1.2648
   11246       1.1791
   11247       1.1442
   11248       1.0373
   11249       1.1626
   11250       1.1222
   11251       1.1881
   11252       1.1985
   11253       1.2151
   11254       1.3260
   11255       1.1898
   11256       1.1491
   11257       1.1778
   11258       1.2399
   11259       1.1668
   11260       1.1931
   11261       1.2024
   11262       1.1056
   11263       1.0977
   11264       1.1868
   11265       1.1094
   11266       1.1289
   11267       1.1621
   11268       1.2295
   11269       1.1880
   11270       1.1375
   11271       1.0361
   11272       1.1478
   11273       1.2217
   11274       1.2850
   11275       1.3108
   11276       1.1132
   11277       1.0500
   11278       1.1566
   11279       1.1222
   11280       1.2302
   11281       1.1253
   11282       1.0979
   11283       1.1487
   11284       1.2122
   11285       1.3418
   11286       1.1637
   11287       1.1427
   11288       1.1375
   11289       1.1720
   11290       1.1485
   11291       1.1744
   11292       1.1924
   11293       1.2656
   11294       1.1544
   11295       1.2690
   11296       1.1612
   11297       1.1991
   11298       1.2049
   11299       1.1941
   11300       1.1637
   11301       1.3101
   11302       1.2238
   11303       1.1518
   11304       1.2197
   11305       1.1576
   11306       1.1699
   11307       1.2591
   11308       1.1108
   11309       1.0383
   11310       1.1874
   11311       1.1644
   11312       1.2010
   11313       1.2043
   11314       1.3148
   11315       1.2449
   11316       1.1446
   11317       1.1698
   11318       1.1213
   11319       1.1312
   11320       1.1950
   11321       1.3100
   11322       1.4604
   11323       1.2575
   11324       1.2692
   11325       1.3198
   11326       1.3060
   11327       1.2208
   11328       1.2366
   11329       1.1284
   11330       1.1560
   11331       1.1360
   11332       1.1086
   11333       1.1055
   11334       1.1287
   11335       1.1257
   11336       1.1325
   11337       1.1276
   11338       1.1202
   11339       1.1378
   11340       1.2207
   11341       1.1880
   11342       1.1628
   11343       1.2291
   11344       1.1720
   11345       1.2049
   11346       1.2611
   11347       1.2026
   11348       1.2834
   11349       1.2729
   11350       1.2636
   11351       1.2622
   11352       1.2186
   11353       1.1315
   11354       1.2350
   11355       1.2401
   11356       1.2654
   11357       1.3628
   11358       1.2562
   11359       1.2442
   11360       1.2984
   11361       1.1933
   11362       1.2030
   11363       1.2008
   11364       1.1226
   11365       1.0844
   11366       1.1494
   11367       1.1778
   11368       1.1205
   11369       1.2226
   11370       1.1545
   11371       1.1106
   11372       1.0832
   11373       1.1015
   11374       1.0578
   11375       1.1177
   11376       1.1736
   11377       1.2416
   11378       1.2998
   11379       1.2707
   11380       1.2305
   11381       1.1576
   11382       1.2349
   11383       1.2048
   11384       1.2463
   11385       1.2301
   11386       1.2345
   11387       1.1758
   11388       1.1969
   11389       1.1735
   11390       1.1899
   11391       1.0872
   11392       1.2697
   11393       1.2658
   11394       1.3696
   11395       1.4398
   11396       1.3014
   11397       1.3508
   11398       1.3789
   11399       1.3857
   11400       1.3298
   11401       1.1908
   11402       1.3247
   11403       1.3652
   11404       1.3192
   11405       1.2267
   11406       1.2975
   11407       1.3191
   11408       1.3654
   11409       1.2685
   11410       1.3661
   11411       1.3691
   11412       1.2402
   11413       1.2307
   11414       1.2241
   11415       1.4332
   11416       1.3973
   11417       1.3920
   11418       1.4238
   11419       1.3657
   11420       1.3923
   11421       1.5399
   11422       1.5032
   11423       1.5088
   11424       1.3743
   11425       1.3441
   11426       1.3708
   11427       1.3372
   11428       1.2594
   11429       1.1782
   11430       1.3030
   11431       1.2799
   11432       1.1959
   11433       1.2813
   11434       1.1928
   11435       1.1736
   11436       1.2815
   11437       1.2317
   11438       1.1883
   11439       1.1331
   11440       1.1687
   11441       1.1634
   11442       1.1911
   11443       1.2024
   11444       1.2059
   11445       1.2114
   11446       1.2081
   11447       1.3281
   11448       1.1949
   11449       1.2294
   11450       1.1719
   11451       1.2399
   11452       1.1905
   11453       1.2781
   11454       1.3094
   11455       1.2833
   11456       1.2323
   11457       1.2787
   11458       1.2668
   11459       1.2724
   11460       1.2824
   11461       1.2578
   11462       1.3306
   11463       1.3607
   11464       1.3983
   11465       1.2786
   11466       1.3413
   11467       1.2067
   11468       1.2117
   11469       1.2112
   11470       1.2603
   11471       1.1948
   11472       1.3119
   11473       1.2484
   11474       1.2557
   11475       1.3055
   11476       1.3020
   11477       1.1790
   11478       1.2858
   11479       1.2530
   11480       1.3424
   11481       1.3019
   11482       1.2053
   11483       1.1555
   11484       1.1850
   11485       1.2912
   11486       1.1459
   11487       1.0924
   11488       1.2179
   11489       1.0972
   11490       1.2000
   11491       1.2179
   11492       1.1710
   11493       1.2464
   11494       1.1414
   11495       1.0776
   11496       1.1708
   11497       1.0788
   11498       1.1931
   11499       1.2101
   11500       1.2708
   11501       1.2930
   11502       1.3441
   11503       1.2879
   11504       1.0800
   11505       1.1347
   11506       1.1873
   11507       1.1629
   11508       1.1896
   11509       1.1297
   11510       1.1976
   11511       1.2594
   11512       1.2029
   11513       1.1885
   11514       1.1397
   11515       1.1599
   11516       1.1382
   11517       1.1453
   11518       1.1730
   11519       1.1152
   11520       1.0559
   11521       1.1674
   11522       1.1943
   11523       1.2667
   11524       1.1182
   11525       1.1142
   11526       1.1225
   11527       1.2270
   11528       1.2495
   11529       1.2066
   11530       1.2401
   11531       1.2921
   11532       1.2093
   11533       1.1984
   11534       1.1641
   11535       1.1499
   11536       1.1872
   11537       1.2599
   11538       1.1805
   11539       1.1666
   11540       1.1251
   11541       1.1581
   11542       1.1480
   11543       1.1507
   11544       1.1465
   11545       1.1186
   11546       1.1015
   11547       1.1316
   11548       1.2064
   11549       1.0903
   11550       1.2176
   11551       1.2111
   11552       1.1834
   11553       1.1189
   11554       1.1533
   11555       1.1189
   11556       1.1057
   11557       1.0914
   11558       1.1578
   11559       0.9946
   11560       1.1775
   11561       1.0808
   11562       0.9831
   11563       1.1103
   11564       1.1537
   11565       1.0303
   11566       1.1221
   11567       1.0701
   11568       1.0610
   11569       1.2122
   11570       1.1472
   11571       1.2182
   11572       1.1825
   11573       1.0461
   11574       1.0672
   11575       1.0809
   11576       1.0943
   11577       1.0398
   11578       1.0377
   11579       1.0577
   11580       1.1452
   11581       1.0325
   11582       1.0269
   11583       0.9869
   11584       1.0615
   11585       1.0691
   11586       1.1017
   11587       1.0935
   11588       1.2499
   11589       1.2903
   11590       1.1482
   11591       1.1651
   11592       1.2311
   11593       1.0780
   11594       1.1617
   11595       1.1376
   11596       1.1057
   11597       1.2143
   11598       1.1692
   11599       1.1827
   11600       1.0599
   11601       1.0861
   11602       1.1478
   11603       1.3404
   11604       1.3008
   11605       1.3381
   11606       1.2363
   11607       1.2508
   11608       1.1716
   11609       1.1864
   11610       1.1433
   11611       1.0975
   11612       1.0876
   11613       1.1484
   11614       1.2463
   11615       1.2624
   11616       1.2040
   11617       1.2004
   11618       1.0358
   11619       1.0741
   11620       1.0841
   11621       1.1366
   11622       1.1318
   11623       1.0182
   11624       1.0355
   11625       0.9668
   11626       1.0477
   11627       1.0428
   11628       1.0816
   11629       0.9920
   11630       1.0298
   11631       0.9287
   11632       0.9861
   11633       1.0435
   11634       0.9411
   11635       0.9374
   11636       0.8863
   11637       0.9500
   11638       0.9328
   11639       0.9797
   11640       1.0422
   11641       0.9980
   11642       1.1215
   11643       0.9898
   11644       1.1955
   11645       1.2620
   11646       1.2031
   11647       1.0796
   11648       1.0065
   11649       1.1055
   11650       1.1417
   11651       1.2007
   11652       1.1382
   11653       1.1735
   11654       1.0727
   11655       1.1136
   11656       1.2464
   11657       1.1794
   11658       1.0371
   11659       1.1619
   11660       1.1063
   11661       1.0979
   11662       1.1831
   11663       1.0859
   11664       1.1516
   11665       1.0543
   11666       1.0482
   11667       1.0320
   11668       1.0249
   11669       1.0890
   11670       1.1650
   11671       1.1466
   11672       1.0422
   11673       1.2242
   11674       1.1726
   11675       1.1573
   11676       1.1480
   11677       1.0726
   11678       1.1515
   11679       1.1324
   11680       1.0444
   11681       1.1249
   11682       1.0835
   11683       1.0450
   11684       1.0415
   11685       0.9944
   11686       1.0946
   11687       1.1907
   11688       1.2200
   11689       1.1679
   11690       1.0377
   11691       1.1757
   11692       1.2661
   11693       1.2406
   11694       1.1480
   11695       1.0491
   11696       1.0510
   11697       1.0096
   11698       1.0928
   11699       1.1246
   11700       1.0244
   11701       1.0225
   11702       1.0950
   11703       1.1398
   11704       1.0784
   11705       1.2407
   11706       1.1439
   11707       1.1050
   11708       1.0636
   11709       1.0087
   11710       1.0764
   11711       1.2164
   11712       1.1925
   11713       1.2078
   11714       1.0743
   11715       1.0919
   11716       1.1071
   11717       1.0920
   11718       1.0373
   11719       1.1093
   11720       0.9843
   11721       1.0847
   11722       1.0112
   11723       1.0521
   11724       1.1685
   11725       1.0529
   11726       1.0750
   11727       1.0638
   11728       1.0213
   11729       1.0501
   11730       0.9630
   11731       1.0412
   11732       0.9633
   11733       0.9647
   11734       1.0105
   11735       1.0322
   11736       0.9799
   11737       1.0635
   11738       1.0924
   11739       1.0830
   11740       1.0785
   11741       1.0438
   11742       1.0221
   11743       0.9993
   11744       1.0415
   11745       0.9966
   11746       0.9395
   11747       0.9786
   11748       1.1399
   11749       1.1818
   11750       1.1656
   11751       1.2755
   11752       1.1902
   11753       1.0656
   11754       1.1143
   11755       1.1742
   11756       1.2070
   11757       1.2377
   11758       1.2071
   11759       1.1335
   11760       1.0467
   11761       1.0880
   11762       1.1980
   11763       1.3260
   11764       1.2385
   11765       1.2145
   11766       1.2633
   11767       1.2657
   11768       1.1537
   11769       1.2087
   11770       1.1491
   11771       1.0988
   11772       1.1564
   11773       1.1911
   11774       1.1939
   11775       1.1169
   11776       1.1728
   11777       1.1484
   11778       1.0745
   11779       1.2105
   11780       1.1710
   11781       1.2213
   11782       1.1203
   11783       1.1868
   11784       1.1468
   11785       1.1580
   11786       1.0308
   11787       1.0643
   11788       1.0231
   11789       1.0904
   11790       1.2235
   11791       1.0896
   11792       1.2328
   11793       1.2757
   11794       1.5001
   11795       1.4533
   11796       1.0855
   11797       1.1650
   11798       1.2017
   11799       1.1682
   11800       1.1948
   11801       1.2455
   11802       1.1591
   11803       1.1844
   11804       1.1742
   11805       1.1136
   11806       1.1395
   11807       1.1845
   11808       1.1283
   11809       0.9761
   11810       1.1334
   11811       1.0725
   11812       1.0214
   11813       1.1354
   11814       1.1450
   11815       1.0876
   11816       1.0929
   11817       1.0129
   11818       1.0034
   11819       1.0617
   11820       1.0549
   11821       1.0699
   11822       1.1398
   11823       1.0507
   11824       1.0707
   11825       0.9898
   11826       0.9734
   11827       0.9768
   11828       1.0118
   11829       1.0533
   11830       1.0254
   11831       1.0572
   11832       0.9897
   11833       1.0567
   11834       0.9652
   11835       1.0722
   11836       1.0393
   11837       0.9789
   11838       1.0563
   11839       1.1565
   11840       1.1197
   11841       1.0831
   11842       1.0288
   11843       1.0416
   11844       1.0693
   11845       0.9712
   11846       1.1165
   11847       1.2311
   11848       1.1903
   11849       1.1503
   11850       1.1672
   11851       1.2926
   11852       1.2427
   11853       1.1714
   11854       1.0852
   11855       0.9899
   11856       1.1168
   11857       1.0892
   11858       1.0543
   11859       1.0791
   11860       1.1410
   11861       1.1936
   11862       1.0362
   11863       1.0975
   11864       1.1259
   11865       1.1755
   11866       1.1603
   11867       1.1458
   11868       1.0808
   11869       1.0052
   11870       0.9513
   11871       0.9313
   11872       0.9232
   11873       1.0601
   11874       1.0922
   11875       1.1261
   11876       1.1147
   11877       1.0118
   11878       1.0668
   11879       1.1249
   11880       1.0499
   11881       1.0513
   11882       1.0619
   11883       1.0960
   11884       1.0231
   11885       1.1196
   11886       1.0418
   11887       0.9722
   11888       0.9549
   11889       1.0317
   11890       0.9550
   11891       1.0154
   11892       1.0284
   11893       0.9645
   11894       0.9767
   11895       0.9616
   11896       0.8963
   11897       0.9788
   11898       0.9823
   11899       1.0323
   11900       0.9387
   11901       0.9856
   11902       1.0152
   11903       0.9647
   11904       0.9933
   11905       0.9494
   11906       0.9396
   11907       1.0795
   11908       1.0558
   11909       1.1487
   11910       1.0778
   11911       1.2485
   11912       1.1007
   11913       1.0724
   11914       0.9852
   11915       1.1268
   11916       1.0752
   11917       1.0897
   11918       1.0733
   11919       1.0370
   11920       1.0288
   11921       1.0684
   11922       1.0204
   11923       1.1007
   11924       1.0859
   11925       1.0268
   11926       0.9816
   11927       1.0449
   11928       0.9936
   11929       1.0233
   11930       1.0003
   11931       1.1408
   11932       1.0832
   11933       1.1409
   11934       1.0406
   11935       1.0470
   11936       0.9413
   11937       0.9939
   11938       1.0411
   11939       1.1717
   11940       1.0390
   11941       1.0301
   11942       1.0793
   11943       1.0362
   11944       1.1003
   11945       1.0646
   11946       1.0929
   11947       1.1243
   11948       0.9963
   11949       1.1253
   11950       1.0412
   11951       1.0553
   11952       1.0353
   11953       1.1729
   11954       1.1286
   11955       1.0381
   11956       0.9451
   11957       1.0129
   11958       1.0096
   11959       1.0763
   11960       1.0141
   11961       0.9815
   11962       0.9622
   11963       0.8834
   11964       0.8568
   11965       0.9036
   11966       0.9654
   11967       0.9087
   11968       0.8889
   11969       1.0935
   11970       0.9591
   11971       0.9168
   11972       0.9771
   11973       0.9538
   11974       0.9149
   11975       0.9036
   11976       0.9282
   11977       0.8916
   11978       0.9592
   11979       1.0675
   11980       1.0864
   11981       1.0557
   11982       0.9993
   11983       1.1015
   11984       0.9768
   11985       0.9386
   11986       1.0310
   11987       0.9671
   11988       0.9614
   11989       0.9639
   11990       1.1319
   11991       1.1746
   11992       1.1210
   11993       1.1372
   11994       1.0396
   11995       1.1114
   11996       1.0722
   11997       0.9884
   11998       1.0245
   11999       1.0015
   12000       1.1167
   12001       1.0324
   12002       1.1136
   12003       1.0083
   12004       0.9154
   12005       0.9446
   12006       0.9866
   12007       1.0497
   12008       1.0396
   12009       0.9574
   12010       0.9764
   12011       0.9504
   12012       0.9795
   12013       0.9165
   12014       0.8902
   12015       0.8839
   12016       0.9657
   12017       0.8155
   12018       0.9942
   12019       0.9088
   12020       0.8589
   12021       1.0002
   12022       0.9650
   12023       0.9159
   12024       0.8850
   12025       0.9050
   12026       0.9104
   12027       0.9336
   12028       0.9015
   12029       0.9355
   12030       0.8958
   12031       0.9832
   12032       1.0325
   12033       1.0184
   12034       0.9755
   12035       0.9062
   12036       0.9547
   12037       1.0102
   12038       0.9762
   12039       1.0035
   12040       1.0916
   12041       0.9848
   12042       1.0537
   12043       0.9582
   12044       1.0004
   12045       0.9281
   12046       1.0896
   12047       1.1314
   12048       1.1038
   12049       1.1220
   12050       1.0472
   12051       0.9916
   12052       0.9468
   12053       0.9992
   12054       0.9852
   12055       1.0813
   12056       0.8671
   12057       0.8492
   12058       0.9065
   12059       0.8974
   12060       0.9616
   12061       0.9746
   12062       0.9451
   12063       0.9197
   12064       0.8214
   12065       0.8386
   12066       0.8983
   12067       0.9014
   12068       0.9260
   12069       0.9047
   12070       1.0202
   12071       1.0360
   12072       1.0269
   12073       0.9762
   12074       1.0172
   12075       0.8553
   12076       0.8686
   12077       1.0161
   12078       0.8022
   12079       0.9230
   12080       0.8716
   12081       0.8628
   12082       1.0809
   12083       1.1369
   12084       0.9478
   12085       0.9487
   12086       0.9198
   12087       0.9834
   12088       0.9141
   12089       0.8953
   12090       0.9712
   12091       0.9447
   12092       0.9573
   12093       0.8810
   12094       0.9590
   12095       0.9784
   12096       0.9245
   12097       0.9471
   12098       0.9588
   12099       0.8882
   12100       0.9473
   12101       0.8267
   12102       0.8661
   12103       0.9144
   12104       0.8802
   12105       0.9017
   12106       0.8684
   12107       0.9104
   12108       0.9428
   12109       0.8329
   12110       0.8781
   12111       0.9176
   12112       0.8442
   12113       1.0017
   12114       0.9755
   12115       0.8138
   12116       0.8407
   12117       0.8089
   12118       0.8879
   12119       0.8128
   12120       0.8984
   12121       0.8191
   12122       0.8075
   12123       0.8334
   12124       0.7621
   12125       1.0580
   12126       0.9045
   12127       0.9061
   12128       0.7956
   12129       0.7603
   12130       0.7907
   12131       0.7958
   12132       0.8777
   12133       0.8641
   12134       0.8076
   12135       0.8753
   12136       0.9327
   12137       0.9303
   12138       0.9428
   12139       0.8989
   12140       0.8947
   12141       0.9039
   12142       0.8534
   12143       0.7898
   12144       0.7724
   12145       0.8771
   12146       0.7856
   12147       0.8136
   12148       0.8606
   12149       0.7504
   12150       0.9190
   12151       0.8150
   12152       0.8066
   12153       0.7920
   12154       0.8650
   12155       0.8433
   12156       0.9593
   12157       0.8747
   12158       0.8865
   12159       0.8635
   12160       0.9297
   12161       0.8358
   12162       0.8170
   12163       0.8296
   12164       0.8767
   12165       0.9175
   12166       0.9248
   12167       0.8178
   12168       0.9173
   12169       0.9932
   12170       0.9912
   12171       0.9021
   12172       0.9542
   12173       0.8196
   12174       0.8364
   12175       1.0155
   12176       0.9629
   12177       0.8999
   12178       0.9878
   12179       1.0020
   12180       0.9636
   12181       0.9324
   12182       0.9843
   12183       1.0198
   12184       0.9293
   12185       0.8123
   12186       0.8327
   12187       0.8553
   12188       0.8071
   12189       0.8626
   12190       0.8971
   12191       0.8351
   12192       0.8197
   12193       0.9404
   12194       0.9091
   12195       0.9221
   12196       0.8911
   12197       0.9641
   12198       0.9946
   12199       0.9831
   12200       0.8327
   12201       0.8321
   12202       0.8684
   12203       0.8428
   12204       0.9063
   12205       0.8252
   12206       0.8895
   12207       0.7705
   12208       0.7972
   12209       0.8845
   12210       0.8279
   12211       0.9684
   12212       1.0348
   12213       1.0839
   12214       1.1381
   12215       1.1047
   12216       1.0960
   12217       0.9475
   12218       1.1237
   12219       1.0935
   12220       1.2097
   12221       1.1917
   12222       1.0999
   12223       1.1011
   12224       1.1016
   12225       1.0189
   12226       0.9922
   12227       1.1053
   12228       1.1270
   12229       1.1235
   12230       1.0769
   12231       1.0068
   12232       0.9412
   12233       1.0467
   12234       1.0255
   12235       1.1649
   12236       1.2066
   12237       1.1400
   12238       1.1898
   12239       1.2093
   12240       1.1654
   12241       1.1378
   12242       1.1809
   12243       1.2216
   12244       1.0703
   12245       1.1289
   12246       1.0738
   12247       1.1813
   12248       1.1515
   12249       1.2258
   12250       1.1212
   12251       1.1405
   12252       1.0173
   12253       1.1388
   12254       1.2537
   12255       1.2677
   12256       1.4112
   12257       1.3639
   12258       1.0841
   12259       1.1736
   12260       1.1113
   12261       1.2528
   12262       1.2062
   12263       0.9993
   12264       1.1541
   12265       1.0665
   12266       1.1027
   12267       1.1667
   12268       1.1686
   12269       1.0683
   12270       1.0561
   12271       1.2395
   12272       1.2941
   12273       1.2311
   12274       1.2295
   12275       1.1118
   12276       1.1895
   12277       1.1277
   12278       1.2669
   12279       1.2112
   12280       1.2923
   12281       1.2390
   12282       1.1849
   12283       1.2945
   12284       1.2572
   12285       1.1699
   12286       1.1940
   12287       1.2084
   12288       1.0744
   12289       0.9690
   12290       1.1951
   12291       1.0632
   12292       1.0125
   12293       1.0316
   12294       1.0017
   12295       1.2189
   12296       1.0984
   12297       1.1456
   12298       1.2564
   12299       1.2087
   12300       1.1763
   12301       1.2668
   12302       1.2073
   12303       1.2068
   12304       1.0997
   12305       1.1079
   12306       1.2061
   12307       1.1361
   12308       0.9662
   12309       1.0340
   12310       1.0309
   12311       1.0714
   12312       1.0479
   12313       0.9249
   12314       0.8875
   12315       0.8770
   12316       0.9409
   12317       0.9118
   12318       0.9163
   12319       1.0521
   12320       1.0239
   12321       0.9461
   12322       0.9095
   12323       1.0549
   12324       0.8652
   12325       0.9866
   12326       0.9560
   12327       1.0409
   12328       1.0385
   12329       0.9965
   12330       0.9899
   12331       1.0809
   12332       1.0500
   12333       0.9615
   12334       0.9280
   12335       0.9409
   12336       1.0006
   12337       1.0453
   12338       1.0530
   12339       1.0384
   12340       1.1598
   12341       1.1004
   12342       1.0857
   12343       1.0682
   12344       1.0062
   12345       1.0390
   12346       1.1457
   12347       1.0613
   12348       1.0297
   12349       1.2059
   12350       1.2630
   12351       1.2102
   12352       1.1835
   12353       1.0577
   12354       1.2305
   12355       1.1539
   12356       1.0885
   12357       1.0918
   12358       0.9976
   12359       1.0392
   12360       1.0428
   12361       0.9724
   12362       1.0413
   12363       1.1283
   12364       1.0841
   12365       1.0761
   12366       1.1053
   12367       1.0350
   12368       1.1474
   12369       0.9804
   12370       0.9872
   12371       1.0541
   12372       1.0657
   12373       1.0418
   12374       0.8939
   12375       0.9304
   12376       0.9458
   12377       0.9082
   12378       0.8661
   12379       0.9346
   12380       0.9474
   12381       0.9259
   12382       0.9895
   12383       0.9714
   12384       0.9880
   12385       0.9912
   12386       0.9493
   12387       0.9425
   12388       0.9957
   12389       1.0071
   12390       0.8835
   12391       0.9872
   12392       1.1279
   12393       0.9843
   12394       0.9702
   12395       1.0390
   12396       0.9664
   12397       0.9011
   12398       0.9084
   12399       0.8671
   12400       0.8329
   12401       0.9121
   12402       0.9298
   12403       0.9030
   12404       0.9684
   12405       0.9425
   12406       0.9920
   12407       0.8741
   12408       0.8803
   12409       0.9155
   12410       0.9759
   12411       0.9337
   12412       0.9116
   12413       0.9561
   12414       0.9507
   12415       0.8709
   12416       0.8877
   12417       0.9480
   12418       0.9649
   12419       0.8580
   12420       0.9135
   12421       0.9889
   12422       0.9703
   12423       0.9250
   12424       0.8842
   12425       0.8878
   12426       0.8662
   12427       0.8998
   12428       1.0272
   12429       1.0435
   12430       1.0443
   12431       0.8922
   12432       0.8373
   12433       0.8529
   12434       0.8930
   12435       0.9462
   12436       0.8217
   12437       0.9235
   12438       0.9891
   12439       0.9316
   12440       0.9495
   12441       0.8807
   12442       0.9099
   12443       0.8731
   12444       1.0059
   12445       0.9525
   12446       1.0404
   12447       1.1268
   12448       1.0702
   12449       1.0572
   12450       0.9988
   12451       0.9370
   12452       1.0145
   12453       0.8588
   12454       0.9259
   12455       0.9263
   12456       1.0047
   12457       0.8561
   12458       0.9042
   12459       0.8705
   12460       0.8556
   12461       0.7879
   12462       0.8440
   12463       0.8595
   12464       0.9420
   12465       0.9054
   12466       0.8555
   12467       0.8499
   12468       0.9215
   12469       0.8116
   12470       0.9530
   12471       0.9682
   12472       1.0502
   12473       1.0927
   12474       1.0957
   12475       1.1798
   12476       1.0925
   12477       0.9336
   12478       1.0704
   12479       1.1229
   12480       1.0745
   12481       1.1049
   12482       1.0678
   12483       0.9566
   12484       0.8733
   12485       0.9456
   12486       0.9301
   12487       0.8733
   12488       0.8833
   12489       0.9072
   12490       0.9079
   12491       0.9104
   12492       0.8894
   12493       0.9311
   12494       0.9275
   12495       0.9103
   12496       0.9134
   12497       0.9046
   12498       0.9800
   12499       0.9329
   12500       0.8969
   12501       0.9516
   12502       1.0289
   12503       0.9983
   12504       0.9463
   12505       0.9709
   12506       1.0199
   12507       0.9990
   12508       0.9750
   12509       0.9736
   12510       0.9548
   12511       1.0068
   12512       0.9437
   12513       0.9916
   12514       1.0865
   12515       1.0531
   12516       1.0190
   12517       0.9461
   12518       0.9771
   12519       0.9841
   12520       1.0310
   12521       1.0778
   12522       0.9266
   12523       0.8926
   12524       0.9483
   12525       1.0398
   12526       0.9072
   12527       1.0057
   12528       0.9294
   12529       0.8372
   12530       0.8720
   12531       0.8119
   12532       0.8933
   12533       0.9851
   12534       1.0358
   12535       1.0743
   12536       1.1578
   12537       1.1200
   12538       1.2814
   12539       1.1441
   12540       1.1320
   12541       1.1157
   12542       1.1997
   12543       1.0713
   12544       1.1436
   12545       1.1036
   12546       1.1389
   12547       1.2440
   12548       1.1512
   12549       1.2720
   12550       1.2720
   12551       1.1439
   12552       1.1768
   12553       1.1996
   12554       1.2048
   12555       1.1299
   12556       1.1213
   12557       1.1447
   12558       1.2632
   12559       1.2085
   12560       1.2417
   12561       1.2379
   12562       1.0305
   12563       1.0274
   12564       1.0753
   12565       0.9655
   12566       1.0073
   12567       0.9998
   12568       0.9960
   12569       1.0059
   12570       0.9811
   12571       0.9079
   12572       0.9014
   12573       0.9121
   12574       1.0808
   12575       0.9619
   12576       1.0124
   12577       1.1053
   12578       1.1425
   12579       1.0556
   12580       1.2649
   12581       1.2543
   12582       1.1819
   12583       1.0853
   12584       1.2478
   12585       1.1719
   12586       1.2173
   12587       1.0798
   12588       1.1511
   12589       1.1566
   12590       1.1300
   12591       1.1292
   12592       1.1000
   12593       1.0471
   12594       1.1266
   12595       1.1212
   12596       0.9959
   12597       1.0097
   12598       1.1343
   12599       1.0853
   12600       1.0553
   12601       1.2292
   12602       1.2357
   12603       1.1919
   12604       1.0331
   12605       1.1528
   12606       1.1892
   12607       1.2020
   12608       1.0771
   12609       1.0592
   12610       1.2060
   12611       1.1879
   12612       1.2210
   12613       1.1428
   12614       1.0380
   12615       0.9058
   12616       0.9145
   12617       0.9556
   12618       1.0820
   12619       1.0211
   12620       0.9576
   12621       0.9360
   12622       1.0081
   12623       0.9271
   12624       0.8813
   12625       0.9992
   12626       0.9456
   12627       0.9914
   12628       1.0177
   12629       1.1329
   12630       1.1106
   12631       1.1721
   12632       1.0885
   12633       1.0542
   12634       0.9666
   12635       0.9876
   12636       0.8180
   12637       0.9447
   12638       0.9146
   12639       1.0467
   12640       0.9969
   12641       0.8022
   12642       0.9839
   12643       1.0216
   12644       1.0690
   12645       0.9896
   12646       0.9934
   12647       0.9096
   12648       0.8812
   12649       0.7957
   12650       0.8618
   12651       0.9324
   12652       0.9038
   12653       0.8012
   12654       0.8544
   12655       0.8927
   12656       0.8451
   12657       0.8889
   12658       0.9931
   12659       1.1010
   12660       0.9977
   12661       1.0261
   12662       1.1519
   12663       0.9852
   12664       1.1972
   12665       1.0495
   12666       1.1531
   12667       1.0783
   12668       1.0462
   12669       0.9898
   12670       1.0941
   12671       1.1470
   12672       0.9908
   12673       0.9480
   12674       0.9483
   12675       0.8687
   12676       0.8449
   12677       0.9733
   12678       0.9091
   12679       0.9246
   12680       0.9458
   12681       0.8577
   12682       0.9469
   12683       0.9505
   12684       0.9530
   12685       1.0331
   12686       0.9899
   12687       0.9839
   12688       1.0238
   12689       0.9733
   12690       0.8376
   12691       0.8821
   12692       0.8347
   12693       0.9414
   12694       0.9761
   12695       0.8585
   12696       0.9253
   12697       0.9100
   12698       0.9352
   12699       0.9018
   12700       0.9403
   12701       0.8519
   12702       0.8299
   12703       0.9028
   12704       0.9668
   12705       0.9482
   12706       1.0324
   12707       1.0125
   12708       1.0347
   12709       0.9440
   12710       0.8599
   12711       0.8402
   12712       0.8851
   12713       0.8794
   12714       0.8791
   12715       0.8591
   12716       0.8591
   12717       0.9770
   12718       1.0165
   12719       0.9720
   12720       0.9557
   12721       0.9901
   12722       1.0482
   12723       1.1499
   12724       1.0375
   12725       1.1761
   12726       1.1844
   12727       1.0779
   12728       1.0759
   12729       0.9388
   12730       1.0511
   12731       1.0048
   12732       0.9019
   12733       1.0022
   12734       1.0856
   12735       1.2029
   12736       1.2112
   12737       1.2661
   12738       1.1507
   12739       1.0783
   12740       1.1211
   12741       0.9797
   12742       0.9072
   12743       0.9944
   12744       0.9841
   12745       0.9004
   12746       0.8432
   12747       0.9641
   12748       0.9652
   12749       0.8540
   12750       1.1028
   12751       0.9793
   12752       0.9618
   12753       0.9430
   12754       0.9650
   12755       0.9750
   12756       1.0150
   12757       1.0243
   12758       1.0249
   12759       0.9970
   12760       0.9899
   12761       0.9408
   12762       1.0420
   12763       1.0466
   12764       1.2158
   12765       1.2146
   12766       0.9988
   12767       0.9282
   12768       0.9349
   12769       0.8287
   12770       0.8367
   12771       0.7661
   12772       0.7581
   12773       0.7724
   12774       0.8665
   12775       0.8465
   12776       0.8689
   12777       0.8362
   12778       0.9386
   12779       0.8755
   12780       0.7798
   12781       0.8090
   12782       0.8783
   12783       0.8309
   12784       0.8347
   12785       0.8702
   12786       0.8184
   12787       0.8989
   12788       0.9342
   12789       0.8134
   12790       0.8177
   12791       0.7513
   12792       0.8047
   12793       0.7405
   12794       0.8240
   12795       0.8481
   12796       0.7805
   12797       0.8654
   12798       0.8644
   12799       0.8984
   12800       0.8558
   12801       0.9123
   12802       0.8781
   12803       0.9995
   12804       0.8280
   12805       0.8824
   12806       0.7977
   12807       0.8669
   12808       0.8987
   12809       0.9633
   12810       0.9278
   12811       0.9581
   12812       0.9065
   12813       0.9250
   12814       0.8985
   12815       0.8828
   12816       0.9326
   12817       0.9801
   12818       0.9836
   12819       0.9933
   12820       1.0254
   12821       1.1132
   12822       1.1318
   12823       1.1209
   12824       1.0728
   12825       1.0994
   12826       1.0435
   12827       0.9020
   12828       0.9210
   12829       0.9473
   12830       1.0399
   12831       1.0279
   12832       1.0075
   12833       1.0288
   12834       0.9874
   12835       0.9210
   12836       0.9698
   12837       0.9000
   12838       0.8955
   12839       1.0176
   12840       0.8221
   12841       0.9417
   12842       0.9713
   12843       1.0558
   12844       1.1108
   12845       1.1429
   12846       1.1807
   12847       1.1373
   12848       1.0975
   12849       1.0451
   12850       1.1401
   12851       0.9324
   12852       1.0778
   12853       1.0806
   12854       1.1426
   12855       1.1407
   12856       1.2174
   12857       1.2541
   12858       1.2930
   12859       1.2666
   12860       1.3469
   12861       1.1732
   12862       1.2176
   12863       1.1666
   12864       1.1505
   12865       1.1864
   12866       1.1322
   12867       1.0438
   12868       1.2191
   12869       1.3038
   12870       1.2303
   12871       1.0507
   12872       0.9328
   12873       0.9413
   12874       0.8943
   12875       0.8550
   12876       0.9190
   12877       0.8466
   12878       0.9784
   12879       0.9696
   12880       0.9829
   12881       1.0364
   12882       1.0052
   12883       0.9551
   12884       1.0067
   12885       0.8812
   12886       0.8973
   12887       0.9298
   12888       1.0762
   12889       1.0081
   12890       1.0842
   12891       1.0628
   12892       1.0669
   12893       1.0878
   12894       0.9967
   12895       1.2334
   12896       1.2468
   12897       1.1547
   12898       1.0441
   12899       0.9310
   12900       1.0828
   12901       1.1017
   12902       1.0699
   12903       1.1486
   12904       1.0842
   12905       1.0990
   12906       1.0621
   12907       1.1353
   12908       1.2456
   12909       1.1831
   12910       1.0161
   12911       0.9963
   12912       1.0483
   12913       1.2811
   12914       1.1339
   12915       1.0540
   12916       1.0875
   12917       1.0171
   12918       1.0650
   12919       0.9793
   12920       0.9902
   12921       1.0409
   12922       1.0454
   12923       0.9850
   12924       0.8911
   12925       0.8673
   12926       0.9992
   12927       1.0366
   12928       1.0707
   12929       1.0631
   12930       0.9054
   12931       0.8694
   12932       0.8453
   12933       0.8212
   12934       0.9131
   12935       0.9134
   12936       0.8556
   12937       0.8467
   12938       1.0337
   12939       0.8557
   12940       0.8529
   12941       0.9321
   12942       0.8626
   12943       0.8515
   12944       0.8245
   12945       0.8943
   12946       0.9577
   12947       0.8823
   12948       0.8923
   12949       0.8741
   12950       0.8979
   12951       0.9025
   12952       0.9657
   12953       0.8569
   12954       0.8070
   12955       0.8197
   12956       0.7790
   12957       0.8586
   12958       0.8996
   12959       0.9554
   12960       0.8392
   12961       0.9212
   12962       0.8185
   12963       0.7689
   12964       0.8852
   12965       0.8090
   12966       0.8748
   12967       0.9377
   12968       0.9261
   12969       1.0595
   12970       1.0824
   12971       1.0745
   12972       1.0694
   12973       1.0838
   12974       0.9345
   12975       0.9862
   12976       1.0110
   12977       1.0885
   12978       1.1122
   12979       1.0762
   12980       1.0842
   12981       1.1854
   12982       1.1599
   12983       1.0894
   12984       1.1177
   12985       1.0789
   12986       1.1588
   12987       1.0898
   12988       1.0432
   12989       1.1565
   12990       1.1002
   12991       1.1529
   12992       1.1422
   12993       1.0897
   12994       1.0825
   12995       0.9698
   12996       0.9824
   12997       1.1321
   12998       1.0753
   12999       1.1097
   13000       1.0652
   13001       0.9919
   13002       1.1700
   13003       1.1642
   13004       1.1310
   13005       1.0518
   13006       1.1755
   13007       1.0985
   13008       1.1517
   13009       1.0799
   13010       0.9586
   13011       1.0177
   13012       1.0350
   13013       0.9216
   13014       1.0649
   13015       1.1027
   13016       1.0408
   13017       0.8710
   13018       0.9801
   13019       1.0624
   13020       1.0638
   13021       1.1435
   13022       1.0337
   13023       0.9872
   13024       0.8898
   13025       0.9569
   13026       0.9308
   13027       1.0123
   13028       1.0836
   13029       0.9667
   13030       1.0719
   13031       1.1398
   13032       1.0807
   13033       0.9617
   13034       0.9761
   13035       1.0528
   13036       1.1340
   13037       1.1648
   13038       0.9744
   13039       0.8988
   13040       0.9883
   13041       0.8536
   13042       0.9125
   13043       0.9449
   13044       0.9205
   13045       0.8138
   13046       0.8564
   13047       0.8757
   13048       0.9248
   13049       1.0018
   13050       1.0052
   13051       1.0190
   13052       0.8443
   13053       0.8448
   13054       0.7848
   13055       0.7608
   13056       0.8246
   13057       0.8534
   13058       0.8650
   13059       0.8665
   13060       0.7786
   13061       0.7761
   13062       0.8009
   13063       0.8474
   13064       0.7817
   13065       0.7546
   13066       0.8186
   13067       0.8935
   13068       0.7830
   13069       0.9862
   13070       0.8992
   13071       0.8619
   13072       0.9422
   13073       1.0619
   13074       0.8575
   13075       1.0224
   13076       0.9811
   13077       0.9493
   13078       0.9361
   13079       0.8847
   13080       1.1134
   13081       1.0494
   13082       0.9811
   13083       0.8641
   13084       0.9776
   13085       0.9612
   13086       0.8977
   13087       0.8910
   13088       0.8455
   13089       0.7822
   13090       0.9122
   13091       0.9102
   13092       0.8434
   13093       0.8451
   13094       0.9183
   13095       0.8761
   13096       0.9315
   13097       1.0640
   13098       1.0489
   13099       1.0082
   13100       0.9445
   13101       0.9195
   13102       0.8946
   13103       0.9445
   13104       0.8279
   13105       0.9071
   13106       1.0069
   13107       0.9337
   13108       0.9503
   13109       0.9085
   13110       0.8822
   13111       0.8927
   13112       0.8414
   13113       0.7897
   13114       0.8549
   13115       0.7934
   13116       0.7747
   13117       0.9559
   13118       0.9488
   13119       0.8415
   13120       0.8754
   13121       0.9183
   13122       0.9113
   13123       1.0570
   13124       1.1564
   13125       1.0531
   13126       1.1574
   13127       1.1997
   13128       1.1930
   13129       1.2600
   13130       1.1965
   13131       1.1505
   13132       1.0991
   13133       1.1220
   13134       1.1581
   13135       1.2582
   13136       1.4998
   13137       1.2756
   13138       1.2517
   13139       1.2564
   13140       1.2674
   13141       1.4046
   13142       1.4038
   13143       1.3355
   13144       1.3372
   13145       1.1728
   13146       1.1180
   13147       1.0597
   13148       1.0877
   13149       1.0229
   13150       0.9208
   13151       1.0832
   13152       0.9962
   13153       1.0272
   13154       1.0327
   13155       1.0358
   13156       1.0994
   13157       1.0228
   13158       1.0931
   13159       0.9806
   13160       1.0083
   13161       1.0263
   13162       1.0750
   13163       0.9931
   13164       1.1297
   13165       1.1251
   13166       1.1564
   13167       1.1247
   13168       0.9586
   13169       1.0849
   13170       0.9780
   13171       0.9236
   13172       0.9596
   13173       0.9493
   13174       0.9969
   13175       0.9852
   13176       0.9741
   13177       0.9191
   13178       0.9182
   13179       1.0261
   13180       1.0659
   13181       1.0191
   13182       1.0275
   13183       1.0488
   13184       0.9575
   13185       0.9455
   13186       0.9270
   13187       0.8981
   13188       0.9128
   13189       0.8699
   13190       0.9984
   13191       0.9710
   13192       1.0003
   13193       1.0456
   13194       1.0326
   13195       1.0209
   13196       1.1985
   13197       1.2104
   13198       1.2645
   13199       1.3557
   13200       1.2586
   13201       1.3130
   13202       1.2774
   13203       1.3135
   13204       1.2185
   13205       1.1721
   13206       1.0370
   13207       0.9980
   13208       1.3029
   13209       1.4080
   13210       1.2096
   13211       1.1561
   13212       1.2173
   13213       1.2445
   13214       1.2686
   13215       0.9896
   13216       1.1903
   13217       1.0361
   13218       0.9597
   13219       0.9539
   13220       1.1595
   13221       1.1212
   13222       1.1100
   13223       1.1663
   13224       1.1301
   13225       1.2072
   13226       1.3439
   13227       1.1384
   13228       1.1800
   13229       1.1997
   13230       1.2828
   13231       1.2720
   13232       1.4693
   13233       1.5126
   13234       1.5322
   13235       1.5747
   13236       1.4312
   13237       1.3453
   13238       1.4735
   13239       1.4002
   13240       1.1574
   13241       1.1496
   13242       1.1226
   13243       1.2015
   13244       1.1417
   13245       1.0267
   13246       1.1301
   13247       1.0388
   13248       1.0401
   13249       0.9931
   13250       1.0148
   13251       0.9055
   13252       0.8521
   13253       0.9432
   13254       0.8631
   13255       0.8665
   13256       0.9070
   13257       0.9640
   13258       0.9389
   13259       0.8917
   13260       0.8555
   13261       1.0187
   13262       0.9702
   13263       0.8602
   13264       0.8689
   13265       0.8550
   13266       0.7893
   13267       0.8583
   13268       0.9265
   13269       0.8561
   13270       0.8286
   13271       0.8186
   13272       0.8254
   13273       0.8731
   13274       0.8505
   13275       0.8762
   13276       0.8430
   13277       0.8789
   13278       0.8608
   13279       0.8097
   13280       0.8090
   13281       0.9468
   13282       0.9877
   13283       0.8120
   13284       0.8163
   13285       0.9219
   13286       0.8541
   13287       0.8112
   13288       0.9114
   13289       0.9232
   13290       0.9592
   13291       0.9641
   13292       0.8928
   13293       0.9711
   13294       0.9852
   13295       0.9565
   13296       1.0793
   13297       1.0302
   13298       1.0009
   13299       0.9750
   13300       0.9632
   13301       0.8948
   13302       0.9111
   13303       1.0179
   13304       1.0411
   13305       1.0442
   13306       0.9237
   13307       0.9463
   13308       0.9014
   13309       0.9454
   13310       0.9277
   13311       1.0600
   13312       1.0859
   13313       1.0247
   13314       0.9471
   13315       0.9426
   13316       0.9327
   13317       0.9741
   13318       0.8906
   13319       0.8719
   13320       1.0592
   13321       1.0372
   13322       1.0983
   13323       1.1068
   13324       1.1958
   13325       1.1066
   13326       1.0260
   13327       1.1046
   13328       1.1448
   13329       1.0799
   13330       1.1515
   13331       1.1580
   13332       0.9693
   13333       0.9412
   13334       0.9643
   13335       1.0177
   13336       1.0700
   13337       0.9749
   13338       0.9442
   13339       0.9373
   13340       0.9573
   13341       0.9957
   13342       0.9292
   13343       1.0227
   13344       0.9688
   13345       1.1186
   13346       1.1073
   13347       1.2427
   13348       1.1956
   13349       1.1392
   13350       1.0202
   13351       0.9547
   13352       1.0936
   13353       1.1274
   13354       1.0328
   13355       1.0910
   13356       1.0085
   13357       1.1468
   13358       0.9664
   13359       1.0888
   13360       1.1009
   13361       1.1545
   13362       1.1025
   13363       1.1185
   13364       1.1616
   13365       1.1406
   13366       1.0655
   13367       1.0297
   13368       1.0563
   13369       1.0823
   13370       0.9004
   13371       0.9397
   13372       0.8607
   13373       0.9694
   13374       0.9077
   13375       1.0109
   13376       0.9496
   13377       1.0024
   13378       0.9365
   13379       1.0398
   13380       0.9590
   13381       0.9752
   13382       1.0258
   13383       1.0189
   13384       1.0997
   13385       1.0376
   13386       0.9974
   13387       0.9673
   13388       1.0376
   13389       1.0508
   13390       1.1273
   13391       1.2295
   13392       1.0997
   13393       1.1770
   13394       1.0658
   13395       1.1193
   13396       1.1347
   13397       1.2079
   13398       1.2142
   13399       1.1020
   13400       1.1958
   13401       1.0949
   13402       1.0914
   13403       0.9226
   13404       0.9555
   13405       1.0520
   13406       1.1067
   13407       1.0257
   13408       1.1772
   13409       1.2213
   13410       1.1570
   13411       1.0519
   13412       1.0166
   13413       1.0257
   13414       1.1107
   13415       1.1540
   13416       0.9954
   13417       0.9410
   13418       0.9760
   13419       1.0737
   13420       0.9437
   13421       1.1161
   13422       1.2055
   13423       0.9740
   13424       0.9518
   13425       0.8818
   13426       0.8081
   13427       0.9284
   13428       0.8397
   13429       0.8395
   13430       0.9242
   13431       0.9268
   13432       0.9797
   13433       0.8879
   13434       0.9221
   13435       0.9894
   13436       0.7680
   13437       0.9027
   13438       0.7824
   13439       0.8926
   13440       1.0159
   13441       0.9594
   13442       0.9733
   13443       1.0108
   13444       1.0868
   13445       1.0558
   13446       1.0276
   13447       0.9117
   13448       0.9264
   13449       0.9085
   13450       0.8832
   13451       0.8491
   13452       0.9150
   13453       0.8817
   13454       0.8321
   13455       0.9526
   13456       1.0238
   13457       0.9540
   13458       0.8774
   13459       0.8269
   13460       0.8714
   13461       0.9783
   13462       0.8626
   13463       0.8744
   13464       0.9965
   13465       0.9753
   13466       0.9946
   13467       0.9852
   13468       1.0504
   13469       0.9694
   13470       1.0326
   13471       1.0758
   13472       1.0095
   13473       0.9507
   13474       0.9058
   13475       0.8669
   13476       0.9389
   13477       1.0187
   13478       0.8974
   13479       0.9073
   13480       0.8583
   13481       0.9786
   13482       0.8760
   13483       0.8820
   13484       0.8832
   13485       1.0160
   13486       0.9564
   13487       1.0239
   13488       1.0128
   13489       0.9669
   13490       0.8661
   13491       0.8775
   13492       0.8858
   13493       0.8553
   13494       0.9204
   13495       0.9099
   13496       0.9224
   13497       0.9633
   13498       0.8090
   13499       0.9582
   13500       0.9116
   13501       0.9326
   13502       0.8762
   13503       0.8802
   13504       0.9389
   13505       0.9763
   13506       0.9228
   13507       0.9107
   13508       0.9655
   13509       0.9829
   13510       0.9027
   13511       1.0397
   13512       1.0834
   13513       0.9938
   13514       1.0638
   13515       1.0648
   13516       1.0305
   13517       1.0673
   13518       1.0878
   13519       0.9984
   13520       1.0326
   13521       0.9931
   13522       0.8701
   13523       0.8171
   13524       1.0234
   13525       0.9496
   13526       0.9774
   13527       1.0600
   13528       0.9930
   13529       1.0321
   13530       0.9566
   13531       0.9363
   13532       0.9641
   13533       0.9850
   13534       1.1451
   13535       0.9363
   13536       1.0256
   13537       1.1520
   13538       1.2583
   13539       1.2893
   13540       1.2473
   13541       1.2456
   13542       1.1383
   13543       1.1050
   13544       1.1451
   13545       1.0756
   13546       1.1573
   13547       1.0640
   13548       1.1560
   13549       1.1080
   13550       1.1663
   13551       1.0341
   13552       1.1820
   13553       1.1625
   13554       1.3687
   13555       1.2936
   13556       1.1913
   13557       1.1099
   13558       1.1984
   13559       1.1686
   13560       1.0887
   13561       1.0425
   13562       1.1045
   13563       1.0627
   13564       1.1477
   13565       1.2711
   13566       1.1558
   13567       1.1721
   13568       1.2214
   13569       1.1566
   13570       1.3009
   13571       1.2033
   13572       1.2614
   13573       1.3847
   13574       1.4108
   13575       1.3989
   13576       1.3244
   13577       1.0754
   13578       1.1360
   13579       1.0923
   13580       1.0477
   13581       1.0092
   13582       1.1794
   13583       1.0802
   13584       1.0533
   13585       1.0746
   13586       1.0506
   13587       1.0340
   13588       1.0793
   13589       0.9882
   13590       1.0628
   13591       1.0127
   13592       1.0125
   13593       1.0399
   13594       1.1407
   13595       1.2145
   13596       1.1896
   13597       1.2358
   13598       1.1977
   13599       1.1994
   13600       1.1210
   13601       1.0888
   13602       0.9508
   13603       1.0951
   13604       1.0143
   13605       0.9600
   13606       0.9222
   13607       1.0093
   13608       0.9894
   13609       1.0243
   13610       0.9603
   13611       0.9930
   13612       1.0146
   13613       0.9568
   13614       0.9873
   13615       1.1235
   13616       0.9905
   13617       1.0319
   13618       1.0040
   13619       1.0117
   13620       1.0608
   13621       1.1075
   13622       1.0432
   13623       1.0010
   13624       0.9803
   13625       0.9451
   13626       1.0569
   13627       0.9546
   13628       1.0001
   13629       0.9927
   13630       0.9335
   13631       0.9889
   13632       1.0385
   13633       1.0018
   13634       1.0696
   13635       0.9882
   13636       0.9423
   13637       0.9979
   13638       0.9529
   13639       1.0398
   13640       1.0446
   13641       0.9699
   13642       1.0085
   13643       1.0397
   13644       1.0543
   13645       1.1180
   13646       1.0385
   13647       1.1721
   13648       1.1694
   13649       1.1421
   13650       1.1343
   13651       1.0536
   13652       1.0739
   13653       1.0962
   13654       1.0931
   13655       1.1002
   13656       1.0970
   13657       1.1632
   13658       1.3066
   13659       1.1278
   13660       1.0357
   13661       1.1237
   13662       1.0295
   13663       0.9752
   13664       0.8961
   13665       0.9133
   13666       0.9685
   13667       1.0061
   13668       0.9895
   13669       0.9280
   13670       0.9635
   13671       0.9794
   13672       0.9349
   13673       1.0000
   13674       1.0852
   13675       1.1254
   13676       1.1721
   13677       1.2132
   13678       1.1953
   13679       1.3509
   13680       1.2804
   13681       1.1733
   13682       1.2124
   13683       1.1226
   13684       1.0348
   13685       1.2116
   13686       1.1570
   13687       1.2099
   13688       1.1392
   13689       1.0873
   13690       1.2851
   13691       1.2425
   13692       1.3195
   13693       1.2476
   13694       1.0750
   13695       0.9890
   13696       1.0778
   13697       1.2160
   13698       1.2354
   13699       1.0477
   13700       1.0336
   13701       1.0241
   13702       1.1041
   13703       1.1924
   13704       1.2026
   13705       1.2777
   13706       1.1863
   13707       1.1404
   13708       1.2321
   13709       1.1579
   13710       1.1202
   13711       1.0271
   13712       0.9726
   13713       0.9704
   13714       0.9555
   13715       0.9982
   13716       1.0211
   13717       1.0579
   13718       0.9666
   13719       0.9524
   13720       0.9807
   13721       1.1554
   13722       1.1958
   13723       1.1468
   13724       1.1603
   13725       1.0778
   13726       1.1472
   13727       1.0381
   13728       1.1054
   13729       1.0218
   13730       1.0031
   13731       0.9294
   13732       0.9808
   13733       0.9648
   13734       0.8692
   13735       0.9942
   13736       0.9992
   13737       1.0063
   13738       1.0106
   13739       0.8898
   13740       0.9764
   13741       0.8390
   13742       0.9006
   13743       0.9447
   13744       1.0195
   13745       1.0663
   13746       1.0474
   13747       1.0000
   13748       0.9762
   13749       0.9666
   13750       0.9673
   13751       1.0141
   13752       0.9120
   13753       0.9442
   13754       1.0823
   13755       1.1168
   13756       1.1764
   13757       1.1504
   13758       0.9295
   13759       0.9093
   13760       0.9690
   13761       1.0065
   13762       1.1309
   13763       1.1150
   13764       1.2310
   13765       1.0790
   13766       1.0333
   13767       1.2875
   13768       1.2424
   13769       1.0925
   13770       1.0751
   13771       1.0457
   13772       1.0469
   13773       1.1112
   13774       0.9916
   13775       1.0362
   13776       0.9599
   13777       0.9839
   13778       0.9535
   13779       1.0951
   13780       1.0826
   13781       1.0052
   13782       0.9533
   13783       0.9479
   13784       0.9142
   13785       0.9441
   13786       0.9932
   13787       0.9130
   13788       0.8139
   13789       0.8473
   13790       0.9511
   13791       0.9124
   13792       0.9819
   13793       0.9872
   13794       1.0156
   13795       0.9994
   13796       1.1504
   13797       1.2267
   13798       1.0079
   13799       0.9862
   13800       1.0406
   13801       1.1965
   13802       0.9977
   13803       0.9815
   13804       0.9655
   13805       1.0413
   13806       0.9629
   13807       1.0290
   13808       1.0651
   13809       1.1223
   13810       1.0721
   13811       1.0082
   13812       0.9088
   13813       0.9104
   13814       0.9769
   13815       0.9164
   13816       0.8591
   13817       0.7867
   13818       0.8351
   13819       0.9736
   13820       1.0107
   13821       0.9786
   13822       0.8934
   13823       0.9069
   13824       1.0024
   13825       1.0415
   13826       0.8428
   13827       0.9563
   13828       0.8779
   13829       0.8302
   13830       0.7480
   13831       0.8908
   13832       0.9232
   13833       0.9385
   13834       0.9107
   13835       0.9044
   13836       1.0519
   13837       0.9323
   13838       0.9732
   13839       1.0748
   13840       1.0156
   13841       0.9207
   13842       0.8361
   13843       0.8386
   13844       0.9660
   13845       1.0191
   13846       1.0212
   13847       0.9674
   13848       0.9967
   13849       1.0933
   13850       1.1077
   13851       1.0980
   13852       1.2693
   13853       1.1101
   13854       1.1709
   13855       1.1614
   13856       1.1488
   13857       1.1044
   13858       1.1722
   13859       1.2000
   13860       1.2261
   13861       1.2213
   13862       1.2538
   13863       1.1634
   13864       1.1685
   13865       1.1269
   13866       1.3051
   13867       1.3005
   13868       1.4118
   13869       1.4101
   13870       1.2485
   13871       1.3347
   13872       1.2544
   13873       1.2872
   13874       1.2643
   13875       1.2023
   13876       1.1741
   13877       1.1931
   13878       1.1643
   13879       1.2126
   13880       1.1965
   13881       1.3138
   13882       1.4154
   13883       1.4070
   13884       1.2825
   13885       1.3175
   13886       1.3092
   13887       1.3388
   13888       1.2859
   13889       1.0680
   13890       1.0596
   13891       1.0179
   13892       0.9193
   13893       0.9476
   13894       0.8710
   13895       0.8332
   13896       0.8464
   13897       0.9120
   13898       0.9398
   13899       0.9185
   13900       1.0221
   13901       0.9682
   13902       0.9413
   13903       1.1230
   13904       1.1189
   13905       1.0179
   13906       1.0198
   13907       1.0268
   13908       1.1297
   13909       0.9354
   13910       0.9645
   13911       0.9728
   13912       1.0444
   13913       0.9962
   13914       0.9676
   13915       1.0246
   13916       1.0856
   13917       0.9683
   13918       1.0423
   13919       1.0816
   13920       1.0724
   13921       1.0840
   13922       1.2456
   13923       1.0224
   13924       1.0523
   13925       1.0184
   13926       0.9163
   13927       1.0175
   13928       1.0636
   13929       1.0570
   13930       1.1373
   13931       0.9912
   13932       1.2179
   13933       1.2005
   13934       1.2370
   13935       1.0509
   13936       1.1107
   13937       1.0124
   13938       1.0613
   13939       1.0680
   13940       1.2170
   13941       1.2336
   13942       1.1944
   13943       1.0182
   13944       1.0815
   13945       1.0542
   13946       1.0178
   13947       0.9666
   13948       1.0778
   13949       0.9662
   13950       1.0042
   13951       0.9960
   13952       1.0620
   13953       0.9420
   13954       1.0174
   13955       1.0332
   13956       1.0463
   13957       1.0309
   13958       1.0116
   13959       0.9937
   13960       1.0008
   13961       1.0349
   13962       1.0715
   13963       1.0785
   13964       1.1552
   13965       1.0753
   13966       1.0782
   13967       1.0390
   13968       0.9263
   13969       0.9509
   13970       0.9055
   13971       0.8683
   13972       0.9167
   13973       1.0254
   13974       0.9386
   13975       0.9685
   13976       1.0066
   13977       0.9810
   13978       1.0279
   13979       1.1137
   13980       1.1577
   13981       1.1188
   13982       1.0534
   13983       1.0116
   13984       1.0711
   13985       1.0286
   13986       1.0089
   13987       1.0265
   13988       0.9813
   13989       1.0266
   13990       0.9346
   13991       0.8534
   13992       0.8373
   13993       0.7994
   13994       0.7535
   13995       0.8648
   13996       0.8841
   13997       0.9318
   13998       0.8648
   13999       0.7779
   14000       0.7859
   14001       0.7739
   14002       0.9263
   14003       0.8279
   14004       0.9233
   14005       0.8638
   14006       0.9470
   14007       0.9165
   14008       0.9176
   14009       0.9871
   14010       1.0761
   14011       1.0975
   14012       1.0659
   14013       1.0849
   14014       1.0791
   14015       0.9358
   14016       1.0033
   14017       0.9760
   14018       1.0495
   14019       1.0007
   14020       1.0574
   14021       1.0444
   14022       1.0473
   14023       1.0367
   14024       1.0652
   14025       1.1620
   14026       1.1446
   14027       1.1946
   14028       1.0507
   14029       0.9855
   14030       1.0124
   14031       0.9528
   14032       1.0132
   14033       1.0733
   14034       1.0939
   14035       1.0529
   14036       1.0100
   14037       1.0571
   14038       1.0840
   14039       0.9442
   14040       0.8611
   14041       0.9714
   14042       1.1151
   14043       1.1218
   14044       1.0442
   14045       0.9598
   14046       0.9990
   14047       1.0029
   14048       1.0086
   14049       0.9809
   14050       0.9954
   14051       0.9764
   14052       0.9640
   14053       0.9616
   14054       0.9278
   14055       0.9982
   14056       1.0674
   14057       1.0005
   14058       1.0562
   14059       0.9860
   14060       0.9600
   14061       1.0884
   14062       1.0715
   14063       0.9952
   14064       1.0859
   14065       0.9434
   14066       0.9824
   14067       0.9054
   14068       1.0344
   14069       0.9683
   14070       0.9456
   14071       0.9112
   14072       0.8906
   14073       0.9147
   14074       0.9426
   14075       1.0324
   14076       1.0420
   14077       0.9521
   14078       0.9026
   14079       0.9647
   14080       0.9819
   14081       1.0515
   14082       0.9405
   14083       0.9973
   14084       0.9648
   14085       0.9909
   14086       0.8940
   14087       0.9308
   14088       0.8655
   14089       0.9187
   14090       0.9051
   14091       0.8434
   14092       0.9285
   14093       0.8505
   14094       0.9124
   14095       0.8953
   14096       0.9080
   14097       0.9948
   14098       1.0103
   14099       1.0855
   14100       1.0149
   14101       1.0928
   14102       0.9753
   14103       1.0591
   14104       1.1742
   14105       1.0390
   14106       1.0832
   14107       1.0845
   14108       1.1060
   14109       1.0139
   14110       1.0224
   14111       1.0957
   14112       0.9891
   14113       1.0742
   14114       1.0213
   14115       0.9664
   14116       0.8217
   14117       0.8221
   14118       0.8161
   14119       0.8910
   14120       0.8605
   14121       0.8214
   14122       0.8903
   14123       0.8804
   14124       0.9364
   14125       0.8528
   14126       0.7940
   14127       0.8617
   14128       0.9214
   14129       0.8443
   14130       0.8808
   14131       0.9041
   14132       0.8368
   14133       0.9956
   14134       0.9982
   14135       0.9115
   14136       0.9569
   14137       1.0321
   14138       1.0853
   14139       1.0129
   14140       0.9877
   14141       1.0417
   14142       0.9361
   14143       0.8945
   14144       1.0154
   14145       1.0305
   14146       0.9409
   14147       0.8913
   14148       0.9429
   14149       0.9871
   14150       0.9238
   14151       0.8732
   14152       0.8972
   14153       0.8778
   14154       0.8516
   14155       0.8783
   14156       0.9728
   14157       1.0336
   14158       1.0835
   14159       1.1338
   14160       1.1017
   14161       1.0192
   14162       1.0204
   14163       0.9870
   14164       0.8923
   14165       0.8760
   14166       0.9360
   14167       1.0685
   14168       1.0356
   14169       1.0761
   14170       1.0509
   14171       1.1264
   14172       1.0422
   14173       0.9444
   14174       1.0171
   14175       1.0491
   14176       0.9435
   14177       1.0349
   14178       0.9609
   14179       1.0315
   14180       1.0137
   14181       0.9392
   14182       0.9232
   14183       1.0031
   14184       1.1697
   14185       1.0824
   14186       0.9658
   14187       1.0419
   14188       0.9228
   14189       0.9642
   14190       0.9709
   14191       1.1085
   14192       1.0383
   14193       1.0511
   14194       1.0358
   14195       1.1278
   14196       0.9605
   14197       0.8809
   14198       1.0737
   14199       0.9983
   14200       1.1244
   14201       1.0661
   14202       0.9739
   14203       1.0119
   14204       0.9629
   14205       0.9391
   14206       1.0711
   14207       1.0416
   14208       1.1650
   14209       1.0437
   14210       1.2637
   14211       1.1500
   14212       1.0193
   14213       1.0445
   14214       1.0756
   14215       1.0257
   14216       1.0496
   14217       0.9943
   14218       0.9877
   14219       1.0479
   14220       1.1637
   14221       1.1540
   14222       1.0912
   14223       1.2014
   14224       1.2237
   14225       1.2840
   14226       1.1623
   14227       1.0892
   14228       1.1924
   14229       1.1464
   14230       1.2411
   14231       1.0221
   14232       1.0118
   14233       1.0754
   14234       1.0417
   14235       1.0221
   14236       1.0655
   14237       1.0227
   14238       1.1286
   14239       1.1217
   14240       1.1549
   14241       1.0841
   14242       1.0399
   14243       0.9603
   14244       0.9806
   14245       0.9894
   14246       0.9321
   14247       0.9084
   14248       0.8880
   14249       1.0791
   14250       1.1255
   14251       1.1035
   14252       1.1672
   14253       1.0852
   14254       0.9969
   14255       0.9849
   14256       0.9748
   14257       0.9625
   14258       1.0478
   14259       1.0398
   14260       1.1073
   14261       1.1251
   14262       1.1383
   14263       0.9945
   14264       1.1681
   14265       1.2042
   14266       1.2803
   14267       1.3404
   14268       1.4267
   14269       1.4541
   14270       1.5624
   14271       1.5403
   14272       1.6073
   14273       1.6786
   14274       1.6015
   14275       1.4718
   14276       1.4255
   14277       1.4386
   14278       1.4480
   14279       1.4840
   14280       1.6182
   14281       1.6136
   14282       1.4779
   14283       1.3003
   14284       1.1395
   14285       1.1833
   14286       1.2593
   14287       1.0596
   14288       1.1732
   14289       1.1608
   14290       1.1777
   14291       0.9913
   14292       0.9675
   14293       0.9196
   14294       0.9522
   14295       1.0484
   14296       1.1283
   14297       1.0051
   14298       1.0782
   14299       1.1369
   14300       1.0856
   14301       1.0363
   14302       1.0394
   14303       0.9850
   14304       0.9120
   14305       0.9539
   14306       1.1648
   14307       1.1105
   14308       1.0778
   14309       1.0760
   14310       1.1299
   14311       1.1433
   14312       1.0540
   14313       0.9962
   14314       1.0936
   14315       1.0885
   14316       0.9813
   14317       0.9657
   14318       1.1942
   14319       1.1222
   14320       1.2107
   14321       1.1314
   14322       1.1851
   14323       1.1801
   14324       1.1725
   14325       1.1122
   14326       1.0067
   14327       1.1669
   14328       1.1047
   14329       1.2718
   14330       1.2959
   14331       1.2686
   14332       1.2076
   14333       1.0936
   14334       1.0708
   14335       1.0456
   14336       1.1253
   14337       1.0933
   14338       1.1603
   14339       1.2685
   14340       1.1954
   14341       1.3372
   14342       1.4197
   14343       1.4715
   14344       1.4080
   14345       1.2931
   14346       1.2664
   14347       1.2855
   14348       1.4340
   14349       1.3001
   14350       1.4661
   14351       1.4310
   14352       1.3770
   14353       1.3010
   14354       1.2173
   14355       1.2779
   14356       1.1152
   14357       1.1383
   14358       1.0972
   14359       1.0383
   14360       1.0465
   14361       1.1370
   14362       1.1802
   14363       1.0326
   14364       1.1217
   14365       1.1140
   14366       1.0219
   14367       1.0461
   14368       1.1060
   14369       1.1267
   14370       0.9917
   14371       1.0452
   14372       1.2334
   14373       1.2039
   14374       1.3697
   14375       1.3328
   14376       1.1852
   14377       1.2772
   14378       1.0737
   14379       1.1515
   14380       1.2381
   14381       1.1421
   14382       1.1064
   14383       1.1703
   14384       1.0993
   14385       1.0154
   14386       1.2159
   14387       1.1277
   14388       1.1024
   14389       1.2846
   14390       1.0982
   14391       1.1042
   14392       1.2641
   14393       1.2693
   14394       1.2130
   14395       1.3714
   14396       1.2159
   14397       1.2581
   14398       1.2232
   14399       1.0707
   14400       1.1841
   14401       1.2437
   14402       1.2675
   14403       1.3499
   14404       1.2187
   14405       1.3309
   14406       1.4117
   14407       1.2520
   14408       1.0776
   14409       1.1110
   14410       1.0204
   14411       1.0111
   14412       0.9341
   14413       0.9542
   14414       0.9724
   14415       1.0556
   14416       0.9510
   14417       0.9662
   14418       1.0185
   14419       1.1051
   14420       1.1054
   14421       1.0842
   14422       1.0143
   14423       0.8793
   14424       0.9135
   14425       0.9128
   14426       0.9528
   14427       0.8909
   14428       0.9543
   14429       1.0338
   14430       0.9921
   14431       0.8726
   14432       0.8352
   14433       0.8649
   14434       0.9158
   14435       0.9333
   14436       0.9839
   14437       0.9699
   14438       0.9277
   14439       0.9598
   14440       0.9337
   14441       0.8956
   14442       0.8434
   14443       0.9051
   14444       0.8124
   14445       0.8222
   14446       0.9185
   14447       1.0211
   14448       0.9460
   14449       0.9834
   14450       0.9777
   14451       0.9632
   14452       1.1899
   14453       1.0583
   14454       1.0583
   14455       1.1301
   14456       1.0357
   14457       1.0474
   14458       1.0647
   14459       1.1047
   14460       0.9354
   14461       0.9565
   14462       0.9191
   14463       0.9982
   14464       0.9934
   14465       0.9591
   14466       1.1223
   14467       1.0298
   14468       1.0612
   14469       1.0178
   14470       0.9670
   14471       0.9767
   14472       0.9871
   14473       1.0821
   14474       1.0157
   14475       0.8680
   14476       0.8903
   14477       0.9463
   14478       0.9180
   14479       0.9825
   14480       1.0383
   14481       0.9952
   14482       1.0027
   14483       0.9688
   14484       0.9266
   14485       0.9749
   14486       0.9424
   14487       0.9687
   14488       0.9622
   14489       1.1200
   14490       0.9354
   14491       1.0525
   14492       1.0335
   14493       1.0241
   14494       1.1635
   14495       1.0466
   14496       1.1060
   14497       1.0629
   14498       0.9214
   14499       0.9559
   14500       0.9859
   14501       0.9997
   14502       1.0398
   14503       0.9800
   14504       0.9876
   14505       0.9539
   14506       0.8566
   14507       0.8878
   14508       1.0046
   14509       1.1615
   14510       0.9662
   14511       0.9433
   14512       1.0135
   14513       0.8268
   14514       0.9541
   14515       0.8918
   14516       0.9091
   14517       0.9631
   14518       0.9293
   14519       1.0025
   14520       0.9815
   14521       1.0335
   14522       0.9941
   14523       1.0359
   14524       1.1014
   14525       1.0337
   14526       1.1132
   14527       1.2016
   14528       1.1388
   14529       1.0847
   14530       1.0945
   14531       1.1378
   14532       1.0272
   14533       0.9632
   14534       1.0130
   14535       0.9253
   14536       1.0253
   14537       1.0005
   14538       1.0691
   14539       1.0443
   14540       1.0709
   14541       0.9725
   14542       0.9052
   14543       0.8975
   14544       0.9251
   14545       1.0152
   14546       1.0486
   14547       0.9232
   14548       0.8740
   14549       0.8809
   14550       0.9780
   14551       1.0163
   14552       1.0504
   14553       1.0847
   14554       1.0066
   14555       0.9941
   14556       1.0767
   14557       1.0913
   14558       1.1435
   14559       1.0020
   14560       1.0218
   14561       1.0143
   14562       0.9241
   14563       0.9970
   14564       1.0957
   14565       0.9829
   14566       1.0751
   14567       1.1255
   14568       1.1730
   14569       1.1618
   14570       1.0717
   14571       1.1160
   14572       1.0839
   14573       1.0276
   14574       0.9780
   14575       1.0211
   14576       1.0493
   14577       0.9336
   14578       1.0337
   14579       1.0426
   14580       1.1048
   14581       1.0870
   14582       0.9252
   14583       0.9412
   14584       1.0633
   14585       0.9851
   14586       1.1006
   14587       1.0590
   14588       1.0413
   14589       1.0287
   14590       0.9020
   14591       0.8629
   14592       0.9328
   14593       0.8863
   14594       0.8482
   14595       0.8826
   14596       0.9589
   14597       0.8805
   14598       0.9461
   14599       0.9646
   14600       0.8837
   14601       0.9989
   14602       1.0319
   14603       0.9746
   14604       1.0368
   14605       0.8114
   14606       1.0672
   14607       1.0748
   14608       1.1211
   14609       1.0645
   14610       0.9889
   14611       0.9803
   14612       0.8946
   14613       0.9441
   14614       1.0108
   14615       1.1200
   14616       1.0031
   14617       1.0162
   14618       1.0821
   14619       0.9637
   14620       1.0534
   14621       1.0014
   14622       0.9993
   14623       1.0811
   14624       0.9992
   14625       0.9121
   14626       0.9263
   14627       0.9220
   14628       1.0144
   14629       0.8993
   14630       0.8429
   14631       0.8076
   14632       0.9304
   14633       0.9942
   14634       0.9220
   14635       0.8639
   14636       1.0390
   14637       1.0901
   14638       1.1893
   14639       1.0296
   14640       1.1365
   14641       1.1602
   14642       1.0466
   14643       1.0081
   14644       0.9205
   14645       0.9003
   14646       0.9019
   14647       0.9938
   14648       0.9636
   14649       0.9664
   14650       1.0266
   14651       1.1268
   14652       1.1043
   14653       1.0834
   14654       1.0735
   14655       1.1553
   14656       1.0453
   14657       1.1039
   14658       1.0615
   14659       1.0773
   14660       1.0161
   14661       1.1452
   14662       1.1340
   14663       1.1343
   14664       1.1172
   14665       1.1645
   14666       1.2036
   14667       1.1179
   14668       1.1136
   14669       1.2473
   14670       1.3503
   14671       1.3013
   14672       1.3036
   14673       1.2242
   14674       1.2530
   14675       1.3511
   14676       1.3163
   14677       1.1429
   14678       1.1602
   14679       1.2132
   14680       1.1284
   14681       1.0581
   14682       1.1958
   14683       1.1738
   14684       1.1832
   14685       1.1140
   14686       1.1080
   14687       1.0589
   14688       1.0942
   14689       1.0708
   14690       1.0675
   14691       1.0085
   14692       1.1601
   14693       1.1411
   14694       1.1289
   14695       0.9718
   14696       1.1118
   14697       1.1086
   14698       1.0741
   14699       1.1796
   14700       1.1449
   14701       1.1451
   14702       1.1566
   14703       1.3848
   14704       1.3666
   14705       1.3879
   14706       1.1796
   14707       1.0739
   14708       1.0445
   14709       1.1399
   14710       1.2106
   14711       1.1174
   14712       1.0603
   14713       1.0872
   14714       1.0377
   14715       1.0627
   14716       1.0232
   14717       1.0516
   14718       0.9362
   14719       0.9546
   14720       1.2457
   14721       1.1264
   14722       1.0777
   14723       1.1421
   14724       1.0528
   14725       1.0897
   14726       1.1201
   14727       1.1165
   14728       1.0607
   14729       0.9851
   14730       0.9186
   14731       0.9535
   14732       1.0567
   14733       1.1287
   14734       0.9143
   14735       0.9167
   14736       0.9785
   14737       0.9831
   14738       0.8998
   14739       1.0096
   14740       0.9262
   14741       0.9557
   14742       0.8968
   14743       0.9543
   14744       0.9684
   14745       0.8376
   14746       0.8566
   14747       0.8918
   14748       0.8582
   14749       0.9601
   14750       0.9053
   14751       1.0077
   14752       0.9763
   14753       0.9399
   14754       0.9731
   14755       0.9552
   14756       0.9168
   14757       1.0058
   14758       0.9723
   14759       0.9047
   14760       0.9333
   14761       0.9943
   14762       1.0215
   14763       1.0282
   14764       1.0695
   14765       1.1313
   14766       1.0762
   14767       1.0100
   14768       1.0027
   14769       0.9992
   14770       1.1099
   14771       0.9194
   14772       0.9391
   14773       0.9941
   14774       1.0063
   14775       1.2004
   14776       1.1712
   14777       1.0635
   14778       1.1449
   14779       0.9369
   14780       0.9464
   14781       1.0805
   14782       0.9630
   14783       1.0418
   14784       1.0631
   14785       1.0303
   14786       0.9900
   14787       0.8678
   14788       1.0469
   14789       1.0143
   14790       1.0937
   14791       0.9801
   14792       0.9389
   14793       0.9368
   14794       1.0474
   14795       1.0336
   14796       0.9844
   14797       1.0339
   14798       0.9188
   14799       1.0254
   14800       1.0550
   14801       1.0509
   14802       1.0003
   14803       0.9402
   14804       1.0077
   14805       1.0409
   14806       1.0956
   14807       0.9895
   14808       0.9599
   14809       0.8956
   14810       0.8526
   14811       0.9034
   14812       0.8670
   14813       0.9543
   14814       1.0209
   14815       0.9990
   14816       0.9673
   14817       0.8862
   14818       0.9875
   14819       0.8827
   14820       0.9309
   14821       0.8975
   14822       0.9742
   14823       0.9414
   14824       1.0688
   14825       1.0580
   14826       1.0091
   14827       1.0183
   14828       1.0685
   14829       1.0107
   14830       0.9774
   14831       0.9887
   14832       1.0242
   14833       1.1205
   14834       1.1447
   14835       1.0116
   14836       0.9221
   14837       1.0633
   14838       0.9449
   14839       0.9157
   14840       1.0602
   14841       1.0533
   14842       1.0632
   14843       0.9532
   14844       0.8169
   14845       0.9458
   14846       0.9645
   14847       0.9759
   14848       0.9043
   14849       1.0113
   14850       0.9028
   14851       1.0514
   14852       0.9584
   14853       1.1001
   14854       1.0968
   14855       1.0016
   14856       1.0411
   14857       1.0810
   14858       1.0174
   14859       0.9911
   14860       1.0790
   14861       1.2921
   14862       1.2920
   14863       1.3112
   14864       1.2895
   14865       1.3107
   14866       1.3020
   14867       1.2665
   14868       1.3115
   14869       1.2164
   14870       1.1787
   14871       1.1353
   14872       1.1035
   14873       1.0691
   14874       1.0612
   14875       0.9692
   14876       1.0370
   14877       1.0039
   14878       1.0061
   14879       0.9250
   14880       1.0642
   14881       0.9908
   14882       1.0986
   14883       1.0175
   14884       0.9788
   14885       0.9226
   14886       0.9473
   14887       0.9842
   14888       0.8917
   14889       0.9260
   14890       0.9658
   14891       0.9462
   14892       1.0236
   14893       0.9129
   14894       0.9255
   14895       0.9997
   14896       0.9959
   14897       0.9689
   14898       1.0318
   14899       0.8052
   14900       0.8998
   14901       1.0058
   14902       0.9659
   14903       1.0077
   14904       1.0290
   14905       0.9538
   14906       1.0516
   14907       0.9605
   14908       1.0008
   14909       0.9617
   14910       1.1119
   14911       1.1885
   14912       1.1554
   14913       1.1795
   14914       1.1449
   14915       1.1694
   14916       1.3572
   14917       1.3759
   14918       1.1627
   14919       1.0841
   14920       1.3090
   14921       1.1770
   14922       1.1558
   14923       1.1670
   14924       1.2464
   14925       1.3505
   14926       1.2734
   14927       1.2197
   14928       1.1365
   14929       1.2409
   14930       1.1691
   14931       1.0943
   14932       1.1472
   14933       1.1200
   14934       1.2674
   14935       1.2207
   14936       1.1632
   14937       1.2627
   14938       1.1724
   14939       1.2699
   14940       1.4054
   14941       1.2060
   14942       1.2263
   14943       1.2196
   14944       1.2230
   14945       1.2099
   14946       1.1745
   14947       1.1483
   14948       1.2369
   14949       1.1702
   14950       1.0087
   14951       0.9590
   14952       0.8647
   14953       0.9730
   14954       0.9968
   14955       1.0261
   14956       1.1663
   14957       1.0762
   14958       1.0840
   14959       0.9833
   14960       1.0754
   14961       0.9335
   14962       0.9660
   14963       0.9752
   14964       0.9684
   14965       1.0723
   14966       0.9664
   14967       0.9089
   14968       0.9688
   14969       1.0213
   14970       1.1009
   14971       1.0085
   14972       1.0547
   14973       1.0513
   14974       1.0709
   14975       1.0591
   14976       1.0445
   14977       0.9419
   14978       0.9588
   14979       0.9412
   14980       0.9535
   14981       0.9282
   14982       0.9461
   14983       0.9013
   14984       0.8979
   14985       0.9204
   14986       0.9591
   14987       0.9185
   14988       0.9517
   14989       1.0188
   14990       1.0171
   14991       1.0551
   14992       0.9069
   14993       1.0894
   14994       0.9689
   14995       1.1102
   14996       0.9486
   14997       1.0370
   14998       1.0727
   14999       1.1469
   15000       1.2356
   15001       1.1319
   15002       1.0629
   15003       1.1497
   15004       1.2783
   15005       1.0886
   15006       1.1053
   15007       1.1746
   15008       1.0343
   15009       1.0487
   15010       1.1025
   15011       1.1753
   15012       1.1462
   15013       1.0000
   15014       1.0575
   15015       1.0478
   15016       1.1762
   15017       1.2301
   15018       1.1737
   15019       1.0696
   15020       1.2748
   15021       1.2745
   15022       1.2291
   15023       1.2227
   15024       1.2770
   15025       1.1223
   15026       1.1086
   15027       1.1601
   15028       1.0735
   15029       1.1531
   15030       1.2235
   15031       1.2478
   15032       1.2434
   15033       1.1161
   15034       1.0292
   15035       1.0776
   15036       1.1814
   15037       1.3498
   15038       1.2714
   15039       1.1008
   15040       1.1058
   15041       1.0579
   15042       1.1222
   15043       1.0876
   15044       1.0643
   15045       1.2052
   15046       1.3395
   15047       1.2946
   15048       1.1484
   15049       1.1658
   15050       1.1426
   15051       1.1997
   15052       1.2011
   15053       1.2278
   15054       0.9596
   15055       1.0067
   15056       1.0941
   15057       0.9794
   15058       1.1734
   15059       1.0502
   15060       1.0589
   15061       1.0358
   15062       1.0310
   15063       0.9678
   15064       1.1310
   15065       1.1969
   15066       1.1376
   15067       1.0137
   15068       1.0799
   15069       1.0757
   15070       1.0348
   15071       0.9336
   15072       0.9714
   15073       1.1015
   15074       1.1506
   15075       1.1079
   15076       0.9905
   15077       0.9774
   15078       0.9805
   15079       0.9953
   15080       0.9966
   15081       0.9829
   15082       1.0017
   15083       0.9142
   15084       0.9909
   15085       1.1042
   15086       1.2561
   15087       1.2699
   15088       1.1203
   15089       1.0614
   15090       1.0169
   15091       1.0422
   15092       1.0356
   15093       1.1877
   15094       1.0748
   15095       1.2358
   15096       1.2086
   15097       1.0119
   15098       1.2145
   15099       1.1394
   15100       1.0893
   15101       1.0780
   15102       1.0676
   15103       0.9965
   15104       1.0175
   15105       1.0894
   15106       1.0117
   15107       0.9220
   15108       0.8800
   15109       0.9727
   15110       0.9763
   15111       1.0372
   15112       0.9527
   15113       1.1390
   15114       1.0385
   15115       0.9247
   15116       0.9408
   15117       0.8970
   15118       0.9615
   15119       0.9683
   15120       0.9578
   15121       1.0721
   15122       1.0223
   15123       1.0091
   15124       1.0029
   15125       1.0079
   15126       0.9744
   15127       1.0402
   15128       1.0848
   15129       1.0018
   15130       1.1136
   15131       1.2034
   15132       1.1299
   15133       1.0462
   15134       1.0795
   15135       1.0605
   15136       1.2359
   15137       1.2557
   15138       1.2551
   15139       1.3424
   15140       1.1736
   15141       1.1958
   15142       1.3285
   15143       1.3287
   15144       1.3100
   15145       1.3617
   15146       1.3093
   15147       1.2025
   15148       1.1452
   15149       1.0449
   15150       1.0384
   15151       1.1773
   15152       1.1392
   15153       1.2420
   15154       1.2164
   15155       1.1442
   15156       1.0938
   15157       1.0482
   15158       0.9839
   15159       1.0369
   15160       0.9826
   15161       1.0750
   15162       1.0800
   15163       0.9045
   15164       1.0479
   15165       1.0836
   15166       1.0943
   15167       0.9970
   15168       1.1077
   15169       1.0611
   15170       0.9827
   15171       0.9791
   15172       0.9695
   15173       1.0387
   15174       1.0933
   15175       1.0970
   15176       0.9763
   15177       0.8982
   15178       0.9353
   15179       1.0435
   15180       1.0447
   15181       0.9905
   15182       1.0551
   15183       0.9378
   15184       1.0198
   15185       0.9137
   15186       0.9241
   15187       0.9454
   15188       0.9566
   15189       1.0505
   15190       0.9664
   15191       1.0974
   15192       1.2113
   15193       1.0636
   15194       1.0426
   15195       1.2516
   15196       1.1677
   15197       1.1872
   15198       1.2008
   15199       1.2029
   15200       1.0769
   15201       1.2687
   15202       1.4073
   15203       1.2295
   15204       1.1254
   15205       1.1542
   15206       1.0500
   15207       1.2333
   15208       1.0978
   15209       1.0642
   15210       1.1695
   15211       1.0329
   15212       1.0698
   15213       0.9985
   15214       0.9185
   15215       1.0798
   15216       1.1122
   15217       1.1444
   15218       1.1588
   15219       1.2474
   15220       1.3617
   15221       1.4440
   15222       1.3649
   15223       1.2061
   15224       1.0984
   15225       1.2487
   15226       0.9850
   15227       1.0207
   15228       1.1634
   15229       1.1050
   15230       1.0539
   15231       1.1062
   15232       0.9482
   15233       0.9635
   15234       0.9176
   15235       0.9401
   15236       0.9276
   15237       1.0372
   15238       1.1172
   15239       1.0090
   15240       1.0312
   15241       1.0020
   15242       0.9817
   15243       1.0124
   15244       0.9449
   15245       0.9289
   15246       0.8507
   15247       0.8855
   15248       0.9020
   15249       0.9307
   15250       0.9306
   15251       0.9618
   15252       0.9723
   15253       1.0022
   15254       1.0034
   15255       0.9379
   15256       0.9878
   15257       0.9815
   15258       1.0735
   15259       1.0734
   15260       1.2304
   15261       1.0647
   15262       1.1403
   15263       1.0324
   15264       1.0145
   15265       1.0466
   15266       1.1514
   15267       1.1391
   15268       1.0946
   15269       0.9588
   15270       1.0256
   15271       1.0198
   15272       1.0172
   15273       0.9976
   15274       1.0213
   15275       1.0598
   15276       1.1806
   15277       1.0960
   15278       1.0120
   15279       0.9665
   15280       0.9544
   15281       1.0295
   15282       1.1100
   15283       1.2133
   15284       1.1332
   15285       1.0177
   15286       1.1388
   15287       1.2402
   15288       1.1597
   15289       1.1293
   15290       1.2938
   15291       1.1696
   15292       1.2319
   15293       1.2686
   15294       1.2661
   15295       1.2299
   15296       1.0917
   15297       1.0515
   15298       0.9938
   15299       0.9941
   15300       1.0730
   15301       1.0537
   15302       0.9850
   15303       0.9694
   15304       0.9593
   15305       0.9527
   15306       0.9906
   15307       0.9846
   15308       1.0281
   15309       1.0666
   15310       0.9631
   15311       1.0772
   15312       1.1851
   15313       1.1491
   15314       1.2449
   15315       1.1491
   15316       1.0493
   15317       1.1037
   15318       0.9912
   15319       0.9200
   15320       1.0633
   15321       1.1844
   15322       1.0148
   15323       0.9887
   15324       0.9502
   15325       0.8963
   15326       0.9129
   15327       0.9991
   15328       0.9442
   15329       0.9068
   15330       0.8963
   15331       0.9398
   15332       0.9469
   15333       0.9568
   15334       0.8804
   15335       0.8541
   15336       0.9522
   15337       0.9623
   15338       1.0599
   15339       1.0436
   15340       1.1451
   15341       1.1677
   15342       1.1082
   15343       1.1449
   15344       1.1484
   15345       1.1808
   15346       1.2376
   15347       1.3551
   15348       1.2835
   15349       1.0494
   15350       0.9502
   15351       0.9835
   15352       1.1345
   15353       1.1379
   15354       1.0850
   15355       1.1246
   15356       1.0935
   15357       1.1215
   15358       1.2746
   15359       1.3102
   15360       1.3193
   15361       1.2660
   15362       1.3792
   15363       1.2730
   15364       1.0333
   15365       1.0776
   15366       1.0253
   15367       1.2142
   15368       1.3533
   15369       1.1887
   15370       0.9966
   15371       1.0205
   15372       0.8748
   15373       0.9771
   15374       0.9669
   15375       1.0037
   15376       0.9385
   15377       0.8944
   15378       0.8620
   15379       0.7485
   15380       0.8459
   15381       0.8584
   15382       0.7742
   15383       0.8370
   15384       0.8514
   15385       0.8981
   15386       0.9618
   15387       0.9731
   15388       0.9675
   15389       0.8835
   15390       0.8515
   15391       0.9098
   15392       0.9168
   15393       1.1552
   15394       1.2038
   15395       1.1666
   15396       1.1058
   15397       1.2278
   15398       1.0494
   15399       1.2396
   15400       1.2213
   15401       1.0089
   15402       1.0431
   15403       0.9746
   15404       0.9845
   15405       1.0520
   15406       1.0856
   15407       0.8667
   15408       0.9186
   15409       1.0077
   15410       1.0072
   15411       0.9528
   15412       0.9861
   15413       0.8777
   15414       0.9667
   15415       1.0607
   15416       1.0320
   15417       1.0794
   15418       0.9478
   15419       1.0570
   15420       1.1606
   15421       1.3046
   15422       1.2604
   15423       1.2613
   15424       1.2533
   15425       1.0968
   15426       1.1250
   15427       0.9787
   15428       1.0685
   15429       1.0854
   15430       1.1670
   15431       1.0765
   15432       1.0421
   15433       1.0358
   15434       1.0757
   15435       1.1108
   15436       1.3021
   15437       1.1948
   15438       1.0351
   15439       0.9918
   15440       1.1629
   15441       1.1535
   15442       1.1253
   15443       1.1301
   15444       1.1118
   15445       1.1911
   15446       1.4201
   15447       1.2432
   15448       1.1869
   15449       1.2094
   15450       1.1238
   15451       1.1931
   15452       1.1932
   15453       1.1317
   15454       1.2143
   15455       1.1169
   15456       1.1453
   15457       0.9705
   15458       0.9456
   15459       1.0162
   15460       0.9290
   15461       0.9507
   15462       0.9424
   15463       1.0059
   15464       0.9656
   15465       0.8924
   15466       0.8926
   15467       1.0454
   15468       1.1218
   15469       0.9190
   15470       0.9813
   15471       1.0443
   15472       0.9948
   15473       0.8773
   15474       0.8965
   15475       0.9862
   15476       0.9403
   15477       0.9125
   15478       0.8323
   15479       0.8971
   15480       0.8956
   15481       0.9189
   15482       0.7951
   15483       0.8425
   15484       0.8825
   15485       0.8700
   15486       0.8694
   15487       0.8877
   15488       0.8818
   15489       0.9512
   15490       0.9083
   15491       0.9481
   15492       1.0553
   15493       0.8528
   15494       0.9479
   15495       0.9769
   15496       0.9465
   15497       0.9162
   15498       0.8477
   15499       0.9918
   15500       0.9789
   15501       1.0415
   15502       1.0686
   15503       1.0454
   15504       1.0602
   15505       1.0036
   15506       1.0811
   15507       1.0856
   15508       0.8651
   15509       0.9264
   15510       0.9857
   15511       0.9492
   15512       1.0853
   15513       1.1278
   15514       1.1605
   15515       1.1931
   15516       1.2449
   15517       1.2362
   15518       1.3223
   15519       1.4785
   15520       1.4563
   15521       1.4510
   15522       1.4062
   15523       1.2841
   15524       1.2609
   15525       1.1735
   15526       1.0942
   15527       0.9910
   15528       0.9891
   15529       1.1585
   15530       1.2167
   15531       1.3642
   15532       1.2667
   15533       1.0962
   15534       1.0993
   15535       1.0293
   15536       1.0979
   15537       1.0056
   15538       1.0312
   15539       1.0236
   15540       1.0126
   15541       0.9608
   15542       1.0842
   15543       1.1062
   15544       1.0817
   15545       1.1261
   15546       1.1458
   15547       1.2410
   15548       1.0816
   15549       1.1396
   15550       1.0427
   15551       1.1141
   15552       0.9436
   15553       1.0109
   15554       0.9555
   15555       0.9084
   15556       0.8837
   15557       0.9422
   15558       0.9312
   15559       0.9505
   15560       0.9389
   15561       1.0199
   15562       0.9841
   15563       0.9825
   15564       0.9105
   15565       1.0056
   15566       1.0382
   15567       1.0905
   15568       1.0740
   15569       1.0158
   15570       0.9477
   15571       0.9402
   15572       0.9091
   15573       0.9960
   15574       1.0390
   15575       1.1170
   15576       1.1820
   15577       1.1688
   15578       0.9939
   15579       1.1131
   15580       1.0301
   15581       1.0407
   15582       1.0885
   15583       1.2074
   15584       1.2475
   15585       1.0458
   15586       1.1919
   15587       1.2081
   15588       1.1811
   15589       1.1282
   15590       1.0183
   15591       1.1357
   15592       1.1596
   15593       1.2207
   15594       1.2569
   15595       1.4051
   15596       1.3468
   15597       1.1775
   15598       0.9584
   15599       0.9527
   15600       1.0490
   15601       1.0644
   15602       1.0167
   15603       1.0656
   15604       1.0425
   15605       0.9203
   15606       1.0353
   15607       0.9415
   15608       1.0105
   15609       0.9518
   15610       0.9166
   15611       1.1276
   15612       1.0227
   15613       0.8670
   15614       0.8914
   15615       1.0315
   15616       0.8445
   15617       0.9169
   15618       1.0367
   15619       1.0108
   15620       1.1634
   15621       1.0435
   15622       0.9715
   15623       0.9735
   15624       1.0401
   15625       1.0084
   15626       0.9469
   15627       0.8492
   15628       0.8006
   15629       0.8178
   15630       0.9143
   15631       0.9437
   15632       0.8548
   15633       0.9201
   15634       1.0324
   15635       0.8954
   15636       0.8719
   15637       0.9252
   15638       1.0543
   15639       1.0516
   15640       1.1824
   15641       1.0601
   15642       1.0567
   15643       0.9587
   15644       1.0520
   15645       0.8978
   15646       0.8585
   15647       0.8225
   15648       0.8418
   15649       1.0211
   15650       1.1050
   15651       1.0169
   15652       1.0372
   15653       1.0404
   15654       0.9296
   15655       1.0261
   15656       1.0051
   15657       1.0269
   15658       0.9796
   15659       0.9026
   15660       0.9287
   15661       1.0105
   15662       0.8584
   15663       0.9477
   15664       0.8349
   15665       0.9067
   15666       0.9476
   15667       0.9431
   15668       1.0571
   15669       0.9983
   15670       0.8990
   15671       1.0378
   15672       1.0505
   15673       1.0421
   15674       1.0387
   15675       1.0617
   15676       0.9412
   15677       0.9919
   15678       1.0379
   15679       1.0151
   15680       0.8749
   15681       0.9088
   15682       0.8932
   15683       0.9170
   15684       0.9445
   15685       0.9572
   15686       1.0018
   15687       0.9383
   15688       0.8842
   15689       0.8448
   15690       0.9384
   15691       0.8744
   15692       0.9338
   15693       0.8898
   15694       0.9204
   15695       0.9091
   15696       1.0713
   15697       0.9785
   15698       0.8752
   15699       0.8318
   15700       0.8693
   15701       0.8515
   15702       0.9176
   15703       0.8391
   15704       0.8859
   15705       0.9212
   15706       0.8073
   15707       0.9762
   15708       0.9532
   15709       0.8833
   15710       0.9248
   15711       0.9168
   15712       0.9582
   15713       0.8580
   15714       0.8979
   15715       0.9121
   15716       0.8675
   15717       0.8739
   15718       0.8279
   15719       0.8337
   15720       0.8921
   15721       0.9539
   15722       0.9792
   15723       1.0766
   15724       0.9431
   15725       0.8242
   15726       0.8909
   15727       0.7907
   15728       1.0167
   15729       0.9945
   15730       0.9190
   15731       0.9718
   15732       0.9459
   15733       0.9928
   15734       0.8640
   15735       0.8587
   15736       0.9202
   15737       0.8746
   15738       0.9032
   15739       0.9357
   15740       0.9224
   15741       0.9312
   15742       0.9480
   15743       0.9878
   15744       0.9422
   15745       0.9556
   15746       1.0295
   15747       0.9698
   15748       0.9139
   15749       0.9613
   15750       0.9860
   15751       0.9165
   15752       0.9132
   15753       1.0469
   15754       1.0980
   15755       0.8781
   15756       0.9626
   15757       0.9409
   15758       0.9054
   15759       0.9743
   15760       0.9945
   15761       0.9469
   15762       0.9251
   15763       0.9166
   15764       0.9677
   15765       1.0890
   15766       1.0340
   15767       0.8941
   15768       0.8878
   15769       0.9147
   15770       0.9088
   15771       1.0000
   15772       0.9296
   15773       1.0677
   15774       1.1195
   15775       1.0322
   15776       0.9607
   15777       1.0040
   15778       1.0234
   15779       0.8902
   15780       0.9363
   15781       1.0952
   15782       1.0230
   15783       1.0135
   15784       0.9797
   15785       0.9876
   15786       0.8784
   15787       0.8949
   15788       0.8984
   15789       0.9462
   15790       0.9528
   15791       0.9036
   15792       0.8809
   15793       0.8797
   15794       0.9537
   15795       0.9677
   15796       0.9116
   15797       0.8763
   15798       0.8607
   15799       0.8879
   15800       0.9026
   15801       0.8485
   15802       0.8783
   15803       1.0431
   15804       0.9206
   15805       1.0269
   15806       1.0669
   15807       1.1152
   15808       0.9993
   15809       0.9521
   15810       0.9290
   15811       0.9568
   15812       1.0125
   15813       1.0115
   15814       1.1323
   15815       1.0049
   15816       0.9577
   15817       1.0249
   15818       0.8620
   15819       0.8700
   15820       0.9448
   15821       0.9693
   15822       0.9318
   15823       0.9072
   15824       0.9287
   15825       0.8832
   15826       0.8818
   15827       0.8330
   15828       0.9089
   15829       0.9059
   15830       0.9123
   15831       0.8143
   15832       0.7786
   15833       0.8170
   15834       0.9413
   15835       0.9852
   15836       1.0617
   15837       1.1110
   15838       0.8867
   15839       0.9038
   15840       0.8706
   15841       0.8240
   15842       0.8177
   15843       0.8109
   15844       0.9299
   15845       0.9044
   15846       0.8994
   15847       0.9109
   15848       0.9177
   15849       1.0653
   15850       1.1839
   15851       1.0546
   15852       0.8747
   15853       0.8914
   15854       0.8350
   15855       0.9103
   15856       0.9053
   15857       0.8710
   15858       0.8801
   15859       0.9918
   15860       1.0107
   15861       0.9942
   15862       0.9283
   15863       0.9092
   15864       0.8421
   15865       0.8776
   15866       0.8545
   15867       0.9658
   15868       0.9343
   15869       0.8600
   15870       0.9071
   15871       0.9420
   15872       0.9512
   15873       0.9256
   15874       0.8904
   15875       0.8941
   15876       0.8712
   15877       1.0754
   15878       0.9213
   15879       0.9172
   15880       0.9161
   15881       0.7827
   15882       0.8471
   15883       0.8887
   15884       0.8575
   15885       0.9126
   15886       0.8677
   15887       0.8697
   15888       0.9268
   15889       0.9582
   15890       0.9759
   15891       0.9766
   15892       0.8910
   15893       0.9055
   15894       1.0034
   15895       0.8937
   15896       0.8793
   15897       1.0175
   15898       0.8830
   15899       0.8511
   15900       0.9864
   15901       0.8420
   15902       0.9514
   15903       0.8893
   15904       0.8317
   15905       0.8843
   15906       0.8776
   15907       1.0641
   15908       0.9666
   15909       1.0078
   15910       1.0188
   15911       1.0748
   15912       1.0956
   15913       1.0969
   15914       0.9817
   15915       0.9575
   15916       0.9357
   15917       0.9893
   15918       0.9921
   15919       0.9966
   15920       0.9454
   15921       1.0074
   15922       1.0264
   15923       1.1603
   15924       1.0171
   15925       1.0180
   15926       1.0091
   15927       1.1393
   15928       1.2536
   15929       1.1583
   15930       1.1005
   15931       1.0137
   15932       1.1824
   15933       1.1670
   15934       1.2245
   15935       1.0720
   15936       1.0663
   15937       1.1316
   15938       1.1887
   15939       1.2087
   15940       0.9979
   15941       1.0873
   15942       0.9594
   15943       0.9994
   15944       0.9450
   15945       0.9730
   15946       0.9316
   15947       0.8965
   15948       0.9657
   15949       0.9459
   15950       0.9987
   15951       1.2476
   15952       1.2036
   15953       1.0986
   15954       0.9698
   15955       0.9681
   15956       1.0055
   15957       1.1561
   15958       1.1599
   15959       1.2079
   15960       1.1610
   15961       1.1958
   15962       1.1028
   15963       1.0615
   15964       1.0043
   15965       0.8372
   15966       0.8665
   15967       0.8997
   15968       0.7656
   15969       0.9136
   15970       0.9053
   15971       0.8842
   15972       0.8477
   15973       0.9695
   15974       0.8371
   15975       0.8101
   15976       0.8561
   15977       0.8836
   15978       0.9743
   15979       0.8683
   15980       0.9459
   15981       1.0035
   15982       0.9433
   15983       0.9497
   15984       0.9110
   15985       0.9296
   15986       0.8986
   15987       0.9885
   15988       1.0029
   15989       0.8930
   15990       0.9715
   15991       0.8350
   15992       0.8576
   15993       0.8652
   15994       0.9013
   15995       0.8560
   15996       0.8289
   15997       0.8511
   15998       0.9451
   15999       1.0553
   16000       0.9160
   16001       1.0151
   16002       1.0294
   16003       1.0659
   16004       1.0138
   16005       1.0272
   16006       1.0705
   16007       1.0369
   16008       1.0962
   16009       1.0277
   16010       1.0467
   16011       1.0231
   16012       0.9226
   16013       0.9284
   16014       0.9715
   16015       0.9668
   16016       1.0145
   16017       1.0120
   16018       1.0103
   16019       1.0035
   16020       1.0713
   16021       1.0628
   16022       0.9393
   16023       0.9717
   16024       1.0533
   16025       1.0845
   16026       1.0250
   16027       1.1805
   16028       1.0764
   16029       0.9911
   16030       0.9727
   16031       0.9802
   16032       1.0811
   16033       1.0907
   16034       1.1059
   16035       1.1278
   16036       1.1506
   16037       1.1757
   16038       1.1153
   16039       1.2447
   16040       1.2198
   16041       1.1914
   16042       1.2515
   16043       1.2514
   16044       1.0943
   16045       1.1479
   16046       1.2138
   16047       1.1871
   16048       1.2004
   16049       1.0683
   16050       1.1172
   16051       1.1389
   16052       1.1682
   16053       1.0561
   16054       1.0525
   16055       1.1082
   16056       1.0487
   16057       1.0466
   16058       1.0878
   16059       1.0211
   16060       0.9564
   16061       1.0394
   16062       1.0093
   16063       0.9428
   16064       1.0500
   16065       1.0104
   16066       1.0347
   16067       0.9113
   16068       0.9664
   16069       1.0213
   16070       1.1086
   16071       1.0823
   16072       1.0439
   16073       1.1177
   16074       1.0039
   16075       1.1590
   16076       1.2384
   16077       1.2746
   16078       1.1707
   16079       1.0442
   16080       1.0357
   16081       1.0068
   16082       1.1172
   16083       1.0215
   16084       1.0941
   16085       0.9506
   16086       0.9858
   16087       0.9606
   16088       1.1122
   16089       1.0423
   16090       1.1313
   16091       1.1643
   16092       1.0822
   16093       1.1621
   16094       1.2140
   16095       1.1804
   16096       1.1193
   16097       1.1522
   16098       1.1076
   16099       1.0690
   16100       0.9930
   16101       0.9602
   16102       0.9965
   16103       1.0286
   16104       0.9943
   16105       0.9338
   16106       0.9873
   16107       1.1057
   16108       1.0069
   16109       1.0196
   16110       1.0875
   16111       1.1063
   16112       1.0810
   16113       1.1178
   16114       1.1791
   16115       1.0980
   16116       1.0342
   16117       1.1056
   16118       1.0387
   16119       1.0959
   16120       1.2098
   16121       1.1748
   16122       1.1164
   16123       0.9417
   16124       0.8972
   16125       0.9815
   16126       1.0752
   16127       1.0765
   16128       1.1843
   16129       1.0900
   16130       0.9589
   16131       1.0466
   16132       1.0316
   16133       1.0359
   16134       1.0363
   16135       1.0684
   16136       1.1109
   16137       1.0709
   16138       1.0504
   16139       1.1235
   16140       0.9802
   16141       1.0290
   16142       0.9652
   16143       0.9960
   16144       1.0175
   16145       1.0201
   16146       1.0362
   16147       1.1068
   16148       1.0705
   16149       1.0706
   16150       1.1465
   16151       1.1552
   16152       0.9991
   16153       1.0326
   16154       1.0269
   16155       1.1164
   16156       1.1217
   16157       1.1212
   16158       1.1315
   16159       1.0660
   16160       1.0411
   16161       1.0305
   16162       1.0188
   16163       1.0629
   16164       1.0557
   16165       1.0067
   16166       1.0052
   16167       1.0195
   16168       0.9974
   16169       1.0956
   16170       1.0278
   16171       1.0493
   16172       1.0407
   16173       0.9946
   16174       1.0751
   16175       1.1787
   16176       1.0862
   16177       1.0423
   16178       1.0703
   16179       1.0064
   16180       1.1210
   16181       1.0530
   16182       1.1528
   16183       1.1245
   16184       1.1047
   16185       1.0995
   16186       1.1783
   16187       1.1453
   16188       1.1568
   16189       1.1520
   16190       1.2386
   16191       1.1762
   16192       1.2146
   16193       1.1606
   16194       1.2103
   16195       1.1814
   16196       1.0688
   16197       1.0650
   16198       1.2175
   16199       1.1640
   16200       1.2479
   16201       1.2485
   16202       1.2016
   16203       1.1682
   16204       1.1647
   16205       1.1089
   16206       1.0817
   16207       1.1073
   16208       1.1513
   16209       1.2128
   16210       1.1247
   16211       1.0435
   16212       1.0767
   16213       1.1166
   16214       1.0219
   16215       1.0188
   16216       1.0008
   16217       1.0067
   16218       1.0973
   16219       1.0733
   16220       1.0920
   16221       1.0244
   16222       0.9474
   16223       1.1916
   16224       1.1068
   16225       1.2788
   16226       1.2013
   16227       1.2207
   16228       1.0959
   16229       1.1982
   16230       1.1444
   16231       1.1175
   16232       1.0406
   16233       1.0404
   16234       1.1515
   16235       1.1700
   16236       1.1258
   16237       1.1062
   16238       1.1202
   16239       1.1691
   16240       1.1685
   16241       1.1621
   16242       1.1919
   16243       1.1420
   16244       1.2360
   16245       1.2419
   16246       1.1040
   16247       1.1425
   16248       1.1098
   16249       1.3214
   16250       1.1341
   16251       1.3164
   16252       1.2128
   16253       1.2911
   16254       1.1994
   16255       1.2286
   16256       1.1716
   16257       0.9992
   16258       1.0844
   16259       1.0128
   16260       1.0691
   16261       1.0142
   16262       1.0147
   16263       1.0176
   16264       1.0562
   16265       1.1383
   16266       1.0405
   16267       1.2264
   16268       1.2329
   16269       1.2683
   16270       1.2368
   16271       1.1538
   16272       1.2408
   16273       1.1732
   16274       1.2121
   16275       1.0189
   16276       1.1303
   16277       1.0791
   16278       1.0128
   16279       1.0727
   16280       0.9542
   16281       1.0719
   16282       1.0696
   16283       0.9495
   16284       1.0023
   16285       0.9899
   16286       0.9984
   16287       1.1640
   16288       1.2522
   16289       1.1710
   16290       1.2253
   16291       1.2678
   16292       1.2255
   16293       1.1054
   16294       1.2042
   16295       1.0607
   16296       1.0404
   16297       0.9950
   16298       0.9834
   16299       0.9796
   16300       0.9597
   16301       1.0521
   16302       0.9428
   16303       0.9307
   16304       0.9037
   16305       0.8912
   16306       1.0104
   16307       1.0303
   16308       0.9518
   16309       0.9566
   16310       0.9102
   16311       0.9804
   16312       0.8757
   16313       0.9897
   16314       0.9513
   16315       0.8431
   16316       0.9827
   16317       1.0641
   16318       0.9992
   16319       1.0858
   16320       1.0580
   16321       1.0154
   16322       1.1636
   16323       1.1461
   16324       1.2697
   16325       1.3045
   16326       1.3869
   16327       1.2303
   16328       1.1436
   16329       1.0101
   16330       0.9279
   16331       0.9910
   16332       0.9759
   16333       0.8991
   16334       1.0698
   16335       1.0888
   16336       1.1190
   16337       1.0939
   16338       1.1449
   16339       1.0802
   16340       0.9573
   16341       0.9271
   16342       0.9673
   16343       0.9565
   16344       1.0370
   16345       0.9991
   16346       0.9733
   16347       0.9058
   16348       0.8649
   16349       0.8862
   16350       0.9327
   16351       0.9477
   16352       0.9125
   16353       0.9418
   16354       0.9602
   16355       0.9719
   16356       0.9896
   16357       1.0377
   16358       1.0141
   16359       0.9938
   16360       1.0246
   16361       1.0981
   16362       0.9831
   16363       0.9476
   16364       0.9764
   16365       1.0075
   16366       0.9984
   16367       0.9406
   16368       0.9864
   16369       1.0700
   16370       0.9619
   16371       1.0009
   16372       1.0115
   16373       1.0272
   16374       1.2174
   16375       1.1204
   16376       1.0791
   16377       1.1275
   16378       1.0812
   16379       1.1867
   16380       1.1194
   16381       1.0474
   16382       0.9437
   16383       0.8828
   16384       0.9045
   16385       0.8732
   16386       0.9095
   16387       0.9627
   16388       1.0251
   16389       1.0225
   16390       0.8979
   16391       0.9289
   16392       0.9210
   16393       0.9770
   16394       0.8620
   16395       1.0273
   16396       0.9316
   16397       1.0576
   16398       0.9413
   16399       0.9385
   16400       0.9951
   16401       0.9718
   16402       0.9836
   16403       0.9850
   16404       0.9620
   16405       0.9167
   16406       1.0411
   16407       0.8893
   16408       0.9210
   16409       0.9820
   16410       0.9062
   16411       0.9734
   16412       0.9109
   16413       0.9484
   16414       0.8476
   16415       0.9460
   16416       0.8937
   16417       0.9585
   16418       0.8680
   16419       1.0131
   16420       0.9110
   16421       0.9016
   16422       0.9424
   16423       1.0009
   16424       0.9267
   16425       0.9065
   16426       0.9833
   16427       0.9405
   16428       0.8950
   16429       0.8897
   16430       0.9222
   16431       0.9450
   16432       1.1007
   16433       1.0357
   16434       0.8786
   16435       0.9958
   16436       0.9806
   16437       0.8344
   16438       0.9409
   16439       0.9356
   16440       1.0313
   16441       1.0255
   16442       1.0085
   16443       0.9511
   16444       1.0388
   16445       0.9617
   16446       0.9644
   16447       1.0348
   16448       0.9863
   16449       0.9987
   16450       0.9868
   16451       0.9583
   16452       0.9173
   16453       0.9253
   16454       0.9816
   16455       0.9916
   16456       0.9896
   16457       0.8446
   16458       0.9404
   16459       0.9971
   16460       0.9485
   16461       1.0357
   16462       0.9902
   16463       1.0695
   16464       1.0496
   16465       0.9082
   16466       0.9891
   16467       0.8637
   16468       0.8478
   16469       0.8434
   16470       0.8827
   16471       0.9210
   16472       0.9295
   16473       0.9334
   16474       1.0684
   16475       0.9562
   16476       0.9576
   16477       0.9813
   16478       0.9945
   16479       1.0318
   16480       0.9345
   16481       1.0623
   16482       0.8800
   16483       1.0500
   16484       0.8548
   16485       0.9200
   16486       0.9681
   16487       0.9436
   16488       0.8667
   16489       0.8716
   16490       0.9222
   16491       0.8614
   16492       0.9296
   16493       0.8561
   16494       0.9401
   16495       0.9502
   16496       0.8887
   16497       0.8534
   16498       0.8553
   16499       0.8437
   16500       0.8134
   16501       0.9797
   16502       0.9756
   16503       0.8697
   16504       0.8431
   16505       0.9445
   16506       1.0184
   16507       0.9696
   16508       0.9505
   16509       1.0005
   16510       1.0104
   16511       0.9984
   16512       0.9136
   16513       0.9657
   16514       1.0366
   16515       1.0240
   16516       1.0351
   16517       0.9808
   16518       0.9961
   16519       1.0091
   16520       0.9598
   16521       1.0498
   16522       1.0126
   16523       1.0044
   16524       1.0143
   16525       0.9089
   16526       0.8978
   16527       0.8488
   16528       0.9071
   16529       0.8127
   16530       0.9546
   16531       0.9492
   16532       0.8994
   16533       0.8668
   16534       0.8221
   16535       0.9055
   16536       1.0049
   16537       0.9863
   16538       0.9500
   16539       0.9521
   16540       0.9494
   16541       0.9521
   16542       1.0357
   16543       0.9502
   16544       1.1129
   16545       1.0772
   16546       1.0920
   16547       1.0657
   16548       0.9222
   16549       0.9390
   16550       1.1722
   16551       1.0319
   16552       1.0691
   16553       1.0135
   16554       1.0269
   16555       1.0208
   16556       1.0809
   16557       1.0092
   16558       1.0938
   16559       1.0132
   16560       1.0527
   16561       1.0173
   16562       1.0110
   16563       1.0163
   16564       0.8993
   16565       0.9408
   16566       0.9956
   16567       0.9696
   16568       0.9979
   16569       0.9797
   16570       0.8567
   16571       0.9693
   16572       0.9265
   16573       1.0048
   16574       0.9629
   16575       0.9912
   16576       0.8906
   16577       0.9046
   16578       0.9202
   16579       0.9487
   16580       0.9079
   16581       1.1060
   16582       1.2626
   16583       1.1509
   16584       1.1723
   16585       1.2134
   16586       1.0581
   16587       1.0736
   16588       1.0256
   16589       0.8327
   16590       0.9041
   16591       1.0411
   16592       1.0185
   16593       0.9651
   16594       1.0165
   16595       0.9868
   16596       0.9843
   16597       1.1089
   16598       1.0165
   16599       1.2583
   16600       1.2701
   16601       0.9285
   16602       1.0169
   16603       0.9429
   16604       1.0996
   16605       1.0943
   16606       1.0301
   16607       0.9616
   16608       1.0376
   16609       1.0480
   16610       1.1244
   16611       1.1517
   16612       1.1005
   16613       1.0201
   16614       0.8890
   16615       0.9480
   16616       0.8776
   16617       0.9867
   16618       0.9606
   16619       0.8541
   16620       0.9554
   16621       0.9144
   16622       0.9532
   16623       1.0184
   16624       0.9050
   16625       0.9249
   16626       0.8528
   16627       0.9911
   16628       0.8562
   16629       0.9540
   16630       0.9948
   16631       0.9683
   16632       0.8724
   16633       0.8353
   16634       0.9198
   16635       0.8987
   16636       0.9235
   16637       0.9077
   16638       0.9994
   16639       1.0201
   16640       1.0627
   16641       1.1348
   16642       1.1552
   16643       1.0558
   16644       1.1072
   16645       1.1157
   16646       1.0439
   16647       0.9749
   16648       0.9465
   16649       0.8409
   16650       0.9126
   16651       1.1088
   16652       0.9767
   16653       0.8865
   16654       1.0217
   16655       1.1739
   16656       1.1421
   16657       1.0457
   16658       1.0066
   16659       0.9650
   16660       0.9678
   16661       0.9245
   16662       1.0046
   16663       0.8695
   16664       0.9652
   16665       0.9052
   16666       1.0710
   16667       1.0674
   16668       1.0529
   16669       1.0365
   16670       1.0795
   16671       1.0477
   16672       1.0105
   16673       1.0223
   16674       1.0780
   16675       1.0369
   16676       0.9901
   16677       1.1104
   16678       1.0249
   16679       1.0188
   16680       1.0679
   16681       1.0596
   16682       0.8951
   16683       0.9535
   16684       0.9988
   16685       1.0434
   16686       1.0688
   16687       1.0073
   16688       1.0146
   16689       0.9303
   16690       0.9335
   16691       0.9061
   16692       0.7996
   16693       0.8578
   16694       0.9559
   16695       0.9470
   16696       1.0964
   16697       1.1370
   16698       1.2085
   16699       1.1470
   16700       1.0835
   16701       0.9948
   16702       1.0808
   16703       1.0033
   16704       1.1654
   16705       1.0480
   16706       0.9516
   16707       0.9961
   16708       1.1011
   16709       1.1789
   16710       1.1616
   16711       1.0284
   16712       1.1259
   16713       1.1044
   16714       1.0957
   16715       1.2080
   16716       1.1884
   16717       1.0009
   16718       1.0159
   16719       1.0672
   16720       1.0439
   16721       1.0142
   16722       0.9659
   16723       1.0107
   16724       0.9051
   16725       0.9878
   16726       0.9523
   16727       1.0432
   16728       1.0658
   16729       1.0121
   16730       0.9869
   16731       1.1388
   16732       1.0553
   16733       1.0794
   16734       1.0493
   16735       1.0858
   16736       1.2144
   16737       1.1223
   16738       1.1314
   16739       1.1305
   16740       1.1338
   16741       1.0982
   16742       1.1981
   16743       1.1549
   16744       1.1633
   16745       1.1632
   16746       1.2277
   16747       1.2056
   16748       1.1114
   16749       1.1955
   16750       1.2609
   16751       1.2009
   16752       1.1040
   16753       1.0775
   16754       1.3218
   16755       1.2809
   16756       1.2875
   16757       1.0992
   16758       1.2810
   16759       1.2238
   16760       1.2493
   16761       1.2092
   16762       1.2972
   16763       1.3054
   16764       1.2199
   16765       1.2007
   16766       1.2713
   16767       1.1575
   16768       1.0985
   16769       1.0881
   16770       1.1626
   16771       1.0329
   16772       1.1089
   16773       1.1253
   16774       1.1358
   16775       1.1169
   16776       1.1400
   16777       1.1642
   16778       1.1740
   16779       1.1147
   16780       1.2131
   16781       1.2008
   16782       1.1778
   16783       1.0800
   16784       1.0253
   16785       1.0083
   16786       1.0532
   16787       1.0556
   16788       0.9202
   16789       0.8788
   16790       0.9253
   16791       0.9109
   16792       0.9517
   16793       0.8992
   16794       0.9735
   16795       1.0298
   16796       0.9627
   16797       0.9641
   16798       0.8630
   16799       0.9827
   16800       1.0341
   16801       1.0084
   16802       1.0862
   16803       1.0887
   16804       1.0286
   16805       0.9682
   16806       0.9556
   16807       0.9357
   16808       0.9299
   16809       0.8699
   16810       0.9104
   16811       0.8942
   16812       0.9116
   16813       1.0234
   16814       0.9899
   16815       0.9868
   16816       1.0630
   16817       0.9730
   16818       0.9777
   16819       0.9879
   16820       0.9567
   16821       1.0441
   16822       0.9628
   16823       1.0096
   16824       0.9656
   16825       1.0175
   16826       1.0150
   16827       0.9401
   16828       0.9312
   16829       0.9506
   16830       1.0052
   16831       0.8427
   16832       0.8311
   16833       0.9064
   16834       0.8122
   16835       1.0016
   16836       1.1177
   16837       1.0674
   16838       1.0438
   16839       1.0777
   16840       0.9609
   16841       1.0992
   16842       0.9908
   16843       1.0400
   16844       0.8658
   16845       0.8179
   16846       0.7789
   16847       0.8568
   16848       0.8986
   16849       0.8821
   16850       0.9190
   16851       1.0030
   16852       1.0031
   16853       1.0979
   16854       0.9315
   16855       0.9505
   16856       0.9254
   16857       0.8921
   16858       0.9605
   16859       1.0221
   16860       0.9191
   16861       0.9506
   16862       1.0360
   16863       0.9973
   16864       0.9575
   16865       1.0395
   16866       0.9946
   16867       0.8990
   16868       0.9861
   16869       1.0589
   16870       0.9431
   16871       1.1232
   16872       1.1953
   16873       1.1348
   16874       1.0585
   16875       1.2607
   16876       1.1090
   16877       1.0465
   16878       0.9856
   16879       1.0857
   16880       0.9835
   16881       0.9888
   16882       1.0596
   16883       0.9186
   16884       0.9972
   16885       0.9906
   16886       0.9819
   16887       1.0148
   16888       1.0132
   16889       0.9877
   16890       0.9310
   16891       1.0298
   16892       1.0028
   16893       0.9814
   16894       1.0284
   16895       1.0517
   16896       1.1223
   16897       1.1365
   16898       1.0647
   16899       1.0678
   16900       1.0755
   16901       1.0803
   16902       0.9997
   16903       1.0916
   16904       1.0407
   16905       0.9865
   16906       0.9616
   16907       0.9457
   16908       0.9986
   16909       1.0366
   16910       0.9383
   16911       1.1046
   16912       0.9752
   16913       0.9759
   16914       1.0344
   16915       0.9571
   16916       0.9265
   16917       0.8682
   16918       0.8188
   16919       0.8870
   16920       0.8911
   16921       0.8901
   16922       0.9540
   16923       1.0154
   16924       0.9975
   16925       0.9963
   16926       0.8808
   16927       0.8958
   16928       1.0451
   16929       0.9162
   16930       0.9041
   16931       0.8869
   16932       0.8208
   16933       0.7632
   16934       0.8323
   16935       0.8328
   16936       0.9590
   16937       0.8954
   16938       0.8773
   16939       0.9183
   16940       0.9084
   16941       0.9239
   16942       0.8170
   16943       0.9641
   16944       0.8760
   16945       0.8392
   16946       0.8430
   16947       0.9429
   16948       0.9530
   16949       0.9877
   16950       0.9639
   16951       0.9274
   16952       0.8927
   16953       0.8671
   16954       0.8768
   16955       0.9273
   16956       0.9326
   16957       0.9717
   16958       1.1055
   16959       1.0339
   16960       1.0450
   16961       1.0766
   16962       1.1289
   16963       1.2715
   16964       1.1318
   16965       1.0832
   16966       0.9549
   16967       0.9736
   16968       1.0573
   16969       1.0837
   16970       1.0230
   16971       1.0260
   16972       0.9229
   16973       0.7860
   16974       0.8329
   16975       0.9100
   16976       0.8750
   16977       0.9083
   16978       1.0032
   16979       0.9783
   16980       1.0863
   16981       1.0076
   16982       1.0302
   16983       0.9982
   16984       0.9030
   16985       0.8353
   16986       0.8606
   16987       0.8336
   16988       0.9116
   16989       0.8626
   16990       0.9101
   16991       0.8644
   16992       0.9306
   16993       0.8979
   16994       0.9211
   16995       1.0060
   16996       1.0730
   16997       1.1024
   16998       1.0934
   16999       1.3234
   17000       1.1414
   17001       1.1521
   17002       1.2524
   17003       1.2006
   17004       1.2892
   17005       1.1794
   17006       1.1478
   17007       1.1456
   17008       1.1382
   17009       1.2045
   17010       1.0932
   17011       1.1144
   17012       1.0841
   17013       1.0710
   17014       1.0811
   17015       1.0385
   17016       1.0984
   17017       1.1039
   17018       1.0843
   17019       1.1535
   17020       1.0677
   17021       1.0805
   17022       1.0588
   17023       1.2526
   17024       1.1610
   17025       0.9905
   17026       0.9614
   17027       0.9650
   17028       0.9739
   17029       0.9522
   17030       0.9182
   17031       0.9525
   17032       1.0226
   17033       1.0080
   17034       0.9330
   17035       0.9714
   17036       0.8957
   17037       0.8298
   17038       0.8545
   17039       0.9851
   17040       0.9952
   17041       0.9936
   17042       0.8459
   17043       0.9844
   17044       0.9484
   17045       1.0652
   17046       1.0199
   17047       1.1013
   17048       1.0246
   17049       0.9947
   17050       1.0132
   17051       1.1585
   17052       1.0575
   17053       1.1037
   17054       1.0474
   17055       1.1178
   17056       1.0490
   17057       1.1138
   17058       1.0323
   17059       1.2016
   17060       1.1252
   17061       1.1017
   17062       1.0948
   17063       1.0770
   17064       0.9640
   17065       0.9911
   17066       1.0091
   17067       0.9951
   17068       1.0250
   17069       1.0797
   17070       0.9989
   17071       0.9037
   17072       1.1058
   17073       1.0680
   17074       1.1845
   17075       1.1535
   17076       1.2728
   17077       1.2379
   17078       1.2242
   17079       1.2140
   17080       1.1980
   17081       1.2389
   17082       1.2230
   17083       1.0813
   17084       1.2376
   17085       1.3572
   17086       1.3775
   17087       1.2440
   17088       1.2853
   17089       1.2249
   17090       1.1281
   17091       1.0346
   17092       0.9055
   17093       0.9555
   17094       0.9826
   17095       0.9670
   17096       1.1158
   17097       1.0113
   17098       1.0981
   17099       1.1779
   17100       1.1009
   17101       0.9552
   17102       1.1211
   17103       1.0375
   17104       1.2076
   17105       1.1086
   17106       1.1438
   17107       1.0638
   17108       1.0088
   17109       1.1228
   17110       1.2225
   17111       1.1763
   17112       1.1861
   17113       1.2322
   17114       1.1540
   17115       1.2301
   17116       1.1877
   17117       1.2857
   17118       1.2157
   17119       1.3386
   17120       1.3271
   17121       1.3115
   17122       1.2317
   17123       1.1641
   17124       1.0423
   17125       1.0975
   17126       1.1203
   17127       1.1965
   17128       1.1917
   17129       1.2643
   17130       1.2524
   17131       1.1351
   17132       1.2385
   17133       1.1107
   17134       1.1971
   17135       0.9517
   17136       1.0607
   17137       0.9661
   17138       1.0302
   17139       1.1514
   17140       1.1686
   17141       0.9779
   17142       1.0533
   17143       1.0249
   17144       0.8705
   17145       0.8566
   17146       0.7951
   17147       0.8487
   17148       0.8084
   17149       0.9340
   17150       1.0086
   17151       0.9060
   17152       0.8790
   17153       0.8968
   17154       0.9661
   17155       0.8511
   17156       0.9276
   17157       0.8691
   17158       0.8034
   17159       0.8742
   17160       0.9590
   17161       1.0342
   17162       1.1271
   17163       1.0587
   17164       1.1027
   17165       1.0066
   17166       1.1633
   17167       1.2087
   17168       1.2521
   17169       1.1239
   17170       1.0323
   17171       1.0119
   17172       1.0440
   17173       0.9955
   17174       0.9268
   17175       0.9034
   17176       0.9717
   17177       0.9778
   17178       0.8878
   17179       0.8067
   17180       0.9852
   17181       0.9825
   17182       0.9280
   17183       0.9664
   17184       0.8807
   17185       0.9410
   17186       0.9063
   17187       0.9340
   17188       0.9052
   17189       0.8869
   17190       0.7755
   17191       0.9412
   17192       0.8946
   17193       0.9054
   17194       0.9508
   17195       0.8734
   17196       0.8938
   17197       0.9146
   17198       0.9361
   17199       0.9024
   17200       0.8889
   17201       0.9414
   17202       0.9081
   17203       1.0082
   17204       1.0059
   17205       0.9641
   17206       0.8510
   17207       0.8899
   17208       0.8502
   17209       0.8119
   17210       0.8901
   17211       0.9176
   17212       0.9159
   17213       0.9859
   17214       1.0200
   17215       1.0160
   17216       0.9774
   17217       1.0056
   17218       0.9938
   17219       0.9924
   17220       1.0183
   17221       0.9648
   17222       0.9233
   17223       0.9943
   17224       1.0012
   17225       1.0150
   17226       1.0263
   17227       0.9948
   17228       0.9798
   17229       0.9518
   17230       1.0190
   17231       0.9516
   17232       0.9338
   17233       0.8974
   17234       1.0032
   17235       0.9400
   17236       1.0287
   17237       1.0614
   17238       0.9765
   17239       0.9552
   17240       0.9204
   17241       0.8859
   17242       0.8762
   17243       1.0220
   17244       0.9133
   17245       0.9775
   17246       0.9182
   17247       0.8440
   17248       0.8539
   17249       0.8624
   17250       0.9150
   17251       0.8826
   17252       0.8495
   17253       0.9280
   17254       0.9054
   17255       0.8709
   17256       0.8535
   17257       0.8998
   17258       0.9236
   17259       0.9746
   17260       0.9834
   17261       0.8425
   17262       0.8742
   17263       0.9271
   17264       0.9308
   17265       1.0829
   17266       0.8546
   17267       0.7739
   17268       0.8524
   17269       0.9141
   17270       0.8702
   17271       0.8787
   17272       0.8610
   17273       0.9707
   17274       0.8213
   17275       0.9131
   17276       0.8495
   17277       0.9095
   17278       0.9351
   17279       0.8126
   17280       0.8806
   17281       0.7921
   17282       0.9869
   17283       0.8390
   17284       0.9328
   17285       0.8342
   17286       0.9592
   17287       0.9306
   17288       0.8322
   17289       0.8534
   17290       0.9199
   17291       0.8824
   17292       0.9383
   17293       0.8969
   17294       0.9739
   17295       0.9786
   17296       0.8714
   17297       0.8561
   17298       0.8261
   17299       0.8048
   17300       0.8254
   17301       0.8768
   17302       0.8751
   17303       0.8768
   17304       0.8522
   17305       0.8520
   17306       0.8225
   17307       0.9273
   17308       0.8466
   17309       0.9085
   17310       0.8392
   17311       0.9334
   17312       0.9080
   17313       0.9921
   17314       1.0497
   17315       0.9234
   17316       0.8947
   17317       0.9564
   17318       0.8879
   17319       0.9691
   17320       0.9044
   17321       0.9110
   17322       0.8774
   17323       0.9241
   17324       0.8548
   17325       0.9203
   17326       0.8490
   17327       0.9089
   17328       0.8354
   17329       0.8962
   17330       0.9058
   17331       0.9487
   17332       0.9945
   17333       1.0802
   17334       1.0993
   17335       1.1378
   17336       0.9899
   17337       1.0582
   17338       1.1969
   17339       0.9649
   17340       1.0271
   17341       0.9736
   17342       1.0334
   17343       1.0082
   17344       1.0106
   17345       0.8860
   17346       0.8699
   17347       0.9612
   17348       0.8418
   17349       0.8641
   17350       0.7938
   17351       0.7620
   17352       0.7902
   17353       0.8834
   17354       0.8583
   17355       0.9530
   17356       0.9521
   17357       0.8956
   17358       0.9597
   17359       0.9696
   17360       0.9419
   17361       0.9057
   17362       0.8469
   17363       0.8407
   17364       0.8576
   17365       0.8674
   17366       0.8253
   17367       0.9680
   17368       0.8238
   17369       0.8710
   17370       1.0921
   17371       1.0913
   17372       1.0091
   17373       1.0015
   17374       0.9732
   17375       0.9825
   17376       0.9354
   17377       0.8944
   17378       0.9849
   17379       0.9088
   17380       0.8869
   17381       0.9646
   17382       0.9105
   17383       0.8967
   17384       0.8379
   17385       1.0111
   17386       0.8239
   17387       0.8407
   17388       0.8971
   17389       0.8274
   17390       0.9363
   17391       0.8662
   17392       0.8765
   17393       0.9176
   17394       0.8446
   17395       0.9337
   17396       0.9241
   17397       1.0207
   17398       1.0819
   17399       1.0207
   17400       1.0296
   17401       0.8913
   17402       0.9890
   17403       0.8598
   17404       0.9663
   17405       0.8766
   17406       0.9321
   17407       0.8870
   17408       0.9561
   17409       1.1243
   17410       1.0057
   17411       0.9917
   17412       0.9622
   17413       0.9971
   17414       0.9338
   17415       0.9366
   17416       1.0434
   17417       0.9745
   17418       0.9038
   17419       1.0468
   17420       0.8933
   17421       0.9229
   17422       1.0098
   17423       1.0540
   17424       1.0576
   17425       0.9100
   17426       0.9375
   17427       0.9356
   17428       1.0678
   17429       0.9537
   17430       0.9174
   17431       0.8895
   17432       0.9912
   17433       0.9346
   17434       1.0481
   17435       0.8961
   17436       1.0113
   17437       1.0613
   17438       1.2082
   17439       0.9758
   17440       1.0284
   17441       1.0009
   17442       1.1063
   17443       0.9750
   17444       1.0841
   17445       1.0727
   17446       1.1892
   17447       1.1416
   17448       1.1291
   17449       1.1512
   17450       1.1300
   17451       0.9645
   17452       1.0590
   17453       1.0732
   17454       1.1059
   17455       1.0804
   17456       0.9863
   17457       0.9827
   17458       1.0132
   17459       1.0067
   17460       0.9949
   17461       0.9058
   17462       0.8997
   17463       0.9954
   17464       1.0439
   17465       1.0088
   17466       0.9906
   17467       0.9700
   17468       0.9155
   17469       0.9772
   17470       0.9865
   17471       0.9391
   17472       1.0825
   17473       0.9399
   17474       1.0022
   17475       0.9313
   17476       0.8363
   17477       0.8061
   17478       0.8159
   17479       0.7957
   17480       0.9108
   17481       0.8304
   17482       0.7172
   17483       0.8002
   17484       0.9211
   17485       0.9192
   17486       1.0169
   17487       0.9578
   17488       1.0497
   17489       0.9031
   17490       0.9565
   17491       1.0364
   17492       0.9632
   17493       1.1805
   17494       1.0389
   17495       0.9344
   17496       0.9618
   17497       1.0197
   17498       1.0706
   17499       1.2268
   17500       1.1237
   17501       0.9982
   17502       0.9946
   17503       1.0112
   17504       1.0188
   17505       1.0180
   17506       1.0612
   17507       1.0170
   17508       1.0871
   17509       0.9775
   17510       1.1464
   17511       1.0436
   17512       1.0478
   17513       0.9215
   17514       0.8151
   17515       0.9131
   17516       0.9315
   17517       0.9280
   17518       0.9927
   17519       0.9448
   17520       0.9722
   17521       0.9029
   17522       0.9423
   17523       0.9400
   17524       0.8927
   17525       0.8560
   17526       0.9440
   17527       0.9568
   17528       0.9106
   17529       0.8662
   17530       0.8426
   17531       0.8754
   17532       0.8537
   17533       0.9502
   17534       0.8793
   17535       0.9197
   17536       0.9074
   17537       0.8855
   17538       0.8968
   17539       0.9196
   17540       0.9237
   17541       1.0537
   17542       1.0754
   17543       0.9878
   17544       1.1169
   17545       1.0949
   17546       1.0653
   17547       0.9720
   17548       1.0707
   17549       0.9752
   17550       1.0736
   17551       1.0765
   17552       1.0455
   17553       1.0179
   17554       1.0059
   17555       0.9925
   17556       0.9135
   17557       0.9170
   17558       0.9327
   17559       0.9302
   17560       1.0254
   17561       0.9881
   17562       1.0233
   17563       0.9622
   17564       1.0239
   17565       1.0678
   17566       1.2052
   17567       1.1393
   17568       1.0952
   17569       1.0630
   17570       1.0933
   17571       1.0727
   17572       1.0939
   17573       1.1484
   17574       1.0738
   17575       0.9966
   17576       1.0391
   17577       1.0338
   17578       1.0137
   17579       1.0438
   17580       0.9422
   17581       1.0420
   17582       0.9436
   17583       0.9528
   17584       1.0525
   17585       1.0046
   17586       1.0268
   17587       0.9450
   17588       1.0399
   17589       1.0152
   17590       1.0116
   17591       1.0018
   17592       1.0207
   17593       0.9929
   17594       0.9188
   17595       0.8340
   17596       0.8515
   17597       0.9651
   17598       0.9039
   17599       0.8097
   17600       0.9811
   17601       0.9368
   17602       0.9278
   17603       0.9919
   17604       0.9198
   17605       0.9229
   17606       0.8955
   17607       0.8930
   17608       0.9469
   17609       0.9226
   17610       0.9502
   17611       0.8890
   17612       0.8519
   17613       0.8931
   17614       0.8549
   17615       1.0044
   17616       0.9651
   17617       0.8750
   17618       0.7917
   17619       0.8499
   17620       0.9110
   17621       0.9023
   17622       0.9997
   17623       1.0216
   17624       0.9250
   17625       0.9790
   17626       0.9464
   17627       0.9894
   17628       1.0005
   17629       0.8959
   17630       1.1658
   17631       1.0488
   17632       1.1080
   17633       1.0128
   17634       0.9742
   17635       1.0147
   17636       0.9895
   17637       1.0115
   17638       0.9689
   17639       0.8991
   17640       1.0290
   17641       0.9484
   17642       0.9639
   17643       1.0742
   17644       1.1119
   17645       1.1389
   17646       1.1725
   17647       1.0487
   17648       0.9864
   17649       1.0263
   17650       1.0946
   17651       1.0643
   17652       1.0726
   17653       0.9420
   17654       1.0681
   17655       1.1052
   17656       1.0373
   17657       1.1361
   17658       1.2695
   17659       1.1234
   17660       1.1011
   17661       1.1659
   17662       1.0242
   17663       1.0300
   17664       0.9802
   17665       1.0586
   17666       0.9292
   17667       0.8923
   17668       0.9519
   17669       0.8934
   17670       0.9435
   17671       1.1234
   17672       0.8915
   17673       0.9139
   17674       0.8257
   17675       0.9944
   17676       0.9161
   17677       0.9723
   17678       1.0067
   17679       1.0713
   17680       0.9322
   17681       0.9744
   17682       1.0335
   17683       0.9674
   17684       0.9883
   17685       1.0829
   17686       1.0801
   17687       1.1219
   17688       1.1184
   17689       1.1085
   17690       1.0395
   17691       1.0194
   17692       1.0157
   17693       0.9919
   17694       0.9584
   17695       1.0109
   17696       1.0433
   17697       1.0971
   17698       1.0805
   17699       1.0591
   17700       1.0107
   17701       1.2080
   17702       1.1686
   17703       1.1384
   17704       1.0993
   17705       0.9536
   17706       0.9864
   17707       1.0025
   17708       1.0053
   17709       0.9749
   17710       1.0494
   17711       1.1021
   17712       1.1340
   17713       1.0834
   17714       0.9959
   17715       1.0056
   17716       0.9759
   17717       1.0839
   17718       1.1177
   17719       1.1045
   17720       1.0932
   17721       1.1120
   17722       1.0730
   17723       0.9908
   17724       1.0415
   17725       0.9597
   17726       1.0714
   17727       1.0926
   17728       1.0764
   17729       1.0297
   17730       1.0097
   17731       1.0862
   17732       1.2809
   17733       1.3010
   17734       1.1863
   17735       1.1903
   17736       1.2631
   17737       1.1567
   17738       1.2176
   17739       1.2661
   17740       1.1834
   17741       1.1232
   17742       1.1582
   17743       1.0408
   17744       0.9822
   17745       1.0714
   17746       1.0427
   17747       0.9966
   17748       0.9455
   17749       1.0346
   17750       1.0270
   17751       1.0258
   17752       1.0041
   17753       0.9220
   17754       1.0158
   17755       0.9048
   17756       0.8868
   17757       0.9987
   17758       0.9289
   17759       0.9159
   17760       0.8823
   17761       0.9152
   17762       0.9312
   17763       0.9354
   17764       0.9280
   17765       1.0074
   17766       1.0030
   17767       1.0561
   17768       0.9869
   17769       1.0230
   17770       1.0956
   17771       1.0783
   17772       0.9730
   17773       1.0741
   17774       1.0187
   17775       0.9380
   17776       1.0426
   17777       1.0354
   17778       1.0660
   17779       1.0131
   17780       1.0283
   17781       0.9286
   17782       1.0274
   17783       0.9663
   17784       0.8868
   17785       0.9156
   17786       0.9516
   17787       0.9916
   17788       0.9613
   17789       0.9710
   17790       0.9734
   17791       0.9962
   17792       1.0568
   17793       1.0020
   17794       0.8871
   17795       0.8576
   17796       0.8397
   17797       0.9481
   17798       0.9164
   17799       0.9255
   17800       0.9761
   17801       0.9817
   17802       0.9220
   17803       0.9991
   17804       1.0754
   17805       0.9946
   17806       0.9513
   17807       0.9188
   17808       0.9273
   17809       0.9141
   17810       0.8444
   17811       0.8824
   17812       0.9169
   17813       0.9665
   17814       0.8765
   17815       0.9214
   17816       0.9597
   17817       0.9969
   17818       0.8970
   17819       0.8694
   17820       0.8606
   17821       0.8695
   17822       0.9004
   17823       0.8104
   17824       0.8524
   17825       0.7818
   17826       0.8646
   17827       0.8487
   17828       0.9759
   17829       1.0958
   17830       0.9905
   17831       0.9983
   17832       0.9504
   17833       0.9241
   17834       0.9005
   17835       1.0721
   17836       1.0504
   17837       0.8758
   17838       0.8377
   17839       0.8692
   17840       0.9098
   17841       0.8202
   17842       0.9497
   17843       0.9221
   17844       1.0242
   17845       0.9136
   17846       0.8822
   17847       0.8859
   17848       0.9810
   17849       0.9731
   17850       1.0126
   17851       0.9837
   17852       0.9305
   17853       0.9318
   17854       0.8639
   17855       0.8972
   17856       0.9198
   17857       0.9191
   17858       0.9445
   17859       0.9147
   17860       1.0086
   17861       0.9143
   17862       0.8955
   17863       0.9476
   17864       0.8894
   17865       0.8678
   17866       0.8407
   17867       0.8918
   17868       1.0908
   17869       1.0107
   17870       1.0957
   17871       0.9677
   17872       0.9636
   17873       0.9566
   17874       0.9092
   17875       0.9371
   17876       0.8607
   17877       0.9469
   17878       0.8507
   17879       0.7913
   17880       0.8076
   17881       0.8096
   17882       0.9477
   17883       0.8315
   17884       0.9443
   17885       0.8833
   17886       0.9176
   17887       0.9005
   17888       0.8211
   17889       0.8282
   17890       0.8571
   17891       0.8902
   17892       0.8814
   17893       0.8517
   17894       0.9125
   17895       0.8019
   17896       0.9611
   17897       0.9527
   17898       0.9243
   17899       0.9587
   17900       0.8756
   17901       0.9056
   17902       0.8914
   17903       0.8997
   17904       0.8265
   17905       0.9122
   17906       0.9260
   17907       1.0221
   17908       0.9633
   17909       0.9894
   17910       0.9727
   17911       1.0761
   17912       1.0520
   17913       0.9726
   17914       0.9801
   17915       0.9501
   17916       0.9940
   17917       0.9920
   17918       1.0344
   17919       1.0290
   17920       1.0725
   17921       1.0870
   17922       1.0096
   17923       1.0242
   17924       0.9888
   17925       0.9397
   17926       0.9763
   17927       0.9087
   17928       0.9433
   17929       1.0022
   17930       0.9682
   17931       1.0980
   17932       0.9414
   17933       0.9833
   17934       1.0856
   17935       0.9831
   17936       1.0467
   17937       1.0580
   17938       1.0321
   17939       0.8244
   17940       0.9101
   17941       0.8924
   17942       1.0083
   17943       1.0653
   17944       1.0148
   17945       0.9563
   17946       0.9612
   17947       0.9923
   17948       1.0182
   17949       1.0358
   17950       0.9363
   17951       0.9442
   17952       0.9223
   17953       0.9176
   17954       0.9023
   17955       0.8733
   17956       0.9311
   17957       0.9560
   17958       0.9618
   17959       0.8845
   17960       0.9067
   17961       0.8180
   17962       0.7734
   17963       0.8792
   17964       0.7655
   17965       0.8070
   17966       0.8733
   17967       0.7072
   17968       0.7855
   17969       0.8909
   17970       0.8659
   17971       0.9143
   17972       0.8842
   17973       0.8070
   17974       0.8140
   17975       0.8545
   17976       0.8159
   17977       0.7823
   17978       0.7482
   17979       0.7851
   17980       0.8899
   17981       1.0032
   17982       0.9667
   17983       0.9920
   17984       0.8194
   17985       0.8425
   17986       0.9132
   17987       0.7999
   17988       0.7499
   17989       0.7597
   17990       0.8593
   17991       0.8105
   17992       0.8058
   17993       0.7999
   17994       0.7583
   17995       0.8094
   17996       0.7701
   17997       0.8515
   17998       0.8541
   17999       0.9449
   18000       1.0021
   18001       1.0149
   18002       1.0178
   18003       0.8461
   18004       0.8488
   18005       0.8788
   18006       0.8901
   18007       0.9366
   18008       1.0357
   18009       1.0779
   18010       1.0818
   18011       1.1811
   18012       1.1362
   18013       1.0239
   18014       0.9214
   18015       1.0184
   18016       0.9797
   18017       0.9417
   18018       0.9329
   18019       1.0066
   18020       1.0322
   18021       0.8906
   18022       0.9115
   18023       0.9564
   18024       1.0463
   18025       0.9669
   18026       1.0311
   18027       1.0052
   18028       0.8934
   18029       0.8853
   18030       0.8693
   18031       0.9645
   18032       0.9025
   18033       0.9094
   18034       0.8590
   18035       0.8456
   18036       1.0481
   18037       1.0647
   18038       0.9809
   18039       0.9759
   18040       0.9893
   18041       0.9073
   18042       0.9097
   18043       0.9260
   18044       0.8788
   18045       0.8702
   18046       0.8264
   18047       0.8967
   18048       0.8658
   18049       0.8874
   18050       0.8845
   18051       0.8602
   18052       0.9129
   18053       0.8766
   18054       0.9595
   18055       0.9038
   18056       0.9029
   18057       0.9323
   18058       0.9030
   18059       0.9447
   18060       0.9733
   18061       0.9262
   18062       0.9946
   18063       1.0561
   18064       0.9994
   18065       0.8825
   18066       1.0807
   18067       1.0549
   18068       0.9248
   18069       0.9057
   18070       0.9540
   18071       0.9405
   18072       1.0287
   18073       0.9327
   18074       0.9361
   18075       0.8850
   18076       0.8319
   18077       0.8705
   18078       0.9417
   18079       0.9230
   18080       0.9698
   18081       0.8948
   18082       0.9047
   18083       0.9037
   18084       0.8755
   18085       0.9492
   18086       1.0049
   18087       0.9909
   18088       0.8972
   18089       1.0155
   18090       1.0851
   18091       0.9905
   18092       1.0424
   18093       0.9492
   18094       0.9738
   18095       0.9430
   18096       0.9240
   18097       0.9405
   18098       0.9037
   18099       0.8490
   18100       1.0318
   18101       0.8527
   18102       0.8542
   18103       1.0041
   18104       1.0236
   18105       1.0966
   18106       1.1735
   18107       1.0583
   18108       1.0344
   18109       1.0225
   18110       1.0913
   18111       0.9819
   18112       0.9883
   18113       0.9278
   18114       1.0257
   18115       1.0525
   18116       1.1721
   18117       1.1618
   18118       1.0235
   18119       0.9799
   18120       1.0166
   18121       1.0206
   18122       0.9681
   18123       0.8765
   18124       0.9534
   18125       0.9140
   18126       0.9774
   18127       0.9498
   18128       0.8669
   18129       0.9301
   18130       0.9211
   18131       0.9269
   18132       0.9492
   18133       0.8549
   18134       0.9198
   18135       1.0248
   18136       0.9328
   18137       0.8061
   18138       0.8957
   18139       0.8357
   18140       0.8430
   18141       0.8359
   18142       0.8420
   18143       0.8566
   18144       0.9255
   18145       0.8878
   18146       0.9029
   18147       0.9413
   18148       0.8305
   18149       0.9681
   18150       0.8717
   18151       0.9051
   18152       1.0253
   18153       0.9784
   18154       1.1189
   18155       1.0673
   18156       1.0885
   18157       1.0416
   18158       0.9574
   18159       1.0151
   18160       0.9332
   18161       1.0202
   18162       0.9849
   18163       1.0184
   18164       1.0750
   18165       0.9732
   18166       0.9108
   18167       0.9468
   18168       0.9492
   18169       0.9676
   18170       0.9610
   18171       0.9417
   18172       0.9081
   18173       0.8621
   18174       0.8508
   18175       0.8139
   18176       0.8608
   18177       0.8915
   18178       0.9012
   18179       0.8066
   18180       0.9078
   18181       0.8761
   18182       0.7993
   18183       0.8691
   18184       0.9460
   18185       0.8683
   18186       0.8139
   18187       0.8112
   18188       0.7872
   18189       0.7799
   18190       0.8918
   18191       0.9021
   18192       0.9537
   18193       0.9005
   18194       0.9460
   18195       0.9881
   18196       0.8706
   18197       0.8913
   18198       0.9390
   18199       0.8620
   18200       0.9020
   18201       0.9173
   18202       0.8998
   18203       0.8284
   18204       0.8612
   18205       0.8610
   18206       0.8355
   18207       0.9125
   18208       0.9114
   18209       0.8253
   18210       0.7901
   18211       0.8646
   18212       0.8229
   18213       0.8507
   18214       0.8921
   18215       0.8378
   18216       0.9765
   18217       0.9045
   18218       0.8722
   18219       0.9654
   18220       0.9814
   18221       1.0773
   18222       1.0619
   18223       1.1654
   18224       1.1812
   18225       0.9133
   18226       0.8965
   18227       0.9833
   18228       0.8929
   18229       0.8350
   18230       0.7977
   18231       0.8451
   18232       0.8121
   18233       0.8190
   18234       0.8726
   18235       0.8554
   18236       0.9690
   18237       0.8609
   18238       0.9843
   18239       0.8737
   18240       0.8466
   18241       0.9095
   18242       0.9134
   18243       0.9180
   18244       0.9478
   18245       0.9723
   18246       0.9644
   18247       0.9164
   18248       1.0301
   18249       1.1173
   18250       1.0365
   18251       1.1166
   18252       1.2019
   18253       1.1947
   18254       1.0569
   18255       1.2471
   18256       1.1204
   18257       1.0784
   18258       1.0194
   18259       1.1187
   18260       1.1664
   18261       1.1124
   18262       1.0134
   18263       1.0244
   18264       0.9837
   18265       0.9265
   18266       1.0162
   18267       1.1282
   18268       1.0216
   18269       1.0354
   18270       0.9862
   18271       0.9622
   18272       1.0366
   18273       0.9473
   18274       0.9713
   18275       0.8285
   18276       0.9680
   18277       1.0290
   18278       0.9543
   18279       0.9528
   18280       1.0849
   18281       1.1243
   18282       1.0897
   18283       0.9865
   18284       1.0195
   18285       0.9782
   18286       0.9046
   18287       1.0051
   18288       0.9077
   18289       0.9031
   18290       0.8539
   18291       0.9251
   18292       0.8517
   18293       0.8595
   18294       0.8772
   18295       1.0429
   18296       0.9102
   18297       0.9399
   18298       0.9095
   18299       0.8440
   18300       0.9104
   18301       0.9578
   18302       0.9229
   18303       0.8859
   18304       0.8746
   18305       0.9506
   18306       0.8740
   18307       0.8986
   18308       0.8006
   18309       0.8604
   18310       0.9453
   18311       1.1575
   18312       1.1160
   18313       0.9878
   18314       0.9899
   18315       0.9647
   18316       0.9588
   18317       0.9668
   18318       1.2104
   18319       1.1405
   18320       1.1468
   18321       1.1015
   18322       1.2077
   18323       1.2777
   18324       1.3706
   18325       1.2523
   18326       1.0000
   18327       1.2338
   18328       1.2403
   18329       1.1137
   18330       1.0668
   18331       1.0409
   18332       0.9061
   18333       0.9821
   18334       1.0058
   18335       0.9176
   18336       0.9278
   18337       0.9685
   18338       1.0214
   18339       0.9226
   18340       1.0460
   18341       1.0580
   18342       0.8557
   18343       0.9944
   18344       0.9928
   18345       0.8957
   18346       0.9916
   18347       0.9882
   18348       0.9115
   18349       0.9614
   18350       0.8586
   18351       0.8938
   18352       0.9400
   18353       0.9888
   18354       0.9495
   18355       0.9236
   18356       1.0172
   18357       1.2113
   18358       1.0084
   18359       1.2006
   18360       1.0919
   18361       1.1750
   18362       1.1521
   18363       0.9485
   18364       1.0306
   18365       0.9052
   18366       1.0546
   18367       1.1307
   18368       1.0643
   18369       1.1117
   18370       1.0069
   18371       1.0031
   18372       0.9726
   18373       0.9580
   18374       0.9013
   18375       1.0553
   18376       0.9486
   18377       0.9096
   18378       0.9085
   18379       0.9718
   18380       0.8939
   18381       0.9542
   18382       1.0638
   18383       0.9174
   18384       0.9402
   18385       0.9450
   18386       0.9338
   18387       0.8496
   18388       0.8443
   18389       0.8344
   18390       0.8139
   18391       0.8645
   18392       0.7895
   18393       0.8073
   18394       0.8654
   18395       0.8139
   18396       0.8576
   18397       0.8250
   18398       0.8505
   18399       0.7363
   18400       0.7760
   18401       0.8450
   18402       0.7743
   18403       0.7539
   18404       0.8115
   18405       0.8607
   18406       0.8679
   18407       0.8351
   18408       0.9229
   18409       0.8750
   18410       0.7755
   18411       0.8338
   18412       0.7420
   18413       0.8145
   18414       0.7949
   18415       0.9437
   18416       0.8630
   18417       0.9110
   18418       0.9012
   18419       0.9372
   18420       0.8589
   18421       0.9523
   18422       0.9831
   18423       0.9545
   18424       0.9414
   18425       0.8994
   18426       0.9474
   18427       0.8284
   18428       0.9833
   18429       0.9284
   18430       0.9472
   18431       0.9836
   18432       0.8701
   18433       0.8409
   18434       0.9012
   18435       0.9151
   18436       0.8530
   18437       0.9113
   18438       0.9649
   18439       0.8184
   18440       0.8808
   18441       0.8085
   18442       0.9321
   18443       0.7885
   18444       0.8124
   18445       0.8502
   18446       0.9710
   18447       0.8510
   18448       0.8153
   18449       0.8771
   18450       0.8391
   18451       0.8323
   18452       0.8523
   18453       0.8261
   18454       0.8169
   18455       0.7872
   18456       0.8653
   18457       0.8476
   18458       0.8082
   18459       0.8459
   18460       0.9799
   18461       0.8316
   18462       0.8326
   18463       0.8281
   18464       0.9290
   18465       0.8317
   18466       0.9105
   18467       0.8603
   18468       0.9322
   18469       0.9134
   18470       0.8040
   18471       0.8243
   18472       0.9441
   18473       0.8444
   18474       0.8385
   18475       0.7583
   18476       0.8614
   18477       0.8045
   18478       0.7769
   18479       0.8589
   18480       0.8002
   18481       0.8578
   18482       0.8891
   18483       0.8650
   18484       1.0029
   18485       0.9895
   18486       0.9703
   18487       0.8683
   18488       0.9610
   18489       0.8114
   18490       0.8401
   18491       0.8696
   18492       0.8432
   18493       0.9173
   18494       0.9526
   18495       1.0053
   18496       0.9116
   18497       0.8840
   18498       0.8973
   18499       0.8471
   18500       0.9016
   18501       0.8687
   18502       0.8742
   18503       0.8670
   18504       0.8523
   18505       0.8096
   18506       0.7776
   18507       0.8094
   18508       0.8578
   18509       0.7489
   18510       0.8492
   18511       0.9363
   18512       0.9008
   18513       1.0818
   18514       0.9187
   18515       0.8402
   18516       0.8983
   18517       0.8718
   18518       0.9694
   18519       0.9405
   18520       0.9285
   18521       1.0155
   18522       0.9204
   18523       0.9505
   18524       0.9587
   18525       0.9427
   18526       1.0464
   18527       0.9679
   18528       0.9429
   18529       0.9235
   18530       0.8708
   18531       0.8697
   18532       0.9473
   18533       1.0440
   18534       1.0163
   18535       0.9382
   18536       0.9263
   18537       0.9050
   18538       0.8682
   18539       0.8673
   18540       0.8592
   18541       0.8426
   18542       0.8153
   18543       0.7410
   18544       0.8753
   18545       0.8077
   18546       0.8398
   18547       0.7584
   18548       0.8281
   18549       0.8696
   18550       0.8778
   18551       0.8982
   18552       0.8517
   18553       0.8248
   18554       0.8794
   18555       0.9388
   18556       0.8432
   18557       0.9838
   18558       0.9574
   18559       0.9556
   18560       0.9667
   18561       0.8604
   18562       0.9113
   18563       0.9033
   18564       0.9293
   18565       0.9089
   18566       0.9990
   18567       0.9978
   18568       1.0633
   18569       1.0648
   18570       1.0261
   18571       1.0396
   18572       1.1073
   18573       1.0777
   18574       1.0956
   18575       1.1977
   18576       1.1112
   18577       1.0946
   18578       1.0715
   18579       1.0127
   18580       0.9017
   18581       0.9191
   18582       0.9794
   18583       0.9288
   18584       0.9426
   18585       0.9558
   18586       1.0177
   18587       0.9714
   18588       1.0112
   18589       0.9860
   18590       0.9968
   18591       1.0078
   18592       1.0607
   18593       1.1003
   18594       1.0940
   18595       1.1224
   18596       1.0822
   18597       0.9926
   18598       1.0164
   18599       1.0741
   18600       1.1524
   18601       1.0674
   18602       0.9686
   18603       1.0688
   18604       0.9971
   18605       1.0131
   18606       1.0311
   18607       1.0783
   18608       1.1101
   18609       1.0198
   18610       1.0542
   18611       0.9487
   18612       0.8570
   18613       0.9456
   18614       0.9143
   18615       0.8965
   18616       0.9394
   18617       0.9305
   18618       0.9777
   18619       0.8706
   18620       0.8655
   18621       1.0180
   18622       0.9637
   18623       1.0595
   18624       0.9553
   18625       1.0556
   18626       0.8868
   18627       1.0757
   18628       1.0135
   18629       0.8895
   18630       0.8329
   18631       0.9305
   18632       1.0197
   18633       1.0811
   18634       1.0013
   18635       0.9498
   18636       0.8642
   18637       0.8890
   18638       0.9011
   18639       1.0064
   18640       1.0223
   18641       1.1451
   18642       1.0110
   18643       0.8488
   18644       0.9955
   18645       0.9973
   18646       0.9907
   18647       0.9922
   18648       0.9610
   18649       0.9797
   18650       0.9896
   18651       1.0962
   18652       1.0382
   18653       1.0000
   18654       0.8918
   18655       0.8832
   18656       0.8827
   18657       0.9606
   18658       0.9251
   18659       1.0807
   18660       1.0425
   18661       1.0107
   18662       0.9433
   18663       0.9585
   18664       1.0600
   18665       0.9883
   18666       1.0031
   18667       1.0335
   18668       1.0139
   18669       0.9043
   18670       0.8777
   18671       0.7838
   18672       0.8339
   18673       0.8677
   18674       0.8593
   18675       0.8994
   18676       0.8969
   18677       0.9343
   18678       0.9810
   18679       1.0259
   18680       0.9837
   18681       1.0291
   18682       1.0983
   18683       1.1759
   18684       0.9926
   18685       1.0807
   18686       0.8525
   18687       0.7983
   18688       0.8728
   18689       0.8630
   18690       0.7863
   18691       0.8789
   18692       0.8613
   18693       1.1397
   18694       0.9090
   18695       0.8992
   18696       0.9076
   18697       1.0279
   18698       0.9764
   18699       1.0502
   18700       0.9922
   18701       1.0150
   18702       0.9307
   18703       0.9096
   18704       0.9398
   18705       0.9150
   18706       0.8717
   18707       1.0936
   18708       1.0728
   18709       1.1062
   18710       1.0231
   18711       1.0773
   18712       1.0111
   18713       1.2118
   18714       1.1053
   18715       1.0209
   18716       1.0488
   18717       1.0504
   18718       1.1644
   18719       1.0527
   18720       1.0367
   18721       1.0295
   18722       1.0480
   18723       1.0445
   18724       1.0626
   18725       1.1481
   18726       1.1097
   18727       1.1999
   18728       1.0869
   18729       1.2777
   18730       1.1458
   18731       1.0955
   18732       1.0942
   18733       0.8844
   18734       0.9108
   18735       0.9475
   18736       0.8080
   18737       0.9219
   18738       0.9662
   18739       0.9661
   18740       0.9859
   18741       0.9540
   18742       1.1307
   18743       1.1828
   18744       1.0603
   18745       0.9493
   18746       0.9972
   18747       0.9185
   18748       0.9533
   18749       0.9563
   18750       0.8677
   18751       0.8331
   18752       0.8444
   18753       0.7997
   18754       0.8469
   18755       0.7719
   18756       0.8886
   18757       0.8017
   18758       0.7979
   18759       0.9369
   18760       1.0320
   18761       1.0727
   18762       0.9900
   18763       1.0253
   18764       1.0108
   18765       0.9759
   18766       0.9538
   18767       1.0072
   18768       1.0660
   18769       1.0334
   18770       0.9850
   18771       0.9494
   18772       0.9024
   18773       0.9915
   18774       0.9657
   18775       1.0303
   18776       0.9319
   18777       0.9287
   18778       1.0773
   18779       1.0519
   18780       0.9260
   18781       0.9378
   18782       0.9661
   18783       1.0115
   18784       1.0233
   18785       1.1534
   18786       0.9562
   18787       0.8934
   18788       0.8948
   18789       0.9647
   18790       1.0254
   18791       1.0744
   18792       0.9859
   18793       0.9390
   18794       1.0306
   18795       1.0295
   18796       0.8945
   18797       0.9875
   18798       1.1239
   18799       1.0445
   18800       1.0283
   18801       1.1648
   18802       1.1662
   18803       1.1377
   18804       1.1045
   18805       1.1280
   18806       1.1348
   18807       1.1177
   18808       1.1350
   18809       1.0315
   18810       1.0310
   18811       1.0341
   18812       1.0583
   18813       0.9284
   18814       1.0124
   18815       1.0120
   18816       1.0659
   18817       0.9810
   18818       0.9286
   18819       1.0999
   18820       1.1341
   18821       1.0286
   18822       1.0054
   18823       0.9978
   18824       0.9444
   18825       0.9482
   18826       0.9244
   18827       0.9040
   18828       0.8997
   18829       1.0857
   18830       1.0340
   18831       1.0907
   18832       1.0470
   18833       1.1075
   18834       1.1346
   18835       1.0885
   18836       1.0682
   18837       1.0408
   18838       0.8830
   18839       0.9550
   18840       0.9491
   18841       0.9756
   18842       1.0355
   18843       1.0563
   18844       0.9624
   18845       0.9377
   18846       0.8881
   18847       0.9362
   18848       0.9920
   18849       1.0415
   18850       0.9907
   18851       0.9624
   18852       1.0181
   18853       0.9826
   18854       1.0245
   18855       1.0427
   18856       0.9893
   18857       1.0023
   18858       1.0059
   18859       1.0345
   18860       0.9919
   18861       1.0025
   18862       0.9431
   18863       0.9273
   18864       1.0671
   18865       1.1540
   18866       1.0665
   18867       1.0853
   18868       1.1276
   18869       1.0519
   18870       0.9871
   18871       0.8754
   18872       0.8751
   18873       0.9353
   18874       0.9953
   18875       0.9254
   18876       0.9563
   18877       0.8620
   18878       1.0907
   18879       0.9725
   18880       1.0247
   18881       0.9745
   18882       1.0227
   18883       1.0433
   18884       0.9966
   18885       1.0851
   18886       1.0380
   18887       1.0650
   18888       0.9945
   18889       1.0841
   18890       1.0736
   18891       1.0185
   18892       1.0550
   18893       1.0373
   18894       1.0586
   18895       1.0108
   18896       1.0536
   18897       0.9930
   18898       0.9741
   18899       0.9993
   18900       0.9141
   18901       0.9618
   18902       0.9150
   18903       1.0290
   18904       1.0993
   18905       1.0613
   18906       0.9103
   18907       0.9336
   18908       0.9423
   18909       0.9297
   18910       0.8721
   18911       0.9314
   18912       0.8680
   18913       0.9021
   18914       0.9743
   18915       1.0545
   18916       1.0404
   18917       1.0453
   18918       1.0201
   18919       1.0697
   18920       1.0584
   18921       1.1685
   18922       1.2762
   18923       1.2143
   18924       1.3513
   18925       1.4396
   18926       1.1747
   18927       1.2907
   18928       1.1777
   18929       1.1896
   18930       1.1003
   18931       1.0068
   18932       0.9873
   18933       0.9617
   18934       0.9403
   18935       0.9398
   18936       0.9800
   18937       1.0660
   18938       1.0675
   18939       0.9562
   18940       0.8737
   18941       0.9463
   18942       0.9942
   18943       0.8976
   18944       1.0220
   18945       1.0082
   18946       1.1349
   18947       1.1235
   18948       1.0056
   18949       0.9313
   18950       0.9529
   18951       0.9985
   18952       0.9481
   18953       0.8956
   18954       0.9626
   18955       0.8804
   18956       0.8950
   18957       0.8389
   18958       0.8395
   18959       0.8880
   18960       0.9169
   18961       1.0205
   18962       1.0893
   18963       0.9286
   18964       0.9435
   18965       1.0410
   18966       0.9522
   18967       0.8472
   18968       0.8053
   18969       0.8370
   18970       0.7768
   18971       0.9010
   18972       0.8221
   18973       0.9011
   18974       0.8692
   18975       0.9028
   18976       0.9274
   18977       0.9250
   18978       0.8290
   18979       0.8346
   18980       0.7447
   18981       0.7959
   18982       0.8502
   18983       0.8680
   18984       0.9202
   18985       0.8328
   18986       0.9684
   18987       0.8328
   18988       0.8611
   18989       1.0295
   18990       0.9497
   18991       0.9025
   18992       0.9639
   18993       1.0015
   18994       0.9315
   18995       0.9158
   18996       0.9759
   18997       0.8413
   18998       0.9044
   18999       1.1257
   19000       1.0179
   19001       0.8677
   19002       0.8093
   19003       0.8167
   19004       0.9265
   19005       0.9247
   19006       0.8970
   19007       0.8037
   19008       0.9546
   19009       0.8851
   19010       0.9036
   19011       0.9180
   19012       0.8945
   19013       0.9387
   19014       0.9933
   19015       1.0664
   19016       0.9627
   19017       0.8216
   19018       0.8231
   19019       0.8450
   19020       0.8168
   19021       0.8532
   19022       0.8649
   19023       0.8732
   19024       0.8752
   19025       0.8285
   19026       0.8785
   19027       0.9949
   19028       0.9172
   19029       0.9804
   19030       0.9828
   19031       1.0725
   19032       1.0185
   19033       0.8829
   19034       0.9571
   19035       0.9644
   19036       1.0401
   19037       0.9004
   19038       1.0284
   19039       0.9807
   19040       0.9577
   19041       0.9990
   19042       1.1924
   19043       1.2729
   19044       1.0443
   19045       0.9451
   19046       0.9455
   19047       0.9444
   19048       1.0199
   19049       0.9790
   19050       0.8760
   19051       0.9561
   19052       0.9681
   19053       0.9424
   19054       0.9350
   19055       0.9581
   19056       0.9639
   19057       0.9401
   19058       0.9023
   19059       0.9497
   19060       0.8724
   19061       0.9325
   19062       0.8359
   19063       0.8821
   19064       0.8138
   19065       0.8836
   19066       0.8893
   19067       0.9619
   19068       0.8653
   19069       0.8785
   19070       0.9665
   19071       0.9259
   19072       0.8827
   19073       0.8497
   19074       0.8741
   19075       0.8848
   19076       0.8018
   19077       0.8152
   19078       0.7899
   19079       0.8843
   19080       0.8875
   19081       0.9833
   19082       0.9830
   19083       0.9561
   19084       1.1753
   19085       1.0799
   19086       1.0419
   19087       1.0275
   19088       1.0173
   19089       1.1769
   19090       1.2137
   19091       1.1185
   19092       1.1164
   19093       1.0238
   19094       1.0609
   19095       1.1313
   19096       1.0213
   19097       1.0007
   19098       0.9707
   19099       0.9904
   19100       1.0067
   19101       0.9326
   19102       0.9763
   19103       0.9267
   19104       1.0070
   19105       0.9726
   19106       1.1468
   19107       1.0008
   19108       0.9915
   19109       1.0682
   19110       1.0843
   19111       0.9119
   19112       0.9568
   19113       0.9856
   19114       1.0040
   19115       1.0418
   19116       0.9767
   19117       0.9725
   19118       1.0444
   19119       1.1283
   19120       1.0441
   19121       1.0536
   19122       1.0999
   19123       1.0522
   19124       1.0374
   19125       0.9493
   19126       1.1215
   19127       1.1423
   19128       1.2000
   19129       1.1267
   19130       1.1396
   19131       1.1019
   19132       1.0152
   19133       1.0119
   19134       1.0473
   19135       1.0460
   19136       1.0411
   19137       1.0798
   19138       1.0185
   19139       1.0167
   19140       1.0357
   19141       1.0012
   19142       0.9862
   19143       1.0060
   19144       0.9312
   19145       1.0376
   19146       1.0161
   19147       0.9968
   19148       1.0743
   19149       1.1512
   19150       1.1221
   19151       1.2119
   19152       1.1274
   19153       1.1063
   19154       1.1234
   19155       1.1779
   19156       1.0824
   19157       1.0635
   19158       1.1168
   19159       1.1243
   19160       1.2006
   19161       1.1702
   19162       1.1453
   19163       1.0175
   19164       1.0663
   19165       1.0771
   19166       1.1876
   19167       1.0833
   19168       1.0921
   19169       1.1167
   19170       1.1158
   19171       0.9920
   19172       0.9324
   19173       0.9847
   19174       0.8390
   19175       0.9831
   19176       0.9605
   19177       1.0273
   19178       0.8548
   19179       0.8399
   19180       0.8199
   19181       0.7532
   19182       0.7236
   19183       0.7657
   19184       0.8262
   19185       0.8929
   19186       0.8741
   19187       0.9274
   19188       0.9098
   19189       0.8837
   19190       0.9401
   19191       0.9420
   19192       0.9421
   19193       0.9287
   19194       0.9318
   19195       0.9392
   19196       0.9269
   19197       0.8757
   19198       0.9027
   19199       0.8713
   19200       0.9637
   19201       0.9288
   19202       0.9088
   19203       0.8427
   19204       0.8187
   19205       0.8336
   19206       0.9005
   19207       0.8376
   19208       0.8646
   19209       0.8861
   19210       0.7655
   19211       0.7988
   19212       0.7969
   19213       0.8323
   19214       0.8964
   19215       0.8894
   19216       0.8670
   19217       0.8631
   19218       0.8288
   19219       0.7757
   19220       0.8497
   19221       0.8127
   19222       0.7774
   19223       0.7992
   19224       0.7491
   19225       0.8267
   19226       0.8654
   19227       0.7926
   19228       0.8486
   19229       0.8496
   19230       0.8451
   19231       0.9465
   19232       0.7618
   19233       0.8220
   19234       0.8857
   19235       0.9220
   19236       1.1423
   19237       0.9751
   19238       1.0329
   19239       0.9448
   19240       0.9302
   19241       1.0416
   19242       1.0895
   19243       1.0016
   19244       0.8160
   19245       0.8347
   19246       1.0384
   19247       0.9442
   19248       0.8943
   19249       0.9064
   19250       0.8409
   19251       0.9014
   19252       0.8803
   19253       0.9249
   19254       0.9046
   19255       0.9311
   19256       0.8573
   19257       0.8637
   19258       0.7992
   19259       0.8484
   19260       0.8190
   19261       0.9445
   19262       0.8984
   19263       0.8786
   19264       0.8550
   19265       0.8844
   19266       0.9581
   19267       0.9305
   19268       0.8948
   19269       0.9184
   19270       0.9574
   19271       0.9205
   19272       0.8619
   19273       0.9036
   19274       0.8825
   19275       0.8737
   19276       0.9141
   19277       0.8578
   19278       0.8929
   19279       0.9653
   19280       0.8757
   19281       0.8623
   19282       0.9238
   19283       0.8662
   19284       0.8561
   19285       0.8955
   19286       0.7948
   19287       0.7870
   19288       0.8099
   19289       0.8198
   19290       0.8881
   19291       0.9557
   19292       0.9398
   19293       1.0143
   19294       1.0415
   19295       0.9338
   19296       1.0477
   19297       0.9737
   19298       0.8670
   19299       0.9768
   19300       0.8523
   19301       0.9532
   19302       0.9576
   19303       0.8927
   19304       1.0181
   19305       0.9206
   19306       0.8638
   19307       0.9070
   19308       0.9155
   19309       0.9067
   19310       1.0826
   19311       0.9737
   19312       0.8787
   19313       0.8272
   19314       0.8664
   19315       0.9240
   19316       0.8795
   19317       0.8395
   19318       0.9113
   19319       0.9158
   19320       0.8283
   19321       0.8299
   19322       0.9407
   19323       0.8140
   19324       0.8967
   19325       0.8544
   19326       0.9168
   19327       0.8307
   19328       0.9093
   19329       0.9179
   19330       0.8560
   19331       0.9271
   19332       0.9113
   19333       0.9466
   19334       0.8863
   19335       0.8824
   19336       0.8804
   19337       0.9334
   19338       0.8620
   19339       0.8704
   19340       0.9696
   19341       0.8415
   19342       0.8573
   19343       0.9303
   19344       0.9272
   19345       0.8944
   19346       0.9780
   19347       1.0158
   19348       0.9560
   19349       1.0284
   19350       1.0656
   19351       0.9573
   19352       0.9694
   19353       1.0417
   19354       0.8431
   19355       0.8804
   19356       0.8333
   19357       0.8434
   19358       0.8277
   19359       0.8142
   19360       0.8461
   19361       1.0099
   19362       0.9652
   19363       0.9092
   19364       1.0037
   19365       1.0646
   19366       0.9292
   19367       1.0641
   19368       0.9643
   19369       0.9661
   19370       0.9287
   19371       0.9142
   19372       0.9107
   19373       0.8854
   19374       0.9146
   19375       1.0162
   19376       1.0401
   19377       1.1034
   19378       1.1294
   19379       1.0047
   19380       0.9229
   19381       1.0230
   19382       0.9603
   19383       0.9128
   19384       1.0075
   19385       1.0595
   19386       0.9192
   19387       0.8377
   19388       0.8484
   19389       0.8339
   19390       0.7885
   19391       0.8194
   19392       0.8595
   19393       0.8060
   19394       0.7986
   19395       0.7716
   19396       0.8320
   19397       0.8837
   19398       0.8705
   19399       0.9198
   19400       0.9446
   19401       1.0042
   19402       0.9359
   19403       0.8443
   19404       0.8179
   19405       0.7771
   19406       0.8721
   19407       0.8435
   19408       0.8926
   19409       0.8609
   19410       0.9843
   19411       0.9197
   19412       0.8408
   19413       0.8532
   19414       0.8918
   19415       0.8572
   19416       1.0331
   19417       0.9789
   19418       0.9633
   19419       0.8230
   19420       0.7892
   19421       0.9018
   19422       0.8627
   19423       0.9378
   19424       0.9762
   19425       0.9372
   19426       0.8963
   19427       0.8107
   19428       0.8597
   19429       0.8706
   19430       0.8899
   19431       0.8475
   19432       0.9211
   19433       0.9799
   19434       1.0203
   19435       1.0337
   19436       1.0680
   19437       1.0654
   19438       0.9554
   19439       1.0078
   19440       0.8552
   19441       1.0070
   19442       1.0454
   19443       1.1253
   19444       1.1071
   19445       1.0538
   19446       1.0771
   19447       0.9899
   19448       0.9190
   19449       0.9365
   19450       0.8951
   19451       0.9042
   19452       1.0139
   19453       0.9586
   19454       0.8426
   19455       0.9230
   19456       1.0086
   19457       0.8498
   19458       0.9322
   19459       0.9933
   19460       1.0421
   19461       1.0379
   19462       0.9421
   19463       0.8590
   19464       0.8960
   19465       1.0481
   19466       1.0471
   19467       0.9983
   19468       1.1393
   19469       1.0459
   19470       1.1327
   19471       1.0119
   19472       0.9553
   19473       1.0224
   19474       0.9208
   19475       0.9550
   19476       0.9212
   19477       0.8583
   19478       0.9717
   19479       0.9990
   19480       1.0850
   19481       1.0160
   19482       1.0999
   19483       1.1143
   19484       1.1454
   19485       1.1811
   19486       1.2181
   19487       1.1820
   19488       1.1328
   19489       1.2158
   19490       1.2187
   19491       1.1615
   19492       1.2673
   19493       1.3212
   19494       1.2533
   19495       1.2100
   19496       1.3051
   19497       1.1755
   19498       1.1222
   19499       1.1649
   19500       1.3149
   19501       1.3619
   19502       1.1799
   19503       1.0571
   19504       1.0860
   19505       1.1469
   19506       1.1142
   19507       1.0428
   19508       1.1611
   19509       1.2104
   19510       1.2454
   19511       1.2912
   19512       1.1922
   19513       1.0962
   19514       1.0365
   19515       0.9728
   19516       0.9462
   19517       1.0223
   19518       0.9704
   19519       0.9898
   19520       0.9950
   19521       1.0906
   19522       1.0197
   19523       1.0488
   19524       1.1294
   19525       1.2155
   19526       1.2086
   19527       1.1899
   19528       1.0937
   19529       1.1865
   19530       1.2264
   19531       1.1839
   19532       1.1442
   19533       0.9671
   19534       0.9982
   19535       1.0129
   19536       0.9361
   19537       0.9195
   19538       0.9794
   19539       0.8756
   19540       0.9213
   19541       0.9234
   19542       0.9832
   19543       0.9092
   19544       1.0601
   19545       0.9966
   19546       0.9399
   19547       0.8939
   19548       0.9182
   19549       1.0604
   19550       0.9500
   19551       1.0276
   19552       0.9345
   19553       0.9563
   19554       0.8831
   19555       0.9540
   19556       0.9392
   19557       0.9581
   19558       0.9574
   19559       0.9741
   19560       1.0583
   19561       1.0423
   19562       1.0442
   19563       0.9358
   19564       0.9533
   19565       0.9564
   19566       1.0031
   19567       0.9807
   19568       0.8378
   19569       0.9047
   19570       0.9173
   19571       1.0237
   19572       1.0788
   19573       1.1981
   19574       1.1334
   19575       1.0805
   19576       1.1216
   19577       1.2595
   19578       1.2177
   19579       1.2617
   19580       1.3275
   19581       1.2070
   19582       1.1433
   19583       1.2645
   19584       1.1986
   19585       1.1198
   19586       1.2217
   19587       1.1894
   19588       1.1151
   19589       1.2051
   19590       1.0324
   19591       1.0982
   19592       1.0924
   19593       1.0446
   19594       0.9890
   19595       1.0340
   19596       1.0014
   19597       0.9231
   19598       0.9501
   19599       0.9812
   19600       1.0521
   19601       0.9843
   19602       1.0964
   19603       1.0047
   19604       1.0889
   19605       1.1293
   19606       1.0174
   19607       0.9926
   19608       1.0308
   19609       0.9768
   19610       0.9169
   19611       0.9856
   19612       0.9569
   19613       0.9628
   19614       1.0010
   19615       0.9690
   19616       0.9431
   19617       1.0436
   19618       0.9569
   19619       0.9842
   19620       1.0096
   19621       0.9635
   19622       0.8421
   19623       0.8801
   19624       0.8236
   19625       0.8658
   19626       0.8536
   19627       0.8657
   19628       0.9387
   19629       0.9811
   19630       0.9775
   19631       0.9826
   19632       0.9767
   19633       0.9448
   19634       0.9852
   19635       1.0223
   19636       1.0015
   19637       1.0115
   19638       0.9264
   19639       0.8954
   19640       0.8531
   19641       0.9824
   19642       0.9367
   19643       0.9025
   19644       1.0686
   19645       0.9918
   19646       1.0801
   19647       0.9504
   19648       0.9533
   19649       0.9169
   19650       0.9104
   19651       0.9810
   19652       0.9331
   19653       0.9492
   19654       1.0009
   19655       0.8975
   19656       0.9422
   19657       0.9344
   19658       0.9134
   19659       0.9260
   19660       1.0026
   19661       1.0128
   19662       1.0385
   19663       0.9891
   19664       0.9596
   19665       0.9298
   19666       0.9310
   19667       0.9853
   19668       1.1301
   19669       0.9584
   19670       0.9751
   19671       0.9160
   19672       1.0379
   19673       1.0106
   19674       0.8909
   19675       0.9839
   19676       0.9901
   19677       0.8617
   19678       0.8268
   19679       0.8280
   19680       1.0162
   19681       1.0493
   19682       1.0041
   19683       1.0516
   19684       1.0494
   19685       1.0910
   19686       0.9663
   19687       0.9777
   19688       0.9539
   19689       0.9813
   19690       0.9374
   19691       1.0323
   19692       1.0488
   19693       1.1703
   19694       1.1154
   19695       1.0513
   19696       1.0908
   19697       1.1039
   19698       1.0076
   19699       1.0354
   19700       1.0085
   19701       1.0601
   19702       1.1880
   19703       1.0748
   19704       0.9205
   19705       0.8812
   19706       1.0248
   19707       0.9089
   19708       0.9914
   19709       1.0002
   19710       1.0267
   19711       0.9343
   19712       0.9166
   19713       0.9856
   19714       0.8822
   19715       0.9327
   19716       1.0361
   19717       0.9299
   19718       0.9826
   19719       1.0482
   19720       1.1200
   19721       1.0059
   19722       1.0267
   19723       0.9869
   19724       1.1091
   19725       1.0200
   19726       1.0051
   19727       1.0253
   19728       0.9443
   19729       1.0067
   19730       1.0685
   19731       0.9531
   19732       1.0118
   19733       0.9750
   19734       0.9714
   19735       1.0405
   19736       1.0669
   19737       0.9914
   19738       1.0291
   19739       1.0534
   19740       1.0302
   19741       0.9470
   19742       0.9848
   19743       0.9964
   19744       0.9627
   19745       1.0107
   19746       1.1684
   19747       0.9688
   19748       0.9510
   19749       0.9179
   19750       0.8613
   19751       0.8970
   19752       0.9689
   19753       1.0189
   19754       1.1460
   19755       1.0854
   19756       1.1488
   19757       1.1202
   19758       1.0390
   19759       1.0563
   19760       1.0600
   19761       1.1069
   19762       1.1083
   19763       1.0614
   19764       1.0547
   19765       1.0884
   19766       1.0065
   19767       1.0848
   19768       1.0451
   19769       1.0509
   19770       1.0572
   19771       0.9678
   19772       1.2149
   19773       0.9835
   19774       0.9718
   19775       0.9922
   19776       0.9100
   19777       1.0345
   19778       1.0665
   19779       0.9636
   19780       1.2390
   19781       1.0729
   19782       1.0332
   19783       0.9402
   19784       1.0323
   19785       1.0207
   19786       1.0485
   19787       1.2141
   19788       1.2537
   19789       1.1305
   19790       1.1298
   19791       1.0102
   19792       1.1255
   19793       1.0029
   19794       1.1361
   19795       1.2065
   19796       1.2435
   19797       1.1540
   19798       1.1763
   19799       1.0411
   19800       1.0101
   19801       0.9149
   19802       1.1372
   19803       1.1917
   19804       1.0723
   19805       1.1024
   19806       1.1701
   19807       1.1335
   19808       1.0810
   19809       1.1310
   19810       1.1051
   19811       1.0503
   19812       1.0381
   19813       1.1031
   19814       0.8993
   19815       0.9180
   19816       0.8826
   19817       1.0327
   19818       0.9262
   19819       0.9377
   19820       0.9890
   19821       1.0132
   19822       1.1000
   19823       1.0337
   19824       1.0492
   19825       1.0486
   19826       1.0099
   19827       0.9963
   19828       1.0387
   19829       0.9870
   19830       0.9700
   19831       0.9640
   19832       0.9224
   19833       1.0135
   19834       0.9520
   19835       0.9154
   19836       0.9750
   19837       1.0445
   19838       1.0462
   19839       1.0389
   19840       1.0877
   19841       0.9982
   19842       1.1249
   19843       1.1476
   19844       1.0370
   19845       1.0465
   19846       1.0723
   19847       1.0721
   19848       1.0456
   19849       0.9920
   19850       1.2006
   19851       1.2141
   19852       1.0845
   19853       0.9731
   19854       1.0438
   19855       1.1327
   19856       1.0502
   19857       0.9580
   19858       1.0182
   19859       1.0422
   19860       1.0736
   19861       1.0062
   19862       1.1787
   19863       1.1227
   19864       1.1665
   19865       1.1622
   19866       1.1270
   19867       1.1713
   19868       1.0333
   19869       1.1755
   19870       1.0569
   19871       1.1197
   19872       1.1194
   19873       1.0820
   19874       1.1685
   19875       1.0708
   19876       1.0446
   19877       1.1127
   19878       1.1126
   19879       1.1020
   19880       1.0924
   19881       1.2059
   19882       1.1956
   19883       1.1859
   19884       0.9904
   19885       1.1177
   19886       1.0248
   19887       1.1503
   19888       1.0927
   19889       1.0684
   19890       1.0823
   19891       0.9699
   19892       0.9494
   19893       1.1115
   19894       1.1000
   19895       1.1466
   19896       1.1225
   19897       1.0598
   19898       1.0571
   19899       0.9679
   19900       1.0256
   19901       1.0202
   19902       0.9803
   19903       1.0509
   19904       1.1185
   19905       1.0971
   19906       1.1617
   19907       1.1717
   19908       1.1369
   19909       1.2144
   19910       1.0968
   19911       1.0279
   19912       1.1073
   19913       0.9599
   19914       1.0011
   19915       0.9855
   19916       1.0060
   19917       0.9393
   19918       0.9033
   19919       0.9288
   19920       0.8772
   19921       0.9256
   19922       0.8720
   19923       1.0180
   19924       0.9446
   19925       1.0353
   19926       0.8457
   19927       0.8437
   19928       0.8683
   19929       0.8718
   19930       0.9542
   19931       1.0002
   19932       1.0509
   19933       0.8674
   19934       0.9542
   19935       1.0795
   19936       1.2242
   19937       1.1182
   19938       1.0174
   19939       0.9846
   19940       1.0026
   19941       1.0031
   19942       1.0743
   19943       1.2786
   19944       1.0902
   19945       1.0460
   19946       1.0660
   19947       1.0380
   19948       0.9121
   19949       0.9026
   19950       0.8551
   19951       0.8258
   19952       0.8494
   19953       0.9144
   19954       0.8727
   19955       0.9024
   19956       0.9278
   19957       0.9516
   19958       0.9662
   19959       1.1206
   19960       1.0246
   19961       0.9353
   19962       0.8320
   19963       0.8422
   19964       0.9859
   19965       0.9514
   19966       0.8437
   19967       0.8148
   19968       0.8062
   19969       0.8565
   19970       0.8772
   19971       0.8588
   19972       0.8907
   19973       0.9558
   19974       0.9535
   19975       0.9043
   19976       1.0127
   19977       1.1164
   19978       1.0583
   19979       1.1687
   19980       1.0977
   19981       1.1118
   19982       1.0422
   19983       1.0326
   19984       1.1592
   19985       1.0311
   19986       1.0781
   19987       1.1129
   19988       1.1324
   19989       1.2718
   19990       1.4957
   19991       1.3897
   19992       1.2155
   19993       1.1636
   19994       1.0967
   19995       1.0417
   19996       1.0366
   19997       1.1455
   19998       0.9706
   19999       0.9616
   20000       0.9064
   20001       1.1531
   20002       1.0690
   20003       1.0842
   20004       1.0236
   20005       0.9370
   20006       0.9855
   20007       1.0743
   20008       1.0338
   20009       1.0337
   20010       1.1076
   20011       1.1101
   20012       1.0118
   20013       0.9881
   20014       1.0342
   20015       0.9808
   20016       1.0070
   20017       1.0419
   20018       1.0597
   20019       0.9959
   20020       1.0906
   20021       1.0133
   20022       0.9515
   20023       0.8966
   20024       0.8843
   20025       0.9108
   20026       0.8780
   20027       0.8797
   20028       0.8371
   20029       0.8451
   20030       0.8471
   20031       0.8760
   20032       0.9374
   20033       0.9708
   20034       0.9191
   20035       0.9592
   20036       1.0627
   20037       1.0325
   20038       0.9799
   20039       0.9642
   20040       0.9122
   20041       0.9425
   20042       0.8579
   20043       0.9092
   20044       0.9155
   20045       0.9544
   20046       0.8917
   20047       0.9728
   20048       1.0032
   20049       1.0141
   20050       1.0392
   20051       0.9645
   20052       0.9920
   20053       0.9324
   20054       0.9363
   20055       0.8841
   20056       0.8813
   20057       0.9655
   20058       0.9793
   20059       1.0089
   20060       0.9669
   20061       1.0293
   20062       1.1409
   20063       1.0041
   20064       1.0736
   20065       1.0673
   20066       1.1532
   20067       1.1064
   20068       1.1004
   20069       1.2478
   20070       1.2294
   20071       1.1649
   20072       0.9946
   20073       1.0921
   20074       1.0809
   20075       1.0564
   20076       1.2173
   20077       1.1211
   20078       1.0124
   20079       1.0406
   20080       0.9725
   20081       0.9098
   20082       0.9517
   20083       0.8722
   20084       0.9046
   20085       1.0168
   20086       1.0189
   20087       1.0119
   20088       0.9754
   20089       0.9950
   20090       0.9739
   20091       0.9959
   20092       1.0152
   20093       0.9691
   20094       1.0568
   20095       0.9812
   20096       1.0035
   20097       0.9798
   20098       1.0888
   20099       1.0338
   20100       0.9435
   20101       0.9718
   20102       0.9428
   20103       0.9811
   20104       0.9734
   20105       0.8671
   20106       0.9699
   20107       0.9064
   20108       0.8792
   20109       0.8675
   20110       0.8261
   20111       0.7936
   20112       0.8304
   20113       0.7650
   20114       0.8692
   20115       0.8930
   20116       0.9314
   20117       0.8583
   20118       0.8782
   20119       0.8478
   20120       0.9387
   20121       1.0136
   20122       1.0009
   20123       0.9466
   20124       0.9148
   20125       1.0605
   20126       0.8892
   20127       0.9754
   20128       1.0201
   20129       1.1010
   20130       1.1322
   20131       1.0616
   20132       0.8270
   20133       1.0041
   20134       0.9539
   20135       0.8984
   20136       0.9457
   20137       1.1100
   20138       1.0940
   20139       1.0644
   20140       1.1044
   20141       0.8899
   20142       1.0305
   20143       0.9005
   20144       0.9149
   20145       0.9750
   20146       0.9733
   20147       0.9934
   20148       0.9706
   20149       0.9380
   20150       0.9508
   20151       1.1101
   20152       1.0790
   20153       1.0452
   20154       1.1136
   20155       1.2596
   20156       1.2330
   20157       1.2681
   20158       1.1544
   20159       1.1226
   20160       1.1096
   20161       1.0622
   20162       0.9804
   20163       1.0239
   20164       1.1543
   20165       1.0013
   20166       0.9577
   20167       1.0419
   20168       0.9575
   20169       0.9290
   20170       0.8623
   20171       0.9660
   20172       0.9017
   20173       0.8188
   20174       0.7997
   20175       0.8440
   20176       0.8906
   20177       0.9002
   20178       0.8580
   20179       0.9731
   20180       0.8515
   20181       0.7664
   20182       0.8287
   20183       0.7874
   20184       0.8816
   20185       0.8726
   20186       0.7851
   20187       0.7787
   20188       0.7577
   20189       0.7254
   20190       0.8154
   20191       0.7977
   20192       0.7735
   20193       0.7554
   20194       0.8140
   20195       0.7743
   20196       0.8837
   20197       0.8301
   20198       0.8403
   20199       0.9277
   20200       0.8555
   20201       0.8724
   20202       0.9104
   20203       0.8916
   20204       0.9723
   20205       0.9017
   20206       0.9558
   20207       1.0125
   20208       1.0136
   20209       1.0390
   20210       0.9115
   20211       0.9119
   20212       0.9697
   20213       0.9624
   20214       1.0054
   20215       0.9533
   20216       0.9967
   20217       0.8792
   20218       0.9768
   20219       0.8143
   20220       0.8666
   20221       0.9739
   20222       0.8385
   20223       0.8312
   20224       0.7916
   20225       0.7371
   20226       0.8430
   20227       0.8210
   20228       0.8276
   20229       0.8589
   20230       0.7941
   20231       0.8401
   20232       0.8440
   20233       0.8878
   20234       0.8684
   20235       0.8950
   20236       0.8468
   20237       0.8388
   20238       0.8516
   20239       0.9431
   20240       0.8133
   20241       0.8741
   20242       0.8475
   20243       0.7669
   20244       0.9205
   20245       0.8632
   20246       0.8696
   20247       0.8948
   20248       0.7859
   20249       0.8196
   20250       0.8971
   20251       0.9185
   20252       0.8748
   20253       0.8965
   20254       0.8160
   20255       0.8643
   20256       0.9252
   20257       0.9218
   20258       0.8877
   20259       0.9136
   20260       0.9027
   20261       0.9321
   20262       0.9212
   20263       0.9113
   20264       0.7896
   20265       0.8970
   20266       0.8594
   20267       0.8437
   20268       1.0207
   20269       1.0396
   20270       0.9311
   20271       0.8843
   20272       0.9198
   20273       0.8715
   20274       0.9346
   20275       0.9187
   20276       0.8488
   20277       0.9199
   20278       0.9507
   20279       0.9807
   20280       0.9387
   20281       0.9894
   20282       1.0156
   20283       1.0282
   20284       1.0346
   20285       0.9900
   20286       1.0209
   20287       1.0113
   20288       1.0087
   20289       1.0171
   20290       1.0595
   20291       1.0321
   20292       1.0704
   20293       0.9941
   20294       1.0155
   20295       0.9225
   20296       0.8830
   20297       0.8940
   20298       1.0474
   20299       1.0087
   20300       0.9226
   20301       0.9373
   20302       0.9356
   20303       0.8424
   20304       0.9336
   20305       0.9042
   20306       0.8000
   20307       0.9514
   20308       0.8509
   20309       0.8767
   20310       0.8983
   20311       0.8042
   20312       0.8357
   20313       0.8907
   20314       0.8645
   20315       0.9207
   20316       0.9131
   20317       0.9566
   20318       0.8840
   20319       0.8802
   20320       0.8628
   20321       0.9092
   20322       0.9340
   20323       0.8587
   20324       0.7869
   20325       0.9010
   20326       0.9194
   20327       0.8823
   20328       0.8914
   20329       1.0581
   20330       0.9446
   20331       0.8340
   20332       0.8421
   20333       0.8336
   20334       0.8366
   20335       0.8705
   20336       0.9415
   20337       0.9185
   20338       0.9331
   20339       0.8447
   20340       0.8852
   20341       1.0120
   20342       1.0400
   20343       1.1276
   20344       1.1285
   20345       1.1895
   20346       1.0148
   20347       0.9977
   20348       0.9528
   20349       0.9995
   20350       0.9756
   20351       0.8597
   20352       0.8337
   20353       0.9796
   20354       0.9070
   20355       0.9867
   20356       1.0127
   20357       0.9625
   20358       0.9369
   20359       0.9604
   20360       0.9189
   20361       0.8605
   20362       1.0128
   20363       0.9984
   20364       1.0217
   20365       1.0339
   20366       1.1690
   20367       1.1981
   20368       1.1729
   20369       1.1536
   20370       1.0902
   20371       1.2204
   20372       1.0822
   20373       1.0728
   20374       1.1468
   20375       1.1739
   20376       1.1209
   20377       1.1287
   20378       1.0375
   20379       1.1173
   20380       1.2877
   20381       1.1115
   20382       1.0053
   20383       1.1153
   20384       1.1277
   20385       1.0686
   20386       1.2125
   20387       1.1404
   20388       1.1188
   20389       1.1430
   20390       1.1237
   20391       1.2169
   20392       1.0204
   20393       1.0110
   20394       1.1140
   20395       1.1573
   20396       1.0346
   20397       1.0001
   20398       1.0941
   20399       1.0291
   20400       1.0611
   20401       1.0256
   20402       0.9731
   20403       0.9938
   20404       0.9990
   20405       0.9877
   20406       1.0827
   20407       1.0328
   20408       0.9332
   20409       0.9574
   20410       0.9539
   20411       0.9586
   20412       1.1017
   20413       0.9863
   20414       1.0493
   20415       1.0925
   20416       1.1686
   20417       1.1114
   20418       1.2620
   20419       1.2353
   20420       1.1460
   20421       1.0785
   20422       1.0669
   20423       1.0034
   20424       1.2524
   20425       1.2224
   20426       1.2602
   20427       1.1784
   20428       1.1366
   20429       1.1818
   20430       1.3273
   20431       1.2193
   20432       1.1837
   20433       1.3344
   20434       1.1064
   20435       1.2119
   20436       1.1409
   20437       1.1197
   20438       1.0222
   20439       1.0715
   20440       1.2393
   20441       1.2822
   20442       1.2118
   20443       1.1426
   20444       1.1077
   20445       1.0742
   20446       1.1068
   20447       1.0709
   20448       1.0951
   20449       0.9742
   20450       1.0727
   20451       0.9690
   20452       1.0085
   20453       1.1697
   20454       1.1148
   20455       1.0788
   20456       1.0171
   20457       1.0949
   20458       1.2320
   20459       1.2747
   20460       1.0973
   20461       1.0729
   20462       0.9604
   20463       0.8731
   20464       0.8513
   20465       0.9089
   20466       0.9818
   20467       0.9355
   20468       0.9127
   20469       1.0549
   20470       0.9174
   20471       0.8766
   20472       0.8669
   20473       0.9134
   20474       0.7924
   20475       0.9117
   20476       0.9500
   20477       0.9422
   20478       0.9403
   20479       0.9187
   20480       1.1173
   20481       1.1615
   20482       1.1551
   20483       0.9938
   20484       1.0101
   20485       1.1132
   20486       1.0143
   20487       1.1067
   20488       1.0347
   20489       1.0781
   20490       1.1014
   20491       1.0535
   20492       1.0761
   20493       1.0618
   20494       0.9815
   20495       0.9531
   20496       0.9771
   20497       0.9103
   20498       1.0146
   20499       1.0254
   20500       1.0582
   20501       1.0634
   20502       0.9766
   20503       0.9358
   20504       0.9997
   20505       1.0063
   20506       0.9682
   20507       0.9014
   20508       1.0201
   20509       1.0322
   20510       1.0206
   20511       1.0445
   20512       1.0438
   20513       1.1040
   20514       0.9951
   20515       0.9842
   20516       1.0034
   20517       1.1077
   20518       1.0696
   20519       1.1113
   20520       1.0109
   20521       1.0183
   20522       0.9516
   20523       0.9858
   20524       0.9739
   20525       1.0189
   20526       1.0061
   20527       1.0015
   20528       1.0227
   20529       1.0279
   20530       1.0392
   20531       1.0053
   20532       1.1626
   20533       1.1551
   20534       1.1716
   20535       1.0938
   20536       1.1541
   20537       1.0954
   20538       1.1406
   20539       1.0222
   20540       1.1750
   20541       1.1456
   20542       1.2886
   20543       1.2825
   20544       1.1281
   20545       1.0892
   20546       1.1525
   20547       1.2199
   20548       1.2319
   20549       1.1705
   20550       1.1522
   20551       1.1139
   20552       1.0834
   20553       1.0396
   20554       1.0224
   20555       0.9776
   20556       1.0278
   20557       1.0094
   20558       0.9705
   20559       0.9630
   20560       1.0500
   20561       1.0734
   20562       1.0843
   20563       1.0520
   20564       1.0276
   20565       1.0835
   20566       1.1588
   20567       1.1077
   20568       1.1320
   20569       1.2093
   20570       1.0713
   20571       1.1360
   20572       1.1051
   20573       1.0956
   20574       1.0804
   20575       1.1143
   20576       1.1549
   20577       1.1468
   20578       1.0855
   20579       1.0771
   20580       1.1125
   20581       1.1248
   20582       1.1567
   20583       1.2054
   20584       1.1389
   20585       1.1291
   20586       1.0976
   20587       1.0861
   20588       1.0649
   20589       1.1298
   20590       1.1570
   20591       1.1413
   20592       1.2148
   20593       1.1436
   20594       1.0829
   20595       1.0085
   20596       1.0598
   20597       0.9775
   20598       1.0991
   20599       1.1430
   20600       1.1208
   20601       1.1993
   20602       1.1918
   20603       1.1856
   20604       1.1429
   20605       1.0972
   20606       1.1400
   20607       1.2144
   20608       1.1424
   20609       1.1030
   20610       1.0721
   20611       0.9851
   20612       1.0132
   20613       0.9874
   20614       1.0553
   20615       0.9671
   20616       1.0291
   20617       1.1276
   20618       1.0248
   20619       1.1244
   20620       1.0552
   20621       1.0503
   20622       0.9234
   20623       1.0883
   20624       1.0463
   20625       0.9205
   20626       1.0014
   20627       0.9702
   20628       0.9328
   20629       0.8837
   20630       1.0145
   20631       0.9115
   20632       0.8613
   20633       0.9276
   20634       0.9890
   20635       0.9403
   20636       0.9700
   20637       1.1092
   20638       1.1406
   20639       1.1680
   20640       1.0230
   20641       0.9727
   20642       1.0248
   20643       1.0002
   20644       1.1008
   20645       1.0619
   20646       1.1428
   20647       0.9985
   20648       1.1131
   20649       1.1158
   20650       1.0672
   20651       1.1199
   20652       1.0934
   20653       1.0696
   20654       1.1689
   20655       1.0593
   20656       0.9935
   20657       1.0141
   20658       0.9899
   20659       1.0388
   20660       0.9420
   20661       0.9146
   20662       0.9607
   20663       1.0589
   20664       1.0677
   20665       1.1861
   20666       1.1157
   20667       1.0162
   20668       0.9130
   20669       1.0152
   20670       0.9311
   20671       0.9857
   20672       0.9554
   20673       0.9734
   20674       0.9642
   20675       0.9966
   20676       0.9059
   20677       0.9909
   20678       0.9578
   20679       0.8855
   20680       0.9460
   20681       0.8664
   20682       0.8480
   20683       0.8690
   20684       0.9638
   20685       0.9158
   20686       0.9115
   20687       0.9117
   20688       0.9983
   20689       0.9834
   20690       0.9068
   20691       0.9643
   20692       1.0348
   20693       1.0852
   20694       1.1399
   20695       1.2071
   20696       1.2202
   20697       1.1159
   20698       1.1788
   20699       1.0681
   20700       0.9898
   20701       0.9753
   20702       1.0091
   20703       1.0994
   20704       1.0046
   20705       0.9060
   20706       1.0105
   20707       1.0123
   20708       0.9320
   20709       1.0247
   20710       1.0200
   20711       1.0417
   20712       1.0091
   20713       1.0101
   20714       0.9214
   20715       0.8691
   20716       0.8797
   20717       0.9598
   20718       1.0202
   20719       0.9467
   20720       0.9895
   20721       0.9451
   20722       0.9650
   20723       0.9207
   20724       0.9789
   20725       0.9759
   20726       0.9882
   20727       0.9908
   20728       1.1934
   20729       1.0227
   20730       0.9959
   20731       0.9466
   20732       0.9799
   20733       0.9484
   20734       0.9565
   20735       0.9593
   20736       0.9145
   20737       0.9628
   20738       1.0291
   20739       0.9715
   20740       0.9614
   20741       1.0007
   20742       0.9535
   20743       0.9164
   20744       0.9445
   20745       0.9244
   20746       0.8915
   20747       0.8718
   20748       1.1314
   20749       1.1101
   20750       1.0300
   20751       1.0282
   20752       1.1040
   20753       1.0754
   20754       1.0341
   20755       1.0054
   20756       0.9655
   20757       0.9910
   20758       1.0009
   20759       0.9702
   20760       1.0239
   20761       1.0031
   20762       1.0496
   20763       1.0700
   20764       1.0488
   20765       1.1325
   20766       1.1532
   20767       0.9694
   20768       0.9605
   20769       0.9847
   20770       1.0025
   20771       0.8460
   20772       0.9190
   20773       1.0136
   20774       1.0305
   20775       1.0286
   20776       1.0293
   20777       1.0748
   20778       1.0818
   20779       1.0724
   20780       1.1075
   20781       1.0319
   20782       1.0331
   20783       0.9893
   20784       1.0471
   20785       1.0227
   20786       1.1860
   20787       1.1669
   20788       1.0594
   20789       1.0584
   20790       0.9874
   20791       0.8743
   20792       0.8400
   20793       0.8944
   20794       0.9332
   20795       0.8648
   20796       0.9429
   20797       0.9799
   20798       1.0307
   20799       0.9349
   20800       0.9014
   20801       0.9516
   20802       1.0362
   20803       0.9299
   20804       0.9061
   20805       0.9860
   20806       0.9787
   20807       0.9254
   20808       0.9257
   20809       0.8641
   20810       0.8863
   20811       0.9761
   20812       0.9226
   20813       0.9879
   20814       0.9341
   20815       0.9060
   20816       0.9644
   20817       1.0060
   20818       1.0255
   20819       1.0181
   20820       1.0021
   20821       1.0237
   20822       1.0359
   20823       1.0434
   20824       0.9792
   20825       1.0271
   20826       1.0285
   20827       1.0148
   20828       1.0209
   20829       1.0701
   20830       1.2108
   20831       1.2845
   20832       1.2547
   20833       1.2716
   20834       1.1724
   20835       1.1445
   20836       1.0987
   20837       1.0698
   20838       1.1111
   20839       1.1363
   20840       1.1535
   20841       1.2474
   20842       1.2731
   20843       1.2677
   20844       1.1877
   20845       1.1802
   20846       1.1825
   20847       1.2273
   20848       1.1453
   20849       1.2284
   20850       1.0430
   20851       1.1564
   20852       1.0016
   20853       1.0916
   20854       1.1038
   20855       1.0623
   20856       1.0881
   20857       1.1241
   20858       1.1122
   20859       1.1649
   20860       1.3353
   20861       1.3225
   20862       1.2867
   20863       1.1706
   20864       1.1767
   20865       1.0929
   20866       0.9397
   20867       1.0107
   20868       1.1662
   20869       1.2025
   20870       1.0865
   20871       1.0524
   20872       1.0817
   20873       1.1021
   20874       1.1342
   20875       1.0505
   20876       1.0151
   20877       1.0288
   20878       1.0190
   20879       1.0939
   20880       1.1313
   20881       1.0679
   20882       0.8421
   20883       0.9057
   20884       1.0261
   20885       1.0842
   20886       1.2518
   20887       1.2539
   20888       1.1893
   20889       1.1202
   20890       1.0163
   20891       1.1386
   20892       1.2172
   20893       1.1741
   20894       1.2130
   20895       1.2503
   20896       1.3691
   20897       1.3856
   20898       1.4387
   20899       1.3195
   20900       1.4242
   20901       1.3666
   20902       1.2811
   20903       1.2203
   20904       1.1756
   20905       1.1706
   20906       1.1634
   20907       1.1959
   20908       1.1375
   20909       1.1147
   20910       1.1427
   20911       1.1259
   20912       1.0904
   20913       1.0938
   20914       1.1279
   20915       1.0940
   20916       1.1246
   20917       1.1211
   20918       1.0873
   20919       1.1452
   20920       1.2506
   20921       1.2416
   20922       1.2366
   20923       1.1239
   20924       1.0289
   20925       0.9931
   20926       1.0417
   20927       1.0615
   20928       1.1272
   20929       1.0107
   20930       1.0151
   20931       1.1177
   20932       1.0397
   20933       0.9901
   20934       1.0282
   20935       1.0423
   20936       1.1226
   20937       1.0748
   20938       1.1689
   20939       1.1949
   20940       1.1507
   20941       0.9972
   20942       1.0246
   20943       1.1004
   20944       1.0518
   20945       0.9639
   20946       1.0721
   20947       1.1217
   20948       1.1780
   20949       1.1761
   20950       1.1797
   20951       1.0504
   20952       1.1776
   20953       1.1294
   20954       1.1342
   20955       1.2138
   20956       1.2254
   20957       1.2043
   20958       1.1739
   20959       1.1493
   20960       1.1011
   20961       1.2300
   20962       1.3599
   20963       1.3378
   20964       1.4516
   20965       1.4084
   20966       1.3505
   20967       1.3811
   20968       1.3938
   20969       1.5755
   20970       1.3788
   20971       1.6531
   20972       1.6128
   20973       1.5522
   20974       1.4875
   20975       1.6057
   20976       1.5314
   20977       1.4189
   20978       1.4358
   20979       1.4893
   20980       1.4795
   20981       1.4606
   20982       1.3187
   20983       1.3814
   20984       1.4231
   20985       1.4152
   20986       1.4185
   20987       1.4542
   20988       1.5706
   20989       1.5189
   20990       1.5079
   20991       1.5481
   20992       1.5816
   20993       1.4469
   20994       1.5158
   20995       1.4142
   20996       1.4314
   20997       1.3776
   20998       1.2880
   20999       1.1788
   21000       1.2288
   21001       1.3641
   21002       1.3337
   21003       1.2208
   21004       1.3701
   21005       1.5112
   21006       1.5107
   21007       1.4106
   21008       1.4128
   21009       1.3702
   21010       1.4197
   21011       1.3182
   21012       1.3135
   21013       1.4773
   21014       1.3323
   21015       1.4056
   21016       1.5424
   21017       1.5609
   21018       1.5657
   21019       1.3811
   21020       1.3199
   21021       1.2465
   21022       1.2978
   21023       1.2373
   21024       1.2447
   21025       1.2241
   21026       1.2371
   21027       1.2038
   21028       1.1088
   21029       1.2841
   21030       1.3376
   21031       1.2754
   21032       1.5622
   21033       1.3766
   21034       1.3489
   21035       1.4388
   21036       1.3349
   21037       1.3630
   21038       1.3645
   21039       1.3756
   21040       1.1987
   21041       1.3176
   21042       1.2982
   21043       1.3278
   21044       1.2961
   21045       1.3163
   21046       1.2437
   21047       1.1854
   21048       1.1700
   21049       1.2783
   21050       1.2505
   21051       1.2218
   21052       1.3145
   21053       1.2372
   21054       1.2628
   21055       1.2697
   21056       1.3828
   21057       1.3882
   21058       1.3190
   21059       1.4814
   21060       1.4760
   21061       1.6129
   21062       1.5160
   21063       1.5415
   21064       1.4168
   21065       1.3184
   21066       1.3651
   21067       1.3965
   21068       1.4299
   21069       1.3859
   21070       1.3119
   21071       1.3927
   21072       1.4398
   21073       1.4709
   21074       1.4244
   21075       1.5565
   21076       1.5301
   21077       1.4691
   21078       1.4357
   21079       1.3386
   21080       1.3228
   21081       1.4497
   21082       1.3409
   21083       1.3336
   21084       1.4514
   21085       1.4373
   21086       1.3957
   21087       1.3670
   21088       1.3133
   21089       1.2487
   21090       1.3856
   21091       1.3310
   21092       1.4031
   21093       1.3216
   21094       1.3392
   21095       1.3778
   21096       1.2473
   21097       1.3713
   21098       1.4532
   21099       1.3897
   21100       1.3450
   21101       1.3424
   21102       1.3281
   21103       1.2869
   21104       1.3384
   21105       1.3417
   21106       1.2331
   21107       1.2646
   21108       1.2193
   21109       1.1575
   21110       1.2018
   21111       1.2089
   21112       1.2756
   21113       1.2233
   21114       1.1980
   21115       1.2445
   21116       1.2548
   21117       1.2410
   21118       1.2947
   21119       1.2900
   21120       1.2970
   21121       1.4728
   21122       1.4267
   21123       1.4818
   21124       1.4598
   21125       1.4812
   21126       1.3131
   21127       1.3726
   21128       1.3159
   21129       1.4388
   21130       1.4931
   21131       1.4778
   21132       1.4033
   21133       1.5021
   21134       1.4445
   21135       1.5583
   21136       1.6072
   21137       1.4698
   21138       1.6063
   21139       1.5411
   21140       1.5554
   21141       1.4991
   21142       1.3395
   21143       1.2569
   21144       1.2484
   21145       1.2424
   21146       1.2322
   21147       1.1538
   21148       1.2043
   21149       1.2353
   21150       1.2265
   21151       1.2261
   21152       1.2318
   21153       1.2758
   21154       1.2983
   21155       1.2515
   21156       1.3005
   21157       1.3252
   21158       1.3541
   21159       1.3713
   21160       1.3893
   21161       1.3845
   21162       1.4775
   21163       1.4413
   21164       1.4577
   21165       1.3877
   21166       1.4306
   21167       1.4354
   21168       1.4744
   21169       1.3638
   21170       1.3870
   21171       1.2590
   21172       1.2673
   21173       1.3844
   21174       1.4347
   21175       1.4908
   21176       1.3511
   21177       1.4596
   21178       1.4486
   21179       1.4151
   21180       1.4270
   21181       1.5274
   21182       1.4630
   21183       1.4869
   21184       1.4483
   21185       1.5211
   21186       1.4313
   21187       1.4459
   21188       1.4156
   21189       1.4558
   21190       1.4260
   21191       1.4772
   21192       1.4868
   21193       1.3807
   21194       1.5050
   21195       1.4948
   21196       1.5114
   21197       1.4666
   21198       1.5089
   21199       1.4339
   21200       1.3797
   21201       1.2675
   21202       1.4701
   21203       1.4903
   21204       1.5858
   21205       1.4898
   21206       1.4323
   21207       1.4419
   21208       1.5278
   21209       1.5541
   21210       1.5612
   21211       1.5107
   21212       1.5398
   21213       1.4966
   21214       1.4576
   21215       1.4078
   21216       1.5860
   21217       1.5406
   21218       1.5391
   21219       1.5713
   21220       1.4865
   21221       1.5933
   21222       1.6619
   21223       1.5233
   21224       1.5157
   21225       1.5799
   21226       1.4531
   21227       1.4957
   21228       1.5260
   21229       1.5484
   21230       1.4363
   21231       1.3951
   21232       1.3454
   21233       1.3968
   21234       1.4483
   21235       1.3931
   21236       1.3271
   21237       1.3467
   21238       1.4461
   21239       1.4512
   21240       1.4331
   21241       1.4707
   21242       1.4015
   21243       1.4387
   21244       1.3329
   21245       1.4110
   21246       1.5049
   21247       1.4804
   21248       1.4425
   21249       1.4545
   21250       1.4847
   21251       1.5263
   21252       1.4021
   21253       1.4417
   21254       1.3212
   21255       1.4223
   21256       1.2536
   21257       1.2994
   21258       1.3266
   21259       1.4116
   21260       1.3856
   21261       1.3660
   21262       1.4164
   21263       1.3744
   21264       1.3656
   21265       1.3959
   21266       1.4085
   21267       1.3403
   21268       1.4297
   21269       1.3120
   21270       1.3435
   21271       1.4242
   21272       1.2961
   21273       1.2610
   21274       1.3264
   21275       1.2441
   21276       1.2633
   21277       1.1937
   21278       1.3299
   21279       1.3335
   21280       1.3349
   21281       1.4051
   21282       1.3382
   21283       1.4560
   21284       1.4172
   21285       1.4378
   21286       1.2994
   21287       1.3306
   21288       1.2761
   21289       1.3430
   21290       1.2490
   21291       1.2923
   21292       1.3417
   21293       1.4004
   21294       1.3779
   21295       1.4334
   21296       1.3540
   21297       1.4227
   21298       1.4276
   21299       1.2971
   21300       1.4444
   21301       1.3288
   21302       1.1634
   21303       1.3194
   21304       1.1912
   21305       1.1949
   21306       1.2192
   21307       1.2390
   21308       1.1956
   21309       1.3457
   21310       1.3771
   21311       1.3009
   21312       1.3706
   21313       1.2617
   21314       1.2791
   21315       1.1993
   21316       1.2188
   21317       1.2418
   21318       1.1542
   21319       1.1889
   21320       1.2852
   21321       1.3137
   21322       1.3496
   21323       1.3685
   21324       1.3960
   21325       1.4203
   21326       1.2001
   21327       1.3513
   21328       1.3587
   21329       1.4925
   21330       1.6154
   21331       1.5300
   21332       1.2726
   21333       1.2342
   21334       1.2839
   21335       1.2855
   21336       1.4816
   21337       1.3473
   21338       1.2743
   21339       1.2586
   21340       1.2798
   21341       1.2989
   21342       1.3348
   21343       1.1805
   21344       1.2737
   21345       1.2537
   21346       1.3635
   21347       1.3925
   21348       1.4405
   21349       1.4361
   21350       1.3335
   21351       1.3264
   21352       1.4167
   21353       1.4516
   21354       1.5182
   21355       1.3967
   21356       1.3177
   21357       1.3360
   21358       1.2829
   21359       1.2844
   21360       1.2784
   21361       1.2166
   21362       1.2950
   21363       1.3113
   21364       1.3572
   21365       1.3791
   21366       1.3518
   21367       1.4042
   21368       1.2957
   21369       1.2861
   21370       1.2215
   21371       1.1848
   21372       1.1947
   21373       1.1375
   21374       1.1606
   21375       1.3419
   21376       1.1866
   21377       1.2951
   21378       1.3649
   21379       1.4452
   21380       1.5149
   21381       1.4500
   21382       1.3964
   21383       1.5187
   21384       1.4727
   21385       1.4950
   21386       1.3318
   21387       1.3855
   21388       1.4116
   21389       1.4197
   21390       1.4396
   21391       1.3861
   21392       1.4419
   21393       1.3779
   21394       1.2714
   21395       1.3778
   21396       1.3844
   21397       1.3204
   21398       1.2923
   21399       1.3097
   21400       1.2443
   21401       1.2773
   21402       1.3113
   21403       1.4209
   21404       1.3679
   21405       1.3748
   21406       1.3119
   21407       1.3698
   21408       1.3891
   21409       1.3320
   21410       1.2376
   21411       1.2640
   21412       1.2067
   21413       1.2678
   21414       1.2317
   21415       1.3092
   21416       1.3946
   21417       1.2482
   21418       1.3840
   21419       1.3907
   21420       1.2893
   21421       1.2823
   21422       1.3695
   21423       1.3625
   21424       1.4717
   21425       1.3606
   21426       1.2832
   21427       1.3306
   21428       1.3803
   21429       1.3686
   21430       1.3259
   21431       1.3128
   21432       1.4204
   21433       1.3757
   21434       1.4279
   21435       1.4340
   21436       1.4725
   21437       1.4507
   21438       1.3184
   21439       1.3636
   21440       1.4297
   21441       1.3399
   21442       1.2963
   21443       1.2887
   21444       1.3538
   21445       1.3667
   21446       1.3747
   21447       1.3954
   21448       1.2700
   21449       1.3812
   21450       1.2730
   21451       1.3521
   21452       1.3756
   21453       1.3883
   21454       1.3636
   21455       1.3723
   21456       1.3064
   21457       1.4448
   21458       1.5164
   21459       1.5042
   21460       1.4818
   21461       1.4114
   21462       1.5350
   21463       1.4185
   21464       1.4689
   21465       1.4831
   21466       1.3440
   21467       1.4562
   21468       1.4982
   21469       1.4381
   21470       1.5513
   21471       1.5141
   21472       1.5110
   21473       1.4943
   21474       1.4030
   21475       1.3807
   21476       1.4093
   21477       1.3720
   21478       1.3851
   21479       1.4716
   21480       1.4728
   21481       1.5809
   21482       1.5043
   21483       1.5095
   21484       1.6398
   21485       1.5707
   21486       1.5550
   21487       1.4790
   21488       1.5145
   21489       1.4277
   21490       1.5514
   21491       1.4955
   21492       1.4148
   21493       1.4544
   21494       1.3925
   21495       1.3052
   21496       1.3282
   21497       1.3834
   21498       1.4209
   21499       1.3124
   21500       1.2037
   21501       1.2478
   21502       1.2654
   21503       1.3236
   21504       1.3186
   21505       1.3760
   21506       1.3151
   21507       1.2942
   21508       1.4804
   21509       1.4606
   21510       1.4012
   21511       1.2672
   21512       1.2941
   21513       1.4302
   21514       1.3101
   21515       1.3033
   21516       1.2115
   21517       1.1951
   21518       1.2873
   21519       1.2563
   21520       1.3478
   21521       1.3173
   21522       1.3213
   21523       1.3085
   21524       1.3446
   21525       1.3410
   21526       1.3055
   21527       1.4173
   21528       1.4258
   21529       1.3761
   21530       1.3952
   21531       1.3247
   21532       1.3078
   21533       1.2629
   21534       1.3030
   21535       1.3647
   21536       1.3432
   21537       1.4704
   21538       1.3192
   21539       1.2951
   21540       1.4335
   21541       1.5474
   21542       1.4598
   21543       1.5525
   21544       1.4733
   21545       1.4342
   21546       1.4029
   21547       1.4798
   21548       1.4260
   21549       1.3674
   21550       1.4036
   21551       1.3856
   21552       1.4026
   21553       1.3914
   21554       1.4531
   21555       1.3762
   21556       1.3125
   21557       1.2707
   21558       1.3277
   21559       1.2823
   21560       1.3515
   21561       1.2753
   21562       1.3675
   21563       1.3844
   21564       1.2812
   21565       1.3235
   21566       1.4210
   21567       1.2994
   21568       1.2991
   21569       1.2674
   21570       1.2577
   21571       1.2455
   21572       1.3179
   21573       1.4067
   21574       1.3456
   21575       1.4037
   21576       1.3755
   21577       1.3835
   21578       1.3370
   21579       1.3517
   21580       1.3640
   21581       1.3825
   21582       1.3632
   21583       1.3643
   21584       1.3239
   21585       1.3710
   21586       1.4735
   21587       1.3792
   21588       1.3541
   21589       1.3082
   21590       1.3730
   21591       1.3380
   21592       1.3191
   21593       1.2979
   21594       1.3608
   21595       1.2615
   21596       1.3243
   21597       1.2465
   21598       1.2937
   21599       1.2823
   21600       1.2639
   21601       1.2397
   21602       1.2388
   21603       1.3035
   21604       1.4118
   21605       1.3995
   21606       1.3383
   21607       1.2787
   21608       1.3415
   21609       1.3137
   21610       1.3476
   21611       1.2635
   21612       1.3117
   21613       1.3717
   21614       1.3075
   21615       1.3056
   21616       1.2605
   21617       1.1828
   21618       1.3257
   21619       1.2342
   21620       1.3075
   21621       1.3133
   21622       1.3155
   21623       1.2739
   21624       1.3508
   21625       1.1830
   21626       1.3108
   21627       1.2306
   21628       1.2677
   21629       1.2681
   21630       1.2262
   21631       1.3151
   21632       1.2590
   21633       1.2619
   21634       1.2509
   21635       1.2116
   21636       1.2653
   21637       1.3469
   21638       1.3934
   21639       1.3279
   21640       1.4319
   21641       1.4188
   21642       1.4339
   21643       1.4307
   21644       1.3838
   21645       1.4100
   21646       1.3849
   21647       1.4215
   21648       1.4072
   21649       1.3407
   21650       1.3092
   21651       1.3976
   21652       1.4284
   21653       1.4020
   21654       1.4490
   21655       1.4265
   21656       1.5288
   21657       1.4662
   21658       1.3690
   21659       1.2381
   21660       1.3387
   21661       1.3475
   21662       1.4073
   21663       1.2942
   21664       1.3688
   21665       1.2270
   21666       1.3295
   21667       1.3108
   21668       1.4409
   21669       1.4942
   21670       1.4364
   21671       1.2485
   21672       1.4495
   21673       1.3551
   21674       1.4702
   21675       1.3163
   21676       1.3158
   21677       1.4645
   21678       1.4582
   21679       1.3404
   21680       1.4432
   21681       1.5100
   21682       1.4295
   21683       1.3953
   21684       1.4209
   21685       1.4597
   21686       1.4687
   21687       1.5066
   21688       1.4487
   21689       1.4876
   21690       1.4228
   21691       1.4809
   21692       1.6942
   21693       1.5770
   21694       1.6605
   21695       1.5362
   21696       1.5646
   21697       1.5225
   21698       1.6899
   21699       1.6873
   21700       1.5622
   21701       1.6243
   21702       1.5113
   21703       1.5223
   21704       1.5862
   21705       1.5449
   21706       1.5958
   21707       1.5333
   21708       1.6067
   21709       1.5465
   21710       1.5460
   21711       1.3629
   21712       1.5121
   21713       1.5902
   21714       1.5149
   21715       1.4981
   21716       1.4296
   21717       1.4453
   21718       1.5321
   21719       1.6095
   21720       1.5104
   21721       1.5262
   21722       1.4419
   21723       1.6171
   21724       1.5446
   21725       1.4418
   21726       1.4450
   21727       1.4736
   21728       1.5524
   21729       1.6394
   21730       1.5640
   21731       1.5794
   21732       1.5575
   21733       1.4736
   21734       1.5410
   21735       1.5246
   21736       1.5984
   21737       1.4561
   21738       1.4993
   21739       1.5268
   21740       1.4698
   21741       1.5048
   21742       1.3904
   21743       1.4280
   21744       1.5169
   21745       1.4413
   21746       1.4663
   21747       1.4010
   21748       1.3029
   21749       1.4121
   21750       1.4973
   21751       1.5445
   21752       1.6054
   21753       1.5801
   21754       1.6158
   21755       1.6580
   21756       1.6346
   21757       1.6604
   21758       1.6750
   21759       1.7112
   21760       1.6807
   21761       1.6633
   21762       1.7847
   21763       1.8729
   21764       1.7405
   21765       1.7376
   21766       1.7562
   21767       1.7669
   21768       1.8142
   21769       1.6947
   21770       1.7321
   21771       1.8074
   21772       1.7044
   21773       1.7076
   21774       1.7479
   21775       1.7749
   21776       1.7352
   21777       1.8179
   21778       1.9108
   21779       1.8960
   21780       1.8336
   21781       1.7347
   21782       1.8889
   21783       1.7108
   21784       1.8105
   21785       1.8923
   21786       1.8257
   21787       1.7506
   21788       1.7455
   21789       1.9387
   21790       1.8742
   21791       1.9419
   21792       1.9231
   21793       1.8495
   21794       1.7537
   21795       1.7572
   21796       1.8214
   21797       1.7041
   21798       1.7526
   21799       1.8499
   21800       1.8867
   21801       1.7860
   21802       1.7471
   21803       1.7352
   21804       1.6901
   21805       1.7065
   21806       1.6638
   21807       1.7729
   21808       1.6559
   21809       1.6770
   21810       1.6516
   21811       1.5780
   21812       1.6537
   21813       1.7130
   21814       1.6437
   21815       1.6880
   21816       1.6348
   21817       1.5095
   21818       1.5224
   21819       1.5588
   21820       1.5887
   21821       1.5617
   21822       1.5510
   21823       1.4716
   21824       1.4537
   21825       1.5276
   21826       1.5071
   21827       1.6522
   21828       1.5130
   21829       1.6022
   21830       1.5653
   21831       1.6336
   21832       1.6584
   21833       1.6538
   21834       1.5707
   21835       1.5702
   21836       1.5501
   21837       1.5551
   21838       1.5285
   21839       1.6081
   21840       1.5627
   21841       1.5610
   21842       1.6086
   21843       1.5400
   21844       1.6562
   21845       1.6129
   21846       1.6799
   21847       1.7431
   21848       1.8468
   21849       1.7422
   21850       1.5604
   21851       1.5658
   21852       1.6695
   21853       1.5570
   21854       1.5918
   21855       1.6156
   21856       1.6627
   21857       1.6117
   21858       1.5193
   21859       1.4640
   21860       1.4877
   21861       1.5862
   21862       1.6109
   21863       1.5789
   21864       1.5859
   21865       1.6090
   21866       1.5993
   21867       1.6758
   21868       1.6636
   21869       1.6947
   21870       1.5625
   21871       1.6208
   21872       1.6305
   21873       1.5903
   21874       1.4771
   21875       1.5217
   21876       1.6481
   21877       1.6838
   21878       1.6460
   21879       1.5705
   21880       1.5061
   21881       1.4779
   21882       1.4951
   21883       1.4491
   21884       1.4778
   21885       1.4781
   21886       1.4427
   21887       1.4346
   21888       1.4658
   21889       1.5839
   21890       1.6064
   21891       1.5570
   21892       1.6139
   21893       1.5246
   21894       1.5289
   21895       1.5775
   21896       1.5749
   21897       1.7525
   21898       1.6114
   21899       1.5496
   21900       1.6207
   21901       1.6866
   21902       1.5008
   21903       1.5778
   21904       1.6662
   21905       1.5996
   21906       1.7973
   21907       1.6783
   21908       1.7882
   21909       1.6660
   21910       1.6870
   21911       1.7379
   21912       1.5255
   21913       1.5838
   21914       1.6023
   21915       1.6182
   21916       1.4778
   21917       1.4870
   21918       1.5103
   21919       1.5503
   21920       1.5300
   21921       1.5635
   21922       1.4836
   21923       1.5544
   21924       1.6544
   21925       1.6112
   21926       1.7010
   21927       1.6171
   21928       1.5575
   21929       1.5160
   21930       1.6377
   21931       1.6691
   21932       1.6571
   21933       1.5678
   21934       1.6152
   21935       1.6517
   21936       1.6988
   21937       1.5612
   21938       1.5901
   21939       1.5901
   21940       1.4443
   21941       1.5658
   21942       1.6074
   21943       1.5146
   21944       1.4774
   21945       1.5320
   21946       1.6046
   21947       1.6066
   21948       1.4778
   21949       1.5488
   21950       1.6093
   21951       1.5661
   21952       1.6480
   21953       1.5889
   21954       1.4898
   21955       1.5520
   21956       1.4824
   21957       1.5320
   21958       1.5479
   21959       1.6454
   21960       1.5092
   21961       1.6121
   21962       1.6231
   21963       1.6844
   21964       1.7011
   21965       1.6340
   21966       1.5627
   21967       1.5121
   21968       1.4710
   21969       1.5815
   21970       1.5878
   21971       1.6036
   21972       1.6099
   21973       1.5705
   21974       1.5177
   21975       1.5068
   21976       1.5481
   21977       1.4992
   21978       1.5700
   21979       1.4939
   21980       1.5243
   21981       1.5406
   21982       1.5761
   21983       1.6513
   21984       1.6885
   21985       1.7903
   21986       1.7510
   21987       1.7458
   21988       1.7326
   21989       1.7080
   21990       1.7740
   21991       1.7271
   21992       1.6090
   21993       1.5467
   21994       1.6262
   21995       1.6284
   21996       1.7071
   21997       1.5529
   21998       1.6013
   21999       1.5419
   22000       1.5201
   22001       1.5276
   22002       1.5838
   22003       1.5955
   22004       1.6714
   22005       1.6391
   22006       1.6103
   22007       1.6888
   22008       1.6040
   22009       1.6373
   22010       1.6639
   22011       1.5558
   22012       1.5565
   22013       1.5341
   22014       1.5803
   22015       1.6725
   22016       1.6983
   22017       1.7321
   22018       1.7450
   22019       1.6477
   22020       1.6517
   22021       1.6602
   22022       1.5357
   22023       1.6432
   22024       1.5725
   22025       1.5624
   22026       1.7268
   22027       1.6347
   22028       1.6972
   22029       1.7368
   22030       1.6649
   22031       1.8147
   22032       1.7204
   22033       1.7271
   22034       1.6372
   22035       1.5646
   22036       1.5875
   22037       1.5917
   22038       1.6219
   22039       1.6857
   22040       1.7199
   22041       1.5996
   22042       1.4880
   22043       1.5320
   22044       1.4866
   22045       1.5557
   22046       1.5023
   22047       1.5056
   22048       1.4174
   22049       1.4319
   22050       1.4657
   22051       1.5504
   22052       1.6820
   22053       1.6395
   22054       1.6448
   22055       1.6418
   22056       1.7366
   22057       1.7249
   22058       1.6563
   22059       1.5343
   22060       1.4289
   22061       1.4573
   22062       1.4766
   22063       1.4819
   22064       1.5344
   22065       1.6985
   22066       1.6759
   22067       1.5805
   22068       1.6021
   22069       1.5448
   22070       1.5720
   22071       1.4787
   22072       1.4321
   22073       1.4071
   22074       1.3484
   22075       1.4627
   22076       1.4955
   22077       1.4691
   22078       1.5825
   22079       1.4750
   22080       1.4863
   22081       1.5771
   22082       1.5847
   22083       1.4979
   22084       1.5300
   22085       1.4256
   22086       1.5753
   22087       1.6225
   22088       1.6460
   22089       1.4982
   22090       1.5005
   22091       1.5715
   22092       1.5000
   22093       1.4596
   22094       1.4154
   22095       1.4659
   22096       1.4013
   22097       1.4961
   22098       1.4557
   22099       1.5024
   22100       1.5385
   22101       1.5787
   22102       1.5097
   22103       1.5282
   22104       1.3896
   22105       1.5355
   22106       1.6002
   22107       1.5592
   22108       1.5671
   22109       1.5455
   22110       1.4314
   22111       1.4958
   22112       1.4898
   22113       1.4863
   22114       1.5128
   22115       1.4098
   22116       1.4540
   22117       1.5026
   22118       1.4077
   22119       1.4081
   22120       1.2948
   22121       1.3729
   22122       1.3461
   22123       1.3721
   22124       1.4167
   22125       1.4763
   22126       1.5085
   22127       1.5233
   22128       1.5448
   22129       1.3642
   22130       1.4572
   22131       1.4259
   22132       1.4731
   22133       1.4147
   22134       1.3750
   22135       1.4558
   22136       1.4954
   22137       1.5262
   22138       1.5225
   22139       1.4331
   22140       1.4241
   22141       1.3676
   22142       1.4629
   22143       1.4864
   22144       1.5170
   22145       1.5200
   22146       1.4014
   22147       1.4338
   22148       1.4062
   22149       1.4365
   22150       1.4284
   22151       1.3687
   22152       1.4626
   22153       1.4081
   22154       1.4659
   22155       1.4874
   22156       1.4583
   22157       1.4228
   22158       1.4759
   22159       1.4718
   22160       1.5387
   22161       1.5787
   22162       1.4926
   22163       1.4832
   22164       1.4923
   22165       1.6177
   22166       1.5985
   22167       1.5522
   22168       1.5434
   22169       1.5361
   22170       1.4459
   22171       1.4935
   22172       1.5892
   22173       1.5512
   22174       1.4873
   22175       1.5367
   22176       1.5807
   22177       1.4692
   22178       1.4168
   22179       1.4329
   22180       1.5760
   22181       1.4386
   22182       1.5011
   22183       1.5016
   22184       1.5634
   22185       1.4406
   22186       1.4974
   22187       1.5100
   22188       1.5579
   22189       1.5668
   22190       1.5294
   22191       1.5062
   22192       1.6018
   22193       1.6271
   22194       1.6987
   22195       1.5256
   22196       1.5179
   22197       1.4628
   22198       1.5100
   22199       1.6018
   22200       1.5920
   22201       1.5998
   22202       1.5419
   22203       1.5798
   22204       1.7126
   22205       1.6603
   22206       1.6174
   22207       1.6187
   22208       1.5647
   22209       1.5174
   22210       1.5895
   22211       1.6673
   22212       1.7566
   22213       1.6367
   22214       1.5485
   22215       1.4939
   22216       1.5685
   22217       1.5196
   22218       1.6385
   22219       1.6132
   22220       1.4410
   22221       1.4998
   22222       1.5601
   22223       1.5345
   22224       1.4658
   22225       1.4544
   22226       1.4573
   22227       1.4105
   22228       1.4847
   22229       1.4907
   22230       1.5083
   22231       1.6610
   22232       1.5426
   22233       1.5024
   22234       1.6264
   22235       1.6038
   22236       1.5069
   22237       1.5862
   22238       1.5269
   22239       1.4803
   22240       1.5164
   22241       1.5897
   22242       1.5881
   22243       1.4794
   22244       1.4973
   22245       1.4599
   22246       1.5094
   22247       1.4756
   22248       1.4877
   22249       1.5078
   22250       1.3953
   22251       1.4834
   22252       1.4795
   22253       1.4922
   22254       1.4893
   22255       1.4827
   22256       1.5156
   22257       1.4513
   22258       1.4492
   22259       1.4366
   22260       1.4192
   22261       1.3960
   22262       1.4405
   22263       1.4632
   22264       1.5170
   22265       1.4615
   22266       1.3999
   22267       1.4274
   22268       1.5010
   22269       1.4237
   22270       1.3692
   22271       1.4381
   22272       1.4179
   22273       1.5056
   22274       1.4445
   22275       1.3865
   22276       1.3721
   22277       1.3667
   22278       1.3739
   22279       1.3690
   22280       1.3943
   22281       1.3539
   22282       1.3465
   22283       1.3789
   22284       1.4414
   22285       1.3471
   22286       1.4024
   22287       1.3506
   22288       1.3827
   22289       1.3624
   22290       1.3568
   22291       1.3708
   22292       1.3606
   22293       1.4374
   22294       1.3469
   22295       1.3458
   22296       1.3960
   22297       1.3270
   22298       1.3566
   22299       1.2862
   22300       1.3523
   22301       1.4052
   22302       1.3869
   22303       1.3294
   22304       1.4394
   22305       1.3730
   22306       1.3239
   22307       1.3066
   22308       1.3578
   22309       1.2578
   22310       1.3250
   22311       1.3608
   22312       1.4052
   22313       1.4464
   22314       1.4371
   22315       1.4016
   22316       1.4430
   22317       1.3987
   22318       1.3346
   22319       1.3524
   22320       1.5026
   22321       1.5454
   22322       1.4318
   22323       1.4180
   22324       1.3467
   22325       1.4224
   22326       1.4212
   22327       1.3961
   22328       1.3870
   22329       1.3722
   22330       1.3266
   22331       1.3497
   22332       1.3665
   22333       1.3752
   22334       1.4690
   22335       1.3434
   22336       1.4164
   22337       1.3799
   22338       1.5473
   22339       1.5260
   22340       1.6198
   22341       1.5270
   22342       1.5661
   22343       1.5883
   22344       1.4892
   22345       1.4105
   22346       1.4486
   22347       1.4747
   22348       1.4951
   22349       1.4906
   22350       1.5437
   22351       1.4018
   22352       1.4433
   22353       1.4907
   22354       1.5393
   22355       1.5896
   22356       1.4751
   22357       1.5582
   22358       1.5664
   22359       1.5016
   22360       1.5394
   22361       1.4741
   22362       1.4476
   22363       1.4946
   22364       1.5234
   22365       1.5447
   22366       1.4360
   22367       1.4079
   22368       1.3568
   22369       1.4140
   22370       1.4783
   22371       1.3997
   22372       1.3034
   22373       1.3964
   22374       1.3807
   22375       1.4803
   22376       1.4636
   22377       1.4304
   22378       1.4285
   22379       1.4553
   22380       1.3430
   22381       1.4264
   22382       1.3522
   22383       1.3199
   22384       1.3265
   22385       1.4037
   22386       1.3595
   22387       1.3167
   22388       1.3104
   22389       1.3407
   22390       1.2815
   22391       1.3049
   22392       1.2401
   22393       1.2114
   22394       1.2784
   22395       1.2619
   22396       1.3003
   22397       1.2542
   22398       1.2254
   22399       1.3905
   22400       1.3181
   22401       1.3606
   22402       1.3172
   22403       1.3510
   22404       1.3330
   22405       1.3188
   22406       1.3314
   22407       1.2762
   22408       1.3454
   22409       1.4199
   22410       1.4735
   22411       1.3871
   22412       1.3256
   22413       1.4055
   22414       1.3875
   22415       1.4818
   22416       1.3907
   22417       1.4156
   22418       1.4823
   22419       1.4197
   22420       1.4250
   22421       1.3606
   22422       1.4833
   22423       1.4248
   22424       1.3663
   22425       1.4732
   22426       1.4704
   22427       1.4285
   22428       1.4034
   22429       1.4423
   22430       1.4044
   22431       1.4799
   22432       1.4225
   22433       1.4120
   22434       1.5216
   22435       1.4201
   22436       1.5136
   22437       1.4955
   22438       1.4658
   22439       1.3490
   22440       1.2796
   22441       1.2390
   22442       1.3828
   22443       1.5207
   22444       1.5158
   22445       1.3043
   22446       1.2900
   22447       1.2829
   22448       1.2855
   22449       1.3779
   22450       1.2485
   22451       1.5277
   22452       1.5470
   22453       1.5374
   22454       1.4534
   22455       1.4255
   22456       1.5570
   22457       1.5612
   22458       1.6052
   22459       1.5026
   22460       1.5509
   22461       1.4671
   22462       1.3279
   22463       1.4303
   22464       1.3930
   22465       1.3866
   22466       1.4602
   22467       1.5645
   22468       1.5766
   22469       1.5184
   22470       1.6096
   22471       1.5008
   22472       1.4847
   22473       1.3940
   22474       1.4084
   22475       1.4416
   22476       1.4476
   22477       1.4354
   22478       1.4483
   22479       1.3859
   22480       1.4632
   22481       1.4610
   22482       1.4542
   22483       1.3662
   22484       1.4035
   22485       1.3155
   22486       1.3323
   22487       1.3938
   22488       1.3762
   22489       1.3431
   22490       1.3980
   22491       1.4646
   22492       1.3422
   22493       1.3552
   22494       1.2853
   22495       1.2949
   22496       1.3039
   22497       1.3564
   22498       1.3324
   22499       1.5486
   22500       1.5642
   22501       1.5431
   22502       1.4256
   22503       1.3851
   22504       1.3869
   22505       1.4154
   22506       1.3330
   22507       1.2898
   22508       1.3552
   22509       1.3584
   22510       1.4698
   22511       1.5309
   22512       1.3688
   22513       1.4303
   22514       1.4719
   22515       1.4582
   22516       1.4839
   22517       1.5845
   22518       1.5360
   22519       1.4514
   22520       1.3811
   22521       1.4276
   22522       1.3602
   22523       1.4204
   22524       1.4238
   22525       1.4764
   22526       1.4292
   22527       1.4459
   22528       1.2762
   22529       1.4154
   22530       1.4538
   22531       1.4771
   22532       1.4883
   22533       1.3403
   22534       1.3414
   22535       1.3846
   22536       1.4348
   22537       1.3903
   22538       1.3369
   22539       1.3685
   22540       1.4110
   22541       1.4607
   22542       1.3571
   22543       1.5229
   22544       1.4601
   22545       1.3937
   22546       1.3458
   22547       1.3509
   22548       1.3657
   22549       1.4944
   22550       1.4505
   22551       1.4481
   22552       1.3734
   22553       1.4196
   22554       1.3135
   22555       1.3424
   22556       1.3792
   22557       1.3207
   22558       1.4064
   22559       1.4479
   22560       1.3343
   22561       1.4492
   22562       1.4204
   22563       1.4860
   22564       1.4963
   22565       1.3835
   22566       1.4068
   22567       1.4127
   22568       1.3373
   22569       1.4828
   22570       1.4958
   22571       1.4598
   22572       1.4512
   22573       1.4676
   22574       1.5116
   22575       1.4252
   22576       1.3482
   22577       1.2667
   22578       1.2488
   22579       1.2743
   22580       1.3059
   22581       1.2308
   22582       1.2513
   22583       1.3144
   22584       1.2202
   22585       1.2618
   22586       1.2210
   22587       1.2638
   22588       1.3835
   22589       1.3265
   22590       1.3615
   22591       1.2015
   22592       1.2918
   22593       1.3313
   22594       1.2681
   22595       1.4142
   22596       1.3694
   22597       1.3581
   22598       1.4248
   22599       1.4151
   22600       1.4204
   22601       1.4073
   22602       1.5317
   22603       1.4089
   22604       1.4314
   22605       1.4132
   22606       1.4612
   22607       1.3818
   22608       1.5159
   22609       1.5120
   22610       1.4739
   22611       1.4028
   22612       1.3765
   22613       1.4346
   22614       1.5253
   22615       1.4821
   22616       1.4815
   22617       1.4860
   22618       1.5027
   22619       1.4995
   22620       1.6015
   22621       1.5897
   22622       1.5071
   22623       1.4407
   22624       1.4195
   22625       1.4150
   22626       1.3505
   22627       1.3376
   22628       1.3801
   22629       1.3546
   22630       1.4115
   22631       1.5610
   22632       1.4847
   22633       1.5310
   22634       1.5065
   22635       1.5315
   22636       1.5208
   22637       1.6112
   22638       1.5362
   22639       1.4328
   22640       1.3957
   22641       1.4293
   22642       1.3802
   22643       1.4544
   22644       1.4102
   22645       1.4384
   22646       1.4786
   22647       1.5235
   22648       1.5038
   22649       1.4085
   22650       1.3705
   22651       1.4401
   22652       1.4157
   22653       1.3975
   22654       1.3736
   22655       1.4139
   22656       1.4063
   22657       1.3492
   22658       1.3451
   22659       1.4082
   22660       1.3580
   22661       1.3176
   22662       1.2891
   22663       1.3629
   22664       1.4484
   22665       1.3766
   22666       1.2943
   22667       1.3406
   22668       1.2992
   22669       1.3264
   22670       1.3497
   22671       1.3567
   22672       1.4110
   22673       1.3621
   22674       1.3384
   22675       1.4098
   22676       1.4080
   22677       1.4419
   22678       1.3224
   22679       1.2608
   22680       1.3127
   22681       1.3132
   22682       1.3849
   22683       1.3198
   22684       1.3055
   22685       1.4608
   22686       1.4793
   22687       1.5238
   22688       1.4790
   22689       1.4714
   22690       1.4001
   22691       1.3437
   22692       1.3913
   22693       1.3505
   22694       1.4065
   22695       1.4588
   22696       1.3329
   22697       1.4248
   22698       1.3804
   22699       1.4923
   22700       1.5272
   22701       1.4127
   22702       1.4168
   22703       1.4063
   22704       1.3558
   22705       1.4075
   22706       1.3170
   22707       1.3388
   22708       1.2759
   22709       1.2832
   22710       1.2451
   22711       1.3369
   22712       1.3392
   22713       1.3904
   22714       1.3741
   22715       1.3791
   22716       1.4119
   22717       1.4696
   22718       1.4528
   22719       1.4207
   22720       1.4697
   22721       1.5193
   22722       1.4083
   22723       1.4898
   22724       1.4252
   22725       1.3774
   22726       1.5143
   22727       1.5353
   22728       1.5632
   22729       1.4903
   22730       1.3662
   22731       1.3685
   22732       1.3693
   22733       1.4099
   22734       1.3738
   22735       1.3766
   22736       1.3222
   22737       1.3245
   22738       1.3151
   22739       1.4472
   22740       1.3818
   22741       1.3129
   22742       1.3887
   22743       1.4489
   22744       1.4511
   22745       1.4843
   22746       1.4860
   22747       1.5671
   22748       1.6013
   22749       1.6292
   22750       1.5667
   22751       1.6187
   22752       1.8056
   22753       1.7912
   22754       1.6160
   22755       1.5236
   22756       1.3911
   22757       1.3988
   22758       1.4232
   22759       1.4806
   22760       1.4612
   22761       1.5171
   22762       1.4576
   22763       1.4353
   22764       1.3725
   22765       1.4560
   22766       1.4444
   22767       1.4296
   22768       1.4587
   22769       1.4896
   22770       1.4743
   22771       1.4043
   22772       1.3651
   22773       1.4495
   22774       1.4520
   22775       1.5269
   22776       1.6296
   22777       1.6804
   22778       1.5932
   22779       1.5621
   22780       1.5142
   22781       1.6232
   22782       1.5746
   22783       1.4918
   22784       1.4865
   22785       1.5924
   22786       1.5047
   22787       1.3777
   22788       1.4536
   22789       1.4299
   22790       1.4316
   22791       1.5120
   22792       1.4864
   22793       1.4980
   22794       1.4858
   22795       1.5279
   22796       1.4589
   22797       1.5088
   22798       1.5756
   22799       1.4979
   22800       1.5813
   22801       1.6378
   22802       1.6470
   22803       1.6864
   22804       1.5523
   22805       1.6111
   22806       1.6314
   22807       1.5435
   22808       1.5130
   22809       1.4221
   22810       1.4700
   22811       1.4299
   22812       1.4662
   22813       1.4604
   22814       1.4679
   22815       1.5823
   22816       1.4997
   22817       1.5422
   22818       1.6158
   22819       1.4992
   22820       1.3417
   22821       1.4024
   22822       1.5106
   22823       1.4927
   22824       1.4803
   22825       1.5002
   22826       1.4854
   22827       1.5076
   22828       1.4460
   22829       1.4330
   22830       1.5765
   22831       1.5770
   22832       1.5256
   22833       1.5380
   22834       1.5825
   22835       1.4342
   22836       1.4646
   22837       1.4648
   22838       1.5046
   22839       1.4243
   22840       1.4649
   22841       1.4767
   22842       1.5218
   22843       1.5223
   22844       1.5588
   22845       1.5681
   22846       1.5586
   22847       1.5904
   22848       1.5183
   22849       1.5509
   22850       1.4769
   22851       1.5840
   22852       1.4792
   22853       1.4491
   22854       1.4584
   22855       1.4176
   22856       1.3797
   22857       1.3865
   22858       1.4965
   22859       1.4965
   22860       1.5669
   22861       1.4952
   22862       1.3696
   22863       1.3864
   22864       1.4210
   22865       1.3791
   22866       1.4550
   22867       1.4766
   22868       1.4532
   22869       1.5691
   22870       1.5833
   22871       1.4908
   22872       1.5364
   22873       1.4076
   22874       1.5591
   22875       1.5749
   22876       1.5082
   22877       1.4727
   22878       1.4523
   22879       1.5217
   22880       1.5239
   22881       1.4986
   22882       1.4770
   22883       1.4683
   22884       1.4998
   22885       1.4771
   22886       1.5810
   22887       1.4933
   22888       1.4741
   22889       1.4971
   22890       1.4880
   22891       1.4669
   22892       1.4635
   22893       1.4238
   22894       1.4995
   22895       1.6161
   22896       1.5680
   22897       1.6880
   22898       1.7082
   22899       1.6483
   22900       1.5819
   22901       1.6078
   22902       1.5794
   22903       1.5822
   22904       1.5824
   22905       1.5909
   22906       1.5877
   22907       1.7177
   22908       1.6829
   22909       1.5657
   22910       1.6205
   22911       1.5617
   22912       1.4834
   22913       1.3545
   22914       1.4009
   22915       1.4358
   22916       1.4984
   22917       1.4283
   22918       1.4556
   22919       1.5081
   22920       1.5688
   22921       1.5587
   22922       1.5226
   22923       1.4992
   22924       1.5512
   22925       1.5077
   22926       1.6740
   22927       1.6286
   22928       1.7019
   22929       1.4565
   22930       1.7062
   22931       1.6772
   22932       1.6609
   22933       1.6369
   22934       1.5240
   22935       1.5073
   22936       1.5900
   22937       1.5942
   22938       1.6612
   22939       1.6439
   22940       1.6485
   22941       1.5707
   22942       1.5197
   22943       1.5494
   22944       1.4996
   22945       1.5576
   22946       1.5737
   22947       1.5537
   22948       1.5610
   22949       1.5328
   22950       1.5859
   22951       1.5184
   22952       1.4156
   22953       1.4914
   22954       1.4818
   22955       1.4973
   22956       1.4518
   22957       1.4905
   22958       1.5088
   22959       1.6737
   22960       1.5345
   22961       1.7097
   22962       1.6804
   22963       1.6968
   22964       1.5944
   22965       1.5477
   22966       1.5436
   22967       1.4579
   22968       1.4350
   22969       1.3168
   22970       1.3383
   22971       1.3130
   22972       1.2728
   22973       1.3669
   22974       1.3480
   22975       1.4333
   22976       1.4594
   22977       1.4286
   22978       1.3885
   22979       1.4086
   22980       1.4108
   22981       1.4101
   22982       1.4330
   22983       1.3403
   22984       1.3178
   22985       1.5088
   22986       1.4191
   22987       1.4119
   22988       1.4109
   22989       1.4372
   22990       1.2836
   22991       1.3393
   22992       1.2784
   22993       1.3641
   22994       1.2932
   22995       1.2627
   22996       1.3478
   22997       1.4103
   22998       1.3137
   22999       1.3482
   23000       1.3156
   23001       1.2511
   23002       1.2702
   23003       1.2803
   23004       1.2163
   23005       1.2709
   23006       1.2925
   23007       1.2912
   23008       1.1979
   23009       1.2010
   23010       1.2308
   23011       1.2710
   23012       1.2516
   23013       1.3103
   23014       1.3104
   23015       1.3203
   23016       1.4043
   23017       1.3818
   23018       1.3469
   23019       1.4842
   23020       1.5351
   23021       1.5747
   23022       1.5534
   23023       1.5912
   23024       1.4075
   23025       1.4793
   23026       1.5380
   23027       1.5082
   23028       1.5508
   23029       1.5555
   23030       1.5338
   23031       1.3996
   23032       1.4508
   23033       1.4746
   23034       1.4199
   23035       1.4642
   23036       1.4485
   23037       1.3633
   23038       1.3424
   23039       1.2951
   23040       1.3833
   23041       1.4545
   23042       1.4124
   23043       1.4588
   23044       1.3812
   23045       1.4581
   23046       1.4322
   23047       1.5310
   23048       1.4828
   23049       1.6075
   23050       1.4910
   23051       1.4356
   23052       1.5123
   23053       1.5023
   23054       1.5302
   23055       1.5252
   23056       1.5066
   23057       1.8024
   23058       1.6043
   23059       1.5586
   23060       1.5570
   23061       1.5506
   23062       1.5387
   23063       1.4492
   23064       1.3752
   23065       1.4170
   23066       1.3659
   23067       1.4470
   23068       1.4835
   23069       1.4522
   23070       1.4445
   23071       1.4319
   23072       1.5206
   23073       1.4008
   23074       1.3490
   23075       1.4540
   23076       1.3818
   23077       1.3994
   23078       1.3068
   23079       1.3443
   23080       1.3798
   23081       1.2745
   23082       1.3183
   23083       1.3647
   23084       1.3903
   23085       1.4282
   23086       1.4262
   23087       1.4390
   23088       1.3915
   23089       1.3502
   23090       1.3819
   23091       1.4849
   23092       1.4776
   23093       1.5000
   23094       1.4488
   23095       1.3752
   23096       1.4572
   23097       1.3208
   23098       1.2331
   23099       1.3716
   23100       1.3657
   23101       1.3440
   23102       1.2523
   23103       1.3100
   23104       1.3925
   23105       1.4616
   23106       1.5532
   23107       1.5653
   23108       1.4360
   23109       1.4120
   23110       1.5260
   23111       1.5798
   23112       1.5674
   23113       1.5382
   23114       1.4242
   23115       1.4992
   23116       1.4265
   23117       1.4686
   23118       1.5008
   23119       1.5492
   23120       1.5474
   23121       1.4397
   23122       1.3718
   23123       1.4461
   23124       1.4225
   23125       1.2408
   23126       1.3152
   23127       1.2967
   23128       1.2760
   23129       1.3154
   23130       1.3868
   23131       1.4400
   23132       1.4244
   23133       1.3829
   23134       1.4066
   23135       1.3940
   23136       1.4228
   23137       1.3831
   23138       1.3653
   23139       1.3827
   23140       1.4086
   23141       1.3985
   23142       1.4113
   23143       1.3448
   23144       1.3724
   23145       1.3144
   23146       1.3616
   23147       1.4204
   23148       1.4561
   23149       1.4792
   23150       1.5601
   23151       1.4464
   23152       1.4943
   23153       1.5184
   23154       1.5032
   23155       1.5210
   23156       1.4241
   23157       1.4499
   23158       1.4628
   23159       1.4613
   23160       1.4914
   23161       1.5275
   23162       1.4293
   23163       1.4960
   23164       1.5564
   23165       1.4591
   23166       1.4031
   23167       1.4006
   23168       1.5520
   23169       1.4783
   23170       1.4905
   23171       1.4435
   23172       1.3481
   23173       1.3618
   23174       1.4404
   23175       1.4417
   23176       1.4591
   23177       1.5073
   23178       1.4750
   23179       1.4805
   23180       1.4211
   23181       1.4533
   23182       1.4262
   23183       1.5143
   23184       1.4360
   23185       1.4013
   23186       1.4664
   23187       1.5170
   23188       1.4371
   23189       1.3840
   23190       1.3452
   23191       1.3038
   23192       1.2810
   23193       1.3681
   23194       1.3418
   23195       1.3741
   23196       1.4311
   23197       1.3700
   23198       1.3802
   23199       1.3408
   23200       1.3968
   23201       1.4281
   23202       1.4554
   23203       1.4256
   23204       1.3871
   23205       1.3723
   23206       1.3369
   23207       1.3332
   23208       1.3080
   23209       1.4032
   23210       1.5310
   23211       1.4293
   23212       1.4374
   23213       1.4142
   23214       1.5097
   23215       1.4719
   23216       1.3920
   23217       1.4429
   23218       1.3564
   23219       1.3164
   23220       1.3331
   23221       1.3583
   23222       1.3512
   23223       1.3730
   23224       1.4090
   23225       1.4790
   23226       1.3892
   23227       1.4274
   23228       1.4245
   23229       1.3309
   23230       1.4151
   23231       1.3660
   23232       1.4092
   23233       1.3769
   23234       1.4169
   23235       1.4407
   23236       1.3965
   23237       1.4160
   23238       1.4252
   23239       1.4690
   23240       1.5081
   23241       1.4075
   23242       1.4270
   23243       1.4627
   23244       1.4749
   23245       1.3558
   23246       1.4805
   23247       1.5069
   23248       1.4170
   23249       1.3826
   23250       1.3605
   23251       1.3404
   23252       1.4160
   23253       1.4372
   23254       1.3843
   23255       1.4327
   23256       1.4286
   23257       1.3829
   23258       1.3141
   23259       1.4224
   23260       1.3452
   23261       1.2648
   23262       1.3011
   23263       1.2516
   23264       1.2923
   23265       1.4321
   23266       1.3850
   23267       1.3090
   23268       1.3064
   23269       1.3832
   23270       1.3672
   23271       1.3230
   23272       1.3834
   23273       1.3831
   23274       1.4103
   23275       1.3946
   23276       1.2878
   23277       1.3406
   23278       1.3156
   23279       1.3600
   23280       1.3874
   23281       1.3380
   23282       1.3277
   23283       1.4134
   23284       1.3681
   23285       1.2582
   23286       1.3154
   23287       1.3744
   23288       1.3379
   23289       1.3114
   23290       1.2614
   23291       1.3249
   23292       1.4797
   23293       1.4934
   23294       1.4564
   23295       1.4468
   23296       1.7154
   23297       1.5897
   23298       1.5581
   23299       1.5966
   23300       1.4895
   23301       1.5521
   23302       1.5016
   23303       1.4400
   23304       1.5276
   23305       1.4763
   23306       1.3937
   23307       1.4882
   23308       1.4252
   23309       1.4651
   23310       1.4149
   23311       1.3506
   23312       1.4266
   23313       1.4550
   23314       1.3810
   23315       1.4737
   23316       1.4727
   23317       1.5425
   23318       1.4991
   23319       1.5260
   23320       1.5780
   23321       1.5883
   23322       1.6208
   23323       1.5697
   23324       1.5102
   23325       1.4656
   23326       1.4683
   23327       1.4154
   23328       1.4320
   23329       1.4609
   23330       1.3761
   23331       1.3582
   23332       1.3273
   23333       1.4371
   23334       1.3744
   23335       1.3642
   23336       1.4469
   23337       1.3779
   23338       1.4098
   23339       1.4424
   23340       1.5209
   23341       1.4616
   23342       1.5358
   23343       1.4407
   23344       1.3897
   23345       1.4005
   23346       1.3692
   23347       1.4697
   23348       1.5602
   23349       1.5549
   23350       1.5488
   23351       1.5235
   23352       1.5144
   23353       1.4609
   23354       1.3949
   23355       1.5578
   23356       1.4784
   23357       1.5684
   23358       1.6664
   23359       1.5543
   23360       1.5245
   23361       1.6225
   23362       1.5234
   23363       1.6388
   23364       1.6557
   23365       1.4768
   23366       1.3764
   23367       1.4384
   23368       1.3815
   23369       1.3633
   23370       1.4137
   23371       1.2673
   23372       1.3361
   23373       1.3161
   23374       1.2906
   23375       1.3595
   23376       1.3037
   23377       1.4486
   23378       1.3547
   23379       1.3031
   23380       1.2400
   23381       1.2625
   23382       1.3320
   23383       1.2497
   23384       1.3192
   23385       1.3900
   23386       1.3421
   23387       1.4914
   23388       1.4495
   23389       1.3918
   23390       1.3786
   23391       1.4774
   23392       1.4682
   23393       1.5296
   23394       1.6225
   23395       1.5400
   23396       1.4261
   23397       1.4618
   23398       1.3108
   23399       1.2484
   23400       1.3691
   23401       1.3709
   23402       1.3693
   23403       1.3478
   23404       1.3245
   23405       1.2847
   23406       1.4134
   23407       1.3473
   23408       1.3385
   23409       1.1855
   23410       1.1932
   23411       1.2702
   23412       1.3518
   23413       1.3207
   23414       1.3803
   23415       1.4464
   23416       1.4019
   23417       1.3995
   23418       1.3728
   23419       1.2397
   23420       1.3585
   23421       1.3458
   23422       1.3932
   23423       1.3332
   23424       1.3409
   23425       1.3638
   23426       1.3243
   23427       1.2899
   23428       1.4082
   23429       1.4181
   23430       1.4014
   23431       1.4359
   23432       1.5584
   23433       1.3995
   23434       1.4176
   23435       1.4865
   23436       1.3893
   23437       1.5900
   23438       1.4944
   23439       1.5192
   23440       1.3281
   23441       1.4772
   23442       1.5205
   23443       1.4823
   23444       1.4478
   23445       1.5006
   23446       1.5535
   23447       1.5395
   23448       1.4933
   23449       1.5255
   23450       1.4363
   23451       1.4299
   23452       1.3884
   23453       1.4400
   23454       1.4580
   23455       1.5101
   23456       1.4983
   23457       1.5090
   23458       1.4630
   23459       1.4408
   23460       1.3204
   23461       1.4283
   23462       1.4210
   23463       1.4100
   23464       1.4548
   23465       1.4643
   23466       1.2990
   23467       1.3020
   23468       1.3415
   23469       1.2718
   23470       1.3362
   23471       1.4244
   23472       1.3936
   23473       1.4985
   23474       1.4639
   23475       1.5055
   23476       1.5546
   23477       1.4950
   23478       1.5132
   23479       1.4920
   23480       1.4419
   23481       1.4705
   23482       1.4929
   23483       1.4565
   23484       1.3804
   23485       1.3503
   23486       1.4482
   23487       1.3701
   23488       1.4103
   23489       1.4998
   23490       1.4428
   23491       1.4234
   23492       1.5063
   23493       1.4646
   23494       1.4829
   23495       1.4813
   23496       1.4635
   23497       1.5080
   23498       1.4728
   23499       1.5521
   23500       1.5967
   23501       1.4857
   23502       1.5517
   23503       1.4871
   23504       1.3724
   23505       1.3305
   23506       1.4341
   23507       1.4728
   23508       1.4022
   23509       1.4963
   23510       1.4370
   23511       1.4312
   23512       1.2819
   23513       1.2730
   23514       1.3943
   23515       1.4101
   23516       1.5139
   23517       1.4774
   23518       1.4809
   23519       1.3567
   23520       1.4396
   23521       1.4203
   23522       1.3444
   23523       1.2557
   23524       1.4512
   23525       1.3937
   23526       1.5064
   23527       1.4809
   23528       1.4197
   23529       1.3007
   23530       1.3290
   23531       1.2741
   23532       1.2391
   23533       1.2618
   23534       1.2595
   23535       1.3741
   23536       1.2810
   23537       1.2632
   23538       1.4411
   23539       1.4316
   23540       1.4238
   23541       1.4022
   23542       1.3145
   23543       1.4864
   23544       1.4834
   23545       1.4192
   23546       1.3947
   23547       1.4039
   23548       1.4801
   23549       1.4825
   23550       1.4630
   23551       1.4993
   23552       1.3822
   23553       1.4155
   23554       1.4034
   23555       1.4363
   23556       1.4061
   23557       1.4324
   23558       1.3347
   23559       1.3916
   23560       1.4081
   23561       1.3792
   23562       1.3884
   23563       1.3297
   23564       1.4541
   23565       1.4748
   23566       1.4812
   23567       1.4945
   23568       1.4886
   23569       1.4104
   23570       1.4419
   23571       1.4701
   23572       1.5571
   23573       1.4765
   23574       1.3529
   23575       1.2929
   23576       1.5244
   23577       1.3366
   23578       1.3344
   23579       1.3503
   23580       1.3137
   23581       1.3563
   23582       1.2701
   23583       1.4294
   23584       1.4981
   23585       1.5892
   23586       1.4222
   23587       1.4106
   23588       1.3299
   23589       1.3323
   23590       1.3921
   23591       1.4245
   23592       1.3053
   23593       1.3893
   23594       1.3751
   23595       1.4662
   23596       1.4437
   23597       1.3923
   23598       1.4071
   23599       1.3626
   23600       1.3410
   23601       1.4241
   23602       1.4114
   23603       1.3448
   23604       1.4127
   23605       1.5546
   23606       1.3613
   23607       1.3715
   23608       1.3551
   23609       1.4357
   23610       1.3461
   23611       1.3903
   23612       1.4090
   23613       1.3442
   23614       1.3821
   23615       1.3815
   23616       1.3458
   23617       1.3624
   23618       1.4338
   23619       1.4684
   23620       1.4045
   23621       1.4804
   23622       1.3924
   23623       1.3825
   23624       1.5171
   23625       1.3495
   23626       1.3749
   23627       1.3135
   23628       1.4350
   23629       1.3873
   23630       1.4779
   23631       1.4851
   23632       1.3601
   23633       1.4464
   23634       1.4219
   23635       1.4516
   23636       1.3872
   23637       1.3804
   23638       1.3853
   23639       1.3655
   23640       1.3195
   23641       1.3622
   23642       1.3572
   23643       1.3069
   23644       1.3440
   23645       1.3224
   23646       1.4031
   23647       1.2979
   23648       1.4482
   23649       1.3856
   23650       1.3502
   23651       1.3277
   23652       1.3413
   23653       1.3902
   23654       1.2920
   23655       1.3306
   23656       1.3037
   23657       1.2660
   23658       1.2534
   23659       1.2508
   23660       1.2325
   23661       1.3861
   23662       1.3625
   23663       1.3374
   23664       1.3377
   23665       1.2421
   23666       1.2257
   23667       1.4066
   23668       1.3210
   23669       1.2961
   23670       1.3230
   23671       1.3714
   23672       1.3142
   23673       1.2934
   23674       1.2765
   23675       1.2564
   23676       1.3271
   23677       1.3731
   23678       1.3451
   23679       1.4163
   23680       1.3326
   23681       1.2765
   23682       1.3553
   23683       1.2618
   23684       1.3524
   23685       1.2643
   23686       1.2335
   23687       1.2187
   23688       1.2655
   23689       1.3070
   23690       1.2033
   23691       1.2599
   23692       1.3827
   23693       1.3866
   23694       1.2701
   23695       1.3191
   23696       1.3228
   23697       1.2657
   23698       1.3082
   23699       1.3240
   23700       1.2959
   23701       1.2843
   23702       1.3268
   23703       1.3107
   23704       1.1779
   23705       1.2310
   23706       1.2402
   23707       1.3008
   23708       1.3101
   23709       1.3125
   23710       1.2853
   23711       1.2962
   23712       1.2192
   23713       1.3513
   23714       1.3677
   23715       1.3023
   23716       1.3040
   23717       1.2806
   23718       1.3267
   23719       1.2539
   23720       1.2955
   23721       1.3297
   23722       1.3566
   23723       1.2835
   23724       1.3288
   23725       1.3008
   23726       1.3101
   23727       1.2357
   23728       1.2775
   23729       1.3013
   23730       1.3718
   23731       1.4106
   23732       1.3753
   23733       1.4137
   23734       1.4351
   23735       1.3138
   23736       1.3792
   23737       1.2995
   23738       1.3133
   23739       1.2905
   23740       1.3329
   23741       1.2671
   23742       1.2868
   23743       1.2752
   23744       1.1641
   23745       1.1403
   23746       1.1766
   23747       1.1559
   23748       1.2732
   23749       1.3030
   23750       1.2502
   23751       1.2455
   23752       1.2859
   23753       1.2590
   23754       1.1993
   23755       1.2826
   23756       1.3815
   23757       1.3908
   23758       1.3722
   23759       1.3408
   23760       1.4872
   23761       1.5024
   23762       1.4420
   23763       1.3593
   23764       1.4075
   23765       1.4482
   23766       1.4245
   23767       1.4312
   23768       1.4140
   23769       1.3403
   23770       1.3565
   23771       1.3095
   23772       1.2827
   23773       1.3005
   23774       1.2097
   23775       1.2722
   23776       1.2379
   23777       1.2529
   23778       1.3879
   23779       1.3878
   23780       1.3919
   23781       1.3370
   23782       1.2865
   23783       1.3011
   23784       1.3179
   23785       1.2838
   23786       1.3726
   23787       1.3823
   23788       1.4158
   23789       1.3479
   23790       1.3083
   23791       1.4072
   23792       1.4573
   23793       1.4727
   23794       1.3961
   23795       1.3828
   23796       1.4550
   23797       1.4988
   23798       1.3747
   23799       1.4497
   23800       1.4258
   23801       1.3797
   23802       1.3876
   23803       1.3768
   23804       1.3096
   23805       1.5037
   23806       1.3382
   23807       1.2921
   23808       1.3959
   23809       1.4596
   23810       1.3051
   23811       1.3176
   23812       1.3176
   23813       1.2587
   23814       1.2527
   23815       1.1790
   23816       1.1374
   23817       1.2785
   23818       1.2676
   23819       1.3191
   23820       1.3022
   23821       1.3651
   23822       1.4262
   23823       1.2666
   23824       1.2758
   23825       1.2761
   23826       1.2396
   23827       1.2393
   23828       1.2937
   23829       1.2728
   23830       1.3228
   23831       1.2782
   23832       1.2514
   23833       1.2724
   23834       1.3513
   23835       1.3872
   23836       1.3403
   23837       1.3583
   23838       1.3222
   23839       1.2508
   23840       1.2119
   23841       1.3110
   23842       1.4437
   23843       1.5782
   23844       1.4569
   23845       1.3445
   23846       1.3810
   23847       1.3984
   23848       1.4306
   23849       1.3114
   23850       1.3884
   23851       1.2347
   23852       1.2417
   23853       1.3045
   23854       1.4085
   23855       1.3087
   23856       1.2446
   23857       1.3100
   23858       1.2967
   23859       1.2984
   23860       1.3642
   23861       1.4058
   23862       1.3275
   23863       1.2289
   23864       1.2371
   23865       1.4076
   23866       1.4231
   23867       1.4550
   23868       1.4087
   23869       1.4140
   23870       1.4126
   23871       1.4719
   23872       1.4422
   23873       1.4436
   23874       1.3777
   23875       1.4497
   23876       1.3634
   23877       1.4124
   23878       1.4584
   23879       1.3450
   23880       1.3986
   23881       1.3765
   23882       1.4173
   23883       1.4802
   23884       1.5015
   23885       1.4619
   23886       1.4364
   23887       1.5279
   23888       1.4154
   23889       1.4189
   23890       1.3925
   23891       1.4100
   23892       1.3262
   23893       1.3711
   23894       1.4426
   23895       1.3002
   23896       1.4573
   23897       1.4390
   23898       1.4579
   23899       1.3654
   23900       1.3104
   23901       1.4054
   23902       1.3292
   23903       1.3948
   23904       1.3943
   23905       1.2916
   23906       1.3470
   23907       1.3620
   23908       1.4850
   23909       1.4079
   23910       1.3457
   23911       1.4724
   23912       1.4363
   23913       1.3877
   23914       1.3518
   23915       1.4162
   23916       1.4778
   23917       1.3906
   23918       1.2874
   23919       1.3063
   23920       1.3288
   23921       1.1814
   23922       1.1755
   23923       1.2670
   23924       1.2656
   23925       1.1435
   23926       1.2395
   23927       1.2839
   23928       1.3305
   23929       1.2362
   23930       1.2535
   23931       1.3285
   23932       1.3539
   23933       1.3041
   23934       1.2577
   23935       1.3537
   23936       1.2360
   23937       1.2913
   23938       1.2182
   23939       1.1424
   23940       1.2958
   23941       1.2511
   23942       1.1231
   23943       1.0754
   23944       1.1493
   23945       1.2319
   23946       1.2250
   23947       1.3224
   23948       1.2814
   23949       1.2051
   23950       1.1350
   23951       1.2122
   23952       1.2681
   23953       1.4112
   23954       1.2718
   23955       1.3544
   23956       1.3469
   23957       1.2583
   23958       1.3215
   23959       1.1881
   23960       1.2005
   23961       1.1669
   23962       1.1080
   23963       1.0293
   23964       1.2082
   23965       1.1999
   23966       1.1151
   23967       1.2771
   23968       1.2212
   23969       1.2070
   23970       1.1516
   23971       1.1718
   23972       1.2055
   23973       1.1711
   23974       1.1525
   23975       1.1803
   23976       1.2363
   23977       1.2171
   23978       1.2388
   23979       1.2688
   23980       1.2532
   23981       1.2478
   23982       1.2376
   23983       1.2929
   23984       1.1643
   23985       1.1558
   23986       1.1113
   23987       1.1467
   23988       1.1316
   23989       1.0567
   23990       0.9972
   23991       1.0982
   23992       1.1030
   23993       1.1762
   23994       1.2258
   23995       1.2238
   23996       1.1734
   23997       1.1999
   23998       1.2493
   23999       1.1513
   24000       1.1842
   24001       1.1783
   24002       1.1623
   24003       1.1402
   24004       1.0423
   24005       1.1079
   24006       1.0133
   24007       1.1961
   24008       1.1531
   24009       1.1248
   24010       1.1906
   24011       1.0559
   24012       1.0617
   24013       1.0515
   24014       1.0289
   24015       1.1456
   24016       1.1653
   24017       1.2088
   24018       1.1743
   24019       1.2739
   24020       1.2309
   24021       1.1279
   24022       1.2118
   24023       1.3401
   24024       1.2143
   24025       1.1920
   24026       1.2600
   24027       1.2147
   24028       1.3240
   24029       1.3069
   24030       1.3393
   24031       1.2902
   24032       1.3210
   24033       1.3788
   24034       1.3225
   24035       1.3471
   24036       1.4264
   24037       1.3598
   24038       1.3738
   24039       1.3449
   24040       1.3480
   24041       1.2037
   24042       1.2575
   24043       1.2569
   24044       1.2225
   24045       1.2351
   24046       1.2011
   24047       1.2771
   24048       1.2610
   24049       1.3806
   24050       1.3487
   24051       1.2683
   24052       1.3352
   24053       1.2756
   24054       1.2325
   24055       1.2654
   24056       1.2426
   24057       1.2081
   24058       1.2216
   24059       1.2294
   24060       1.2094
   24061       1.2949
   24062       1.4037
   24063       1.5525
   24064       1.4821
   24065       1.4176
   24066       1.4776
   24067       1.3568
   24068       1.4419
   24069       1.4014
   24070       1.3241
   24071       1.3510
   24072       1.4523
   24073       1.4352
   24074       1.4506
   24075       1.4868
   24076       1.4352
   24077       1.3082
   24078       1.3580
   24079       1.3306
   24080       1.4656
   24081       1.3168
   24082       1.3167
   24083       1.2306
   24084       1.2915
   24085       1.1474
   24086       1.2649
   24087       1.2594
   24088       1.3072
   24089       1.2182
   24090       1.3559
   24091       1.3930
   24092       1.2998
   24093       1.2211
   24094       1.3146
   24095       1.3662
   24096       1.3394
   24097       1.4497
   24098       1.3478
   24099       1.3156
   24100       1.4561
   24101       1.3752
   24102       1.3635
   24103       1.2756
   24104       1.3767
   24105       1.2469
   24106       1.2826
   24107       1.2229
   24108       1.2898
   24109       1.3898
   24110       1.3391
   24111       1.3459
   24112       1.3741
   24113       1.4190
   24114       1.4379
   24115       1.3999
   24116       1.5149
   24117       1.4071
   24118       1.3339
   24119       1.3541
   24120       1.3170
   24121       1.4011
   24122       1.4182
   24123       1.3277
   24124       1.2575
   24125       1.3329
   24126       1.2482
   24127       1.3537
   24128       1.3316
   24129       1.3650
   24130       1.1443
   24131       1.0325
   24132       1.1576
   24133       1.0990
   24134       1.1178
   24135       1.2281
   24136       1.3249
   24137       1.3171
   24138       1.4729
   24139       1.2871
   24140       1.1865
   24141       1.3306
   24142       1.2423
   24143       1.2058
   24144       1.3117
   24145       1.1344
   24146       1.1734
   24147       1.1197
   24148       1.1909
   24149       1.2233
   24150       1.2541
   24151       1.2115
   24152       1.2244
   24153       1.2344
   24154       1.2205
   24155       1.2003
   24156       1.0956
   24157       1.2409
   24158       1.2201
   24159       1.1592
   24160       1.1625
   24161       1.2357
   24162       1.3993
   24163       1.2508
   24164       1.2323
   24165       1.3327
   24166       1.2433
   24167       1.1250
   24168       1.1953
   24169       1.2641
   24170       1.2624
   24171       1.1796
   24172       1.1250
   24173       1.1158
   24174       1.1263
   24175       1.0922
   24176       1.2245
   24177       1.1529
   24178       1.1562
   24179       1.2798
   24180       1.2181
   24181       1.1771
   24182       1.1454
   24183       1.1590
   24184       1.0557
   24185       1.1122
   24186       1.1483
   24187       1.0686
   24188       1.0869
   24189       1.1583
   24190       1.1329
   24191       1.2007
   24192       1.1695
   24193       1.2763
   24194       1.2250
   24195       1.1978
   24196       1.2027
   24197       1.2221
   24198       1.1819
   24199       1.1474
   24200       1.1567
   24201       1.2471
   24202       1.1766
   24203       1.2482
   24204       1.1764
   24205       1.2294
   24206       1.2641
   24207       1.2836
   24208       1.3189
   24209       1.3031
   24210       1.4144
   24211       1.3287
   24212       1.3462
   24213       1.3868
   24214       1.3280
   24215       1.1943
   24216       1.0904
   24217       1.1157
   24218       1.1072
   24219       1.0801
   24220       1.1239
   24221       1.1306
   24222       1.1055
   24223       1.0916
   24224       1.0355
   24225       1.1326
   24226       1.1449
   24227       1.1758
   24228       1.1792
   24229       1.1198
   24230       1.0932
   24231       1.1534
   24232       1.0807
   24233       1.1081
   24234       1.2072
   24235       1.1839
   24236       1.1443
   24237       1.1792
   24238       1.1505
   24239       1.2294
   24240       1.1232
   24241       1.1106
   24242       1.0707
   24243       1.0522
   24244       1.0859
   24245       1.1187
   24246       1.1151
   24247       1.1516
   24248       1.1105
   24249       1.2033
   24250       1.2716
   24251       1.1387
   24252       1.1504
   24253       1.1524
   24254       1.2326
   24255       1.1708
   24256       1.3081
   24257       1.1927
   24258       1.2922
   24259       1.2570
   24260       1.3554
   24261       1.2909
   24262       1.1700
   24263       1.1550
   24264       1.1827
   24265       1.1060
   24266       1.2127
   24267       1.0855
   24268       1.1890
   24269       1.1566
   24270       1.2540
   24271       1.2046
   24272       1.1546
   24273       1.1711
   24274       1.1478
   24275       1.1453
   24276       1.1034
   24277       1.1133
   24278       1.2933
   24279       1.2777
   24280       1.3261
   24281       1.2298
   24282       1.1233
   24283       1.2058
   24284       1.2189
   24285       1.3308
   24286       1.2675
   24287       1.1706
   24288       1.1357
   24289       1.0487
   24290       1.1321
   24291       1.1724
   24292       1.1983
   24293       1.1103
   24294       1.1623
   24295       1.0405
   24296       1.0342
   24297       1.0374
   24298       1.0994
   24299       1.1383
   24300       1.2220
   24301       1.2021
   24302       1.3114
   24303       1.2354
   24304       1.1872
   24305       1.1928
   24306       1.1669
   24307       1.2695
   24308       1.3195
   24309       1.2202
   24310       1.2002
   24311       1.1814
   24312       1.2654
   24313       1.2581
   24314       1.1518
   24315       1.2059
   24316       1.2546
   24317       1.2686
   24318       1.2505
   24319       1.2669
   24320       1.2512
   24321       1.2553
   24322       1.1276
   24323       1.1564
   24324       1.1355
   24325       1.0889
   24326       1.1707
   24327       1.1276
   24328       1.0150
   24329       1.0296
   24330       1.0954
   24331       1.0922
   24332       1.1399
   24333       1.1439
   24334       1.1054
   24335       1.1055
   24336       1.0298
   24337       1.0801
   24338       1.1236
   24339       1.2241
   24340       1.1893
   24341       1.0895
   24342       1.1358
   24343       1.0833
   24344       1.0941
   24345       1.1010
   24346       1.1585
   24347       1.2221
   24348       1.2732
   24349       1.2010
   24350       1.1254
   24351       1.1825
   24352       1.1666
   24353       1.0935
   24354       1.2323
   24355       1.1518
   24356       1.1311
   24357       1.0779
   24358       1.0422
   24359       1.0697
   24360       1.0522
   24361       1.0083
   24362       1.0334
   24363       1.0893
   24364       1.0774
   24365       1.1097
   24366       0.9679
   24367       1.0924
   24368       1.0791
   24369       0.9835
   24370       1.0315
   24371       1.0519
   24372       1.1353
   24373       1.0699
   24374       1.0233
   24375       1.0557
   24376       1.1299
   24377       1.1220
   24378       1.1028
   24379       1.0688
   24380       1.0783
   24381       1.1135
   24382       1.0785
   24383       1.0763
   24384       1.0767
   24385       1.0112
   24386       1.0030
   24387       1.1303
   24388       1.0849
   24389       1.1338
   24390       1.1079
   24391       1.1426
   24392       1.1484
   24393       1.1269
   24394       1.0139
   24395       1.1383
   24396       1.0803
   24397       1.1047
   24398       1.0736
   24399       1.0620
   24400       1.0397
   24401       1.0303
   24402       1.0239
   24403       1.1447
   24404       1.0897
   24405       1.0733
   24406       1.0757
   24407       1.1326
   24408       1.0941
   24409       1.0852
   24410       1.1098
   24411       1.0180
   24412       1.0077
   24413       1.0440
   24414       1.0847
   24415       1.0758
   24416       1.0924
   24417       1.1212
   24418       1.1807
   24419       1.2357
   24420       1.1666
   24421       1.0654
   24422       1.1202
   24423       1.1945
   24424       1.2114
   24425       1.0763
   24426       1.1108
   24427       1.1344
   24428       1.0919
   24429       1.1500
   24430       1.0878
   24431       1.0484
   24432       1.0652
   24433       1.1022
   24434       1.0857
   24435       1.0541
   24436       1.0906
   24437       1.0751
   24438       1.0348
   24439       1.0493
   24440       1.0694
   24441       1.0763
   24442       1.1793
   24443       1.1096
   24444       1.1781
   24445       1.1741
   24446       1.1242
   24447       1.1456
   24448       1.2089
   24449       1.2282
   24450       1.1696
   24451       1.1764
   24452       1.1250
   24453       1.2400
   24454       1.2131
   24455       1.1280
   24456       1.1238
   24457       1.1568
   24458       1.2244
   24459       1.1435
   24460       1.2003
   24461       1.1826
   24462       1.2016
   24463       1.2474
   24464       1.2287
   24465       1.1749
   24466       1.2713
   24467       1.2321
   24468       1.2845
   24469       1.2431
   24470       1.2545
   24471       1.3946
   24472       1.3654
   24473       1.4202
   24474       1.4331
   24475       1.2684
   24476       1.2665
   24477       1.2753
   24478       1.2139
   24479       1.2784
   24480       1.1804
   24481       1.2674
   24482       1.3016
   24483       1.2377
   24484       1.2177
   24485       1.3601
   24486       1.3491
   24487       1.3524
   24488       1.3639
   24489       1.2488
   24490       1.2794
   24491       1.3796
   24492       1.2687
   24493       1.2729
   24494       1.2025
   24495       1.3134
   24496       1.1884
   24497       1.1926
   24498       1.2650
   24499       1.2069
   24500       1.2157
   24501       1.3148
   24502       1.1762
   24503       1.2234
   24504       1.2253
   24505       1.2916
   24506       1.1653
   24507       1.1648
   24508       1.2111
   24509       1.3898
   24510       1.3038
   24511       1.3179
   24512       1.2812
   24513       1.3013
   24514       1.2795
   24515       1.3290
   24516       1.2656
   24517       1.2314
   24518       1.3694
   24519       1.4070
   24520       1.2692
   24521       1.2894
   24522       1.3041
   24523       1.3646
   24524       1.3986
   24525       1.3756
   24526       1.2920
   24527       1.2517
   24528       1.3500
   24529       1.3328
   24530       1.3923
   24531       1.4729
   24532       1.4774
   24533       1.4264
   24534       1.4681
   24535       1.4563
   24536       1.4630
   24537       1.3763
   24538       1.4544
   24539       1.4209
   24540       1.3882
   24541       1.4595
   24542       1.4633
   24543       1.4895
   24544       1.3982
   24545       1.3632
   24546       1.5076
   24547       1.4368
   24548       1.3759
   24549       1.3001
   24550       1.4492
   24551       1.3910
   24552       1.4302
   24553       1.3431
   24554       1.3163
   24555       1.3424
   24556       1.2959
   24557       1.2898
   24558       1.2979
   24559       1.3243
   24560       1.3936
   24561       1.3426
   24562       1.2898
   24563       1.3600
   24564       1.3231
   24565       1.3556
   24566       1.4215
   24567       1.3113
   24568       1.3301
   24569       1.2289
   24570       1.3831
   24571       1.3684
   24572       1.3419
   24573       1.5128
   24574       1.4537
   24575       1.3897
   24576       1.4630
   24577       1.4294
   24578       1.3546
   24579       1.4407
   24580       1.5059
   24581       1.4903
   24582       1.4284
   24583       1.3294
   24584       1.3588
   24585       1.5233
   24586       1.5385
   24587       1.5195
   24588       1.7444
   24589       1.6054
   24590       1.7358
   24591       1.7937
   24592       1.6579
   24593       1.7058
   24594       1.7193
   24595       1.9085
   24596       1.7836
   24597       1.7470
   24598       1.7555
   24599       1.7270
   24600       1.8142
   24601       1.6701
   24602       1.7756
   24603       1.7033
   24604       1.5988
   24605       1.5699
   24606       1.6940
   24607       1.6018
   24608       1.5246
   24609       1.5656
   24610       1.4372
   24611       1.4730
   24612       1.5240
   24613       1.4775
   24614       1.3949
   24615       1.3708
   24616       1.3754
   24617       1.4869
   24618       1.5102
   24619       1.4335
   24620       1.5703
   24621       1.6019
   24622       1.3360
   24623       1.3111
   24624       1.3309
   24625       1.4575
   24626       1.4627
   24627       1.4704
   24628       1.4333
   24629       1.4862
   24630       1.4144
   24631       1.6170
   24632       1.5823
   24633       1.5977
   24634       1.4943
   24635       1.7070
   24636       1.5933
   24637       1.5233
   24638       1.5464
   24639       1.3975
   24640       1.3089
   24641       1.4562
   24642       1.3988
   24643       1.4366
   24644       1.5184
   24645       1.5048
   24646       1.5280
   24647       1.6332
   24648       1.5592
   24649       1.6296
   24650       1.6337
   24651       1.5838
   24652       1.6905
   24653       1.5759
   24654       1.5181
   24655       1.4226
   24656       1.4416
   24657       1.3593
   24658       1.3707
   24659       1.3023
   24660       1.2293
   24661       1.2677
   24662       1.2537
   24663       1.2903
   24664       1.2153
   24665       1.1303
   24666       1.1401
   24667       1.1786
   24668       1.1224
   24669       1.2207
   24670       1.2372
   24671       1.3057
   24672       1.2556
   24673       1.2426
   24674       1.1252
   24675       1.1648
   24676       1.1436
   24677       1.1572
   24678       1.1233
   24679       1.1147
   24680       1.1469
   24681       1.0773
   24682       1.2056
   24683       1.1506
   24684       1.1184
   24685       1.2099
   24686       1.1820
   24687       1.2287
   24688       1.1388
   24689       1.1528
   24690       1.1283
   24691       1.1814
   24692       1.2223
   24693       1.2168
   24694       1.2207
   24695       1.2337
   24696       1.2443
   24697       1.2365
   24698       1.3216
   24699       1.2880
   24700       1.2801
   24701       1.2706
   24702       1.2677
   24703       1.2244
   24704       1.3319
   24705       1.2953
   24706       1.1778
   24707       1.1816
   24708       1.1684
   24709       1.3415
   24710       1.3676
   24711       1.2576
   24712       1.2759
   24713       1.2408
   24714       1.3353
   24715       1.2742
   24716       1.2594
   24717       1.2354
   24718       1.3197
   24719       1.1570
   24720       1.1804
   24721       1.2569
   24722       1.2134
   24723       1.3389
   24724       1.2481
   24725       1.2134
   24726       1.2268
   24727       1.1384
   24728       0.9732
   24729       1.1149
   24730       1.1212
   24731       1.0013
   24732       1.0801
   24733       1.0934
   24734       1.1046
   24735       1.1129
   24736       1.1496
   24737       1.1401
   24738       1.0863
   24739       1.0548
   24740       1.0637
   24741       1.0749
   24742       1.1125
   24743       1.1188
   24744       1.1041
   24745       1.1604
   24746       1.1105
   24747       1.1425
   24748       1.0796
   24749       1.1411
   24750       1.1374
   24751       1.1524
   24752       1.1941
   24753       1.1122
   24754       1.1741
   24755       1.1688
   24756       1.2154
   24757       1.1917
   24758       1.1721
   24759       1.1793
   24760       1.2262
   24761       1.1910
   24762       1.2198
   24763       1.2151
   24764       1.1430
   24765       1.1884
   24766       1.2168
   24767       1.1577
   24768       1.1586
   24769       1.2951
   24770       1.2543
   24771       1.2802
   24772       1.2075
   24773       1.1624
   24774       1.1641
   24775       1.0867
   24776       1.1935
   24777       1.2217
   24778       1.1239
   24779       1.1972
   24780       1.1991
   24781       1.2218
   24782       1.1503
   24783       1.2528
   24784       1.1014
   24785       1.1248
   24786       1.2317
   24787       1.1818
   24788       1.1259
   24789       1.0925
   24790       1.1572
   24791       1.1344
   24792       1.1714
   24793       1.1754
   24794       1.1965
   24795       1.2371
   24796       1.2920
   24797       1.2809
   24798       1.2137
   24799       1.2571
   24800       1.1659
   24801       1.1663
   24802       1.3214
   24803       1.1986
   24804       1.1331
   24805       1.1363
   24806       1.1864
   24807       1.1268
   24808       1.1485
   24809       1.2449
   24810       1.1510
   24811       1.2968
   24812       1.2342
   24813       1.1928
   24814       1.2404
   24815       1.1528
   24816       1.2317
   24817       1.2332
   24818       1.1892
   24819       1.1293
   24820       1.0993
   24821       1.1905
   24822       1.1713
   24823       1.2299
   24824       1.1196
   24825       1.2093
   24826       1.2172
   24827       1.2685
   24828       1.1742
   24829       1.1871
   24830       1.1907
   24831       1.1354
   24832       1.1087
   24833       1.1851
   24834       1.2102
   24835       1.1543
   24836       1.0989
   24837       1.1434
   24838       1.1598
   24839       1.2063
   24840       1.1871
   24841       1.1721
   24842       1.0824
   24843       1.0862
   24844       1.1326
   24845       1.1542
   24846       1.1171
   24847       1.2091
   24848       1.1851
   24849       1.2259
   24850       1.2301
   24851       1.3351
   24852       1.2267
   24853       1.3230
   24854       1.2759
   24855       1.2745
   24856       1.2673
   24857       1.2636
   24858       1.2471
   24859       1.2643
   24860       1.2276
   24861       1.1314
   24862       1.1598
   24863       1.1675
   24864       1.2567
   24865       1.2486
   24866       1.1830
   24867       1.2293
   24868       1.3214
   24869       1.2513
   24870       1.2670
   24871       1.2346
   24872       1.3146
   24873       1.3383
   24874       1.2754
   24875       1.2325
   24876       1.2253
   24877       1.1969
   24878       1.3190
   24879       1.3079
   24880       1.2920
   24881       1.2919
   24882       1.3244
   24883       1.2831
   24884       1.3157
   24885       1.2598
   24886       1.2547
   24887       1.2159
   24888       1.1860
   24889       1.1225
   24890       1.1915
   24891       1.2703
   24892       1.1774
   24893       1.1690
   24894       1.2141
   24895       1.1374
   24896       1.1973
   24897       1.1752
   24898       1.1913
   24899       1.2044
   24900       1.1771
   24901       1.1827
   24902       1.1914
   24903       1.0690
   24904       1.1804
   24905       1.1755
   24906       1.0828
   24907       1.1496
   24908       1.1140
   24909       1.3104
   24910       1.2569
   24911       1.2849
   24912       1.2891
   24913       1.2577
   24914       1.3717
   24915       1.3639
   24916       1.3319
   24917       1.3042
   24918       1.2696
   24919       1.2164
   24920       1.2127
   24921       1.2404
   24922       1.2865
   24923       1.2931
   24924       1.2468
   24925       1.2558
   24926       1.2644
   24927       1.1848
   24928       1.2254
   24929       1.2900
   24930       1.2361
   24931       1.1407
   24932       1.2908
   24933       1.3148
   24934       1.1689
   24935       1.2485
   24936       1.2785
   24937       1.2378
   24938       1.2047
   24939       1.2530
   24940       1.3178
   24941       1.1561
   24942       1.2010
   24943       1.3002
   24944       1.2989
   24945       1.3091
   24946       1.3912
   24947       1.2908
   24948       1.2076
   24949       1.2643
   24950       1.2257
   24951       1.1924
   24952       1.1588
   24953       1.2113
   24954       1.1619
   24955       1.2114
   24956       1.2725
   24957       1.3731
   24958       1.2015
   24959       1.2783
   24960       1.4257
   24961       1.3079
   24962       1.2510
   24963       1.1498
   24964       1.0597
   24965       1.1143
   24966       1.1734
   24967       1.2687
   24968       1.2672
   24969       1.2077
   24970       1.2624
   24971       1.1554
   24972       1.1886
   24973       1.2562
   24974       1.1621
   24975       1.1802
   24976       1.1436
   24977       1.0971
   24978       1.1505
   24979       1.1084
   24980       1.1338
   24981       1.1668
   24982       1.2159
   24983       1.1757
   24984       1.2386
   24985       1.1525
   24986       1.1735
   24987       1.1891
   24988       1.0736
   24989       1.1868
   24990       1.1707
   24991       1.2178
   24992       1.1933
   24993       1.1107
   24994       1.0360
   24995       1.1582
   24996       1.2268
   24997       1.2842
   24998       1.3953
   24999       1.2091
   25000       1.2146
