#Frame     RMSD_00002
       1       1.4414
       2       1.2501
       3       1.1968
       4       1.3240
       5       1.2513
       6       1.2226
       7       1.2441
       8       1.2897
       9       1.1226
      10       1.4351
      11       1.3040
      12       1.3258
      13       1.4182
      14       1.2811
      15       1.3302
      16       1.3139
      17       1.3527
      18       1.3474
      19       1.3772
      20       1.3493
      21       1.2331
      22       1.3084
      23       1.3447
      24       1.4280
      25       1.3321
      26       1.2972
      27       1.2567
      28       1.3806
      29       1.3336
      30       1.3743
      31       1.2110
      32       1.2129
      33       1.3912
      34       1.2443
      35       1.3457
      36       1.3543
      37       1.3900
      38       1.3159
      39       1.2492
      40       1.2155
      41       1.2324
      42       1.2097
      43       1.0365
      44       1.2311
      45       1.2770
      46       1.2505
      47       1.3802
      48       1.5926
      49       1.4284
      50       1.4311
      51       1.6135
      52       1.7509
      53       1.6332
      54       1.6307
      55       1.7536
      56       1.6583
      57       1.7757
      58       1.5191
      59       1.5150
      60       1.4005
      61       1.4950
      62       1.4665
      63       1.3677
      64       1.3069
      65       1.3655
      66       1.2395
      67       1.2863
      68       1.2903
      69       1.2408
      70       1.4032
      71       1.2870
      72       1.1596
      73       1.1594
      74       1.0445
      75       1.1226
      76       1.1304
      77       1.0500
      78       1.0502
      79       1.2569
      80       1.2565
      81       1.1036
      82       1.1510
      83       0.9612
      84       1.0249
      85       1.0795
      86       1.0694
      87       1.0157
      88       1.0914
      89       1.1593
      90       1.2356
      91       1.0619
      92       1.0844
      93       1.1113
      94       1.0903
      95       1.1262
      96       1.0642
      97       1.1372
      98       1.0522
      99       1.2227
     100       1.2752
     101       1.2141
     102       1.1842
     103       1.1586
     104       1.1164
     105       1.2044
     106       1.0745
     107       1.1113
     108       1.0444
     109       1.2993
     110       1.2104
     111       1.1743
     112       1.2821
     113       1.1679
     114       1.1382
     115       1.1353
     116       1.2250
     117       1.1224
     118       1.3388
     119       1.2064
     120       1.3159
     121       1.1648
     122       1.2070
     123       1.2325
     124       1.3457
     125       1.1790
     126       1.0666
     127       1.1121
     128       0.9973
     129       1.0520
     130       0.9615
     131       1.0498
     132       1.1300
     133       1.1699
     134       1.0393
     135       0.8885
     136       1.0117
     137       1.0003
     138       1.0936
     139       1.1195
     140       1.0785
     141       1.0618
     142       0.9659
     143       1.0166
     144       1.0658
     145       1.1616
     146       1.1025
     147       1.1994
     148       1.1576
     149       1.1850
     150       1.2831
     151       1.2836
     152       1.1406
     153       1.2182
     154       1.3074
     155       1.2140
     156       1.1591
     157       1.1752
     158       1.1922
     159       1.1875
     160       1.2169
     161       1.1082
     162       1.2454
     163       1.3188
     164       1.4108
     165       1.3429
     166       1.2718
     167       1.3098
     168       1.3652
     169       1.2700
     170       1.2511
     171       1.2807
     172       1.2420
     173       1.2059
     174       1.1174
     175       1.1184
     176       1.1766
     177       1.1383
     178       1.0322
     179       1.0358
     180       1.1048
     181       1.1462
     182       1.0688
     183       1.0817
     184       1.0727
     185       1.1010
     186       1.1065
     187       1.1531
     188       1.0455
     189       0.9632
     190       1.0262
     191       1.0595
     192       1.1162
     193       1.1428
     194       1.0947
     195       1.0425
     196       1.0442
     197       1.0359
     198       1.1061
     199       1.2875
     200       1.1833
     201       1.1784
     202       1.1090
     203       1.0988
     204       0.9465
     205       1.0397
     206       1.0668
     207       1.1140
     208       1.0993
     209       1.0064
     210       1.1426
     211       1.1862
     212       1.1768
     213       1.0482
     214       1.1154
     215       1.1491
     216       1.0903
     217       1.1449
     218       1.1481
     219       1.2670
     220       1.0893
     221       1.1015
     222       1.0834
     223       0.9711
     224       0.9850
     225       1.0036
     226       1.1330
     227       1.0727
     228       1.0402
     229       0.9973
     230       1.0210
     231       1.0356
     232       1.0442
     233       1.0970
     234       1.0928
     235       1.2563
     236       1.0997
     237       1.1494
     238       1.2357
     239       1.2493
     240       1.3369
     241       1.2499
     242       1.0883
     243       0.9884
     244       1.0742
     245       0.9867
     246       0.9970
     247       0.9793
     248       0.9856
     249       1.0708
     250       1.0261
     251       1.1073
     252       1.0845
     253       1.1809
     254       1.2273
     255       1.1081
     256       1.2553
     257       1.2166
     258       1.0849
     259       0.9976
     260       0.9832
     261       1.0978
     262       0.9949
     263       1.0559
     264       1.1365
     265       1.2609
     266       1.1674
     267       1.1041
     268       1.0633
     269       1.1744
     270       1.1691
     271       1.1945
     272       1.1012
     273       1.0654
     274       1.1489
     275       1.1004
     276       1.1165
     277       1.1062
     278       1.0772
     279       1.0650
     280       1.0926
     281       1.1478
     282       1.1517
     283       1.2369
     284       1.2062
     285       1.1853
     286       1.1862
     287       1.1403
     288       1.1370
     289       1.1643
     290       0.9962
     291       0.9744
     292       1.0281
     293       1.1248
     294       1.2347
     295       1.1721
     296       1.2508
     297       1.2317
     298       1.1436
     299       1.2164
     300       1.1561
     301       1.2932
     302       1.3062
     303       1.3296
     304       1.3892
     305       1.2858
     306       1.3604
     307       1.2155
     308       1.1328
     309       1.0601
     310       1.0787
     311       1.1330
     312       1.2492
     313       1.2870
     314       1.2274
     315       1.1946
     316       1.1377
     317       1.0869
     318       1.1612
     319       0.9810
     320       1.1518
     321       0.9285
     322       1.0394
     323       0.9794
     324       1.0442
     325       1.1306
     326       1.0869
     327       1.0150
     328       1.1235
     329       1.1968
     330       1.2500
     331       1.2409
     332       1.2857
     333       1.2802
     334       1.2845
     335       1.3212
     336       1.2396
     337       1.1884
     338       1.1648
     339       1.1366
     340       1.1653
     341       1.1119
     342       1.2219
     343       1.1729
     344       1.2560
     345       1.2659
     346       1.2628
     347       1.2824
     348       1.3308
     349       1.2784
     350       1.1830
     351       1.1806
     352       1.1878
     353       1.2130
     354       1.3245
     355       1.2639
     356       1.2283
     357       1.1360
     358       1.0705
     359       1.1102
     360       1.1932
     361       1.2633
     362       1.2216
     363       1.2404
     364       1.2579
     365       1.2730
     366       1.3736
     367       1.4519
     368       1.2236
     369       1.2424
     370       1.3509
     371       1.3760
     372       1.2431
     373       1.2987
     374       1.3702
     375       1.3364
     376       1.4200
     377       1.3957
     378       1.2964
     379       1.3214
     380       1.3488
     381       1.2935
     382       1.2435
     383       1.4053
     384       1.4055
     385       1.4087
     386       1.5052
     387       1.3518
     388       1.2925
     389       1.2836
     390       1.2281
     391       1.1588
     392       1.2805
     393       1.3271
     394       1.2974
     395       1.4926
     396       1.4973
     397       1.3405
     398       1.2809
     399       1.3652
     400       1.4178
     401       1.4889
     402       1.4159
     403       1.3685
     404       1.2670
     405       1.3517
     406       1.5586
     407       1.4133
     408       1.4278
     409       1.3836
     410       1.3672
     411       1.2631
     412       1.2508
     413       1.3606
     414       1.5132
     415       1.4278
     416       1.4291
     417       1.3598
     418       1.4177
     419       1.4569
     420       1.3770
     421       1.3880
     422       1.3429
     423       1.4778
     424       1.3816
     425       1.4090
     426       1.4782
     427       1.4315
     428       1.2705
     429       1.2982
     430       1.3380
     431       1.3972
     432       1.4374
     433       1.4050
     434       1.4350
     435       1.3659
     436       1.4502
     437       1.4164
     438       1.4456
     439       1.5542
     440       1.5268
     441       1.4371
     442       1.4031
     443       1.4733
     444       1.4042
     445       1.4517
     446       1.3608
     447       1.3173
     448       1.1897
     449       1.2716
     450       1.1825
     451       1.1690
     452       1.1069
     453       1.0732
     454       1.0985
     455       1.2209
     456       1.2241
     457       1.2449
     458       1.2650
     459       1.2831
     460       1.1753
     461       1.1916
     462       1.3084
     463       1.3031
     464       1.3297
     465       1.2060
     466       1.1893
     467       1.2743
     468       1.2041
     469       1.2867
     470       1.3223
     471       1.3429
     472       1.2778
     473       1.3159
     474       1.2604
     475       1.3945
     476       1.3093
     477       1.4564
     478       1.4755
     479       1.5058
     480       1.4029
     481       1.2414
     482       1.2721
     483       1.3080
     484       1.4389
     485       1.4382
     486       1.5204
     487       1.4769
     488       1.3794
     489       1.3504
     490       1.3893
     491       1.3129
     492       1.3795
     493       1.2549
     494       1.3794
     495       1.3274
     496       1.3964
     497       1.4182
     498       1.4740
     499       1.2664
     500       1.2609
     501       1.3832
     502       1.4738
     503       1.4929
     504       1.3392
     505       1.3241
     506       1.2781
     507       1.2191
     508       1.1804
     509       1.3155
     510       1.2274
     511       1.1331
     512       1.0369
     513       1.0090
     514       0.9877
     515       1.0739
     516       1.0808
     517       1.1303
     518       1.1537
     519       1.2032
     520       1.1806
     521       1.3100
     522       1.3021
     523       1.2014
     524       1.2329
     525       1.2168
     526       1.1093
     527       1.1067
     528       1.2084
     529       1.1449
     530       1.2595
     531       1.2421
     532       1.3521
     533       1.3397
     534       1.3189
     535       1.2606
     536       1.3074
     537       1.2470
     538       1.2429
     539       1.1525
     540       1.1957
     541       1.1827
     542       1.1201
     543       1.1015
     544       1.1786
     545       1.1712
     546       1.1939
     547       1.1594
     548       1.0660
     549       1.0208
     550       1.1236
     551       1.0211
     552       1.0329
     553       1.1966
     554       1.0917
     555       1.1047
     556       0.9526
     557       1.0576
     558       1.2115
     559       1.0922
     560       1.1269
     561       1.1349
     562       1.0386
     563       1.0859
     564       1.2097
     565       1.1130
     566       1.0588
     567       1.1442
     568       1.1295
     569       1.0694
     570       1.0753
     571       1.1309
     572       1.1488
     573       1.0399
     574       1.0962
     575       1.1229
     576       1.0828
     577       1.0430
     578       1.0855
     579       1.0298
     580       0.9933
     581       0.9409
     582       1.0086
     583       1.0609
     584       1.0175
     585       1.0189
     586       1.0763
     587       1.0344
     588       1.0613
     589       1.0528
     590       1.1272
     591       1.1771
     592       1.0797
     593       1.1143
     594       1.2273
     595       1.1887
     596       1.1485
     597       1.2924
     598       1.3315
     599       1.1950
     600       1.2085
     601       1.0284
     602       0.9620
     603       0.9262
     604       0.8738
     605       0.9947
     606       1.0381
     607       0.9872
     608       1.0118
     609       1.1408
     610       1.0754
     611       1.0816
     612       1.1395
     613       1.0983
     614       1.0314
     615       0.9933
     616       1.0422
     617       0.9408
     618       1.0566
     619       1.1254
     620       1.0456
     621       1.1524
     622       1.1531
     623       0.9400
     624       1.0408
     625       1.0809
     626       1.1375
     627       1.0956
     628       1.0097
     629       0.9451
     630       0.9945
     631       1.1305
     632       1.1309
     633       1.1715
     634       1.0991
     635       1.0663
     636       1.1631
     637       1.1936
     638       1.2115
     639       1.1571
     640       1.2212
     641       1.1802
     642       1.1821
     643       1.0866
     644       0.9931
     645       0.9418
     646       1.0628
     647       1.0697
     648       0.9986
     649       1.1096
     650       1.0912
     651       1.1757
     652       1.0859
     653       1.1950
     654       1.2429
     655       1.1429
     656       1.2279
     657       1.1937
     658       1.3223
     659       1.2843
     660       1.3067
     661       1.3535
     662       1.3282
     663       1.3897
     664       1.3810
     665       1.2201
     666       1.2314
     667       1.2062
     668       1.2748
     669       1.2693
     670       1.2319
     671       1.3458
     672       1.1678
     673       1.0480
     674       1.1053
     675       1.1836
     676       1.2274
     677       1.1850
     678       1.3385
     679       1.2678
     680       1.2369
     681       1.1554
     682       1.2024
     683       1.1529
     684       1.2004
     685       1.2369
     686       1.2073
     687       1.3548
     688       1.3341
     689       1.4552
     690       1.3413
     691       1.1979
     692       1.1777
     693       1.1779
     694       1.2788
     695       1.3584
     696       1.3801
     697       1.3587
     698       1.5008
     699       1.4894
     700       1.5062
     701       1.4286
     702       1.3719
     703       1.3744
     704       1.4072
     705       1.4120
     706       1.3576
     707       1.4719
     708       1.2585
     709       1.3312
     710       1.2984
     711       1.1718
     712       1.1176
     713       1.2136
     714       1.1402
     715       1.1155
     716       1.0215
     717       1.1330
     718       1.1115
     719       1.2305
     720       1.3529
     721       1.3637
     722       1.3099
     723       1.2573
     724       1.1246
     725       1.0903
     726       1.1303
     727       1.0345
     728       1.0903
     729       1.1332
     730       1.1176
     731       1.0327
     732       1.1567
     733       1.1692
     734       1.0998
     735       0.9677
     736       1.1458
     737       1.1152
     738       1.1479
     739       1.0463
     740       0.9631
     741       1.0183
     742       0.9361
     743       0.8953
     744       0.9713
     745       0.9484
     746       0.9520
     747       0.9441
     748       1.0648
     749       0.9953
     750       1.0564
     751       1.1133
     752       1.2244
     753       1.2663
     754       1.2098
     755       1.1331
     756       1.2073
     757       1.1186
     758       1.1216
     759       1.0713
     760       1.1240
     761       1.0314
     762       1.1075
     763       1.1267
     764       1.0284
     765       1.0662
     766       1.1894
     767       1.2828
     768       1.2683
     769       1.2342
     770       1.2892
     771       1.2064
     772       1.2154
     773       1.2010
     774       1.1079
     775       1.0506
     776       1.1208
     777       1.0931
     778       1.0524
     779       1.0400
     780       1.0473
     781       1.0645
     782       1.0807
     783       1.1183
     784       1.1390
     785       1.2137
     786       1.1909
     787       1.2709
     788       1.3293
     789       1.2518
     790       1.0929
     791       1.2259
     792       1.1511
     793       1.3088
     794       1.3100
     795       1.3751
     796       1.2570
     797       1.3334
     798       1.3622
     799       1.3695
     800       1.3024
     801       1.2745
     802       1.3068
     803       1.3713
     804       1.3002
     805       1.4130
     806       1.2584
     807       1.0150
     808       1.1227
     809       1.0886
     810       1.0526
     811       1.0574
     812       1.1352
     813       1.1023
     814       1.0415
     815       1.1119
     816       1.1394
     817       1.2187
     818       1.1277
     819       1.2699
     820       1.1540
     821       1.3063
     822       1.3839
     823       1.3549
     824       1.2209
     825       1.1343
     826       1.1533
     827       1.0766
     828       1.1517
     829       1.1025
     830       1.1996
     831       1.3781
     832       1.4048
     833       1.1795
     834       1.0936
     835       1.0761
     836       1.0388
     837       1.0709
     838       0.9528
     839       0.9320
     840       1.0018
     841       0.9877
     842       0.9014
     843       0.9584
     844       0.9881
     845       0.9907
     846       1.0392
     847       1.0876
     848       1.0462
     849       0.9904
     850       0.9316
     851       0.8955
     852       0.9767
     853       1.0924
     854       1.0770
     855       1.2117
     856       1.1759
     857       1.2678
     858       1.1413
     859       1.1599
     860       1.1422
     861       1.3088
     862       1.2518
     863       1.2913
     864       1.3434
     865       1.2577
     866       1.2434
     867       1.1410
     868       1.2276
     869       1.3063
     870       1.1430
     871       1.3009
     872       1.3072
     873       1.3566
     874       1.2950
     875       1.3179
     876       1.2326
     877       1.1644
     878       1.1506
     879       1.1608
     880       1.2005
     881       1.1219
     882       1.1628
     883       1.0558
     884       1.0872
     885       1.0068
     886       0.9639
     887       0.8907
     888       1.0029
     889       1.0350
     890       0.9818
     891       0.9283
     892       0.8191
     893       0.9706
     894       0.9932
     895       0.9988
     896       1.0090
     897       0.9289
     898       0.8664
     899       0.8908
     900       0.9047
     901       0.9354
     902       0.9364
     903       0.9972
     904       0.9875
     905       1.1043
     906       1.1756
     907       1.0020
     908       1.0135
     909       0.9412
     910       0.8329
     911       0.8152
     912       0.9056
     913       0.8343
     914       0.8535
     915       0.8683
     916       0.9033
     917       0.8323
     918       0.8034
     919       0.8872
     920       1.0285
     921       0.9254
     922       0.8843
     923       0.9724
     924       0.9598
     925       1.0393
     926       0.9989
     927       0.9413
     928       0.8946
     929       0.9193
     930       0.8831
     931       0.8245
     932       0.8686
     933       0.7996
     934       0.8496
     935       0.8631
     936       0.9450
     937       0.9327
     938       0.9655
     939       0.9447
     940       0.9564
     941       1.1926
     942       1.2060
     943       1.1877
     944       1.1439
     945       1.1563
     946       1.2319
     947       1.1272
     948       1.2106
     949       1.1467
     950       1.0610
     951       0.9592
     952       0.9345
     953       0.9543
     954       0.9414
     955       0.9476
     956       1.0234
     957       1.0631
     958       0.9140
     959       0.8282
     960       0.9456
     961       0.8673
     962       0.9142
     963       0.9638
     964       1.0117
     965       0.9812
     966       0.8377
     967       0.9499
     968       0.9319
     969       0.9733
     970       0.9066
     971       1.0170
     972       1.1120
     973       1.0731
     974       1.0757
     975       0.9908
     976       1.0121
     977       0.9441
     978       0.9496
     979       0.8740
     980       0.9358
     981       0.8716
     982       0.9464
     983       0.8778
     984       0.8477
     985       0.8576
     986       0.8295
     987       0.8999
     988       0.8846
     989       0.8981
     990       0.9387
     991       0.8942
     992       0.9861
     993       0.9697
     994       1.0291
     995       1.0965
     996       1.1128
     997       1.0452
     998       1.1514
     999       1.1486
    1000       1.2122
    1001       1.2918
    1002       1.2811
    1003       1.0789
    1004       1.1842
    1005       1.1814
    1006       1.2209
    1007       1.2446
    1008       1.3190
    1009       1.2569
    1010       1.2271
    1011       1.3051
    1012       1.0914
    1013       1.0717
    1014       0.9270
    1015       0.8402
    1016       0.9003
    1017       1.0094
    1018       1.0650
    1019       1.1765
    1020       1.2216
    1021       1.0878
    1022       1.1007
    1023       1.1586
    1024       1.2677
    1025       1.2172
    1026       1.1656
    1027       1.2076
    1028       1.2807
    1029       1.0960
    1030       1.1158
    1031       1.1274
    1032       1.1957
    1033       1.1859
    1034       1.1531
    1035       1.1955
    1036       1.0583
    1037       1.0568
    1038       1.0028
    1039       1.1261
    1040       1.0902
    1041       1.0365
    1042       0.9935
    1043       1.0938
    1044       1.1245
    1045       1.0484
    1046       1.2156
    1047       1.2729
    1048       1.2444
    1049       1.2222
    1050       1.4397
    1051       1.2966
    1052       1.2734
    1053       1.1768
    1054       1.1757
    1055       0.9778
    1056       1.0310
    1057       0.9706
    1058       1.0383
    1059       1.1165
    1060       1.2225
    1061       1.1441
    1062       1.2546
    1063       1.2758
    1064       1.2370
    1065       1.2996
    1066       1.1931
    1067       1.2357
    1068       1.0005
    1069       1.0872
    1070       1.4375
    1071       1.2423
    1072       1.2005
    1073       1.2206
    1074       1.2305
    1075       1.3651
    1076       1.2779
    1077       1.3462
    1078       1.1867
    1079       1.2304
    1080       1.0503
    1081       1.1674
    1082       1.0160
    1083       1.1568
    1084       1.2489
    1085       1.2524
    1086       1.1592
    1087       1.1816
    1088       1.0886
    1089       1.1337
    1090       1.1711
    1091       1.1385
    1092       1.0761
    1093       1.2116
    1094       1.2541
    1095       1.2862
    1096       1.1272
    1097       1.1341
    1098       1.2353
    1099       1.0546
    1100       1.1407
    1101       1.1309
    1102       1.1404
    1103       1.2766
    1104       1.2902
    1105       1.2461
    1106       1.0367
    1107       1.0021
    1108       1.1991
    1109       1.3128
    1110       1.2888
    1111       1.1876
    1112       1.0441
    1113       1.2679
    1114       1.3537
    1115       1.2261
    1116       1.3590
    1117       1.2312
    1118       1.1642
    1119       1.2071
    1120       1.1738
    1121       1.0546
    1122       1.0154
    1123       1.1979
    1124       1.1975
    1125       1.0364
    1126       1.1157
    1127       1.1552
    1128       1.2157
    1129       1.0693
    1130       1.2151
    1131       1.1654
    1132       1.2885
    1133       1.2004
    1134       1.2755
    1135       1.1926
    1136       1.2638
    1137       1.3364
    1138       1.1931
    1139       1.2046
    1140       1.1829
    1141       1.2480
    1142       1.2165
    1143       1.1583
    1144       1.1537
    1145       1.0670
    1146       1.0798
    1147       1.1427
    1148       1.2161
    1149       1.3748
    1150       1.5116
    1151       1.3511
    1152       1.3970
    1153       1.2062
    1154       1.0894
    1155       1.0452
    1156       1.1080
    1157       0.9536
    1158       0.9381
    1159       1.0247
    1160       0.9512
    1161       0.9802
    1162       0.9906
    1163       0.9629
    1164       0.8560
    1165       0.9213
    1166       1.0227
    1167       1.0637
    1168       1.0562
    1169       0.9077
    1170       0.9766
    1171       0.9143
    1172       1.0080
    1173       1.0731
    1174       0.9899
    1175       1.0919
    1176       0.9619
    1177       0.9403
    1178       1.0016
    1179       1.1318
    1180       1.1525
    1181       1.1765
    1182       1.2616
    1183       1.1449
    1184       1.1068
    1185       1.0330
    1186       1.1155
    1187       1.0593
    1188       1.0989
    1189       1.1368
    1190       1.0015
    1191       0.9312
    1192       0.8970
    1193       0.9760
    1194       1.0509
    1195       1.0223
    1196       0.8816
    1197       0.8665
    1198       0.8654
    1199       1.0015
    1200       0.8498
    1201       0.7921
    1202       0.7609
    1203       0.8735
    1204       0.9139
    1205       0.8244
    1206       0.8690
    1207       0.8628
    1208       0.9598
    1209       0.8361
    1210       1.0813
    1211       1.0561
    1212       1.0472
    1213       0.9481
    1214       0.9522
    1215       1.0173
    1216       0.9453
    1217       0.9920
    1218       1.1089
    1219       1.0335
    1220       1.0864
    1221       1.1182
    1222       1.1304
    1223       1.0602
    1224       1.0761
    1225       1.0458
    1226       0.9595
    1227       1.1116
    1228       1.1468
    1229       0.9655
    1230       1.1089
    1231       1.1778
    1232       1.1534
    1233       1.1567
    1234       0.9961
    1235       1.0512
    1236       1.0367
    1237       1.0114
    1238       1.0311
    1239       0.9637
    1240       0.9161
    1241       0.7910
    1242       0.8242
    1243       0.8257
    1244       0.9108
    1245       0.7877
    1246       0.8299
    1247       0.9407
    1248       0.8541
    1249       0.8402
    1250       0.9665
    1251       1.0378
    1252       1.0685
    1253       0.8959
    1254       1.0502
    1255       1.0423
    1256       0.9848
    1257       1.1111
    1258       1.0042
    1259       1.0750
    1260       1.0537
    1261       1.0126
    1262       1.0472
    1263       0.9617
    1264       1.0768
    1265       1.0310
    1266       0.9269
    1267       0.9256
    1268       0.9120
    1269       1.0287
    1270       0.9938
    1271       0.9241
    1272       0.9363
    1273       1.0378
    1274       0.9845
    1275       1.0303
    1276       0.9958
    1277       0.9257
    1278       1.0023
    1279       1.1558
    1280       1.0040
    1281       1.0775
    1282       0.9478
    1283       0.8670
    1284       0.9297
    1285       0.9512
    1286       1.0652
    1287       0.9417
    1288       0.8394
    1289       0.8831
    1290       0.9420
    1291       0.9387
    1292       0.9762
    1293       0.9360
    1294       0.8399
    1295       0.9049
    1296       0.8014
    1297       0.9333
    1298       0.9695
    1299       1.0099
    1300       0.9753
    1301       0.9240
    1302       0.9914
    1303       1.0431
    1304       0.8763
    1305       0.9315
    1306       0.8591
    1307       0.8613
    1308       0.9012
    1309       0.9578
    1310       0.9703
    1311       0.9852
    1312       0.8396
    1313       0.8771
    1314       0.8827
    1315       0.7577
    1316       0.9089
    1317       0.9442
    1318       0.9381
    1319       0.8678
    1320       0.9475
    1321       0.9497
    1322       0.9622
    1323       1.0158
    1324       0.9400
    1325       0.8614
    1326       0.7746
    1327       0.9548
    1328       1.1212
    1329       1.0105
    1330       1.0830
    1331       0.9334
    1332       0.9885
    1333       1.0642
    1334       1.0323
    1335       0.9887
    1336       1.0836
    1337       0.9917
    1338       1.1791
    1339       1.0234
    1340       1.1005
    1341       1.1116
    1342       1.1819
    1343       1.1928
    1344       1.1582
    1345       1.2594
    1346       1.1752
    1347       1.1007
    1348       1.2029
    1349       1.2171
    1350       1.2485
    1351       1.1420
    1352       1.2778
    1353       1.2743
    1354       1.1455
    1355       1.2020
    1356       1.3156
    1357       1.2296
    1358       1.3000
    1359       1.2860
    1360       1.3752
    1361       1.3773
    1362       1.1563
    1363       1.4457
    1364       1.3300
    1365       1.3161
    1366       1.2247
    1367       1.0532
    1368       1.0078
    1369       0.9729
    1370       1.0368
    1371       1.0484
    1372       1.0622
    1373       1.1008
    1374       1.0100
    1375       1.0693
    1376       1.0698
    1377       1.0736
    1378       1.1909
    1379       1.2622
    1380       1.1794
    1381       1.1838
    1382       1.2049
    1383       1.3335
    1384       1.4158
    1385       1.3437
    1386       1.2278
    1387       1.1541
    1388       1.1833
    1389       0.9927
    1390       0.9633
    1391       1.0491
    1392       1.0557
    1393       0.9813
    1394       0.9036
    1395       0.9662
    1396       0.8924
    1397       0.9084
    1398       0.9591
    1399       0.8799
    1400       1.0274
    1401       0.9177
    1402       0.7942
    1403       0.9019
    1404       0.8969
    1405       0.8975
    1406       0.8985
    1407       0.7813
    1408       0.8476
    1409       0.8400
    1410       0.9015
    1411       0.8641
    1412       0.8413
    1413       0.9686
    1414       0.9595
    1415       0.9604
    1416       0.9080
    1417       0.9269
    1418       0.9892
    1419       1.0099
    1420       0.9566
    1421       0.9421
    1422       0.8544
    1423       0.8574
    1424       0.9260
    1425       0.8818
    1426       0.9588
    1427       0.8630
    1428       0.8428
    1429       0.8356
    1430       0.9646
    1431       1.0074
    1432       0.9593
    1433       0.9277
    1434       0.8939
    1435       0.9560
    1436       0.8972
    1437       0.9437
    1438       1.0775
    1439       1.1395
    1440       1.0835
    1441       0.9618
    1442       1.0191
    1443       1.0499
    1444       1.0703
    1445       1.1154
    1446       1.0698
    1447       0.9963
    1448       1.0514
    1449       1.2121
    1450       1.1696
    1451       1.2864
    1452       1.1412
    1453       1.1346
    1454       1.1416
    1455       1.0795
    1456       1.1488
    1457       1.2033
    1458       1.1159
    1459       1.0576
    1460       1.0979
    1461       1.1694
    1462       1.1179
    1463       1.0743
    1464       1.2601
    1465       1.1644
    1466       1.1599
    1467       1.0834
    1468       0.9633
    1469       0.9517
    1470       0.8229
    1471       0.9053
    1472       1.0699
    1473       1.0687
    1474       1.0847
    1475       1.1213
    1476       1.0550
    1477       1.1833
    1478       1.1664
    1479       1.0074
    1480       1.2280
    1481       1.2562
    1482       1.2368
    1483       1.1880
    1484       1.1056
    1485       1.2950
    1486       1.1975
    1487       1.0589
    1488       1.2255
    1489       1.1095
    1490       1.0924
    1491       1.0501
    1492       1.1243
    1493       1.1203
    1494       1.0446
    1495       1.1300
    1496       1.1458
    1497       1.1471
    1498       1.0719
    1499       1.0641
    1500       1.1723
    1501       1.3361
    1502       1.2259
    1503       1.1762
    1504       1.1996
    1505       1.2067
    1506       1.2169
    1507       1.2529
    1508       1.0089
    1509       1.0736
    1510       1.2501
    1511       1.1272
    1512       1.1406
    1513       1.0490
    1514       1.1251
    1515       1.0229
    1516       1.0484
    1517       0.9512
    1518       1.0877
    1519       1.1697
    1520       1.0672
    1521       1.0066
    1522       1.0159
    1523       1.0681
    1524       1.1431
    1525       1.1254
    1526       1.0277
    1527       0.9021
    1528       0.9463
    1529       0.9611
    1530       1.0587
    1531       0.9599
    1532       0.9745
    1533       0.8862
    1534       0.8520
    1535       0.8827
    1536       1.1568
    1537       1.1329
    1538       1.0349
    1539       1.1845
    1540       1.1257
    1541       1.0633
    1542       1.0763
    1543       1.0298
    1544       1.0401
    1545       0.9909
    1546       0.9972
    1547       0.9443
    1548       0.9090
    1549       0.9861
    1550       0.9701
    1551       0.8236
    1552       0.8504
    1553       1.0211
    1554       0.9331
    1555       0.8440
    1556       0.8714
    1557       0.9326
    1558       0.9776
    1559       0.9484
    1560       0.9746
    1561       1.0674
    1562       1.0688
    1563       0.9330
    1564       0.8094
    1565       0.8220
    1566       0.8550
    1567       0.8484
    1568       0.8337
    1569       0.8967
    1570       0.9134
    1571       0.9041
    1572       0.9332
    1573       1.0469
    1574       1.0287
    1575       1.0314
    1576       1.0499
    1577       1.1057
    1578       1.0099
    1579       0.9747
    1580       1.0598
    1581       1.0252
    1582       0.9321
    1583       0.9357
    1584       0.9658
    1585       1.0223
    1586       0.8554
    1587       0.8995
    1588       0.9078
    1589       0.8885
    1590       0.8047
    1591       0.8066
    1592       0.9387
    1593       0.9133
    1594       0.8512
    1595       0.8498
    1596       0.8817
    1597       0.9964
    1598       0.8596
    1599       0.9783
    1600       0.9908
    1601       0.9681
    1602       1.0109
    1603       0.8568
    1604       0.8733
    1605       0.9640
    1606       1.1430
    1607       1.1786
    1608       1.1665
    1609       1.0855
    1610       0.9437
    1611       0.9798
    1612       0.9542
    1613       0.9606
    1614       1.1477
    1615       1.0523
    1616       1.3002
    1617       1.2553
    1618       1.2457
    1619       1.1039
    1620       1.2236
    1621       1.2428
    1622       1.2405
    1623       1.5371
    1624       1.5830
    1625       1.6044
    1626       1.4500
    1627       1.5261
    1628       1.4852
    1629       1.4417
    1630       1.4322
    1631       1.4947
    1632       1.4555
    1633       1.4991
    1634       1.3799
    1635       1.5202
    1636       1.4626
    1637       1.4932
    1638       1.5376
    1639       1.4470
    1640       1.5243
    1641       1.4886
    1642       1.5554
    1643       1.5062
    1644       1.4685
    1645       1.4727
    1646       1.4980
    1647       1.5822
    1648       1.5838
    1649       1.5214
    1650       1.6330
    1651       1.5434
    1652       1.5449
    1653       1.5343
    1654       1.5111
    1655       1.4325
    1656       1.4445
    1657       1.4640
    1658       1.5314
    1659       1.5364
    1660       1.3771
    1661       1.3809
    1662       1.4289
    1663       1.6321
    1664       1.4282
    1665       1.3735
    1666       1.5130
    1667       1.6914
    1668       1.6692
    1669       1.5681
    1670       1.5085
    1671       1.6619
    1672       1.4520
    1673       1.3236
    1674       1.4409
    1675       1.2578
    1676       1.2234
    1677       1.4069
    1678       1.2166
    1679       1.0906
    1680       1.0549
    1681       1.2395
    1682       1.2854
    1683       1.3919
    1684       1.3265
    1685       1.1948
    1686       1.3176
    1687       1.1535
    1688       1.2943
    1689       1.3455
    1690       1.4384
    1691       1.4096
    1692       1.4795
    1693       1.3315
    1694       1.4578
    1695       1.6169
    1696       1.5791
    1697       1.4970
    1698       1.4497
    1699       1.4252
    1700       1.3635
    1701       1.4923
    1702       1.4872
    1703       1.5565
    1704       1.6169
    1705       1.6735
    1706       1.6790
    1707       1.6602
    1708       1.6550
    1709       1.5985
    1710       1.5728
    1711       1.6170
    1712       1.6123
    1713       1.6909
    1714       1.6681
    1715       1.6419
    1716       1.7315
    1717       1.6699
    1718       1.7657
    1719       1.7907
    1720       1.6164
    1721       1.6376
    1722       1.5574
    1723       1.6151
    1724       1.5656
    1725       1.6653
    1726       1.6731
    1727       1.6407
    1728       1.7201
    1729       1.6525
    1730       1.5074
    1731       1.6193
    1732       1.5335
    1733       1.3944
    1734       1.4304
    1735       1.4944
    1736       1.4953
    1737       1.4424
    1738       1.5609
    1739       1.5136
    1740       1.4630
    1741       1.4007
    1742       1.5067
    1743       1.4572
    1744       1.2771
    1745       1.2938
    1746       1.3993
    1747       1.1701
    1748       1.0829
    1749       1.1720
    1750       1.0848
    1751       1.1086
    1752       1.0606
    1753       1.0071
    1754       1.0732
    1755       1.0738
    1756       1.1835
    1757       1.2136
    1758       1.1623
    1759       1.0729
    1760       0.9497
    1761       1.1666
    1762       1.1284
    1763       1.1727
    1764       1.1458
    1765       1.2188
    1766       1.1370
    1767       1.0600
    1768       1.0916
    1769       1.0685
    1770       1.1404
    1771       0.9459
    1772       0.9938
    1773       0.9717
    1774       1.0889
    1775       1.1405
    1776       0.9892
    1777       0.9830
    1778       1.0088
    1779       0.9107
    1780       0.9571
    1781       1.0473
    1782       0.8940
    1783       1.0021
    1784       0.9877
    1785       1.1310
    1786       1.2982
    1787       1.0476
    1788       1.0476
    1789       1.1694
    1790       1.2932
    1791       1.2208
    1792       1.2660
    1793       1.1783
    1794       1.2017
    1795       1.1905
    1796       1.3372
    1797       1.2828
    1798       1.2336
    1799       1.1690
    1800       1.0484
    1801       0.9963
    1802       1.0372
    1803       0.9829
    1804       0.9747
    1805       1.0246
    1806       1.0027
    1807       0.8571
    1808       0.9313
    1809       0.8835
    1810       0.9141
    1811       0.8383
    1812       0.9055
    1813       0.9410
    1814       1.0137
    1815       0.9558
    1816       0.9739
    1817       0.9434
    1818       0.9695
    1819       1.1897
    1820       1.1093
    1821       1.0598
    1822       1.0198
    1823       1.1196
    1824       1.0379
    1825       1.0997
    1826       1.0558
    1827       0.9990
    1828       0.9356
    1829       1.0442
    1830       0.9684
    1831       0.8942
    1832       0.9805
    1833       1.1813
    1834       1.1787
    1835       1.0783
    1836       1.0809
    1837       1.0161
    1838       1.0284
    1839       1.0170
    1840       0.9924
    1841       1.1596
    1842       1.1308
    1843       1.1402
    1844       1.2144
    1845       1.3162
    1846       1.2747
    1847       1.2098
    1848       1.1040
    1849       1.0767
    1850       1.0642
    1851       1.1017
    1852       1.0837
    1853       1.1681
    1854       1.1195
    1855       0.9937
    1856       0.9657
    1857       0.9510
    1858       0.8636
    1859       0.8950
    1860       0.9122
    1861       0.9770
    1862       0.8922
    1863       1.0339
    1864       1.1334
    1865       1.0402
    1866       1.0398
    1867       1.0452
    1868       0.9211
    1869       0.9035
    1870       0.9238
    1871       0.9228
    1872       0.9663
    1873       0.9689
    1874       1.0850
    1875       0.9391
    1876       0.9296
    1877       0.9985
    1878       1.1528
    1879       1.0597
    1880       1.0951
    1881       1.0989
    1882       1.0732
    1883       1.0189
    1884       0.9978
    1885       1.0642
    1886       0.9245
    1887       1.0062
    1888       0.9267
    1889       1.0101
    1890       0.9606
    1891       0.8723
    1892       1.0640
    1893       0.9910
    1894       0.8768
    1895       0.9878
    1896       1.0179
    1897       1.0228
    1898       0.9452
    1899       0.9079
    1900       0.9440
    1901       1.0201
    1902       0.9371
    1903       0.8833
    1904       0.9976
    1905       0.9712
    1906       0.9250
    1907       0.8969
    1908       0.9229
    1909       0.9224
    1910       0.7697
    1911       0.8958
    1912       0.8219
    1913       0.9290
    1914       0.9376
    1915       0.8776
    1916       0.8865
    1917       1.0113
    1918       1.0332
    1919       0.9197
    1920       1.0129
    1921       0.8828
    1922       0.8172
    1923       0.9174
    1924       0.8877
    1925       0.8324
    1926       0.8696
    1927       0.9343
    1928       0.9899
    1929       0.9911
    1930       1.0448
    1931       0.9641
    1932       0.9233
    1933       0.9029
    1934       0.8830
    1935       0.9957
    1936       1.0071
    1937       0.9181
    1938       0.8806
    1939       0.9910
    1940       0.9907
    1941       1.0801
    1942       0.9696
    1943       0.9631
    1944       0.9468
    1945       0.9053
    1946       0.8612
    1947       0.8875
    1948       0.9842
    1949       1.0439
    1950       1.0102
    1951       0.8853
    1952       0.9832
    1953       0.9829
    1954       1.0392
    1955       1.0824
    1956       0.9518
    1957       0.9335
    1958       0.9737
    1959       0.9096
    1960       0.9847
    1961       0.9285
    1962       0.8538
    1963       0.8865
    1964       0.9624
    1965       0.9716
    1966       1.0108
    1967       0.9671
    1968       1.1408
    1969       1.1495
    1970       1.0672
    1971       1.0749
    1972       0.9978
    1973       0.9729
    1974       0.9321
    1975       0.9527
    1976       0.9250
    1977       0.9435
    1978       0.9055
    1979       1.0143
    1980       1.0943
    1981       1.1230
    1982       1.3402
    1983       1.2447
    1984       1.1980
    1985       1.2972
    1986       1.3636
    1987       1.4265
    1988       1.3111
    1989       1.2575
    1990       1.3747
    1991       1.2190
    1992       1.1951
    1993       1.1918
    1994       1.1608
    1995       1.0180
    1996       0.9507
    1997       0.9397
    1998       0.9506
    1999       0.9131
    2000       0.9254
    2001       0.8586
    2002       0.8246
    2003       0.8809
    2004       0.8539
    2005       0.9400
    2006       0.9873
    2007       0.7441
    2008       0.8210
    2009       0.9952
    2010       1.0417
    2011       0.8223
    2012       0.8206
    2013       0.8546
    2014       0.9313
    2015       0.9996
    2016       0.8923
    2017       0.9177
    2018       0.8542
    2019       0.8399
    2020       0.9884
    2021       1.0369
    2022       0.8876
    2023       0.8754
    2024       0.8669
    2025       0.8045
    2026       0.8397
    2027       0.9195
    2028       0.8695
    2029       0.9928
    2030       0.8574
    2031       0.8247
    2032       0.8797
    2033       0.9073
    2034       0.8432
    2035       0.7526
    2036       0.9016
    2037       0.8975
    2038       0.8647
    2039       0.9063
    2040       0.9906
    2041       0.9451
    2042       0.9210
    2043       0.8320
    2044       0.7674
    2045       0.9165
    2046       0.8813
    2047       0.9295
    2048       1.0490
    2049       0.8509
    2050       0.8549
    2051       0.9091
    2052       0.8349
    2053       0.8518
    2054       0.9352
    2055       0.9484
    2056       0.9761
    2057       1.0466
    2058       1.0017
    2059       0.8614
    2060       0.9416
    2061       1.0885
    2062       1.0408
    2063       1.0919
    2064       1.0830
    2065       1.1500
    2066       1.1064
    2067       1.1156
    2068       1.0352
    2069       0.9708
    2070       1.0061
    2071       1.0385
    2072       1.2090
    2073       1.1447
    2074       1.0927
    2075       1.0834
    2076       1.0758
    2077       1.0348
    2078       1.0426
    2079       0.9649
    2080       0.9207
    2081       0.9201
    2082       0.8291
    2083       0.9195
    2084       0.9741
    2085       0.9410
    2086       1.0018
    2087       0.9418
    2088       0.9398
    2089       0.9705
    2090       1.0150
    2091       1.0259
    2092       1.0097
    2093       0.9597
    2094       0.8835
    2095       0.9916
    2096       0.9379
    2097       0.9747
    2098       0.9955
    2099       1.0811
    2100       0.9988
    2101       0.9563
    2102       1.0048
    2103       0.9917
    2104       0.8899
    2105       0.9554
    2106       1.0024
    2107       0.9005
    2108       0.9173
    2109       0.9341
    2110       0.9079
    2111       0.9778
    2112       0.8937
    2113       1.0042
    2114       0.8900
    2115       0.7705
    2116       0.9506
    2117       0.9089
    2118       0.8872
    2119       0.9067
    2120       0.9216
    2121       0.9463
    2122       1.1137
    2123       1.0692
    2124       1.0599
    2125       0.9258
    2126       0.8048
    2127       0.8216
    2128       0.7209
    2129       0.8392
    2130       0.8936
    2131       0.8045
    2132       0.7959
    2133       0.7779
    2134       0.8614
    2135       0.9048
    2136       0.8735
    2137       1.0058
    2138       0.9939
    2139       0.9366
    2140       0.8725
    2141       0.7946
    2142       0.7486
    2143       0.8649
    2144       0.8677
    2145       0.8945
    2146       0.8845
    2147       0.9950
    2148       0.9710
    2149       0.9594
    2150       1.0394
    2151       0.9789
    2152       1.0965
    2153       1.0513
    2154       1.0507
    2155       1.1087
    2156       1.0569
    2157       1.0022
    2158       0.9081
    2159       0.9305
    2160       0.9552
    2161       0.8587
    2162       0.8474
    2163       0.8625
    2164       0.8170
    2165       0.9036
    2166       0.8719
    2167       0.7964
    2168       0.7784
    2169       0.7689
    2170       0.7545
    2171       0.8577
    2172       0.7914
    2173       0.8367
    2174       0.8625
    2175       0.8540
    2176       0.8113
    2177       0.8180
    2178       0.7818
    2179       0.7763
    2180       0.9136
    2181       0.8988
    2182       0.9477
    2183       0.8452
    2184       0.8163
    2185       0.8663
    2186       0.8825
    2187       0.9152
    2188       0.9492
    2189       0.9740
    2190       0.9508
    2191       1.0083
    2192       1.1119
    2193       1.0425
    2194       0.9249
    2195       1.0033
    2196       0.9290
    2197       0.9352
    2198       0.8844
    2199       0.8088
    2200       0.7854
    2201       0.8369
    2202       0.9166
    2203       0.9274
    2204       0.9499
    2205       0.8719
    2206       0.8161
    2207       0.8624
    2208       0.9159
    2209       0.8641
    2210       0.8789
    2211       0.8683
    2212       0.8330
    2213       0.8909
    2214       0.9513
    2215       0.9898
    2216       0.8029
    2217       0.8912
    2218       1.0760
    2219       1.0281
    2220       1.0059
    2221       0.9833
    2222       0.9903
    2223       1.0811
    2224       0.9084
    2225       0.8983
    2226       1.0055
    2227       0.9883
    2228       0.9352
    2229       1.0231
    2230       0.9047
    2231       0.8729
    2232       0.8372
    2233       0.9658
    2234       0.9908
    2235       1.0611
    2236       1.0093
    2237       1.0305
    2238       0.9827
    2239       0.9647
    2240       0.9547
    2241       1.0519
    2242       0.9308
    2243       0.9367
    2244       0.8530
    2245       0.9047
    2246       0.8589
    2247       0.8263
    2248       0.8215
    2249       0.8904
    2250       0.8349
    2251       0.8836
    2252       0.8639
    2253       0.7688
    2254       0.7999
    2255       0.9482
    2256       0.8996
    2257       0.8614
    2258       0.9991
    2259       0.9897
    2260       1.1422
    2261       1.0388
    2262       1.2097
    2263       1.1486
    2264       0.9706
    2265       1.0852
    2266       1.1556
    2267       1.1560
    2268       1.2068
    2269       1.1034
    2270       1.1925
    2271       1.1208
    2272       0.9531
    2273       1.0149
    2274       0.9982
    2275       0.9662
    2276       0.9786
    2277       0.9159
    2278       0.9076
    2279       0.9423
    2280       1.0234
    2281       1.1015
    2282       1.0673
    2283       1.0480
    2284       1.0374
    2285       1.1673
    2286       1.1589
    2287       1.0360
    2288       0.9825
    2289       0.9916
    2290       1.0262
    2291       1.1028
    2292       1.1147
    2293       1.1811
    2294       1.0437
    2295       1.1711
    2296       1.0951
    2297       1.0652
    2298       0.9890
    2299       1.0320
    2300       0.9481
    2301       0.9726
    2302       0.9584
    2303       0.9414
    2304       0.9464
    2305       1.0560
    2306       0.9713
    2307       0.8735
    2308       0.9085
    2309       0.9823
    2310       1.0175
    2311       0.8626
    2312       0.8919
    2313       0.9032
    2314       0.8023
    2315       0.8698
    2316       0.8319
    2317       0.8102
    2318       0.8751
    2319       0.8416
    2320       0.9437
    2321       0.7998
    2322       0.7807
    2323       0.9633
    2324       0.9250
    2325       1.0380
    2326       0.9284
    2327       0.9171
    2328       0.9299
    2329       0.9875
    2330       0.9196
    2331       0.8821
    2332       0.8924
    2333       0.8639
    2334       0.8845
    2335       0.8578
    2336       0.8897
    2337       0.7409
    2338       0.7276
    2339       0.7673
    2340       0.7801
    2341       0.7971
    2342       0.8208
    2343       0.8750
    2344       0.8299
    2345       0.9358
    2346       0.9425
    2347       0.8931
    2348       0.8122
    2349       0.9042
    2350       0.8998
    2351       0.8261
    2352       0.8839
    2353       0.8634
    2354       0.8162
    2355       0.8397
    2356       0.9833
    2357       0.8921
    2358       0.8088
    2359       0.8440
    2360       0.9034
    2361       0.9426
    2362       0.9157
    2363       0.9895
    2364       0.9705
    2365       1.0159
    2366       0.9399
    2367       0.8373
    2368       0.8116
    2369       0.8106
    2370       0.8336
    2371       0.8796
    2372       0.8472
    2373       0.9237
    2374       0.8781
    2375       0.8987
    2376       0.8891
    2377       0.9031
    2378       1.0227
    2379       1.0254
    2380       0.9530
    2381       0.8310
    2382       0.8692
    2383       1.0065
    2384       0.8657
    2385       0.8513
    2386       0.8388
    2387       0.7934
    2388       0.9000
    2389       0.8908
    2390       1.0170
    2391       0.9731
    2392       1.0504
    2393       0.9838
    2394       1.0814
    2395       0.9568
    2396       1.0046
    2397       0.8738
    2398       0.9250
    2399       0.9272
    2400       0.7975
    2401       0.8618
    2402       0.8543
    2403       0.8502
    2404       0.8590
    2405       0.8602
    2406       0.7758
    2407       0.8142
    2408       0.7309
    2409       0.8328
    2410       0.8235
    2411       0.8747
    2412       0.9143
    2413       0.8891
    2414       0.8135
    2415       0.8690
    2416       0.9059
    2417       0.8988
    2418       0.8403
    2419       0.8737
    2420       0.8707
    2421       0.8948
    2422       0.8880
    2423       0.8989
    2424       0.8828
    2425       0.8495
    2426       0.9727
    2427       0.9463
    2428       1.0118
    2429       1.0191
    2430       0.8172
    2431       1.0264
    2432       0.9823
    2433       0.9279
    2434       0.9641
    2435       0.8362
    2436       0.8657
    2437       0.9204
    2438       0.9551
    2439       0.8532
    2440       0.9736
    2441       0.9728
    2442       0.9245
    2443       0.9416
    2444       0.9631
    2445       0.9170
    2446       0.9260
    2447       0.9764
    2448       0.9089
    2449       0.9331
    2450       0.9473
    2451       0.8668
    2452       0.8817
    2453       0.9195
    2454       0.9797
    2455       0.9686
    2456       1.0488
    2457       1.1148
    2458       0.8927
    2459       0.9234
    2460       0.9276
    2461       0.8735
    2462       1.0084
    2463       0.9061
    2464       0.9173
    2465       0.9986
    2466       1.0456
    2467       1.1242
    2468       0.9859
    2469       0.9228
    2470       1.1079
    2471       0.9709
    2472       0.9023
    2473       1.0641
    2474       1.0866
    2475       1.0008
    2476       1.0728
    2477       1.1345
    2478       1.0026
    2479       1.0097
    2480       1.0755
    2481       1.0791
    2482       1.0370
    2483       0.9539
    2484       1.0182
    2485       1.0088
    2486       0.9521
    2487       0.8938
    2488       0.8725
    2489       0.9385
    2490       0.7489
    2491       0.8443
    2492       0.8351
    2493       0.8140
    2494       0.7716
    2495       0.7770
    2496       0.7997
    2497       0.8747
    2498       1.0041
    2499       0.9978
    2500       1.0053
    2501       0.9533
    2502       1.0715
    2503       1.1299
    2504       0.9729
    2505       1.0377
    2506       0.9618
    2507       0.9656
    2508       0.9255
    2509       0.9286
    2510       0.9091
    2511       0.8991
    2512       0.8424
    2513       0.8645
    2514       0.8342
    2515       0.9423
    2516       0.8826
    2517       0.9956
    2518       0.9934
    2519       0.8718
    2520       0.9564
    2521       0.9474
    2522       0.8705
    2523       0.9245
    2524       1.0272
    2525       0.9001
    2526       0.9591
    2527       0.8835
    2528       0.9588
    2529       0.9451
    2530       1.0001
    2531       0.8160
    2532       0.9074
    2533       0.8945
    2534       0.9379
    2535       0.8507
    2536       0.9894
    2537       1.0570
    2538       1.1525
    2539       1.0873
    2540       0.9932
    2541       1.0224
    2542       0.9339
    2543       0.9858
    2544       0.9643
    2545       0.9935
    2546       1.0184
    2547       0.8956
    2548       0.8614
    2549       0.9258
    2550       0.9711
    2551       1.1119
    2552       1.0266
    2553       0.9618
    2554       1.0292
    2555       0.9367
    2556       0.9301
    2557       1.0773
    2558       1.0799
    2559       0.8889
    2560       0.9509
    2561       1.1264
    2562       1.0612
    2563       0.9863
    2564       0.9031
    2565       1.0229
    2566       1.0689
    2567       1.1063
    2568       1.0797
    2569       0.9992
    2570       0.9737
    2571       0.9595
    2572       1.0388
    2573       0.8636
    2574       1.0284
    2575       1.0629
    2576       1.1022
    2577       1.0343
    2578       0.8855
    2579       0.8479
    2580       0.9114
    2581       0.8625
    2582       0.9210
    2583       0.8785
    2584       0.9715
    2585       1.0063
    2586       1.0530
    2587       0.9996
    2588       1.1023
    2589       1.0982
    2590       1.0986
    2591       1.2067
    2592       1.2231
    2593       1.0986
    2594       1.1969
    2595       1.2045
    2596       1.0147
    2597       1.0248
    2598       0.9526
    2599       0.9548
    2600       1.1119
    2601       1.1515
    2602       1.1335
    2603       1.1879
    2604       1.0619
    2605       1.2118
    2606       1.1807
    2607       1.0778
    2608       1.0660
    2609       1.0125
    2610       1.0107
    2611       0.9816
    2612       0.9431
    2613       0.9691
    2614       0.9586
    2615       1.0388
    2616       0.9382
    2617       0.8996
    2618       0.9167
    2619       0.9041
    2620       0.9997
    2621       0.8608
    2622       0.9025
    2623       0.9372
    2624       0.8977
    2625       0.9052
    2626       0.9056
    2627       1.0203
    2628       1.0000
    2629       1.0956
    2630       1.2433
    2631       1.0995
    2632       1.0551
    2633       1.1652
    2634       1.1656
    2635       0.9798
    2636       1.0251
    2637       0.9592
    2638       0.9406
    2639       0.8598
    2640       0.9392
    2641       0.9204
    2642       0.8802
    2643       0.9143
    2644       0.8972
    2645       0.8507
    2646       0.8004
    2647       0.8618
    2648       0.8530
    2649       0.9616
    2650       0.9267
    2651       0.9521
    2652       0.8871
    2653       0.8119
    2654       0.8947
    2655       1.0289
    2656       0.9511
    2657       1.0444
    2658       1.0718
    2659       1.2053
    2660       1.1641
    2661       1.2420
    2662       1.2532
    2663       1.0751
    2664       1.0169
    2665       0.8942
    2666       0.9148
    2667       1.0455
    2668       0.9106
    2669       0.8899
    2670       0.9002
    2671       0.9851
    2672       0.9714
    2673       1.0744
    2674       1.0281
    2675       1.0514
    2676       1.0638
    2677       1.0881
    2678       1.0783
    2679       1.0327
    2680       1.0144
    2681       0.9569
    2682       0.9543
    2683       0.8163
    2684       0.8578
    2685       0.8652
    2686       0.8879
    2687       0.7758
    2688       0.8878
    2689       0.8250
    2690       0.8754
    2691       1.0170
    2692       0.9190
    2693       0.9845
    2694       0.8739
    2695       0.8758
    2696       0.9134
    2697       0.8464
    2698       0.8922
    2699       0.8653
    2700       0.9608
    2701       0.8840
    2702       1.0159
    2703       1.0995
    2704       0.9335
    2705       1.0474
    2706       0.9026
    2707       0.9007
    2708       1.0141
    2709       1.0006
    2710       0.9904
    2711       0.9908
    2712       0.9129
    2713       1.0354
    2714       0.9956
    2715       0.9190
    2716       0.9803
    2717       0.9763
    2718       0.9587
    2719       1.0946
    2720       1.2144
    2721       0.9218
    2722       1.0867
    2723       0.9917
    2724       1.0206
    2725       1.0543
    2726       0.9811
    2727       0.9991
    2728       0.9860
    2729       0.9955
    2730       1.0751
    2731       1.0667
    2732       0.9044
    2733       0.9524
    2734       0.8998
    2735       0.9331
    2736       0.9874
    2737       0.9534
    2738       0.8515
    2739       0.8719
    2740       0.9031
    2741       0.9608
    2742       0.9201
    2743       0.9471
    2744       0.9430
    2745       0.9060
    2746       0.8842
    2747       0.8580
    2748       0.8568
    2749       0.9271
    2750       0.9885
    2751       0.9971
    2752       0.9539
    2753       1.0374
    2754       1.1657
    2755       1.2229
    2756       1.0502
    2757       1.0958
    2758       1.0708
    2759       0.9355
    2760       1.0853
    2761       1.0046
    2762       1.0861
    2763       1.1233
    2764       1.1770
    2765       1.1568
    2766       0.9882
    2767       0.9866
    2768       0.9669
    2769       0.9173
    2770       0.9908
    2771       1.0062
    2772       1.1084
    2773       1.1424
    2774       1.2483
    2775       1.2021
    2776       1.3214
    2777       1.2591
    2778       1.1927
    2779       1.1226
    2780       1.1587
    2781       1.1327
    2782       1.0665
    2783       1.0904
    2784       1.2586
    2785       1.1619
    2786       1.1244
    2787       1.1595
    2788       1.0861
    2789       0.9338
    2790       1.1669
    2791       1.1776
    2792       1.1334
    2793       1.0834
    2794       1.1388
    2795       1.2237
    2796       1.2662
    2797       1.2803
    2798       1.1516
    2799       1.1801
    2800       1.2581
    2801       1.4797
    2802       1.0842
    2803       1.2722
    2804       1.1500
    2805       1.2253
    2806       1.1309
    2807       1.2984
    2808       1.1061
    2809       1.3269
    2810       1.2220
    2811       1.2039
    2812       1.1180
    2813       1.0595
    2814       0.9534
    2815       1.0767
    2816       0.9966
    2817       0.9428
    2818       0.9135
    2819       1.0049
    2820       1.0015
    2821       0.9307
    2822       0.8649
    2823       0.8395
    2824       0.8115
    2825       0.8913
    2826       0.8754
    2827       0.8260
    2828       0.8779
    2829       0.8564
    2830       0.9786
    2831       0.9198
    2832       0.8603
    2833       0.8681
    2834       0.8159
    2835       0.8049
    2836       0.8967
    2837       0.9527
    2838       0.9792
    2839       1.1780
    2840       1.1277
    2841       1.1521
    2842       1.1074
    2843       1.3690
    2844       1.3977
    2845       1.1333
    2846       1.2556
    2847       1.2876
    2848       1.0787
    2849       1.1779
    2850       1.2152
    2851       1.0524
    2852       1.1449
    2853       0.9903
    2854       1.2306
    2855       1.2412
    2856       1.2150
    2857       1.1867
    2858       1.0746
    2859       1.0485
    2860       1.1687
    2861       1.1995
    2862       1.1303
    2863       1.1072
    2864       1.1253
    2865       0.9983
    2866       1.0164
    2867       0.9302
    2868       1.0597
    2869       1.0103
    2870       1.0861
    2871       1.0515
    2872       1.0692
    2873       1.0685
    2874       1.1747
    2875       1.1245
    2876       1.2114
    2877       1.0756
    2878       1.1089
    2879       1.0350
    2880       1.0885
    2881       1.0488
    2882       1.1946
    2883       1.1260
    2884       1.1358
    2885       1.1774
    2886       1.0170
    2887       0.9956
    2888       0.9948
    2889       1.0508
    2890       1.1200
    2891       1.0027
    2892       1.0523
    2893       0.8387
    2894       0.8024
    2895       0.9979
    2896       0.9203
    2897       1.0001
    2898       0.9751
    2899       1.0435
    2900       1.0910
    2901       1.1410
    2902       1.0606
    2903       0.9380
    2904       0.9838
    2905       0.9630
    2906       0.8765
    2907       0.8973
    2908       0.8732
    2909       1.0112
    2910       1.0141
    2911       1.0253
    2912       0.9675
    2913       0.8599
    2914       0.8878
    2915       0.8811
    2916       0.8522
    2917       1.1039
    2918       0.9563
    2919       0.9412
    2920       0.8509
    2921       0.9457
    2922       0.9542
    2923       0.8900
    2924       0.9406
    2925       0.9766
    2926       0.9537
    2927       1.1013
    2928       0.9303
    2929       1.0551
    2930       1.0460
    2931       1.1290
    2932       1.0577
    2933       0.8946
    2934       0.9229
    2935       0.8944
    2936       0.8651
    2937       0.8113
    2938       0.8786
    2939       0.8305
    2940       0.7591
    2941       0.8910
    2942       0.9596
    2943       0.9225
    2944       0.9218
    2945       0.9322
    2946       0.9486
    2947       1.0234
    2948       0.9407
    2949       0.9511
    2950       0.9525
    2951       1.0082
    2952       1.0090
    2953       0.9402
    2954       0.9748
    2955       0.9075
    2956       0.8970
    2957       0.8431
    2958       0.7592
    2959       0.8821
    2960       0.9093
    2961       0.8490
    2962       0.8821
    2963       0.8292
    2964       0.9842
    2965       0.9233
    2966       0.8896
    2967       0.9366
    2968       0.9121
    2969       0.9050
    2970       0.9780
    2971       1.0660
    2972       1.0932
    2973       0.9699
    2974       1.1148
    2975       0.8835
    2976       1.0335
    2977       0.9250
    2978       0.9591
    2979       0.9899
    2980       1.0951
    2981       0.9752
    2982       1.0130
    2983       1.0858
    2984       1.1972
    2985       1.1120
    2986       0.9607
    2987       1.0116
    2988       1.0608
    2989       1.0902
    2990       1.0063
    2991       1.0489
    2992       1.0537
    2993       0.9304
    2994       0.8268
    2995       0.8523
    2996       0.9420
    2997       0.9248
    2998       1.0124
    2999       0.9702
    3000       1.0389
    3001       1.0992
    3002       1.0355
    3003       1.0775
    3004       0.9111
    3005       0.8487
    3006       0.8179
    3007       0.8093
    3008       0.8983
    3009       0.7647
    3010       1.0249
    3011       0.9575
    3012       0.8367
    3013       0.9255
    3014       0.8139
    3015       0.8641
    3016       0.9136
    3017       0.8124
    3018       0.8191
    3019       0.7844
    3020       0.9021
    3021       0.8611
    3022       0.8274
    3023       0.9619
    3024       1.1478
    3025       1.0148
    3026       1.0347
    3027       0.9610
    3028       0.8655
    3029       1.0075
    3030       0.8339
    3031       0.8719
    3032       0.9375
    3033       0.8011
    3034       0.8966
    3035       0.8126
    3036       0.8787
    3037       0.9468
    3038       0.9109
    3039       1.0942
    3040       0.9137
    3041       1.0229
    3042       1.1004
    3043       1.0919
    3044       1.0250
    3045       0.9127
    3046       0.8638
    3047       1.1886
    3048       1.0387
    3049       1.0700
    3050       1.0217
    3051       0.9176
    3052       1.0559
    3053       1.0695
    3054       1.0261
    3055       1.1316
    3056       1.0251
    3057       0.9744
    3058       0.9536
    3059       1.0060
    3060       1.0009
    3061       0.8415
    3062       0.8978
    3063       0.9336
    3064       0.8494
    3065       0.8802
    3066       0.9437
    3067       1.0345
    3068       1.0459
    3069       1.0557
    3070       0.9999
    3071       0.9200
    3072       1.0200
    3073       0.9560
    3074       0.9886
    3075       0.9808
    3076       0.9610
    3077       1.1370
    3078       0.8183
    3079       0.9023
    3080       0.9302
    3081       0.9579
    3082       0.8728
    3083       0.9341
    3084       0.9545
    3085       0.9195
    3086       0.9903
    3087       0.9008
    3088       0.8766
    3089       0.7096
    3090       0.9132
    3091       0.9399
    3092       0.9288
    3093       1.0925
    3094       0.9775
    3095       1.1127
    3096       1.1527
    3097       1.0591
    3098       0.9087
    3099       0.9255
    3100       1.0184
    3101       0.9007
    3102       0.9866
    3103       0.9853
    3104       1.0246
    3105       1.0172
    3106       0.8298
    3107       0.8331
    3108       0.8062
    3109       0.8490
    3110       0.8528
    3111       0.8718
    3112       0.7866
    3113       0.7669
    3114       0.8433
    3115       0.8741
    3116       0.9209
    3117       0.9083
    3118       0.8743
    3119       0.9486
    3120       0.9776
    3121       1.0493
    3122       1.0475
    3123       0.9709
    3124       0.9433
    3125       1.0133
    3126       1.0664
    3127       0.9369
    3128       1.0339
    3129       1.1161
    3130       1.1005
    3131       1.0808
    3132       1.1885
    3133       1.1251
    3134       1.1918
    3135       0.9685
    3136       0.9802
    3137       0.8817
    3138       1.0412
    3139       1.0653
    3140       1.0541
    3141       1.0145
    3142       1.0382
    3143       1.0457
    3144       0.9999
    3145       1.1697
    3146       0.9478
    3147       0.9157
    3148       0.9582
    3149       0.9018
    3150       1.0052
    3151       1.0051
    3152       1.0322
    3153       0.9397
    3154       0.9586
    3155       0.8666
    3156       0.9540
    3157       0.9301
    3158       0.9210
    3159       0.9034
    3160       0.9522
    3161       0.9977
    3162       0.9527
    3163       0.9082
    3164       0.8229
    3165       1.0271
    3166       0.9617
    3167       1.0052
    3168       1.0540
    3169       0.8798
    3170       0.9186
    3171       0.9369
    3172       0.9338
    3173       0.9711
    3174       0.9295
    3175       0.9823
    3176       0.9635
    3177       1.0085
    3178       0.9070
    3179       0.9843
    3180       1.1052
    3181       1.1540
    3182       1.1803
    3183       1.0984
    3184       0.9839
    3185       1.0802
    3186       1.0885
    3187       1.1321
    3188       0.9562
    3189       1.0959
    3190       1.0900
    3191       1.1055
    3192       1.0411
    3193       1.0482
    3194       1.0633
    3195       1.1162
    3196       1.2072
    3197       1.0916
    3198       1.1170
    3199       1.1603
    3200       1.0538
    3201       0.9679
    3202       0.9694
    3203       1.0631
    3204       1.1681
    3205       1.1379
    3206       1.2367
    3207       1.3803
    3208       1.2683
    3209       1.1348
    3210       1.1163
    3211       1.3209
    3212       1.1183
    3213       1.2577
    3214       1.0915
    3215       0.9407
    3216       1.1021
    3217       0.9051
    3218       1.0940
    3219       1.1624
    3220       1.1411
    3221       1.1386
    3222       1.2369
    3223       1.2427
    3224       1.4508
    3225       1.4794
    3226       1.3594
    3227       1.5628
    3228       1.4948
    3229       1.5073
    3230       1.5633
    3231       1.6003
    3232       1.7386
    3233       1.6924
    3234       1.5721
    3235       1.5523
    3236       1.4153
    3237       1.2700
    3238       1.3015
    3239       1.1315
    3240       1.0987
    3241       1.1520
    3242       0.9839
    3243       1.0656
    3244       1.1179
    3245       1.0964
    3246       1.2719
    3247       1.1396
    3248       0.9446
    3249       1.0224
    3250       0.9612
    3251       0.9726
    3252       0.8856
    3253       0.9605
    3254       0.9262
    3255       0.9702
    3256       0.9622
    3257       0.9737
    3258       0.8481
    3259       0.8835
    3260       0.7472
    3261       0.8203
    3262       0.9453
    3263       0.9103
    3264       0.9741
    3265       0.8819
    3266       0.7627
    3267       0.7587
    3268       0.8544
    3269       0.8724
    3270       0.9007
    3271       0.8914
    3272       0.8794
    3273       0.9245
    3274       0.8097
    3275       0.8710
    3276       0.8403
    3277       0.9170
    3278       0.7739
    3279       0.8265
    3280       0.8655
    3281       0.8409
    3282       0.8426
    3283       0.9233
    3284       1.0128
    3285       1.0429
    3286       0.9302
    3287       0.9203
    3288       0.9990
    3289       1.0577
    3290       0.9975
    3291       0.9830
    3292       0.8804
    3293       0.8499
    3294       0.8275
    3295       0.8197
    3296       0.8793
    3297       0.9153
    3298       0.9594
    3299       0.9783
    3300       0.8873
    3301       0.8801
    3302       0.8953
    3303       0.9076
    3304       1.0148
    3305       0.9443
    3306       1.0739
    3307       0.9626
    3308       1.0046
    3309       0.9961
    3310       0.9639
    3311       0.9367
    3312       0.9559
    3313       0.8827
    3314       0.9479
    3315       1.0719
    3316       1.0225
    3317       1.1772
    3318       1.0508
    3319       1.0029
    3320       1.0804
    3321       0.9446
    3322       1.1514
    3323       1.0843
    3324       1.1407
    3325       1.0564
    3326       1.0510
    3327       0.8839
    3328       0.8954
    3329       0.8769
    3330       0.8400
    3331       0.9891
    3332       0.9603
    3333       0.9034
    3334       0.9379
    3335       0.9522
    3336       0.9517
    3337       0.8893
    3338       0.8909
    3339       0.9616
    3340       0.8173
    3341       0.8611
    3342       0.8532
    3343       0.8924
    3344       0.9523
    3345       0.9520
    3346       1.0823
    3347       0.9864
    3348       1.0714
    3349       1.0326
    3350       0.8873
    3351       0.7660
    3352       0.8518
    3353       0.8445
    3354       0.8129
    3355       0.9720
    3356       0.8732
    3357       0.8890
    3358       0.9222
    3359       1.0423
    3360       0.8973
    3361       0.8849
    3362       0.8610
    3363       1.1169
    3364       1.2221
    3365       1.1473
    3366       1.0518
    3367       0.8435
    3368       0.9539
    3369       0.8643
    3370       0.8737
    3371       0.7702
    3372       0.7381
    3373       0.8254
    3374       0.7693
    3375       0.7698
    3376       0.9205
    3377       0.8543
    3378       0.9242
    3379       0.9202
    3380       1.0050
    3381       0.9732
    3382       0.9233
    3383       0.9652
    3384       0.8513
    3385       0.8472
    3386       0.8364
    3387       0.7980
    3388       0.7240
    3389       0.7691
    3390       0.7466
    3391       0.7266
    3392       0.8354
    3393       0.8192
    3394       0.7924
    3395       0.7872
    3396       0.8451
    3397       0.7410
    3398       0.8958
    3399       0.9194
    3400       0.8251
    3401       0.8149
    3402       0.8605
    3403       0.8745
    3404       0.9235
    3405       0.8713
    3406       0.8470
    3407       0.9213
    3408       0.8634
    3409       0.8570
    3410       0.9972
    3411       0.9484
    3412       0.8339
    3413       0.8075
    3414       0.8103
    3415       0.8185
    3416       0.8896
    3417       0.8075
    3418       0.8024
    3419       0.7976
    3420       0.8648
    3421       0.7905
    3422       0.7581
    3423       0.8046
    3424       0.8015
    3425       0.8892
    3426       0.9171
    3427       0.9264
    3428       0.9168
    3429       0.9128
    3430       0.9563
    3431       0.9278
    3432       0.8592
    3433       0.9022
    3434       0.9429
    3435       0.9034
    3436       0.7797
    3437       0.8605
    3438       0.7926
    3439       0.7915
    3440       0.7833
    3441       0.7966
    3442       0.9057
    3443       0.9554
    3444       0.9095
    3445       0.8995
    3446       0.8874
    3447       0.9261
    3448       0.9188
    3449       1.0234
    3450       0.9754
    3451       1.0591
    3452       0.9660
    3453       0.9876
    3454       1.0905
    3455       1.1860
    3456       1.1760
    3457       1.2281
    3458       0.9607
    3459       0.9862
    3460       1.0074
    3461       1.1123
    3462       0.9623
    3463       1.0567
    3464       1.1167
    3465       1.0261
    3466       1.0747
    3467       1.1017
    3468       1.2553
    3469       1.1105
    3470       1.1554
    3471       1.0815
    3472       1.2669
    3473       1.2383
    3474       1.1364
    3475       1.1778
    3476       0.9865
    3477       1.0469
    3478       0.9506
    3479       0.9387
    3480       0.9724
    3481       0.9479
    3482       0.9878
    3483       0.9345
    3484       1.0264
    3485       1.0082
    3486       0.9361
    3487       1.0151
    3488       0.9910
    3489       1.0506
    3490       0.9857
    3491       0.9039
    3492       1.0039
    3493       1.0007
    3494       1.0901
    3495       0.9701
    3496       0.9485
    3497       1.1006
    3498       1.0146
    3499       0.9651
    3500       1.0224
    3501       1.0654
    3502       1.0253
    3503       1.0502
    3504       0.8645
    3505       0.9214
    3506       0.9246
    3507       0.8867
    3508       0.8507
    3509       0.9017
    3510       0.9787
    3511       0.9046
    3512       0.9256
    3513       0.8996
    3514       0.7999
    3515       0.9005
    3516       0.7702
    3517       0.8441
    3518       0.8686
    3519       0.9443
    3520       0.8479
    3521       0.9637
    3522       0.8939
    3523       0.8842
    3524       0.8032
    3525       0.7922
    3526       0.8325
    3527       0.8514
    3528       0.7661
    3529       0.7354
    3530       0.7477
    3531       0.8174
    3532       0.7583
    3533       0.8327
    3534       0.7727
    3535       0.6761
    3536       0.8452
    3537       0.8222
    3538       0.9875
    3539       0.8191
    3540       0.7602
    3541       0.7777
    3542       0.7681
    3543       0.7319
    3544       0.8770
    3545       0.8579
    3546       0.8085
    3547       0.7662
    3548       0.7634
    3549       0.9036
    3550       0.8405
    3551       0.7064
    3552       0.6920
    3553       0.7600
    3554       0.6982
    3555       0.7843
    3556       0.8110
    3557       0.9590
    3558       0.8106
    3559       0.8984
    3560       0.8452
    3561       0.9138
    3562       0.8831
    3563       0.9418
    3564       0.8961
    3565       0.7943
    3566       0.8830
    3567       1.0084
    3568       0.9138
    3569       0.8961
    3570       0.8663
    3571       0.7747
    3572       0.8150
    3573       0.8197
    3574       0.7273
    3575       0.8431
    3576       0.8685
    3577       0.8287
    3578       0.9585
    3579       0.9049
    3580       0.8322
    3581       0.8487
    3582       1.0169
    3583       1.0133
    3584       1.1326
    3585       1.1067
    3586       0.9784
    3587       0.9925
    3588       0.9438
    3589       1.0214
    3590       0.9617
    3591       1.0322
    3592       0.9213
    3593       0.9475
    3594       1.0458
    3595       1.0209
    3596       1.0367
    3597       0.9987
    3598       1.0430
    3599       1.0068
    3600       1.0637
    3601       1.1885
    3602       1.1341
    3603       0.9555
    3604       1.1361
    3605       1.0928
    3606       1.1523
    3607       1.0323
    3608       1.0911
    3609       0.9598
    3610       0.8813
    3611       1.0198
    3612       1.0036
    3613       1.0942
    3614       0.9663
    3615       1.0702
    3616       0.8864
    3617       0.9271
    3618       0.8834
    3619       0.8476
    3620       0.8461
    3621       0.9189
    3622       1.0326
    3623       0.9658
    3624       0.9435
    3625       0.9983
    3626       0.9995
    3627       1.0964
    3628       1.2011
    3629       1.1177
    3630       1.1149
    3631       1.0800
    3632       1.0769
    3633       0.9387
    3634       1.0328
    3635       1.0028
    3636       1.0812
    3637       1.1171
    3638       1.2751
    3639       1.1851
    3640       1.1348
    3641       1.1700
    3642       1.0168
    3643       1.0796
    3644       1.0866
    3645       1.0616
    3646       1.2087
    3647       1.1681
    3648       1.1198
    3649       1.1174
    3650       1.0662
    3651       1.1184
    3652       1.1964
    3653       1.0748
    3654       1.1136
    3655       1.0718
    3656       0.8767
    3657       0.9074
    3658       0.8775
    3659       0.9385
    3660       1.0073
    3661       1.0677
    3662       0.9779
    3663       1.0650
    3664       1.0162
    3665       1.0734
    3666       1.1083
    3667       1.2601
    3668       1.3100
    3669       1.1041
    3670       1.0964
    3671       1.1300
    3672       1.0614
    3673       1.0105
    3674       1.0104
    3675       0.8197
    3676       0.9166
    3677       0.8955
    3678       0.7878
    3679       0.8847
    3680       0.8762
    3681       0.8275
    3682       0.9581
    3683       0.8348
    3684       1.0071
    3685       1.0528
    3686       0.9856
    3687       0.9349
    3688       0.9264
    3689       0.9183
    3690       0.8934
    3691       0.7685
    3692       0.8137
    3693       0.8477
    3694       0.9068
    3695       0.8315
    3696       0.6656
    3697       0.6755
    3698       0.6689
    3699       0.6867
    3700       0.7916
    3701       0.7517
    3702       0.7510
    3703       0.7749
    3704       0.9160
    3705       0.8611
    3706       0.7941
    3707       0.8467
    3708       0.7952
    3709       0.8397
    3710       0.6885
    3711       0.7219
    3712       0.7434
    3713       0.7728
    3714       0.8537
    3715       0.8001
    3716       0.8158
    3717       0.8947
    3718       0.8529
    3719       0.8175
    3720       0.9932
    3721       0.7692
    3722       0.7130
    3723       0.7761
    3724       0.6939
    3725       0.7067
    3726       0.8135
    3727       0.7233
    3728       0.8445
    3729       0.8197
    3730       0.8703
    3731       0.8654
    3732       1.0046
    3733       1.1141
    3734       1.1265
    3735       1.0150
    3736       0.8690
    3737       0.7622
    3738       0.7547
    3739       0.7454
    3740       0.7384
    3741       0.6541
    3742       0.6282
    3743       0.7260
    3744       0.7598
    3745       0.9272
    3746       1.0080
    3747       0.7549
    3748       0.8412
    3749       0.7701
    3750       0.7558
    3751       0.7445
    3752       0.7615
    3753       0.6688
    3754       0.7617
    3755       0.7478
    3756       0.8506
    3757       0.7779
    3758       0.8594
    3759       0.8862
    3760       0.7481
    3761       0.9425
    3762       0.8261
    3763       0.8899
    3764       0.8370
    3765       0.9662
    3766       0.9114
    3767       0.8400
    3768       0.8927
    3769       0.8375
    3770       0.8447
    3771       0.8097
    3772       0.7830
    3773       0.7679
    3774       0.7719
    3775       0.7874
    3776       0.8898
    3777       0.8177
    3778       0.7982
    3779       0.8162
    3780       0.7897
    3781       0.8055
    3782       0.8159
    3783       0.8307
    3784       0.8393
    3785       0.7827
    3786       0.7125
    3787       0.7012
    3788       0.7706
    3789       0.8034
    3790       0.6590
    3791       0.7961
    3792       0.7088
    3793       0.7411
    3794       0.7740
    3795       0.7407
    3796       0.6811
    3797       0.6943
    3798       0.7757
    3799       0.8342
    3800       0.8041
    3801       0.8433
    3802       0.9069
    3803       0.8383
    3804       0.8867
    3805       0.8089
    3806       0.8297
    3807       0.9115
    3808       0.8605
    3809       0.9306
    3810       1.0484
    3811       1.0959
    3812       1.0236
    3813       1.0302
    3814       1.1544
    3815       1.1769
    3816       0.9173
    3817       0.9693
    3818       0.9732
    3819       1.1069
    3820       1.0094
    3821       0.8640
    3822       0.8145
    3823       0.9429
    3824       0.9172
    3825       1.0726
    3826       0.9204
    3827       0.9373
    3828       1.1545
    3829       1.0838
    3830       1.1018
    3831       0.9599
    3832       1.1522
    3833       1.1581
    3834       1.0781
    3835       1.0206
    3836       1.0644
    3837       1.0880
    3838       0.9416
    3839       1.1189
    3840       1.0958
    3841       1.0826
    3842       1.1956
    3843       0.9562
    3844       1.0940
    3845       1.0438
    3846       1.0823
    3847       1.0171
    3848       1.0521
    3849       0.9087
    3850       0.8901
    3851       0.9246
    3852       0.9999
    3853       1.0582
    3854       0.9928
    3855       1.0622
    3856       1.1573
    3857       1.0042
    3858       0.9838
    3859       1.0461
    3860       0.9091
    3861       1.0114
    3862       1.1809
    3863       1.0209
    3864       1.1243
    3865       1.0462
    3866       1.1076
    3867       1.0133
    3868       1.0037
    3869       1.1286
    3870       1.0719
    3871       1.0458
    3872       1.0106
    3873       1.1077
    3874       1.0861
    3875       1.0928
    3876       0.8797
    3877       0.9825
    3878       1.0240
    3879       0.8914
    3880       0.9145
    3881       1.0473
    3882       0.9953
    3883       0.9862
    3884       0.9936
    3885       0.9092
    3886       1.0377
    3887       0.8817
    3888       1.0228
    3889       1.0449
    3890       1.0805
    3891       1.0051
    3892       1.0426
    3893       1.0185
    3894       1.1435
    3895       1.0228
    3896       0.9169
    3897       0.9281
    3898       0.9730
    3899       0.8533
    3900       0.8506
    3901       0.9500
    3902       0.9450
    3903       1.0061
    3904       1.0266
    3905       0.9023
    3906       0.9970
    3907       1.0940
    3908       1.0617
    3909       1.0502
    3910       1.0366
    3911       1.0018
    3912       0.9795
    3913       0.9733
    3914       1.1183
    3915       1.2046
    3916       1.0668
    3917       1.0576
    3918       1.1017
    3919       0.9548
    3920       1.0673
    3921       0.9139
    3922       0.8366
    3923       0.9109
    3924       0.8890
    3925       0.8912
    3926       0.9368
    3927       1.0173
    3928       0.9657
    3929       0.8739
    3930       0.9195
    3931       0.8388
    3932       0.7863
    3933       0.8178
    3934       0.9010
    3935       0.8941
    3936       0.9461
    3937       0.9134
    3938       1.0079
    3939       0.8193
    3940       0.7903
    3941       0.8118
    3942       0.7466
    3943       0.8569
    3944       0.7947
    3945       0.8288
    3946       0.7901
    3947       0.8514
    3948       0.8257
    3949       0.9420
    3950       0.7723
    3951       0.7404
    3952       0.8253
    3953       0.9886
    3954       0.8421
    3955       0.8881
    3956       0.9313
    3957       0.8375
    3958       0.9269
    3959       0.7738
    3960       0.7927
    3961       0.8791
    3962       0.9620
    3963       0.7564
    3964       0.8506
    3965       0.9041
    3966       0.9016
    3967       1.0757
    3968       1.0308
    3969       0.9603
    3970       0.8677
    3971       0.8536
    3972       0.9065
    3973       0.9900
    3974       0.9803
    3975       1.0387
    3976       0.9049
    3977       1.0005
    3978       0.8093
    3979       0.8845
    3980       0.8310
    3981       0.8050
    3982       0.9683
    3983       1.0050
    3984       1.0055
    3985       0.9225
    3986       0.8757
    3987       0.9753
    3988       0.8615
    3989       0.8617
    3990       0.7661
    3991       0.7957
    3992       0.8693
    3993       0.8546
    3994       0.9600
    3995       0.9790
    3996       1.0112
    3997       1.1042
    3998       1.2315
    3999       1.2564
    4000       1.2388
    4001       1.1088
    4002       1.0897
    4003       1.0561
    4004       1.0015
    4005       1.0033
    4006       0.9812
    4007       1.0006
    4008       0.9333
    4009       0.9778
    4010       1.0769
    4011       1.0612
    4012       1.1500
    4013       1.1096
    4014       1.0523
    4015       1.1653
    4016       1.0681
    4017       1.0736
    4018       0.9982
    4019       0.9910
    4020       0.9795
    4021       0.9561
    4022       1.0488
    4023       0.9804
    4024       0.8264
    4025       1.0242
    4026       1.1037
    4027       1.1720
    4028       1.0398
    4029       1.0964
    4030       1.1805
    4031       1.1880
    4032       1.1541
    4033       1.2044
    4034       1.1134
    4035       1.0746
    4036       1.0468
    4037       1.0887
    4038       0.9772
    4039       0.8783
    4040       0.9537
    4041       0.9368
    4042       0.9352
    4043       1.0269
    4044       0.8792
    4045       0.8823
    4046       0.9305
    4047       0.8934
    4048       0.9590
    4049       1.0553
    4050       1.0438
    4051       0.9469
    4052       1.1148
    4053       1.1008
    4054       1.0030
    4055       1.0471
    4056       1.1014
    4057       1.0569
    4058       1.2520
    4059       1.1643
    4060       1.0719
    4061       1.0697
    4062       1.0421
    4063       1.0729
    4064       1.0377
    4065       0.9522
    4066       0.9656
    4067       1.0217
    4068       0.9549
    4069       0.9245
    4070       0.9776
    4071       0.8932
    4072       1.0180
    4073       0.9383
    4074       1.1457
    4075       1.0885
    4076       1.0051
    4077       0.9233
    4078       1.0117
    4079       0.9951
    4080       0.9205
    4081       0.9160
    4082       0.8689
    4083       0.9589
    4084       0.9701
    4085       0.8838
    4086       0.8842
    4087       0.8085
    4088       0.7826
    4089       0.8322
    4090       0.8675
    4091       1.0388
    4092       0.9632
    4093       0.9331
    4094       0.8341
    4095       0.8509
    4096       0.8658
    4097       0.8492
    4098       0.8105
    4099       0.8403
    4100       0.9053
    4101       0.8394
    4102       0.8648
    4103       0.8499
    4104       0.9344
    4105       1.0177
    4106       0.9180
    4107       0.9853
    4108       0.8771
    4109       0.9247
    4110       0.8018
    4111       0.8789
    4112       0.8410
    4113       0.9774
    4114       0.9236
    4115       1.0359
    4116       1.0224
    4117       1.0923
    4118       0.9376
    4119       1.0804
    4120       0.9631
    4121       0.9058
    4122       1.0177
    4123       1.0088
    4124       0.7964
    4125       0.8143
    4126       0.9315
    4127       0.8934
    4128       0.9289
    4129       0.8685
    4130       0.8729
    4131       0.8034
    4132       0.9394
    4133       0.9472
    4134       0.9314
    4135       0.8944
    4136       0.9345
    4137       0.7565
    4138       0.7844
    4139       0.8221
    4140       0.8648
    4141       0.8848
    4142       0.8258
    4143       0.9716
    4144       0.8402
    4145       0.7716
    4146       0.8115
    4147       0.9033
    4148       0.8962
    4149       0.8460
    4150       0.9227
    4151       0.8334
    4152       0.9257
    4153       0.9181
    4154       1.0107
    4155       0.9580
    4156       1.0126
    4157       0.9962
    4158       0.9597
    4159       0.8081
    4160       0.8809
    4161       1.0377
    4162       1.0714
    4163       0.9874
    4164       1.0644
    4165       1.0415
    4166       0.8576
    4167       0.9385
    4168       0.8432
    4169       1.0232
    4170       0.9665
    4171       0.9762
    4172       1.0025
    4173       0.8574
    4174       0.7911
    4175       0.7796
    4176       0.8263
    4177       0.9126
    4178       0.9211
    4179       0.9072
    4180       0.8849
    4181       1.0658
    4182       0.8999
    4183       0.9035
    4184       0.8252
    4185       0.8170
    4186       0.8170
    4187       0.8737
    4188       0.9338
    4189       0.8665
    4190       0.7863
    4191       0.7256
    4192       0.8952
    4193       1.0335
    4194       0.9863
    4195       1.0167
    4196       0.9519
    4197       0.9296
    4198       1.0143
    4199       1.0773
    4200       0.9055
    4201       0.9308
    4202       0.8877
    4203       0.9570
    4204       0.9916
    4205       0.9155
    4206       0.9302
    4207       0.8323
    4208       0.8946
    4209       0.9634
    4210       0.9137
    4211       0.8420
    4212       0.9714
    4213       0.9282
    4214       0.9832
    4215       1.0236
    4216       0.9711
    4217       0.9337
    4218       0.9628
    4219       0.9504
    4220       0.9651
    4221       1.1281
    4222       1.0574
    4223       1.0152
    4224       0.9756
    4225       1.1622
    4226       1.0430
    4227       0.9038
    4228       0.8187
    4229       0.8056
    4230       0.8028
    4231       0.8324
    4232       0.7185
    4233       0.7550
    4234       0.7504
    4235       0.8845
    4236       0.9909
    4237       0.8893
    4238       1.0020
    4239       0.8027
    4240       0.9216
    4241       0.8504
    4242       0.9224
    4243       0.9332
    4244       0.9185
    4245       0.7661
    4246       0.8466
    4247       0.8356
    4248       0.9567
    4249       0.8505
    4250       1.0307
    4251       1.0926
    4252       1.0826
    4253       1.0216
    4254       0.9416
    4255       0.9107
    4256       0.8621
    4257       0.8688
    4258       0.8791
    4259       0.8679
    4260       0.9376
    4261       0.9150
    4262       0.7431
    4263       0.8091
    4264       0.7951
    4265       0.8223
    4266       0.8860
    4267       0.8443
    4268       0.8670
    4269       0.8786
    4270       0.9363
    4271       0.8520
    4272       1.0089
    4273       0.9890
    4274       0.8577
    4275       1.0114
    4276       1.0792
    4277       0.9251
    4278       0.9072
    4279       1.1465
    4280       1.2458
    4281       1.1047
    4282       0.9727
    4283       1.0016
    4284       1.0228
    4285       0.9063
    4286       0.8064
    4287       0.8525
    4288       0.8966
    4289       0.8149
    4290       0.8783
    4291       0.8503
    4292       0.7265
    4293       0.7231
    4294       0.9954
    4295       0.9294
    4296       0.9352
    4297       0.8997
    4298       0.8820
    4299       0.8619
    4300       0.8260
    4301       0.9485
    4302       0.8998
    4303       0.9259
    4304       0.8409
    4305       0.9172
    4306       0.9241
    4307       1.0962
    4308       0.9208
    4309       0.8913
    4310       0.7948
    4311       0.8504
    4312       0.8830
    4313       0.8782
    4314       0.9019
    4315       0.8295
    4316       0.9383
    4317       0.8320
    4318       0.7578
    4319       0.7013
    4320       0.7927
    4321       0.7009
    4322       0.7447
    4323       0.8300
    4324       0.8387
    4325       0.8590
    4326       0.8866
    4327       0.8396
    4328       0.8204
    4329       0.8131
    4330       0.7888
    4331       0.7470
    4332       0.7491
    4333       0.7402
    4334       0.7838
    4335       0.7694
    4336       0.7910
    4337       0.8702
    4338       0.8448
    4339       0.8081
    4340       0.8493
    4341       0.8288
    4342       0.8648
    4343       0.8299
    4344       0.9025
    4345       0.8559
    4346       0.7798
    4347       0.8907
    4348       0.8919
    4349       0.9022
    4350       0.9757
    4351       0.8609
    4352       0.8913
    4353       0.9542
    4354       0.9406
    4355       0.8864
    4356       0.9225
    4357       0.8723
    4358       0.8368
    4359       0.8239
    4360       0.8001
    4361       0.9491
    4362       0.9752
    4363       0.7743
    4364       0.7181
    4365       0.7810
    4366       0.9617
    4367       0.7857
    4368       0.8825
    4369       0.8963
    4370       0.8495
    4371       0.7237
    4372       0.7765
    4373       0.7893
    4374       0.7913
    4375       0.8219
    4376       0.8703
    4377       0.8030
    4378       0.8134
    4379       0.9101
    4380       0.7779
    4381       0.7675
    4382       0.7642
    4383       0.8340
    4384       0.9183
    4385       0.8262
    4386       0.8143
    4387       0.8632
    4388       0.9295
    4389       0.9756
    4390       0.9276
    4391       0.8997
    4392       0.8876
    4393       0.8990
    4394       0.7482
    4395       0.8110
    4396       0.8066
    4397       0.8361
    4398       0.8035
    4399       0.8780
    4400       0.8459
    4401       0.7992
    4402       0.7121
    4403       0.8589
    4404       0.8400
    4405       0.7300
    4406       0.7576
    4407       0.8223
    4408       0.7251
    4409       0.7205
    4410       0.8544
    4411       0.8889
    4412       0.8975
    4413       0.9307
    4414       0.9591
    4415       0.9745
    4416       0.8688
    4417       0.8163
    4418       0.8699
    4419       0.8710
    4420       0.9085
    4421       0.9569
    4422       0.9641
    4423       1.1157
    4424       1.0603
    4425       0.9556
    4426       0.9513
    4427       1.0162
    4428       0.9927
    4429       0.9734
    4430       0.7972
    4431       0.7657
    4432       0.8360
    4433       0.8050
    4434       0.8445
    4435       0.8558
    4436       0.8903
    4437       0.9044
    4438       0.9524
    4439       0.8939
    4440       0.7523
    4441       0.7341
    4442       0.6973
    4443       0.8084
    4444       0.8459
    4445       0.8916
    4446       0.8333
    4447       0.8482
    4448       0.8243
    4449       0.9125
    4450       0.9003
    4451       0.8091
    4452       0.7953
    4453       0.8729
    4454       0.8589
    4455       0.7363
    4456       0.8227
    4457       0.7862
    4458       0.8430
    4459       0.8758
    4460       0.8752
    4461       0.8704
    4462       0.9360
    4463       1.0207
    4464       0.9839
    4465       0.9110
    4466       0.8741
    4467       0.9949
    4468       0.9194
    4469       0.8686
    4470       0.7566
    4471       0.8040
    4472       0.7974
    4473       0.7448
    4474       0.7564
    4475       0.7782
    4476       0.7702
    4477       0.7316
    4478       0.8023
    4479       0.8492
    4480       0.7715
    4481       0.7879
    4482       0.7427
    4483       0.7901
    4484       0.7297
    4485       0.7313
    4486       0.7661
    4487       0.8889
    4488       0.8723
    4489       0.8194
    4490       0.7818
    4491       0.7351
    4492       0.7758
    4493       0.8017
    4494       0.7510
    4495       0.7393
    4496       0.8398
    4497       0.8828
    4498       0.8307
    4499       0.9355
    4500       0.9187
    4501       0.9643
    4502       0.8232
    4503       0.9212
    4504       0.9269
    4505       0.9327
    4506       0.8981
    4507       0.7608
    4508       0.7758
    4509       0.7633
    4510       0.8387
    4511       0.8010
    4512       0.8720
    4513       0.9146
    4514       0.9235
    4515       0.9011
    4516       0.8426
    4517       0.8945
    4518       0.8711
    4519       0.8944
    4520       0.8196
    4521       0.8230
    4522       0.8064
    4523       0.8374
    4524       0.8420
    4525       0.7915
    4526       0.7942
    4527       0.8447
    4528       0.9727
    4529       0.8916
    4530       1.0132
    4531       0.9276
    4532       0.9423
    4533       0.9910
    4534       0.9362
    4535       0.9672
    4536       0.8331
    4537       0.8635
    4538       0.9426
    4539       0.9081
    4540       0.9256
    4541       0.9104
    4542       0.8708
    4543       1.0429
    4544       0.9930
    4545       0.9208
    4546       1.0774
    4547       1.0993
    4548       1.0153
    4549       0.9629
    4550       1.0133
    4551       1.0712
    4552       0.9884
    4553       1.0362
    4554       1.1609
    4555       1.0280
    4556       1.1345
    4557       0.9662
    4558       0.9870
    4559       1.0096
    4560       1.0506
    4561       0.9404
    4562       0.9676
    4563       1.0011
    4564       1.0148
    4565       0.9907
    4566       1.0356
    4567       1.0404
    4568       1.1330
    4569       1.1211
    4570       1.0595
    4571       0.9980
    4572       1.0543
    4573       1.0204
    4574       0.9710
    4575       0.9726
    4576       1.0479
    4577       0.9874
    4578       1.0136
    4579       0.9320
    4580       0.8015
    4581       0.8669
    4582       0.9617
    4583       0.9210
    4584       0.8297
    4585       0.7922
    4586       0.9050
    4587       0.8771
    4588       0.8692
    4589       0.8840
    4590       0.9233
    4591       1.0206
    4592       0.9365
    4593       1.0482
    4594       1.0149
    4595       1.0675
    4596       0.8848
    4597       0.9512
    4598       0.9091
    4599       0.9640
    4600       0.8755
    4601       0.9235
    4602       0.8651
    4603       0.9874
    4604       0.8901
    4605       1.0180
    4606       0.9767
    4607       1.0033
    4608       0.9970
    4609       1.1090
    4610       1.1952
    4611       1.0250
    4612       1.0678
    4613       1.0338
    4614       0.9750
    4615       0.9902
    4616       0.9033
    4617       0.8566
    4618       1.0356
    4619       0.8809
    4620       0.9597
    4621       0.8680
    4622       0.9405
    4623       0.9178
    4624       0.8829
    4625       0.8613
    4626       0.7811
    4627       0.8444
    4628       0.8567
    4629       0.7861
    4630       0.8087
    4631       0.8710
    4632       0.8243
    4633       0.8879
    4634       0.8903
    4635       0.8265
    4636       0.8769
    4637       0.8314
    4638       0.8772
    4639       0.7344
    4640       0.8305
    4641       0.8321
    4642       0.7402
    4643       0.8417
    4644       0.8598
    4645       0.9276
    4646       0.8770
    4647       0.8997
    4648       0.9426
    4649       0.8960
    4650       1.0321
    4651       0.9800
    4652       0.8624
    4653       0.9931
    4654       0.9095
    4655       0.8732
    4656       0.8058
    4657       0.8635
    4658       0.9683
    4659       0.8100
    4660       0.8979
    4661       0.8587
    4662       0.8948
    4663       0.8528
    4664       0.8757
    4665       0.8001
    4666       0.9108
    4667       0.9487
    4668       0.9713
    4669       0.8532
    4670       0.8262
    4671       0.9330
    4672       0.9371
    4673       0.9281
    4674       0.8474
    4675       0.9561
    4676       0.8384
    4677       0.8452
    4678       0.8660
    4679       0.9388
    4680       0.8784
    4681       0.7076
    4682       0.7282
    4683       0.7698
    4684       0.8016
    4685       0.7041
    4686       0.8510
    4687       0.8097
    4688       0.7481
    4689       0.7816
    4690       0.8243
    4691       0.8458
    4692       0.8665
    4693       0.7632
    4694       0.7970
    4695       0.8667
    4696       0.8879
    4697       0.8589
    4698       0.8463
    4699       0.7539
    4700       0.8487
    4701       0.7660
    4702       0.7216
    4703       0.8997
    4704       0.6602
    4705       0.7872
    4706       0.8984
    4707       1.0315
    4708       0.9323
    4709       0.9890
    4710       0.9292
    4711       0.9401
    4712       0.9116
    4713       0.8478
    4714       0.9137
    4715       0.8934
    4716       0.9511
    4717       0.8250
    4718       0.8583
    4719       0.9733
    4720       0.9646
    4721       1.0436
    4722       0.9913
    4723       1.1377
    4724       1.0881
    4725       1.0582
    4726       1.0033
    4727       1.0564
    4728       1.0719
    4729       0.9883
    4730       1.1504
    4731       1.0508
    4732       0.9436
    4733       0.8657
    4734       0.8086
    4735       0.7919
    4736       0.8063
    4737       0.7782
    4738       0.8433
    4739       0.8043
    4740       0.9404
    4741       0.8483
    4742       0.9138
    4743       0.8586
    4744       0.7860
    4745       0.8114
    4746       0.8155
    4747       0.7823
    4748       0.8253
    4749       0.7754
    4750       0.8582
    4751       0.8085
    4752       0.9449
    4753       0.9105
    4754       0.9173
    4755       0.8794
    4756       0.8661
    4757       0.9139
    4758       1.0644
    4759       1.1123
    4760       0.9661
    4761       0.9799
    4762       0.9342
    4763       0.8978
    4764       0.9158
    4765       0.9712
    4766       0.9082
    4767       0.9758
    4768       1.0706
    4769       0.9933
    4770       0.8224
    4771       0.8881
    4772       0.7135
    4773       0.7936
    4774       0.8280
    4775       0.7565
    4776       0.8516
    4777       0.8504
    4778       0.8740
    4779       0.9181
    4780       0.8144
    4781       0.8832
    4782       0.8733
    4783       0.9201
    4784       0.8640
    4785       0.8427
    4786       0.8377
    4787       0.8642
    4788       0.8171
    4789       0.9345
    4790       0.9340
    4791       0.8295
    4792       0.8023
    4793       0.8751
    4794       1.0159
    4795       1.0269
    4796       0.9505
    4797       0.8981
    4798       0.8594
    4799       0.8499
    4800       0.9099
    4801       0.8670
    4802       0.9347
    4803       0.9190
    4804       0.8889
    4805       0.9560
    4806       0.9028
    4807       0.8324
    4808       0.8213
    4809       0.7855
    4810       0.8709
    4811       0.8204
    4812       0.8168
    4813       0.9187
    4814       0.9651
    4815       0.8694
    4816       0.9350
    4817       0.9567
    4818       0.9353
    4819       0.8952
    4820       0.9093
    4821       0.8879
    4822       1.0834
    4823       0.9853
    4824       1.0167
    4825       1.0924
    4826       1.0892
    4827       0.8987
    4828       1.0354
    4829       1.0403
    4830       0.9689
    4831       1.0982
    4832       1.0573
    4833       0.9922
    4834       1.1150
    4835       1.0884
    4836       1.0047
    4837       1.0555
    4838       0.9356
    4839       0.8726
    4840       0.9546
    4841       1.0409
    4842       0.9763
    4843       0.8698
    4844       0.9620
    4845       0.9617
    4846       0.9815
    4847       1.0318
    4848       1.0235
    4849       1.1545
    4850       1.1436
    4851       1.1545
    4852       1.1684
    4853       1.1594
    4854       1.0726
    4855       1.0621
    4856       1.1235
    4857       1.0903
    4858       1.0484
    4859       1.0076
    4860       1.0162
    4861       0.9613
    4862       0.9040
    4863       0.8879
    4864       1.0659
    4865       1.0618
    4866       0.9395
    4867       1.0501
    4868       1.0490
    4869       0.9746
    4870       0.9026
    4871       0.9289
    4872       0.8566
    4873       0.8730
    4874       0.9711
    4875       0.8816
    4876       0.8873
    4877       0.9310
    4878       0.9347
    4879       0.8912
    4880       1.0358
    4881       0.9716
    4882       0.9941
    4883       1.0195
    4884       0.9839
    4885       0.8823
    4886       0.9469
    4887       0.9411
    4888       0.8409
    4889       0.9167
    4890       0.8267
    4891       0.8544
    4892       0.8870
    4893       0.8692
    4894       0.7759
    4895       0.8432
    4896       0.8299
    4897       0.8546
    4898       0.8436
    4899       1.0114
    4900       0.8648
    4901       0.9667
    4902       1.0156
    4903       0.9164
    4904       0.8676
    4905       0.8741
    4906       0.8753
    4907       1.0252
    4908       0.9748
    4909       0.7932
    4910       0.7866
    4911       0.8360
    4912       0.8272
    4913       0.8178
    4914       0.8579
    4915       0.8401
    4916       0.8635
    4917       0.8433
    4918       0.7965
    4919       0.8109
    4920       0.8869
    4921       0.8895
    4922       0.8500
    4923       0.9438
    4924       0.8734
    4925       0.8331
    4926       0.8011
    4927       0.8689
    4928       0.8831
    4929       0.9299
    4930       0.9197
    4931       0.8373
    4932       0.9554
    4933       1.0089
    4934       1.0084
    4935       0.9791
    4936       0.9957
    4937       0.8498
    4938       0.8899
    4939       0.8151
    4940       0.9792
    4941       1.0129
    4942       0.8254
    4943       0.9021
    4944       0.8636
    4945       0.8111
    4946       0.8619
    4947       0.8768
    4948       0.8407
    4949       0.9049
    4950       0.9756
    4951       0.8894
    4952       0.9004
    4953       0.8172
    4954       0.8503
    4955       0.8332
    4956       0.8313
    4957       0.7803
    4958       0.8302
    4959       0.8779
    4960       0.8976
    4961       0.8565
    4962       0.8882
    4963       0.8892
    4964       0.9363
    4965       0.8859
    4966       0.9624
    4967       0.8981
    4968       0.9207
    4969       0.9066
    4970       0.9296
    4971       0.9001
    4972       0.9346
    4973       1.0457
    4974       0.8805
    4975       0.8234
    4976       0.7955
    4977       0.9187
    4978       0.9417
    4979       0.9393
    4980       0.9315
    4981       0.9573
    4982       0.8489
    4983       0.8910
    4984       0.9458
    4985       0.8544
    4986       0.9851
    4987       0.8793
    4988       0.9142
    4989       0.8961
    4990       0.9402
    4991       0.8989
    4992       1.0174
    4993       1.0454
    4994       1.0577
    4995       1.0259
    4996       1.1013
    4997       1.0499
    4998       1.1251
    4999       0.9948
    5000       0.9476
    5001       0.9877
    5002       1.0322
    5003       0.9604
    5004       0.9462
    5005       1.0451
    5006       1.0790
    5007       0.9649
    5008       0.9701
    5009       1.0696
    5010       1.1557
    5011       1.1136
    5012       1.0518
    5013       1.0618
    5014       0.9492
    5015       0.8843
    5016       0.8591
    5017       0.8200
    5018       0.9133
    5019       0.9236
    5020       0.9381
    5021       0.8467
    5022       0.7936
    5023       0.8799
    5024       0.8789
    5025       0.8611
    5026       0.9421
    5027       0.9686
    5028       0.9827
    5029       0.9754
    5030       1.0516
    5031       1.1658
    5032       0.9431
    5033       0.8516
    5034       0.9404
    5035       0.8491
    5036       0.9002
    5037       0.9515
    5038       0.9241
    5039       0.9592
    5040       0.9913
    5041       1.0357
    5042       0.9621
    5043       0.9848
    5044       0.9232
    5045       0.9806
    5046       0.9711
    5047       1.0051
    5048       1.0929
    5049       1.0686
    5050       1.0151
    5051       1.0395
    5052       0.8813
    5053       0.9455
    5054       1.0456
    5055       1.0336
    5056       0.8702
    5057       0.8804
    5058       0.8445
    5059       0.8233
    5060       0.7465
    5061       0.8525
    5062       0.8483
    5063       0.9228
    5064       0.9872
    5065       1.1070
    5066       1.1317
    5067       1.1023
    5068       1.0228
    5069       1.0373
    5070       1.1192
    5071       1.0391
    5072       0.9785
    5073       1.0979
    5074       1.0896
    5075       1.1384
    5076       1.1437
    5077       1.1492
    5078       1.1774
    5079       1.2441
    5080       1.1638
    5081       1.0555
    5082       1.0429
    5083       1.0881
    5084       1.0384
    5085       1.0261
    5086       1.0563
    5087       1.0279
    5088       1.0599
    5089       1.0238
    5090       1.0737
    5091       1.2026
    5092       1.1184
    5093       1.0910
    5094       1.0764
    5095       0.9883
    5096       1.0974
    5097       1.0439
    5098       1.2227
    5099       1.0975
    5100       1.2678
    5101       1.3259
    5102       1.3450
    5103       1.1040
    5104       1.1121
    5105       1.3019
    5106       1.1867
    5107       1.0579
    5108       1.0809
    5109       1.1129
    5110       1.0413
    5111       1.0857
    5112       0.9833
    5113       1.0316
    5114       1.0951
    5115       0.9830
    5116       1.2472
    5117       1.0915
    5118       0.9897
    5119       0.9287
    5120       1.0085
    5121       1.0133
    5122       1.1096
    5123       1.0625
    5124       1.1358
    5125       1.0514
    5126       1.0410
    5127       1.0256
    5128       0.9892
    5129       0.9423
    5130       1.0130
    5131       0.9904
    5132       0.9530
    5133       1.1665
    5134       1.1476
    5135       1.0605
    5136       0.9478
    5137       1.0548
    5138       1.0914
    5139       1.1870
    5140       1.0380
    5141       1.0552
    5142       1.1009
    5143       1.0391
    5144       1.0978
    5145       1.0284
    5146       1.0681
    5147       0.9636
    5148       0.9413
    5149       0.9474
    5150       0.9486
    5151       1.0909
    5152       1.0627
    5153       1.0958
    5154       1.1403
    5155       1.0887
    5156       1.0833
    5157       1.0953
    5158       1.0565
    5159       1.0935
    5160       1.2066
    5161       1.2460
    5162       1.0298
    5163       1.0911
    5164       1.0818
    5165       1.0921
    5166       1.1706
    5167       1.0546
    5168       0.9688
    5169       0.9959
    5170       1.1017
    5171       0.9285
    5172       0.9856
    5173       0.9742
    5174       0.9154
    5175       0.8071
    5176       0.8911
    5177       0.7330
    5178       0.7719
    5179       0.8653
    5180       0.9322
    5181       0.9833
    5182       1.0284
    5183       1.0111
    5184       0.9747
    5185       0.9090
    5186       0.9000
    5187       0.9398
    5188       0.8501
    5189       0.8710
    5190       0.9676
    5191       0.9978
    5192       0.8601
    5193       0.8163
    5194       0.8842
    5195       0.8739
    5196       0.9892
    5197       0.8559
    5198       1.0098
    5199       0.9767
    5200       1.0830
    5201       0.9842
    5202       0.9387
    5203       1.0443
    5204       1.1285
    5205       1.0918
    5206       1.0113
    5207       1.0758
    5208       0.9591
    5209       1.2085
    5210       1.1894
    5211       0.9939
    5212       1.0871
    5213       1.0043
    5214       1.2105
    5215       1.2999
    5216       1.2245
    5217       1.3061
    5218       1.1475
    5219       1.0065
    5220       1.0066
    5221       0.9279
    5222       0.9431
    5223       0.8922
    5224       1.0082
    5225       1.0539
    5226       1.0313
    5227       0.8190
    5228       0.8927
    5229       0.8719
    5230       0.9609
    5231       0.9185
    5232       0.8665
    5233       0.8953
    5234       0.8532
    5235       0.9777
    5236       0.8972
    5237       0.9775
    5238       0.9631
    5239       0.9595
    5240       0.9785
    5241       0.8869
    5242       0.9169
    5243       0.8486
    5244       0.9133
    5245       0.8838
    5246       0.8457
    5247       0.8519
    5248       0.8911
    5249       0.8174
    5250       1.0567
    5251       0.9602
    5252       0.9801
    5253       0.9901
    5254       1.0709
    5255       0.9276
    5256       1.0208
    5257       1.0657
    5258       0.9002
    5259       0.9603
    5260       1.0379
    5261       1.1442
    5262       1.2261
    5263       1.1075
    5264       1.2245
    5265       1.0310
    5266       1.0860
    5267       1.1015
    5268       1.0718
    5269       1.0427
    5270       1.0208
    5271       1.0174
    5272       1.0973
    5273       1.0465
    5274       1.1570
    5275       1.0919
    5276       1.1547
    5277       1.0971
    5278       1.1396
    5279       1.0807
    5280       1.1475
    5281       0.9940
    5282       0.9472
    5283       1.0630
    5284       1.1995
    5285       1.1790
    5286       1.1937
    5287       1.1408
    5288       1.1641
    5289       1.1234
    5290       1.2053
    5291       1.1734
    5292       1.1038
    5293       1.1266
    5294       1.1427
    5295       1.1683
    5296       1.1279
    5297       1.1877
    5298       1.1414
    5299       1.2703
    5300       1.1621
    5301       1.2335
    5302       1.2678
    5303       1.1494
    5304       1.1451
    5305       1.1934
    5306       1.1372
    5307       1.1491
    5308       1.1312
    5309       1.1250
    5310       1.0875
    5311       1.0568
    5312       1.2243
    5313       1.2299
    5314       1.0268
    5315       0.9926
    5316       1.0387
    5317       1.1364
    5318       1.0196
    5319       1.1456
    5320       1.1249
    5321       1.1326
    5322       1.0542
    5323       0.9830
    5324       1.0838
    5325       1.1414
    5326       1.0190
    5327       0.9637
    5328       0.9240
    5329       0.9639
    5330       0.9714
    5331       0.9259
    5332       0.9895
    5333       0.9181
    5334       0.9261
    5335       1.0540
    5336       1.0719
    5337       1.0410
    5338       1.0466
    5339       1.0225
    5340       1.1242
    5341       1.1532
    5342       1.0999
    5343       1.0406
    5344       0.9473
    5345       1.0168
    5346       0.9772
    5347       1.1225
    5348       1.1343
    5349       1.1257
    5350       1.2009
    5351       1.2593
    5352       1.1627
    5353       1.2363
    5354       1.2398
    5355       1.2915
    5356       1.2075
    5357       1.1302
    5358       1.0777
    5359       1.0417
    5360       1.0172
    5361       1.1001
    5362       1.1079
    5363       1.0642
    5364       1.0151
    5365       1.0414
    5366       0.9674
    5367       0.9662
    5368       1.0810
    5369       1.0651
    5370       1.1047
    5371       1.0309
    5372       0.9845
    5373       1.0136
    5374       1.0386
    5375       1.1385
    5376       1.1241
    5377       1.0307
    5378       1.0324
    5379       1.0551
    5380       1.0588
    5381       0.9557
    5382       0.9385
    5383       0.9430
    5384       0.8792
    5385       0.9340
    5386       0.9619
    5387       1.0166
    5388       0.9201
    5389       1.0344
    5390       0.9004
    5391       0.8938
    5392       0.8941
    5393       0.9197
    5394       0.9259
    5395       0.9786
    5396       1.0341
    5397       1.0536
    5398       1.1116
    5399       0.9946
    5400       1.1461
    5401       1.0516
    5402       1.0200
    5403       1.0000
    5404       1.0629
    5405       0.9874
    5406       0.9614
    5407       1.0712
    5408       1.2105
    5409       1.2934
    5410       1.2153
    5411       1.1519
    5412       1.0401
    5413       1.1382
    5414       1.2546
    5415       0.9717
    5416       0.9362
    5417       0.9533
    5418       1.0221
    5419       1.0385
    5420       0.9326
    5421       0.9539
    5422       1.0444
    5423       0.9979
    5424       0.8915
    5425       0.8712
    5426       1.0510
    5427       0.9802
    5428       0.8908
    5429       0.9423
    5430       1.1303
    5431       1.0728
    5432       0.9603
    5433       0.9356
    5434       0.8454
    5435       0.9647
    5436       0.8717
    5437       0.9312
    5438       0.8727
    5439       0.9650
    5440       1.0159
    5441       0.8707
    5442       0.8384
    5443       0.8590
    5444       0.8627
    5445       0.7856
    5446       0.9481
    5447       0.9072
    5448       0.9835
    5449       0.8665
    5450       0.9393
    5451       0.9931
    5452       1.0513
    5453       0.9779
    5454       1.0349
    5455       0.9507
    5456       1.0186
    5457       0.8950
    5458       0.9538
    5459       0.8976
    5460       0.8170
    5461       0.8749
    5462       0.7723
    5463       0.7763
    5464       0.7705
    5465       0.8026
    5466       0.8496
    5467       0.8238
    5468       0.8213
    5469       0.9131
    5470       0.8291
    5471       0.9271
    5472       0.9827
    5473       1.0108
    5474       1.0146
    5475       0.9058
    5476       0.8968
    5477       0.9117
    5478       0.9481
    5479       0.9449
    5480       0.9566
    5481       1.1079
    5482       0.8794
    5483       0.8973
    5484       0.9176
    5485       0.9372
    5486       0.8980
    5487       0.8953
    5488       0.9543
    5489       0.9867
    5490       0.9567
    5491       0.8376
    5492       0.9486
    5493       0.9035
    5494       0.9056
    5495       0.8793
    5496       0.9010
    5497       0.9395
    5498       1.0225
    5499       0.9448
    5500       0.9470
    5501       0.9696
    5502       0.9670
    5503       0.9594
    5504       1.0037
    5505       0.9427
    5506       0.9513
    5507       0.9411
    5508       0.9026
    5509       0.9925
    5510       0.9670
    5511       0.9678
    5512       0.9919
    5513       0.9865
    5514       0.9925
    5515       0.9670
    5516       0.9583
    5517       0.9159
    5518       0.8239
    5519       1.1191
    5520       1.0420
    5521       1.0350
    5522       0.9986
    5523       0.9678
    5524       0.9727
    5525       0.9125
    5526       1.0541
    5527       0.9185
    5528       1.0074
    5529       1.0285
    5530       0.9907
    5531       1.0569
    5532       1.1266
    5533       1.0705
    5534       1.1169
    5535       1.1988
    5536       1.0052
    5537       1.0446
    5538       1.1274
    5539       1.0457
    5540       0.8850
    5541       0.9396
    5542       0.9814
    5543       1.0422
    5544       1.2019
    5545       1.0939
    5546       1.0253
    5547       1.0515
    5548       1.0469
    5549       0.9598
    5550       1.0751
    5551       1.0083
    5552       1.0111
    5553       0.9383
    5554       1.0116
    5555       1.0014
    5556       0.8961
    5557       0.9349
    5558       0.9618
    5559       0.8895
    5560       0.9277
    5561       0.8307
    5562       1.0161
    5563       1.0112
    5564       1.0371
    5565       1.0284
    5566       0.9066
    5567       0.9848
    5568       1.0693
    5569       1.1472
    5570       0.9861
    5571       0.9636
    5572       0.9832
    5573       0.9369
    5574       1.0070
    5575       0.9736
    5576       1.0285
    5577       1.0146
    5578       1.0250
    5579       0.9222
    5580       0.9009
    5581       1.0265
    5582       1.0944
    5583       1.1220
    5584       1.2275
    5585       1.2253
    5586       1.2280
    5587       1.1678
    5588       1.1984
    5589       1.1904
    5590       1.1889
    5591       1.1624
    5592       1.0296
    5593       1.0979
    5594       1.0146
    5595       1.0007
    5596       1.0346
    5597       1.2434
    5598       1.2057
    5599       1.2746
    5600       1.1468
    5601       1.1952
    5602       1.1112
    5603       1.1202
    5604       1.1927
    5605       1.2146
    5606       1.1217
    5607       1.1602
    5608       1.0602
    5609       1.0382
    5610       1.0017
    5611       1.0459
    5612       1.2723
    5613       1.2834
    5614       1.1909
    5615       1.1759
    5616       1.1238
    5617       1.0989
    5618       1.0370
    5619       1.0120
    5620       1.0113
    5621       1.1773
    5622       1.1468
    5623       1.0001
    5624       0.9726
    5625       0.9900
    5626       1.0468
    5627       1.0355
    5628       1.1745
    5629       1.2596
    5630       1.1304
    5631       1.1373
    5632       1.1156
    5633       1.1307
    5634       1.1733
    5635       1.0275
    5636       1.0305
    5637       0.9356
    5638       0.9425
    5639       1.1172
    5640       1.1271
    5641       1.0527
    5642       1.0093
    5643       1.1839
    5644       1.0920
    5645       1.0610
    5646       1.0533
    5647       1.0037
    5648       1.0361
    5649       1.1175
    5650       0.9643
    5651       0.9944
    5652       0.9656
    5653       0.8788
    5654       0.9126
    5655       0.9550
    5656       0.9215
    5657       1.1304
    5658       0.9939
    5659       1.0744
    5660       1.0971
    5661       1.0659
    5662       1.0459
    5663       0.9674
    5664       0.9985
    5665       1.0091
    5666       0.9934
    5667       0.9460
    5668       1.0340
    5669       1.0306
    5670       1.1488
    5671       1.0176
    5672       1.0798
    5673       0.9953
    5674       1.0993
    5675       0.9262
    5676       0.9249
    5677       0.9026
    5678       1.0000
    5679       0.9441
    5680       0.9603
    5681       0.9247
    5682       0.9110
    5683       0.9652
    5684       0.9392
    5685       1.0259
    5686       0.9995
    5687       1.0809
    5688       0.9780
    5689       0.9300
    5690       1.0018
    5691       0.9820
    5692       0.9582
    5693       0.9982
    5694       1.0420
    5695       1.1556
    5696       1.1083
    5697       1.0259
    5698       1.0595
    5699       1.1507
    5700       1.0960
    5701       1.0351
    5702       1.0424
    5703       1.1597
    5704       1.1145
    5705       1.0860
    5706       1.2375
    5707       1.0785
    5708       0.9374
    5709       0.9622
    5710       0.8915
    5711       1.0392
    5712       0.9376
    5713       0.9916
    5714       1.1240
    5715       1.0115
    5716       1.0407
    5717       0.8726
    5718       1.0045
    5719       1.0504
    5720       1.0619
    5721       1.1098
    5722       1.0669
    5723       1.1394
    5724       1.2162
    5725       0.9868
    5726       0.9787
    5727       0.9142
    5728       1.0136
    5729       1.0887
    5730       1.0115
    5731       1.0453
    5732       1.1765
    5733       1.0922
    5734       1.1336
    5735       1.0734
    5736       1.0028
    5737       1.0105
    5738       0.9732
    5739       1.0383
    5740       1.0004
    5741       1.0671
    5742       1.0507
    5743       1.0416
    5744       1.0944
    5745       1.1031
    5746       1.0115
    5747       1.0066
    5748       1.0377
    5749       1.1138
    5750       1.0204
    5751       1.0898
    5752       1.1816
    5753       1.1892
    5754       1.1416
    5755       1.0497
    5756       1.0695
    5757       1.1688
    5758       1.1004
    5759       1.0451
    5760       1.2259
    5761       1.1039
    5762       1.1402
    5763       1.1081
    5764       1.0343
    5765       1.0981
    5766       1.0282
    5767       1.0579
    5768       1.1874
    5769       1.1417
    5770       1.1332
    5771       1.1263
    5772       1.1209
    5773       1.1040
    5774       1.1035
    5775       1.1211
    5776       1.1387
    5777       1.0348
    5778       1.0395
    5779       0.9491
    5780       1.1256
    5781       1.1166
    5782       1.1084
    5783       1.0390
    5784       1.0093
    5785       0.9820
    5786       1.0120
    5787       1.0297
    5788       0.8835
    5789       1.0583
    5790       0.9144
    5791       0.9599
    5792       0.9847
    5793       0.8984
    5794       0.8504
    5795       1.0137
    5796       1.0242
    5797       0.9902
    5798       1.1223
    5799       1.1941
    5800       1.0380
    5801       1.0662
    5802       1.0443
    5803       0.9990
    5804       0.9824
    5805       0.9717
    5806       1.0309
    5807       0.9238
    5808       0.9174
    5809       0.9618
    5810       1.0425
    5811       0.8217
    5812       0.9719
    5813       0.9921
    5814       1.0656
    5815       1.2970
    5816       1.2990
    5817       1.3203
    5818       1.2467
    5819       1.1526
    5820       1.1496
    5821       1.1128
    5822       0.9852
    5823       1.0642
    5824       0.8924
    5825       0.9167
    5826       0.9289
    5827       0.9487
    5828       0.8984
    5829       0.9437
    5830       0.8880
    5831       0.9580
    5832       0.8914
    5833       1.0372
    5834       1.0032
    5835       0.9976
    5836       0.9955
    5837       1.0313
    5838       1.0825
    5839       1.0764
    5840       1.0100
    5841       0.9197
    5842       0.9485
    5843       0.9644
    5844       0.9648
    5845       0.9268
    5846       0.8947
    5847       0.9466
    5848       0.8786
    5849       0.9192
    5850       0.9704
    5851       0.8847
    5852       0.9774
    5853       1.0006
    5854       0.9463
    5855       1.0004
    5856       0.9951
    5857       0.9320
    5858       1.0460
    5859       1.0461
    5860       0.9700
    5861       0.9632
    5862       1.1528
    5863       1.0736
    5864       1.1437
    5865       1.0766
    5866       1.0172
    5867       0.9333
    5868       1.0064
    5869       1.0677
    5870       0.9465
    5871       0.9603
    5872       0.9589
    5873       0.9343
    5874       0.8882
    5875       0.8852
    5876       0.9866
    5877       0.8950
    5878       0.8965
    5879       1.0097
    5880       1.0880
    5881       1.1562
    5882       1.1041
    5883       1.1154
    5884       1.1104
    5885       1.0299
    5886       0.8806
    5887       0.9888
    5888       0.9783
    5889       1.1210
    5890       1.1179
    5891       0.9024
    5892       0.8698
    5893       1.0329
    5894       0.9361
    5895       0.9642
    5896       1.0109
    5897       0.8969
    5898       0.9330
    5899       1.0065
    5900       1.0584
    5901       1.0531
    5902       0.9048
    5903       0.9577
    5904       1.1265
    5905       1.1917
    5906       0.9627
    5907       0.9546
    5908       1.0175
    5909       1.0751
    5910       1.1308
    5911       1.0472
    5912       1.0771
    5913       1.1358
    5914       1.1754
    5915       1.1915
    5916       1.1070
    5917       1.1713
    5918       1.0646
    5919       1.2234
    5920       1.0237
    5921       1.0721
    5922       1.0781
    5923       1.0372
    5924       1.0073
    5925       0.9819
    5926       1.0750
    5927       1.2323
    5928       1.1603
    5929       1.1166
    5930       1.2084
    5931       1.0853
    5932       0.9273
    5933       0.9963
    5934       1.0509
    5935       1.0243
    5936       0.9529
    5937       0.9017
    5938       0.9392
    5939       1.0391
    5940       0.9835
    5941       1.0144
    5942       1.0204
    5943       1.1396
    5944       1.1934
    5945       1.0327
    5946       1.0555
    5947       1.0580
    5948       0.9669
    5949       1.0185
    5950       0.9612
    5951       0.9702
    5952       0.9485
    5953       1.0840
    5954       0.9785
    5955       0.9006
    5956       0.9039
    5957       0.9431
    5958       0.9627
    5959       0.9923
    5960       1.1032
    5961       0.9640
    5962       0.8795
    5963       0.8122
    5964       0.7978
    5965       0.8101
    5966       0.9424
    5967       0.9399
    5968       1.0742
    5969       1.0993
    5970       0.9572
    5971       0.9686
    5972       0.9201
    5973       0.9111
    5974       0.9322
    5975       0.9595
    5976       1.0118
    5977       0.9468
    5978       0.9342
    5979       0.9560
    5980       0.9841
    5981       0.9729
    5982       1.0282
    5983       1.0941
    5984       1.1291
    5985       1.1387
    5986       1.2877
    5987       1.1590
    5988       1.0640
    5989       1.1684
    5990       1.0354
    5991       1.0078
    5992       1.0091
    5993       1.0916
    5994       1.1420
    5995       1.1756
    5996       1.0757
    5997       0.9349
    5998       0.9596
    5999       0.9966
    6000       0.9542
    6001       0.9478
    6002       0.8931
    6003       1.0107
    6004       0.9562
    6005       0.9458
    6006       0.9392
    6007       0.9219
    6008       0.9226
    6009       1.0200
    6010       1.0381
    6011       1.0642
    6012       0.9835
    6013       1.0947
    6014       1.0970
    6015       1.0797
    6016       0.9136
    6017       0.9384
    6018       0.9263
    6019       0.8854
    6020       0.8883
    6021       0.9605
    6022       0.8680
    6023       0.9388
    6024       0.9860
    6025       0.9901
    6026       1.0466
    6027       0.9346
    6028       0.8617
    6029       0.8070
    6030       0.8258
    6031       0.8621
    6032       0.8559
    6033       0.9172
    6034       1.1641
    6035       1.1381
    6036       1.0039
    6037       0.9889
    6038       1.1387
    6039       1.0000
    6040       1.0087
    6041       0.9403
    6042       0.8732
    6043       0.9060
    6044       0.9501
    6045       0.8947
    6046       0.9245
    6047       0.9985
    6048       1.0230
    6049       0.9472
    6050       0.9750
    6051       1.0457
    6052       1.2289
    6053       1.0791
    6054       1.1282
    6055       0.9563
    6056       0.8905
    6057       0.9646
    6058       0.8854
    6059       0.9629
    6060       0.8648
    6061       0.8304
    6062       0.9725
    6063       0.9222
    6064       0.9245
    6065       0.9495
    6066       0.8176
    6067       0.8331
    6068       0.8480
    6069       0.8243
    6070       0.8391
    6071       0.8423
    6072       0.8463
    6073       0.8992
    6074       0.9074
    6075       0.8983
    6076       0.8365
    6077       0.8393
    6078       0.9361
    6079       0.9130
    6080       0.9282
    6081       0.7626
    6082       0.8405
    6083       0.9004
    6084       0.8463
    6085       0.8952
    6086       0.8204
    6087       0.9554
    6088       0.8291
    6089       0.9468
    6090       0.9849
    6091       1.0066
    6092       1.1504
    6093       0.9870
    6094       0.9054
    6095       0.9464
    6096       0.9353
    6097       0.8299
    6098       0.9183
    6099       0.9128
    6100       0.9160
    6101       0.8553
    6102       0.8224
    6103       0.8823
    6104       0.8577
    6105       0.8878
    6106       0.9087
    6107       0.8604
    6108       0.9484
    6109       0.9475
    6110       0.8367
    6111       0.9725
    6112       1.0273
    6113       0.8588
    6114       0.7646
    6115       0.8237
    6116       0.8155
    6117       0.9122
    6118       0.7803
    6119       0.9145
    6120       0.9637
    6121       1.0083
    6122       0.9861
    6123       0.8827
    6124       0.8888
    6125       0.8334
    6126       0.9393
    6127       0.9369
    6128       0.8849
    6129       0.8931
    6130       0.8834
    6131       0.9068
    6132       0.8501
    6133       1.0019
    6134       0.9736
    6135       0.9646
    6136       0.9845
    6137       1.0344
    6138       0.9753
    6139       0.9822
    6140       0.9950
    6141       1.0260
    6142       0.9853
    6143       0.9950
    6144       1.0708
    6145       1.0258
    6146       0.9938
    6147       0.9152
    6148       0.9469
    6149       0.9438
    6150       1.1525
    6151       1.0327
    6152       0.9949
    6153       0.9376
    6154       0.8776
    6155       0.9800
    6156       0.9805
    6157       0.9243
    6158       0.9286
    6159       0.9636
    6160       1.0965
    6161       1.0455
    6162       0.9892
    6163       1.0977
    6164       1.0424
    6165       1.1151
    6166       1.1643
    6167       1.1579
    6168       1.1945
    6169       1.2150
    6170       1.1729
    6171       0.9501
    6172       0.9070
    6173       0.9203
    6174       1.0607
    6175       1.1089
    6176       1.1660
    6177       1.1556
    6178       1.1334
    6179       1.0592
    6180       1.0786
    6181       1.0387
    6182       0.9558
    6183       0.9343
    6184       0.9756
    6185       0.9261
    6186       0.9841
    6187       0.8079
    6188       0.8296
    6189       0.8643
    6190       0.8136
    6191       0.8937
    6192       0.8939
    6193       0.9012
    6194       0.9067
    6195       0.9372
    6196       0.9153
    6197       0.9558
    6198       0.8701
    6199       0.8387
    6200       0.9684
    6201       0.8620
    6202       0.9207
    6203       1.0223
    6204       0.8881
    6205       1.0001
    6206       0.9284
    6207       0.9299
    6208       0.9186
    6209       0.8216
    6210       0.8977
    6211       0.8535
    6212       0.8007
    6213       0.8474
    6214       0.9593
    6215       0.9443
    6216       0.9245
    6217       0.8557
    6218       0.8321
    6219       0.8981
    6220       0.8674
    6221       0.8299
    6222       0.9321
    6223       0.9378
    6224       0.8462
    6225       0.8887
    6226       0.9926
    6227       0.8688
    6228       0.9916
    6229       0.8554
    6230       0.9243
    6231       0.9210
    6232       0.8779
    6233       0.9361
    6234       0.8409
    6235       0.9302
    6236       1.0373
    6237       1.0041
    6238       1.0268
    6239       1.0861
    6240       1.0478
    6241       1.1062
    6242       0.8665
    6243       0.8960
    6244       1.0404
    6245       1.0565
    6246       0.9780
    6247       0.9250
    6248       1.0108
    6249       1.0433
    6250       1.0464
    6251       0.8944
    6252       1.0576
    6253       0.9597
    6254       0.9895
    6255       0.9211
    6256       0.8866
    6257       1.1124
    6258       1.1034
    6259       0.9181
    6260       0.9591
    6261       1.0003
    6262       0.9472
    6263       1.0211
    6264       1.0229
    6265       1.0764
    6266       0.9711
    6267       1.0306
    6268       0.8134
    6269       0.9089
    6270       0.9156
    6271       0.9445
    6272       0.9398
    6273       0.9687
    6274       0.8962
    6275       0.8353
    6276       0.7461
    6277       0.8872
    6278       0.8156
    6279       0.9994
    6280       0.8296
    6281       0.8701
    6282       0.9397
    6283       0.8843
    6284       0.9073
    6285       0.8617
    6286       0.8214
    6287       0.8361
    6288       0.9209
    6289       0.9751
    6290       0.9325
    6291       0.9671
    6292       0.9676
    6293       1.0362
    6294       1.0520
    6295       0.8899
    6296       0.9960
    6297       1.0377
    6298       1.0065
    6299       1.0555
    6300       0.9988
    6301       1.0823
    6302       1.1595
    6303       1.0215
    6304       1.1274
    6305       1.0303
    6306       1.0517
    6307       1.0047
    6308       0.9373
    6309       0.9393
    6310       1.0905
    6311       1.2976
    6312       1.2384
    6313       1.0388
    6314       0.9870
    6315       1.0467
    6316       0.9605
    6317       1.0130
    6318       0.9551
    6319       0.7444
    6320       0.8567
    6321       0.9481
    6322       0.8234
    6323       0.9376
    6324       0.8784
    6325       1.0522
    6326       0.9848
    6327       0.9723
    6328       0.9197
    6329       0.8551
    6330       0.9241
    6331       0.8356
    6332       0.8078
    6333       0.9077
    6334       0.8972
    6335       0.9042
    6336       0.8536
    6337       0.8010
    6338       0.9018
    6339       0.8762
    6340       0.8499
    6341       0.8803
    6342       0.9495
    6343       0.9185
    6344       1.0268
    6345       0.9348
    6346       0.9367
    6347       0.9689
    6348       0.8944
    6349       0.9380
    6350       0.9215
    6351       0.9521
    6352       1.0064
    6353       1.1248
    6354       0.9753
    6355       0.9580
    6356       1.0141
    6357       0.9210
    6358       0.8653
    6359       0.7849
    6360       0.9043
    6361       0.9157
    6362       0.8812
    6363       0.8631
    6364       0.9577
    6365       0.8724
    6366       1.0313
    6367       0.9858
    6368       0.9601
    6369       0.9987
    6370       0.9334
    6371       0.8446
    6372       0.9119
    6373       0.9154
    6374       0.9515
    6375       0.9949
    6376       0.9229
    6377       0.8468
    6378       0.7583
    6379       0.7836
    6380       0.8119
    6381       0.8148
    6382       0.9090
    6383       1.0395
    6384       0.7975
    6385       0.9406
    6386       0.9181
    6387       0.8717
    6388       1.0588
    6389       1.0097
    6390       1.0621
    6391       0.9434
    6392       0.9223
    6393       0.9992
    6394       0.8831
    6395       0.9878
    6396       0.8955
    6397       0.9975
    6398       1.0905
    6399       1.0166
    6400       0.8652
    6401       0.9253
    6402       0.9757
    6403       0.9493
    6404       0.9263
    6405       1.1016
    6406       0.8389
    6407       1.0785
    6408       0.9569
    6409       0.8981
    6410       0.9729
    6411       0.8581
    6412       0.8069
    6413       0.8957
    6414       0.8819
    6415       0.8660
    6416       0.9604
    6417       0.8787
    6418       0.9550
    6419       0.8511
    6420       0.8548
    6421       0.8247
    6422       0.9055
    6423       0.9206
    6424       0.9607
    6425       0.9347
    6426       0.8645
    6427       0.8776
    6428       0.9233
    6429       0.9754
    6430       1.1051
    6431       1.0633
    6432       1.0110
    6433       0.9197
    6434       0.9317
    6435       0.9584
    6436       0.9845
    6437       0.9067
    6438       0.9606
    6439       0.9309
    6440       1.0467
    6441       0.9511
    6442       0.9003
    6443       0.9689
    6444       0.9350
    6445       0.8210
    6446       0.8512
    6447       0.9015
    6448       1.0098
    6449       1.0023
    6450       0.9438
    6451       0.9310
    6452       0.9687
    6453       0.9590
    6454       0.8861
    6455       0.8805
    6456       1.0139
    6457       0.9430
    6458       0.8919
    6459       0.9655
    6460       0.8994
    6461       0.9108
    6462       1.0160
    6463       1.0214
    6464       0.9223
    6465       0.8656
    6466       0.9024
    6467       0.9623
    6468       0.8617
    6469       0.8820
    6470       0.8805
    6471       0.9096
    6472       0.8328
    6473       0.7669
    6474       0.9471
    6475       0.8912
    6476       0.9211
    6477       0.9644
    6478       1.0223
    6479       0.9369
    6480       0.9749
    6481       1.0052
    6482       1.0019
    6483       1.0035
    6484       0.9319
    6485       0.9629
    6486       0.9600
    6487       0.9562
    6488       0.8027
    6489       0.8061
    6490       1.0031
    6491       1.0324
    6492       1.0898
    6493       1.0397
    6494       0.9909
    6495       0.8781
    6496       0.9644
    6497       0.9163
    6498       0.9675
    6499       0.8272
    6500       0.8132
    6501       0.8778
    6502       0.8627
    6503       0.8886
    6504       0.8779
    6505       0.9560
    6506       0.8447
    6507       0.8722
    6508       0.8626
    6509       0.8296
    6510       0.8413
    6511       0.7923
    6512       0.9114
    6513       0.8831
    6514       0.7612
    6515       0.7602
    6516       0.8743
    6517       0.8458
    6518       0.9936
    6519       1.0381
    6520       1.0197
    6521       0.8906
    6522       0.9573
    6523       0.8595
    6524       0.9328
    6525       0.9629
    6526       1.0404
    6527       1.0867
    6528       0.9430
    6529       0.9231
    6530       0.9346
    6531       0.9372
    6532       0.8274
    6533       0.8647
    6534       0.7807
    6535       0.8009
    6536       0.8188
    6537       0.8660
    6538       0.8368
    6539       0.8081
    6540       0.7515
    6541       0.8457
    6542       0.8652
    6543       0.8595
    6544       0.8671
    6545       0.7707
    6546       0.8252
    6547       0.8742
    6548       0.8003
    6549       0.8020
    6550       0.9237
    6551       0.9409
    6552       0.8618
    6553       1.0096
    6554       1.1317
    6555       0.9352
    6556       0.9520
    6557       0.9288
    6558       0.9833
    6559       0.9544
    6560       1.0148
    6561       0.8909
    6562       0.9562
    6563       0.9932
    6564       0.9108
    6565       0.9242
    6566       0.9538
    6567       0.8869
    6568       0.9933
    6569       0.8817
    6570       1.0034
    6571       0.9698
    6572       0.8870
    6573       0.9982
    6574       1.0491
    6575       1.0212
    6576       0.9845
    6577       0.9082
    6578       0.9463
    6579       1.0106
    6580       0.9523
    6581       0.9192
    6582       0.8622
    6583       0.9452
    6584       0.9239
    6585       0.9995
    6586       0.9280
    6587       0.8331
    6588       0.9096
    6589       0.9715
    6590       0.9355
    6591       0.8685
    6592       0.9026
    6593       0.8690
    6594       0.8555
    6595       0.9250
    6596       0.8919
    6597       0.8160
    6598       0.8373
    6599       0.9280
    6600       0.9685
    6601       0.8616
    6602       0.8136
    6603       0.8025
    6604       0.9090
    6605       0.9924
    6606       1.0598
    6607       0.9713
    6608       0.9218
    6609       0.8282
    6610       0.8292
    6611       0.8778
    6612       0.9855
    6613       1.0150
    6614       0.9871
    6615       1.0335
    6616       0.9527
    6617       0.9169
    6618       0.9689
    6619       0.9289
    6620       0.9247
    6621       0.9359
    6622       0.8980
    6623       0.7778
    6624       0.8583
    6625       0.9634
    6626       0.8263
    6627       0.9417
    6628       0.8572
    6629       0.8102
    6630       0.8353
    6631       0.9550
    6632       0.9834
    6633       0.9144
    6634       0.8453
    6635       0.8458
    6636       0.8811
    6637       0.8859
    6638       0.8111
    6639       0.9210
    6640       0.8847
    6641       0.9239
    6642       0.9666
    6643       0.8937
    6644       0.9871
    6645       1.0316
    6646       1.0721
    6647       1.0722
    6648       0.8877
    6649       0.8951
    6650       0.7646
    6651       0.8309
    6652       0.8788
    6653       0.8224
    6654       0.9436
    6655       0.8929
    6656       0.9230
    6657       0.9602
    6658       0.8571
    6659       0.9364
    6660       0.9268
    6661       1.0165
    6662       0.9508
    6663       0.9742
    6664       0.9727
    6665       0.9656
    6666       1.0569
    6667       0.9492
    6668       0.9553
    6669       1.0619
    6670       0.9562
    6671       1.1558
    6672       1.2278
    6673       0.9730
    6674       0.9671
    6675       0.9355
    6676       1.0172
    6677       0.8824
    6678       0.7805
    6679       0.9123
    6680       0.8404
    6681       0.8323
    6682       0.8105
    6683       0.8480
    6684       0.8288
    6685       0.8953
    6686       0.9907
    6687       1.0114
    6688       0.8402
    6689       0.8796
    6690       0.9800
    6691       0.9585
    6692       0.9665
    6693       0.9845
    6694       1.0107
    6695       1.0320
    6696       1.1410
    6697       1.0385
    6698       1.1546
    6699       1.0202
    6700       1.0749
    6701       1.0683
    6702       1.0633
    6703       1.1030
    6704       1.1493
    6705       1.1374
    6706       1.0733
    6707       0.9053
    6708       1.0579
    6709       1.1128
    6710       1.0072
    6711       0.9505
    6712       1.1175
    6713       0.9786
    6714       1.0738
    6715       0.8866
    6716       0.8427
    6717       0.8261
    6718       0.8398
    6719       0.8873
    6720       0.8755
    6721       0.8584
    6722       0.8949
    6723       1.0077
    6724       0.9379
    6725       1.0102
    6726       0.9177
    6727       0.9780
    6728       0.8685
    6729       0.9389
    6730       1.0262
    6731       0.9589
    6732       0.9942
    6733       0.9331
    6734       1.0128
    6735       0.9621
    6736       1.0075
    6737       1.0579
    6738       0.9780
    6739       0.9726
    6740       0.9669
    6741       0.8594
    6742       0.9406
    6743       0.9290
    6744       0.9210
    6745       0.9515
    6746       0.9025
    6747       0.8982
    6748       0.9923
    6749       0.9391
    6750       1.0766
    6751       0.9779
    6752       1.0570
    6753       1.0230
    6754       0.9438
    6755       1.0668
    6756       1.1385
    6757       1.2843
    6758       1.1135
    6759       1.0999
    6760       1.1752
    6761       1.2202
    6762       1.2439
    6763       1.0855
    6764       1.0836
    6765       0.9798
    6766       1.0941
    6767       0.9955
    6768       0.9978
    6769       1.1140
    6770       1.1259
    6771       1.0377
    6772       1.0136
    6773       1.0399
    6774       0.9183
    6775       0.9433
    6776       0.9113
    6777       0.9299
    6778       0.9767
    6779       0.9473
    6780       0.8573
    6781       0.8598
    6782       0.9854
    6783       1.1041
    6784       1.1337
    6785       1.0872
    6786       1.0725
    6787       1.1728
    6788       1.2071
    6789       1.1286
    6790       1.0814
    6791       1.2737
    6792       1.2506
    6793       1.2165
    6794       1.1159
    6795       1.0404
    6796       0.9606
    6797       1.0597
    6798       1.1840
    6799       1.2923
    6800       1.1524
    6801       1.1754
    6802       1.1756
    6803       1.0974
    6804       1.0480
    6805       1.1046
    6806       0.9272
    6807       1.0344
    6808       1.0754
    6809       1.0187
    6810       1.0165
    6811       1.1593
    6812       1.2087
    6813       1.1422
    6814       1.1153
    6815       1.1387
    6816       1.1428
    6817       1.1558
    6818       1.1273
    6819       1.2159
    6820       1.1824
    6821       1.1340
    6822       1.2079
    6823       1.1176
    6824       1.0583
    6825       1.1134
    6826       1.0235
    6827       1.0801
    6828       1.1231
    6829       1.0251
    6830       1.1111
    6831       1.0667
    6832       1.0782
    6833       1.0970
    6834       1.0746
    6835       1.0317
    6836       1.0371
    6837       0.9136
    6838       0.9644
    6839       1.1026
    6840       1.1252
    6841       1.0989
    6842       1.0937
    6843       1.0520
    6844       1.0930
    6845       1.1888
    6846       1.1358
    6847       0.9793
    6848       1.0141
    6849       1.0065
    6850       1.1322
    6851       1.0580
    6852       1.0830
    6853       1.0479
    6854       1.0683
    6855       1.0702
    6856       1.1652
    6857       1.1089
    6858       1.2048
    6859       1.2349
    6860       1.1711
    6861       1.1838
    6862       1.0797
    6863       1.1506
    6864       1.0704
    6865       1.1176
    6866       1.0981
    6867       0.9927
    6868       1.0362
    6869       1.1124
    6870       1.0464
    6871       1.1079
    6872       1.0567
    6873       0.9831
    6874       1.0748
    6875       1.1291
    6876       1.1301
    6877       1.0936
    6878       1.0716
    6879       0.9965
    6880       1.2274
    6881       1.1550
    6882       1.2561
    6883       1.2268
    6884       1.1954
    6885       1.1782
    6886       1.1294
    6887       1.0267
    6888       1.0661
    6889       1.0577
    6890       1.2451
    6891       1.1470
    6892       1.0409
    6893       1.0742
    6894       1.1088
    6895       1.0139
    6896       1.0428
    6897       0.9086
    6898       0.9527
    6899       1.0320
    6900       1.1049
    6901       1.0859
    6902       1.0694
    6903       1.1548
    6904       1.0206
    6905       0.9660
    6906       1.1433
    6907       1.0913
    6908       1.1391
    6909       1.0765
    6910       1.0432
    6911       1.0882
    6912       1.1606
    6913       1.1355
    6914       1.1030
    6915       1.1476
    6916       1.1726
    6917       1.2168
    6918       1.2652
    6919       1.1654
    6920       1.1689
    6921       1.1787
    6922       1.1443
    6923       1.0664
    6924       1.0783
    6925       1.0212
    6926       1.0818
    6927       1.1083
    6928       1.2469
    6929       1.3854
    6930       1.2754
    6931       1.3277
    6932       1.2585
    6933       1.1714
    6934       1.1898
    6935       1.2875
    6936       1.3263
    6937       1.3450
    6938       1.2932
    6939       1.2560
    6940       1.1794
    6941       1.1715
    6942       1.2486
    6943       1.2937
    6944       1.3444
    6945       1.2599
    6946       1.2374
    6947       1.1719
    6948       1.2385
    6949       1.2722
    6950       1.3382
    6951       1.3203
    6952       1.3283
    6953       1.3551
    6954       1.4689
    6955       1.4354
    6956       1.2871
    6957       1.2738
    6958       1.2765
    6959       1.2537
    6960       1.2442
    6961       1.1834
    6962       1.2349
    6963       1.2653
    6964       1.3736
    6965       1.3093
    6966       1.2534
    6967       1.2923
    6968       1.2171
    6969       1.2803
    6970       1.3122
    6971       1.4423
    6972       1.3704
    6973       1.2489
    6974       1.2144
    6975       1.3215
    6976       1.2666
    6977       1.1963
    6978       1.2162
    6979       1.2760
    6980       1.2807
    6981       1.3294
    6982       1.1828
    6983       1.4861
    6984       1.3910
    6985       1.2434
    6986       1.2441
    6987       1.3454
    6988       1.4229
    6989       1.3398
    6990       1.4010
    6991       1.3136
    6992       1.4319
    6993       1.3940
    6994       1.4488
    6995       1.3546
    6996       1.3430
    6997       1.4060
    6998       1.2978
    6999       1.3716
    7000       1.3408
    7001       1.3306
    7002       1.3559
    7003       1.3425
    7004       1.2896
    7005       1.2800
    7006       1.4159
    7007       1.2571
    7008       1.1319
    7009       1.2747
    7010       1.2208
    7011       1.1736
    7012       1.1320
    7013       1.1557
    7014       1.3290
    7015       1.2561
    7016       1.3188
    7017       1.2962
    7018       1.4842
    7019       1.4214
    7020       1.5643
    7021       1.4211
    7022       1.3802
    7023       1.4403
    7024       1.4498
    7025       1.4432
    7026       1.3135
    7027       1.3232
    7028       1.3146
    7029       1.4896
    7030       1.3729
    7031       1.3426
    7032       1.2847
    7033       1.3305
    7034       1.3911
    7035       1.4143
    7036       1.4568
    7037       1.2965
    7038       1.2316
    7039       1.3289
    7040       1.2122
    7041       1.2196
    7042       1.1299
    7043       1.3708
    7044       1.1887
    7045       1.1369
    7046       1.1055
    7047       1.2989
    7048       1.3023
    7049       1.2268
    7050       1.2356
    7051       1.2995
    7052       1.1940
    7053       1.2377
    7054       1.2296
    7055       1.2515
    7056       1.0890
    7057       1.1499
    7058       1.0406
    7059       1.0100
    7060       0.9927
    7061       0.9567
    7062       0.9674
    7063       0.9047
    7064       0.9581
    7065       1.0247
    7066       0.9756
    7067       0.9789
    7068       0.8787
    7069       0.9720
    7070       1.0187
    7071       1.0130
    7072       0.9908
    7073       0.8648
    7074       0.8672
    7075       0.9431
    7076       1.0433
    7077       0.9568
    7078       0.9925
    7079       1.0325
    7080       1.0447
    7081       1.1319
    7082       1.0207
    7083       1.1651
    7084       0.9837
    7085       1.0691
    7086       1.0820
    7087       0.9702
    7088       1.0331
    7089       1.1742
    7090       1.0825
    7091       1.0361
    7092       0.9663
    7093       0.9722
    7094       1.0607
    7095       1.1023
    7096       1.1002
    7097       1.0497
    7098       0.9803
    7099       0.9736
    7100       1.0819
    7101       1.1226
    7102       1.0702
    7103       1.1107
    7104       1.0485
    7105       0.9614
    7106       1.0556
    7107       1.0570
    7108       1.0009
    7109       1.0529
    7110       1.0904
    7111       1.0757
    7112       1.1198
    7113       1.0182
    7114       1.0385
    7115       0.9412
    7116       0.9712
    7117       0.8424
    7118       0.9089
    7119       0.9663
    7120       1.0553
    7121       1.0373
    7122       1.0146
    7123       1.0987
    7124       1.2193
    7125       1.0860
    7126       1.0791
    7127       1.1118
    7128       1.0566
    7129       1.1266
    7130       0.9907
    7131       1.1075
    7132       1.0955
    7133       1.0693
    7134       1.0738
    7135       1.1978
    7136       1.0769
    7137       1.1517
    7138       1.2372
    7139       1.2245
    7140       1.2741
    7141       1.1313
    7142       1.0817
    7143       1.0546
    7144       1.1037
    7145       1.1092
    7146       1.0653
    7147       1.1901
    7148       1.1255
    7149       1.1523
    7150       1.1907
    7151       1.0818
    7152       1.0706
    7153       0.9419
    7154       1.1169
    7155       1.0619
    7156       1.0954
    7157       1.0442
    7158       1.1516
    7159       1.1831
    7160       1.2840
    7161       1.2944
    7162       1.3219
    7163       1.1909
    7164       1.3131
    7165       1.3079
    7166       1.1597
    7167       1.3156
    7168       1.2935
    7169       1.3708
    7170       1.3709
    7171       1.3165
    7172       1.2124
    7173       1.3276
    7174       1.3556
    7175       1.2769
    7176       1.4111
    7177       1.3080
    7178       1.3018
    7179       1.3255
    7180       1.2437
    7181       1.2477
    7182       1.2581
    7183       1.2108
    7184       1.2076
    7185       1.1750
    7186       1.2621
    7187       1.2266
    7188       1.2537
    7189       1.3533
    7190       1.2505
    7191       1.1469
    7192       1.2744
    7193       1.2030
    7194       1.1535
    7195       1.1522
    7196       1.1459
    7197       1.1459
    7198       1.1704
    7199       1.3373
    7200       1.2693
    7201       1.2882
    7202       1.2458
    7203       1.2255
    7204       1.2271
    7205       1.2540
    7206       1.2822
    7207       1.1452
    7208       1.0834
    7209       1.0563
    7210       1.0178
    7211       1.0241
    7212       1.0742
    7213       1.0098
    7214       1.0195
    7215       1.0269
    7216       1.0071
    7217       1.0964
    7218       1.0199
    7219       1.1287
    7220       1.1395
    7221       1.1152
    7222       1.1242
    7223       1.1424
    7224       1.3188
    7225       1.3476
    7226       1.3562
    7227       1.2598
    7228       1.1497
    7229       1.2133
    7230       1.2234
    7231       1.1559
    7232       1.2795
    7233       1.3630
    7234       1.3603
    7235       1.3851
    7236       1.4239
    7237       1.6336
    7238       1.4913
    7239       1.4708
    7240       1.3073
    7241       1.4173
    7242       1.3583
    7243       1.2613
    7244       1.3474
    7245       1.3664
    7246       1.3836
    7247       1.3859
    7248       1.1825
    7249       1.1388
    7250       1.1264
    7251       1.1008
    7252       1.2424
    7253       1.1724
    7254       1.1845
    7255       1.2092
    7256       1.0981
    7257       1.2030
    7258       1.1321
    7259       1.1157
    7260       1.2447
    7261       1.2526
    7262       1.3126
    7263       1.2183
    7264       1.1892
    7265       1.2181
    7266       1.0823
    7267       1.1627
    7268       0.9752
    7269       0.9502
    7270       1.0137
    7271       1.0240
    7272       1.0386
    7273       1.1931
    7274       1.3273
    7275       1.2859
    7276       1.5098
    7277       1.6083
    7278       1.5356
    7279       1.2949
    7280       1.1900
    7281       1.2340
    7282       1.3712
    7283       1.1269
    7284       1.1857
    7285       1.1465
    7286       1.1089
    7287       1.1969
    7288       1.1526
    7289       1.1920
    7290       1.2972
    7291       1.1752
    7292       1.0956
    7293       1.1858
    7294       1.2196
    7295       1.1628
    7296       1.1846
    7297       1.0830
    7298       1.1272
    7299       1.2566
    7300       1.1502
    7301       1.0898
    7302       1.2016
    7303       1.1669
    7304       1.0067
    7305       1.0177
    7306       0.9798
    7307       1.1772
    7308       1.2812
    7309       1.2201
    7310       1.2103
    7311       1.2826
    7312       1.2278
    7313       1.2288
    7314       1.1642
    7315       1.0935
    7316       1.1481
    7317       1.1640
    7318       1.3459
    7319       1.3612
    7320       1.2906
    7321       1.1163
    7322       1.1471
    7323       1.2242
    7324       1.3120
    7325       1.2654
    7326       1.4013
    7327       1.1376
    7328       1.0833
    7329       1.0460
    7330       1.0799
    7331       1.0376
    7332       1.1068
    7333       1.1200
    7334       1.0125
    7335       1.0316
    7336       1.0221
    7337       1.1070
    7338       0.9196
    7339       0.9796
    7340       0.9368
    7341       1.0536
    7342       1.0469
    7343       1.0863
    7344       1.1439
    7345       1.2322
    7346       1.2624
    7347       1.2812
    7348       1.2512
    7349       1.0463
    7350       1.0720
    7351       1.1472
    7352       1.1189
    7353       1.2884
    7354       1.1844
    7355       1.1681
    7356       1.2259
    7357       1.2811
    7358       1.1155
    7359       1.0810
    7360       1.0546
    7361       1.0840
    7362       1.0607
    7363       1.2786
    7364       1.3139
    7365       1.1652
    7366       1.4567
    7367       1.2585
    7368       1.2786
    7369       1.1784
    7370       1.1564
    7371       1.1286
    7372       1.2568
    7373       1.1587
    7374       1.2915
    7375       1.2365
    7376       1.3488
    7377       1.0502
    7378       1.0762
    7379       1.2398
    7380       1.1967
    7381       1.1893
    7382       0.9663
    7383       1.0862
    7384       1.3444
    7385       1.2336
    7386       1.3066
    7387       1.2740
    7388       1.2742
    7389       1.3016
    7390       1.2788
    7391       1.2193
    7392       1.1433
    7393       1.2505
    7394       1.2714
    7395       1.2015
    7396       1.0341
    7397       1.0966
    7398       1.3318
    7399       1.2029
    7400       1.0817
    7401       1.0903
    7402       1.1140
    7403       1.1406
    7404       1.1133
    7405       1.0085
    7406       0.9672
    7407       1.0945
    7408       0.9691
    7409       1.0766
    7410       1.1288
    7411       1.0662
    7412       1.2366
    7413       1.2805
    7414       1.2170
    7415       1.3131
    7416       1.2740
    7417       1.1571
    7418       1.1966
    7419       1.2472
    7420       1.2544
    7421       1.1599
    7422       1.1773
    7423       1.1247
    7424       1.1134
    7425       1.1772
    7426       1.2585
    7427       1.0305
    7428       0.9932
    7429       1.1226
    7430       1.0548
    7431       1.0486
    7432       0.9686
    7433       0.8801
    7434       1.0828
    7435       1.0554
    7436       0.9809
    7437       0.9284
    7438       1.1001
    7439       1.1403
    7440       1.1160
    7441       0.9684
    7442       1.0517
    7443       1.1218
    7444       1.1628
    7445       1.1713
    7446       1.1744
    7447       1.0109
    7448       1.0866
    7449       0.9747
    7450       1.0357
    7451       1.0896
    7452       0.9679
    7453       0.9777
    7454       1.0164
    7455       1.0917
    7456       1.1308
    7457       1.0762
    7458       1.0919
    7459       0.9635
    7460       1.0368
    7461       0.9251
    7462       0.8757
    7463       0.8621
    7464       1.0123
    7465       0.9646
    7466       0.9200
    7467       1.0245
    7468       1.0159
    7469       1.0432
    7470       1.0227
    7471       0.9447
    7472       0.9605
    7473       0.9196
    7474       0.8982
    7475       0.8737
    7476       0.8327
    7477       0.8898
    7478       0.9162
    7479       0.8416
    7480       0.8626
    7481       0.9518
    7482       0.8855
    7483       0.8289
    7484       0.8907
    7485       0.8957
    7486       0.9261
    7487       1.0417
    7488       0.9400
    7489       0.8838
    7490       0.8361
    7491       0.8594
    7492       0.9400
    7493       0.9008
    7494       0.9281
    7495       0.8395
    7496       0.8355
    7497       0.8758
    7498       0.9011
    7499       0.9623
    7500       0.8899
    7501       0.8312
    7502       0.7602
    7503       0.8075
    7504       0.8541
    7505       0.8680
    7506       0.7881
    7507       0.7966
    7508       0.8111
    7509       0.8462
    7510       0.7810
    7511       0.7168
    7512       0.9374
    7513       0.8679
    7514       0.8297
    7515       0.8965
    7516       0.9749
    7517       1.1312
    7518       1.1194
    7519       1.0099
    7520       1.1436
    7521       1.1009
    7522       1.0092
    7523       1.0339
    7524       1.0727
    7525       1.1445
    7526       1.1559
    7527       1.2418
    7528       1.2036
    7529       1.0120
    7530       1.1853
    7531       1.2238
    7532       1.1621
    7533       1.2001
    7534       1.1207
    7535       1.0199
    7536       0.9829
    7537       1.0487
    7538       1.0689
    7539       1.1025
    7540       1.0393
    7541       1.0849
    7542       1.1021
    7543       1.0835
    7544       1.0571
    7545       0.9033
    7546       0.8721
    7547       0.8715
    7548       0.9753
    7549       0.9648
    7550       0.9330
    7551       1.0598
    7552       1.0352
    7553       0.9428
    7554       1.1140
    7555       0.9748
    7556       0.8557
    7557       0.9245
    7558       0.9098
    7559       1.0574
    7560       1.0564
    7561       1.1927
    7562       1.1181
    7563       1.0316
    7564       1.0331
    7565       1.0888
    7566       1.1302
    7567       1.2406
    7568       1.2265
    7569       1.1375
    7570       1.1678
    7571       1.1564
    7572       1.1975
    7573       1.2569
    7574       1.1622
    7575       0.9335
    7576       1.1181
    7577       1.0341
    7578       1.0713
    7579       1.0848
    7580       1.1632
    7581       1.0321
    7582       0.9597
    7583       1.0472
    7584       1.0002
    7585       1.1156
    7586       0.9741
    7587       1.1652
    7588       1.0868
    7589       1.1411
    7590       1.1263
    7591       1.0500
    7592       1.0346
    7593       1.0176
    7594       0.9883
    7595       1.2268
    7596       1.2143
    7597       1.0823
    7598       1.0305
    7599       1.0252
    7600       1.1050
    7601       1.0744
    7602       0.9365
    7603       0.9745
    7604       0.9080
    7605       0.9811
    7606       0.9565
    7607       1.0102
    7608       1.0330
    7609       1.1287
    7610       1.1192
    7611       1.0491
    7612       1.0194
    7613       0.9481
    7614       0.8504
    7615       0.8999
    7616       1.0419
    7617       1.1091
    7618       0.8959
    7619       0.8648
    7620       0.7660
    7621       0.8930
    7622       0.9300
    7623       1.0410
    7624       0.9913
    7625       1.0136
    7626       0.9761
    7627       1.0316
    7628       0.9263
    7629       0.9952
    7630       0.9801
    7631       1.0297
    7632       1.0204
    7633       0.9199
    7634       0.9420
    7635       0.9573
    7636       0.9429
    7637       0.8701
    7638       0.9521
    7639       0.9518
    7640       0.9767
    7641       0.9262
    7642       1.0362
    7643       0.9519
    7644       0.9543
    7645       0.9637
    7646       0.9408
    7647       1.0194
    7648       0.9002
    7649       0.9232
    7650       1.0256
    7651       1.0369
    7652       0.9521
    7653       0.9437
    7654       0.9347
    7655       0.9785
    7656       1.1156
    7657       1.2042
    7658       1.0215
    7659       0.9428
    7660       0.9479
    7661       0.9320
    7662       0.9745
    7663       1.0367
    7664       0.9859
    7665       0.9498
    7666       0.9492
    7667       0.9026
    7668       0.9158
    7669       0.9913
    7670       0.9498
    7671       1.0551
    7672       0.9545
    7673       0.9489
    7674       0.9380
    7675       0.8369
    7676       0.8437
    7677       0.8630
    7678       0.9109
    7679       0.8420
    7680       0.9021
    7681       1.0299
    7682       1.0451
    7683       0.9962
    7684       0.7845
    7685       0.8083
    7686       0.8206
    7687       0.8338
    7688       0.8011
    7689       0.7667
    7690       0.8903
    7691       0.8219
    7692       0.7827
    7693       0.9587
    7694       0.9077
    7695       0.8611
    7696       0.7438
    7697       0.8042
    7698       0.8595
    7699       0.9193
    7700       0.9015
    7701       0.9023
    7702       0.8982
    7703       0.8525
    7704       0.8522
    7705       0.8672
    7706       0.8614
    7707       0.8769
    7708       0.8791
    7709       0.9176
    7710       0.9752
    7711       0.8176
    7712       0.7690
    7713       0.9236
    7714       0.9220
    7715       0.9477
    7716       0.9543
    7717       0.8788
    7718       0.8371
    7719       0.9097
    7720       0.9156
    7721       1.0102
    7722       1.0266
    7723       1.1302
    7724       0.9420
    7725       0.9239
    7726       0.9616
    7727       0.9679
    7728       1.0574
    7729       1.0841
    7730       1.0467
    7731       1.0199
    7732       0.8508
    7733       0.8201
    7734       0.8591
    7735       0.9664
    7736       0.9672
    7737       0.8817
    7738       0.8990
    7739       0.7995
    7740       0.8355
    7741       0.8739
    7742       0.9656
    7743       0.8861
    7744       0.8455
    7745       0.8307
    7746       0.8228
    7747       0.7556
    7748       0.8594
    7749       0.8536
    7750       0.9288
    7751       0.9180
    7752       0.9965
    7753       1.0372
    7754       0.8340
    7755       0.8936
    7756       0.8258
    7757       0.9832
    7758       1.0024
    7759       0.9668
    7760       0.9520
    7761       1.0088
    7762       0.9870
    7763       0.9632
    7764       0.8815
    7765       0.8328
    7766       0.8877
    7767       0.9298
    7768       0.8312
    7769       0.8304
    7770       0.9849
    7771       1.0003
    7772       0.8933
    7773       1.0348
    7774       0.9993
    7775       0.9610
    7776       0.8580
    7777       0.7701
    7778       0.7438
    7779       0.8239
    7780       0.8749
    7781       0.8737
    7782       0.9435
    7783       0.9933
    7784       1.1578
    7785       1.0377
    7786       1.0112
    7787       1.0074
    7788       1.1726
    7789       1.1226
    7790       0.9611
    7791       1.0475
    7792       0.9651
    7793       0.8868
    7794       0.9472
    7795       0.8843
    7796       0.8782
    7797       0.8786
    7798       0.9097
    7799       0.8518
    7800       0.8672
    7801       0.8710
    7802       0.8185
    7803       0.8125
    7804       0.9602
    7805       0.9796
    7806       1.0050
    7807       0.9142
    7808       1.0043
    7809       0.8758
    7810       0.8929
    7811       0.9114
    7812       0.8657
    7813       0.8579
    7814       0.7904
    7815       0.9489
    7816       0.9176
    7817       0.8478
    7818       0.8668
    7819       0.9067
    7820       0.8722
    7821       0.7846
    7822       0.8130
    7823       0.8109
    7824       0.8026
    7825       0.9353
    7826       0.8648
    7827       0.9013
    7828       0.8621
    7829       0.8313
    7830       0.9562
    7831       0.8601
    7832       1.0373
    7833       1.0253
    7834       0.9057
    7835       1.0323
    7836       0.9082
    7837       0.9470
    7838       0.9799
    7839       1.0034
    7840       1.0081
    7841       0.9307
    7842       0.9094
    7843       0.9114
    7844       0.8921
    7845       0.8901
    7846       0.8824
    7847       0.9000
    7848       0.9598
    7849       0.8369
    7850       0.8646
    7851       0.8565
    7852       0.8613
    7853       0.8811
    7854       1.0060
    7855       0.9775
    7856       0.9619
    7857       1.1011
    7858       0.9728
    7859       0.9350
    7860       0.9490
    7861       0.9347
    7862       0.9971
    7863       1.0099
    7864       0.8748
    7865       0.9883
    7866       0.9949
    7867       0.9547
    7868       1.0825
    7869       1.0190
    7870       0.9379
    7871       1.0615
    7872       0.9707
    7873       1.0146
    7874       0.9743
    7875       0.9888
    7876       0.8161
    7877       0.9423
    7878       0.9553
    7879       0.8134
    7880       0.7664
    7881       0.8536
    7882       0.7901
    7883       0.8332
    7884       0.8977
    7885       0.9169
    7886       0.9314
    7887       0.9296
    7888       1.0618
    7889       1.0072
    7890       0.9447
    7891       0.9161
    7892       0.9171
    7893       0.8131
    7894       0.8672
    7895       0.9039
    7896       0.8375
    7897       0.9086
    7898       0.8479
    7899       0.9962
    7900       0.9552
    7901       1.0478
    7902       0.9348
    7903       0.9601
    7904       0.8094
    7905       0.8789
    7906       0.9268
    7907       0.8952
    7908       1.0247
    7909       0.8726
    7910       0.8707
    7911       0.8553
    7912       0.9265
    7913       0.8709
    7914       0.9337
    7915       0.9266
    7916       0.8539
    7917       0.8700
    7918       0.9817
    7919       0.9832
    7920       0.9851
    7921       1.1267
    7922       0.9994
    7923       0.9335
    7924       1.0166
    7925       0.9490
    7926       0.9823
    7927       1.0473
    7928       0.9921
    7929       0.9138
    7930       1.0174
    7931       1.0101
    7932       1.0281
    7933       0.9397
    7934       1.0008
    7935       0.9539
    7936       0.9600
    7937       1.0222
    7938       1.0702
    7939       1.0855
    7940       1.1563
    7941       1.0442
    7942       1.0763
    7943       1.1322
    7944       1.0840
    7945       1.1197
    7946       1.1855
    7947       0.9931
    7948       1.1234
    7949       0.8997
    7950       1.0490
    7951       1.0775
    7952       1.0875
    7953       1.1513
    7954       1.0067
    7955       1.0701
    7956       0.9352
    7957       0.9852
    7958       0.9547
    7959       1.0410
    7960       1.0132
    7961       0.9314
    7962       0.9620
    7963       1.0293
    7964       1.0096
    7965       1.0253
    7966       1.0647
    7967       0.8894
    7968       1.0612
    7969       1.0087
    7970       0.9971
    7971       0.9970
    7972       0.9602
    7973       1.0011
    7974       0.8640
    7975       0.9400
    7976       0.9390
    7977       0.9119
    7978       0.9483
    7979       0.9490
    7980       0.8721
    7981       1.0485
    7982       0.9974
    7983       1.0086
    7984       0.8902
    7985       0.9150
    7986       0.9797
    7987       0.9367
    7988       0.9897
    7989       1.0075
    7990       0.9786
    7991       1.0246
    7992       0.9054
    7993       1.0295
    7994       0.9774
    7995       1.0074
    7996       1.0753
    7997       1.2029
    7998       1.0264
    7999       1.1058
    8000       1.1142
    8001       1.1728
    8002       1.0847
    8003       1.0781
    8004       1.0936
    8005       1.0317
    8006       1.0052
    8007       1.1115
    8008       1.1164
    8009       0.9356
    8010       1.0708
    8011       0.9983
    8012       0.9561
    8013       0.9945
    8014       0.9846
    8015       1.0614
    8016       1.1218
    8017       1.0761
    8018       0.9545
    8019       1.0743
    8020       1.0058
    8021       1.0639
    8022       1.1263
    8023       1.1623
    8024       1.0065
    8025       0.9780
    8026       0.8544
    8027       0.9564
    8028       0.8657
    8029       0.9394
    8030       1.1080
    8031       1.0928
    8032       1.2198
    8033       1.3920
    8034       1.2931
    8035       1.3393
    8036       1.1678
    8037       1.1161
    8038       1.2148
    8039       1.0853
    8040       1.3621
    8041       1.3470
    8042       1.3746
    8043       1.2593
    8044       1.2173
    8045       1.3066
    8046       1.2776
    8047       1.1832
    8048       1.1463
    8049       1.0524
    8050       1.0635
    8051       1.0925
    8052       1.1792
    8053       1.1234
    8054       1.0744
    8055       1.1198
    8056       1.1412
    8057       1.0219
    8058       1.1144
    8059       1.0647
    8060       1.0636
    8061       0.9741
    8062       0.9090
    8063       0.9912
    8064       0.9757
    8065       1.0428
    8066       1.1051
    8067       1.0162
    8068       1.0053
    8069       1.0307
    8070       1.0646
    8071       1.0478
    8072       1.0406
    8073       0.9504
    8074       1.0047
    8075       1.0180
    8076       0.9474
    8077       0.8996
    8078       0.8867
    8079       0.9724
    8080       0.9462
    8081       0.9844
    8082       0.9386
    8083       0.9832
    8084       0.9221
    8085       0.8443
    8086       0.9404
    8087       0.8611
    8088       1.0151
    8089       0.8912
    8090       0.8608
    8091       0.8718
    8092       0.8394
    8093       1.0004
    8094       0.9883
    8095       1.0376
    8096       1.0742
    8097       0.9503
    8098       1.0150
    8099       1.1474
    8100       1.1520
    8101       1.0596
    8102       1.1742
    8103       1.1449
    8104       1.1786
    8105       1.3086
    8106       1.1728
    8107       1.0093
    8108       1.1068
    8109       0.9914
    8110       0.9851
    8111       0.9451
    8112       1.1019
    8113       1.1216
    8114       1.0002
    8115       0.9143
    8116       1.0524
    8117       1.0416
    8118       1.1222
    8119       1.0913
    8120       1.0259
    8121       1.0837
    8122       1.2078
    8123       1.1656
    8124       1.0747
    8125       1.0755
    8126       1.0507
    8127       1.1655
    8128       1.1377
    8129       0.9349
    8130       0.9716
    8131       0.9653
    8132       1.0777
    8133       1.0383
    8134       1.0660
    8135       1.0073
    8136       1.0489
    8137       0.9949
    8138       1.0417
    8139       0.9434
    8140       0.9474
    8141       0.9683
    8142       1.0397
    8143       1.0876
    8144       0.9437
    8145       1.0290
    8146       0.9447
    8147       1.0239
    8148       0.9737
    8149       0.9136
    8150       0.8750
    8151       0.8914
    8152       0.9363
    8153       0.9223
    8154       0.9417
    8155       1.0146
    8156       0.9220
    8157       0.9312
    8158       0.9596
    8159       1.0609
    8160       0.9850
    8161       1.0845
    8162       1.0404
    8163       0.9760
    8164       1.0286
    8165       1.0376
    8166       1.0350
    8167       1.0989
    8168       1.1148
    8169       1.1923
    8170       1.1943
    8171       1.1194
    8172       1.1678
    8173       1.1620
    8174       1.1632
    8175       1.2131
    8176       1.1672
    8177       1.1338
    8178       1.0400
    8179       1.1268
    8180       1.1758
    8181       1.0798
    8182       1.1290
    8183       1.0878
    8184       1.0230
    8185       1.1134
    8186       1.0873
    8187       1.1704
    8188       1.0549
    8189       1.1158
    8190       1.0010
    8191       1.0063
    8192       1.0510
    8193       1.0445
    8194       1.0583
    8195       1.0847
    8196       1.1028
    8197       1.0862
    8198       1.0245
    8199       1.1078
    8200       1.1372
    8201       1.0616
    8202       1.0019
    8203       1.0696
    8204       1.0415
    8205       0.9897
    8206       1.1278
    8207       1.1133
    8208       1.0837
    8209       1.2040
    8210       1.2938
    8211       1.2609
    8212       1.2796
    8213       1.1149
    8214       1.1779
    8215       1.1421
    8216       1.1297
    8217       1.2267
    8218       1.3643
    8219       1.1516
    8220       1.1425
    8221       1.1088
    8222       1.2079
    8223       1.2040
    8224       1.3061
    8225       1.2800
    8226       1.2636
    8227       1.1944
    8228       1.2803
    8229       1.1770
    8230       1.1671
    8231       1.2045
    8232       1.1441
    8233       1.1510
    8234       1.1776
    8235       1.0148
    8236       1.0161
    8237       1.0446
    8238       1.0918
    8239       1.0350
    8240       1.0750
    8241       1.0562
    8242       0.9900
    8243       0.8475
    8244       0.8371
    8245       0.8570
    8246       0.8923
    8247       1.0053
    8248       1.1062
    8249       0.9840
    8250       1.0827
    8251       1.1208
    8252       1.0667
    8253       1.0318
    8254       1.0063
    8255       1.0243
    8256       0.8843
    8257       0.9449
    8258       0.7884
    8259       1.0322
    8260       1.0378
    8261       0.9529
    8262       0.8810
    8263       0.8661
    8264       0.9454
    8265       1.0914
    8266       1.0605
    8267       1.1736
    8268       1.0967
    8269       1.0487
    8270       1.0174
    8271       0.9506
    8272       1.0442
    8273       1.0578
    8274       1.0236
    8275       1.0118
    8276       1.0449
    8277       0.9631
    8278       1.0521
    8279       0.9076
    8280       0.9951
    8281       1.1098
    8282       1.1296
    8283       0.9021
    8284       1.0589
    8285       0.8866
    8286       0.9209
    8287       0.8735
    8288       0.9398
    8289       0.9337
    8290       0.9119
    8291       0.9169
    8292       0.9006
    8293       0.9137
    8294       0.9554
    8295       0.9053
    8296       0.9096
    8297       0.8811
    8298       0.9971
    8299       0.9967
    8300       1.0841
    8301       1.2135
    8302       1.1548
    8303       1.1740
    8304       0.9044
    8305       0.8903
    8306       0.8862
    8307       0.9604
    8308       0.8588
    8309       0.8087
    8310       0.8057
    8311       0.9606
    8312       0.8190
    8313       0.8276
    8314       0.8235
    8315       0.8378
    8316       0.8486
    8317       0.8756
    8318       0.9338
    8319       0.9127
    8320       1.0372
    8321       1.0631
    8322       1.0710
    8323       1.0633
    8324       1.0103
    8325       0.9161
    8326       1.0190
    8327       1.1207
    8328       0.9982
    8329       0.9509
    8330       0.9616
    8331       1.0668
    8332       1.0106
    8333       1.0802
    8334       1.1761
    8335       1.1571
    8336       1.0315
    8337       0.9372
    8338       0.9253
    8339       1.0352
    8340       1.0150
    8341       0.8787
    8342       0.8438
    8343       0.8456
    8344       0.9402
    8345       1.0340
    8346       0.9253
    8347       0.8668
    8348       0.9926
    8349       0.8913
    8350       0.8880
    8351       1.1874
    8352       1.0437
    8353       1.1505
    8354       1.1926
    8355       1.1908
    8356       1.2983
    8357       1.2576
    8358       1.2767
    8359       1.2921
    8360       1.3130
    8361       1.2294
    8362       1.1941
    8363       1.2233
    8364       1.1853
    8365       1.1427
    8366       1.0888
    8367       1.1087
    8368       1.1032
    8369       1.0766
    8370       1.0212
    8371       1.0755
    8372       1.0411
    8373       1.1987
    8374       1.0763
    8375       1.0887
    8376       1.1427
    8377       1.1042
    8378       1.0727
    8379       1.1343
    8380       1.0848
    8381       1.1519
    8382       1.1799
    8383       0.9936
    8384       1.0923
    8385       1.1490
    8386       0.9950
    8387       0.9293
    8388       0.8606
    8389       0.8719
    8390       0.9458
    8391       1.0625
    8392       1.1640
    8393       1.1112
    8394       1.0279
    8395       0.9421
    8396       1.0226
    8397       0.9483
    8398       0.9606
    8399       1.0095
    8400       1.0915
    8401       1.1379
    8402       0.9771
    8403       1.0299
    8404       0.9673
    8405       0.9730
    8406       0.9148
    8407       1.0085
    8408       0.9939
    8409       0.9585
    8410       1.0879
    8411       1.2679
    8412       1.3466
    8413       1.1051
    8414       1.1355
    8415       1.2073
    8416       1.2179
    8417       1.2103
    8418       1.1464
    8419       1.1538
    8420       1.2746
    8421       1.2815
    8422       1.2799
    8423       1.1391
    8424       1.2447
    8425       1.1985
    8426       1.1357
    8427       1.1756
    8428       1.2914
    8429       1.1562
    8430       1.1880
    8431       1.1702
    8432       1.1805
    8433       1.2172
    8434       1.0336
    8435       1.0876
    8436       1.1677
    8437       1.1233
    8438       1.0689
    8439       1.0788
    8440       1.0753
    8441       1.1800
    8442       1.1183
    8443       1.1264
    8444       1.1907
    8445       1.1710
    8446       1.0855
    8447       1.0213
    8448       0.9925
    8449       0.9508
    8450       1.0873
    8451       1.0056
    8452       1.0298
    8453       1.0473
    8454       1.1165
    8455       1.0755
    8456       1.0564
    8457       1.0158
    8458       0.8679
    8459       0.8794
    8460       0.9573
    8461       0.8849
    8462       1.1004
    8463       1.0092
    8464       1.0445
    8465       0.8975
    8466       1.0128
    8467       0.9727
    8468       1.0057
    8469       1.0528
    8470       1.0168
    8471       1.1461
    8472       1.1477
    8473       1.1036
    8474       1.2358
    8475       1.1552
    8476       1.1756
    8477       1.1112
    8478       1.2021
    8479       1.2149
    8480       1.1938
    8481       1.0008
    8482       1.0840
    8483       1.1603
    8484       1.1638
    8485       1.0294
    8486       0.9990
    8487       1.1221
    8488       1.2313
    8489       1.1171
    8490       1.1699
    8491       1.1587
    8492       1.1792
    8493       1.1185
    8494       1.0979
    8495       1.1943
    8496       1.2707
    8497       1.0528
    8498       1.0883
    8499       1.1182
    8500       1.0313
    8501       0.9492
    8502       1.0785
    8503       1.0296
    8504       1.0544
    8505       1.1502
    8506       1.0545
    8507       1.0720
    8508       1.0974
    8509       1.0442
    8510       1.0270
    8511       0.9843
    8512       0.8827
    8513       0.9363
    8514       0.8895
    8515       0.9224
    8516       0.9269
    8517       0.8586
    8518       0.9124
    8519       0.9022
    8520       0.9848
    8521       1.0096
    8522       0.9957
    8523       1.0221
    8524       1.0534
    8525       0.8935
    8526       1.0649
    8527       1.0815
    8528       1.0313
    8529       0.9845
    8530       0.9826
    8531       1.1204
    8532       1.0574
    8533       1.0350
    8534       1.1659
    8535       0.9705
    8536       0.9801
    8537       0.9198
    8538       1.0090
    8539       0.9131
    8540       0.9516
    8541       0.8445
    8542       0.8308
    8543       0.8581
    8544       0.9073
    8545       0.9409
    8546       1.0082
    8547       1.0148
    8548       1.0275
    8549       0.8443
    8550       0.8945
    8551       0.9232
    8552       0.8832
    8553       0.9086
    8554       0.9288
    8555       1.1125
    8556       1.1176
    8557       0.9831
    8558       1.0485
    8559       1.0231
    8560       1.1155
    8561       1.0875
    8562       1.0270
    8563       0.9913
    8564       0.9259
    8565       0.9771
    8566       0.9897
    8567       0.9546
    8568       0.9480
    8569       1.0070
    8570       1.0600
    8571       0.9480
    8572       0.9502
    8573       0.9238
    8574       0.8685
    8575       0.9832
    8576       1.0660
    8577       0.9893
    8578       0.9800
    8579       1.0228
    8580       0.9611
    8581       0.9647
    8582       0.8672
    8583       0.8725
    8584       0.9635
    8585       0.8872
    8586       0.8577
    8587       0.8502
    8588       0.8994
    8589       0.9772
    8590       1.0697
    8591       1.0472
    8592       0.8810
    8593       0.9162
    8594       0.9298
    8595       0.9840
    8596       1.0164
    8597       1.0859
    8598       0.9907
    8599       0.8887
    8600       0.8795
    8601       0.8504
    8602       0.9855
    8603       0.8960
    8604       0.9710
    8605       1.0118
    8606       0.9436
    8607       0.9737
    8608       0.9758
    8609       1.0287
    8610       1.0167
    8611       1.1211
    8612       1.1224
    8613       1.0814
    8614       0.9603
    8615       1.0384
    8616       1.0381
    8617       1.0952
    8618       1.0043
    8619       0.9339
    8620       0.9741
    8621       0.9885
    8622       1.0773
    8623       0.9591
    8624       1.0735
    8625       1.1219
    8626       1.0704
    8627       1.1112
    8628       1.0735
    8629       0.9541
    8630       0.9567
    8631       1.0257
    8632       0.9357
    8633       0.8181
    8634       0.7930
    8635       0.8865
    8636       0.7677
    8637       0.7737
    8638       0.9059
    8639       0.9933
    8640       0.9080
    8641       0.8946
    8642       0.8739
    8643       1.0019
    8644       1.0078
    8645       0.9938
    8646       1.0961
    8647       0.9300
    8648       0.9655
    8649       0.8987
    8650       0.9043
    8651       0.8649
    8652       0.7862
    8653       0.7610
    8654       0.8852
    8655       0.9278
    8656       0.9648
    8657       0.9714
    8658       0.9320
    8659       0.8889
    8660       0.9403
    8661       0.9584
    8662       0.9188
    8663       0.9357
    8664       1.0180
    8665       1.0812
    8666       1.0437
    8667       1.0746
    8668       1.1051
    8669       1.0803
    8670       1.2309
    8671       1.0983
    8672       1.3475
    8673       1.2720
    8674       1.1374
    8675       1.1436
    8676       1.0099
    8677       1.0024
    8678       1.0174
    8679       1.0709
    8680       1.1083
    8681       1.0454
    8682       1.0599
    8683       1.1343
    8684       1.2041
    8685       1.3084
    8686       1.2149
    8687       1.1797
    8688       1.0844
    8689       1.1918
    8690       1.0901
    8691       1.0714
    8692       1.0038
    8693       1.0678
    8694       1.2545
    8695       1.2220
    8696       1.2518
    8697       1.2509
    8698       1.0957
    8699       0.9882
    8700       0.9786
    8701       0.9071
    8702       0.8927
    8703       0.8113
    8704       0.8014
    8705       0.8128
    8706       0.9160
    8707       0.8823
    8708       0.9900
    8709       0.9662
    8710       0.9911
    8711       1.1599
    8712       1.2010
    8713       1.0787
    8714       1.0828
    8715       1.1952
    8716       1.0723
    8717       1.0341
    8718       1.1233
    8719       1.1058
    8720       1.0389
    8721       1.1484
    8722       1.0676
    8723       0.9638
    8724       0.9651
    8725       1.0745
    8726       0.8549
    8727       0.9336
    8728       0.8758
    8729       1.0137
    8730       0.9734
    8731       0.9766
    8732       0.9786
    8733       0.8938
    8734       0.9908
    8735       0.8250
    8736       0.8337
    8737       0.7615
    8738       0.8428
    8739       0.9105
    8740       0.9668
    8741       0.9740
    8742       1.0486
    8743       0.9811
    8744       1.0079
    8745       0.9248
    8746       1.0678
    8747       1.0685
    8748       1.1146
    8749       1.1105
    8750       1.1097
    8751       0.9878
    8752       0.9769
    8753       0.9587
    8754       0.9955
    8755       0.9914
    8756       0.8918
    8757       0.8550
    8758       0.8666
    8759       0.8215
    8760       0.7981
    8761       0.8978
    8762       0.9853
    8763       0.8975
    8764       0.8710
    8765       0.8086
    8766       0.8171
    8767       0.8573
    8768       0.7923
    8769       0.8210
    8770       0.8286
    8771       0.8001
    8772       0.8781
    8773       0.8900
    8774       0.9438
    8775       0.9330
    8776       0.9885
    8777       1.0133
    8778       1.0480
    8779       1.0055
    8780       1.0012
    8781       0.7899
    8782       0.9134
    8783       0.9563
    8784       1.0055
    8785       0.8817
    8786       0.9621
    8787       1.0418
    8788       0.8928
    8789       0.8424
    8790       0.8867
    8791       0.8857
    8792       0.9484
    8793       0.9596
    8794       1.0428
    8795       1.0398
    8796       1.0280
    8797       1.1378
    8798       1.1023
    8799       1.1026
    8800       1.1689
    8801       1.1150
    8802       1.0687
    8803       1.1071
    8804       1.1285
    8805       1.1715
    8806       1.1249
    8807       1.0758
    8808       1.0943
    8809       1.1891
    8810       1.0970
    8811       1.1316
    8812       1.1425
    8813       1.1427
    8814       1.1785
    8815       1.2040
    8816       1.1804
    8817       1.0992
    8818       1.1432
    8819       1.1641
    8820       1.2331
    8821       1.2645
    8822       1.2393
    8823       1.2950
    8824       1.1849
    8825       1.1662
    8826       1.0638
    8827       1.1216
    8828       1.0841
    8829       1.1515
    8830       1.2148
    8831       1.1204
    8832       1.1723
    8833       1.2236
    8834       1.2472
    8835       1.2278
    8836       1.1093
    8837       1.0937
    8838       1.1200
    8839       1.1505
    8840       1.1791
    8841       1.1540
    8842       1.2604
    8843       1.1430
    8844       1.1088
    8845       1.1477
    8846       1.0422
    8847       1.0298
    8848       1.1137
    8849       1.1042
    8850       1.0421
    8851       1.1131
    8852       1.0939
    8853       1.0676
    8854       1.1046
    8855       1.0808
    8856       1.0834
    8857       1.0459
    8858       1.0232
    8859       1.0814
    8860       1.1033
    8861       1.0832
    8862       1.0723
    8863       1.0685
    8864       1.0595
    8865       1.0453
    8866       1.1412
    8867       1.0366
    8868       1.0511
    8869       1.0472
    8870       1.1433
    8871       1.1008
    8872       1.2724
    8873       1.1275
    8874       1.1109
    8875       1.1367
    8876       1.1174
    8877       1.1078
    8878       1.1817
    8879       1.0731
    8880       1.0462
    8881       1.0804
    8882       1.1088
    8883       1.0377
    8884       1.1748
    8885       1.1062
    8886       1.1573
    8887       1.2108
    8888       1.1657
    8889       1.1929
    8890       1.1188
    8891       1.0948
    8892       1.1442
    8893       0.9823
    8894       1.0442
    8895       1.0213
    8896       1.0183
    8897       1.0838
    8898       1.0537
    8899       1.1501
    8900       1.1412
    8901       1.2826
    8902       1.2435
    8903       1.2169
    8904       1.2449
    8905       1.2712
    8906       1.2907
    8907       1.2572
    8908       1.1341
    8909       1.2680
    8910       1.3478
    8911       1.4162
    8912       1.2620
    8913       1.2572
    8914       1.1848
    8915       1.2303
    8916       1.1736
    8917       1.2161
    8918       1.2202
    8919       1.1923
    8920       1.2732
    8921       1.2163
    8922       1.3275
    8923       1.3581
    8924       1.2556
    8925       1.3353
    8926       1.4449
    8927       1.2535
    8928       1.1917
    8929       1.1927
    8930       1.1777
    8931       1.1378
    8932       1.2356
    8933       1.2315
    8934       1.2257
    8935       1.2456
    8936       1.1414
    8937       1.1990
    8938       1.1587
    8939       1.2460
    8940       1.2258
    8941       1.1291
    8942       1.1803
    8943       1.1853
    8944       1.1649
    8945       1.0944
    8946       1.0752
    8947       1.1720
    8948       1.0857
    8949       1.1341
    8950       1.1802
    8951       1.2296
    8952       1.1998
    8953       1.1526
    8954       1.1287
    8955       1.1156
    8956       1.1384
    8957       1.1861
    8958       1.1282
    8959       1.1757
    8960       1.2150
    8961       1.0925
    8962       1.2297
    8963       1.1587
    8964       1.2014
    8965       1.1468
    8966       1.1054
    8967       1.2298
    8968       1.1485
    8969       1.2037
    8970       1.1659
    8971       1.1635
    8972       1.1815
    8973       1.1582
    8974       1.1509
    8975       1.1511
    8976       1.1205
    8977       1.1229
    8978       1.2036
    8979       1.1448
    8980       1.1506
    8981       1.2785
    8982       1.1063
    8983       1.1666
    8984       1.1417
    8985       1.0913
    8986       1.0853
    8987       1.1198
    8988       1.0761
    8989       1.0787
    8990       1.0752
    8991       1.0537
    8992       1.0892
    8993       1.0771
    8994       1.1281
    8995       1.1411
    8996       1.1067
    8997       1.1049
    8998       1.1414
    8999       1.0686
    9000       1.0837
    9001       1.1310
    9002       1.1240
    9003       1.1324
    9004       1.1785
    9005       1.2011
    9006       1.1575
    9007       1.1581
    9008       1.0768
    9009       1.0435
    9010       1.0195
    9011       1.1616
    9012       1.1155
    9013       1.1797
    9014       1.2221
    9015       1.1919
    9016       1.1793
    9017       1.1956
    9018       1.1752
    9019       1.1309
    9020       1.2541
    9021       1.2329
    9022       1.1042
    9023       1.1850
    9024       1.1417
    9025       1.2420
    9026       1.1763
    9027       1.0756
    9028       1.1551
    9029       1.1772
    9030       1.0749
    9031       1.1274
    9032       1.0784
    9033       1.0533
    9034       1.1269
    9035       1.0827
    9036       1.0532
    9037       1.0632
    9038       1.1209
    9039       1.2131
    9040       1.1794
    9041       1.0955
    9042       1.1937
    9043       1.2261
    9044       1.1457
    9045       1.2254
    9046       1.1265
    9047       1.2445
    9048       1.2760
    9049       1.2336
    9050       1.1417
    9051       1.2140
    9052       1.1377
    9053       1.0988
    9054       1.1431
    9055       1.1344
    9056       1.1159
    9057       1.2018
    9058       1.0686
    9059       1.1220
    9060       1.0730
    9061       1.1010
    9062       1.0462
    9063       1.0758
    9064       1.0763
    9065       1.0397
    9066       1.0959
    9067       1.0697
    9068       1.2260
    9069       1.2049
    9070       1.1424
    9071       1.0723
    9072       1.0194
    9073       1.1086
    9074       0.9795
    9075       1.1001
    9076       1.0720
    9077       1.0435
    9078       1.1451
    9079       1.1323
    9080       1.2245
    9081       1.1944
    9082       1.1709
    9083       1.1164
    9084       1.1306
    9085       1.1356
    9086       1.1649
    9087       1.0479
    9088       1.0996
    9089       1.1196
    9090       0.9994
    9091       1.0207
    9092       1.0021
    9093       1.1247
    9094       1.0944
    9095       1.1182
    9096       1.0697
    9097       1.0532
    9098       1.0761
    9099       1.1025
    9100       1.1454
    9101       1.0770
    9102       1.1142
    9103       1.0903
    9104       1.1962
    9105       1.2015
    9106       1.1910
    9107       1.2085
    9108       1.2715
    9109       1.2175
    9110       1.2210
    9111       1.1896
    9112       1.2021
    9113       1.3156
    9114       1.2335
    9115       1.2153
    9116       1.2044
    9117       1.1384
    9118       1.0984
    9119       1.1510
    9120       1.0765
    9121       1.0820
    9122       1.0807
    9123       1.2078
    9124       1.1038
    9125       1.1967
    9126       1.1394
    9127       1.1541
    9128       1.2139
    9129       1.1191
    9130       1.2515
    9131       1.2762
    9132       1.2355
    9133       1.1726
    9134       1.1907
    9135       1.0608
    9136       1.0514
    9137       1.0481
    9138       1.2135
    9139       1.2278
    9140       1.1040
    9141       1.2288
    9142       1.1693
    9143       1.1556
    9144       1.1955
    9145       1.2690
    9146       1.1342
    9147       1.1982
    9148       1.2126
    9149       1.2642
    9150       1.2003
    9151       1.1839
    9152       1.1306
    9153       1.1917
    9154       1.1937
    9155       1.2076
    9156       1.1186
    9157       1.1761
    9158       1.1563
    9159       1.1535
    9160       1.2214
    9161       1.2621
    9162       1.2934
    9163       1.1632
    9164       1.1808
    9165       1.1467
    9166       1.2421
    9167       1.1996
    9168       1.2669
    9169       1.2995
    9170       1.2578
    9171       1.3043
    9172       1.2342
    9173       1.1794
    9174       1.2585
    9175       1.2784
    9176       1.2119
    9177       1.2959
    9178       1.2634
    9179       1.2726
    9180       1.2960
    9181       1.1908
    9182       1.1654
    9183       1.2148
    9184       1.2003
    9185       1.2105
    9186       1.1648
    9187       1.0510
    9188       0.9949
    9189       1.0882
    9190       1.1654
    9191       1.1393
    9192       1.1373
    9193       1.1748
    9194       1.2137
    9195       1.3126
    9196       1.2372
    9197       1.4053
    9198       1.2785
    9199       1.2964
    9200       1.3114
    9201       1.3063
    9202       1.2711
    9203       1.3192
    9204       1.2546
    9205       1.2781
    9206       1.4021
    9207       1.1923
    9208       1.2523
    9209       1.1845
    9210       1.0634
    9211       1.0983
    9212       1.2462
    9213       1.3648
    9214       1.3506
    9215       1.3096
    9216       1.3417
    9217       1.3242
    9218       1.3451
    9219       1.2764
    9220       1.5230
    9221       1.3274
    9222       1.2902
    9223       1.1276
    9224       1.3092
    9225       1.3176
    9226       1.2697
    9227       1.3026
    9228       1.2431
    9229       1.2387
    9230       1.2484
    9231       1.1783
    9232       1.2308
    9233       1.2478
    9234       1.3340
    9235       1.2843
    9236       1.3358
    9237       1.2877
    9238       1.1920
    9239       1.3299
    9240       1.3196
    9241       1.3810
    9242       1.3185
    9243       1.3323
    9244       1.2234
    9245       1.2076
    9246       1.3116
    9247       1.1818
    9248       1.2288
    9249       1.1323
    9250       1.1120
    9251       1.1447
    9252       1.0751
    9253       1.1187
    9254       1.0456
    9255       1.1112
    9256       1.1226
    9257       1.0887
    9258       1.0954
    9259       1.1371
    9260       1.1895
    9261       1.1730
    9262       1.2666
    9263       1.2190
    9264       1.3600
    9265       1.3722
    9266       1.4280
    9267       1.3042
    9268       1.2634
    9269       1.2700
    9270       1.2946
    9271       1.1920
    9272       1.2643
    9273       1.3615
    9274       1.4503
    9275       1.3152
    9276       1.2987
    9277       1.4671
    9278       1.2689
    9279       1.2777
    9280       1.2927
    9281       1.2812
    9282       1.1520
    9283       1.1804
    9284       1.1781
    9285       1.1338
    9286       1.1004
    9287       1.2137
    9288       1.1310
    9289       1.2500
    9290       1.1514
    9291       1.1111
    9292       1.2128
    9293       1.1662
    9294       1.2082
    9295       1.2915
    9296       1.2776
    9297       1.2221
    9298       1.2328
    9299       1.2908
    9300       1.2357
    9301       1.2214
    9302       1.2245
    9303       1.1783
    9304       1.1994
    9305       1.1784
    9306       1.1989
    9307       1.2867
    9308       1.2477
    9309       1.1765
    9310       1.1247
    9311       1.2312
    9312       1.1334
    9313       1.1887
    9314       1.2109
    9315       1.1439
    9316       1.1792
    9317       1.1364
    9318       1.1243
    9319       1.1885
    9320       1.2476
    9321       1.2740
    9322       1.2219
    9323       1.1946
    9324       1.1558
    9325       1.1623
    9326       1.2894
    9327       1.3238
    9328       1.1551
    9329       1.2243
    9330       1.2010
    9331       1.2001
    9332       1.1148
    9333       1.2395
    9334       1.2999
    9335       1.4047
    9336       1.3300
    9337       1.4240
    9338       1.4101
    9339       1.3555
    9340       1.2712
    9341       1.2317
    9342       1.2865
    9343       1.3242
    9344       1.3857
    9345       1.2626
    9346       1.2397
    9347       1.1887
    9348       1.1438
    9349       1.1849
    9350       1.1245
    9351       1.1584
    9352       1.2180
    9353       1.1813
    9354       1.1806
    9355       1.1864
    9356       1.2405
    9357       1.1921
    9358       1.1300
    9359       1.2743
    9360       1.2216
    9361       1.1892
    9362       1.0868
    9363       1.1893
    9364       1.2491
    9365       1.1307
    9366       1.1528
    9367       1.2230
    9368       1.2415
    9369       1.2466
    9370       1.3094
    9371       1.3125
    9372       1.2852
    9373       1.3298
    9374       1.3748
    9375       1.3496
    9376       1.2756
    9377       1.3302
    9378       1.2311
    9379       1.2526
    9380       1.1640
    9381       1.1292
    9382       1.1217
    9383       1.0864
    9384       1.0369
    9385       1.0769
    9386       1.0467
    9387       1.1157
    9388       0.9844
    9389       1.0041
    9390       1.2192
    9391       1.1726
    9392       1.1382
    9393       1.0571
    9394       1.1086
    9395       1.0199
    9396       1.1997
    9397       1.1617
    9398       1.1347
    9399       1.1932
    9400       1.1710
    9401       1.2895
    9402       1.1979
    9403       1.2525
    9404       1.2406
    9405       1.3673
    9406       1.3255
    9407       1.3812
    9408       1.3624
    9409       1.5030
    9410       1.3368
    9411       1.3407
    9412       1.3296
    9413       1.3649
    9414       1.3643
    9415       1.3764
    9416       1.5289
    9417       1.5200
    9418       1.3182
    9419       1.2528
    9420       1.1438
    9421       1.1613
    9422       1.2069
    9423       1.2005
    9424       1.1943
    9425       1.0973
    9426       1.0895
    9427       1.1299
    9428       1.1893
    9429       1.2311
    9430       1.1461
    9431       1.1415
    9432       1.1526
    9433       1.0737
    9434       1.1568
    9435       1.1882
    9436       1.2397
    9437       1.2741
    9438       1.1838
    9439       1.2387
    9440       1.2075
    9441       1.3353
    9442       1.5560
    9443       1.3992
    9444       1.3754
    9445       1.3555
    9446       1.2892
    9447       1.4674
    9448       1.5050
    9449       1.4503
    9450       1.4683
    9451       1.4867
    9452       1.5524
    9453       1.4942
    9454       1.4992
    9455       1.6166
    9456       1.5957
    9457       1.4654
    9458       1.3540
    9459       1.3251
    9460       1.2140
    9461       1.1632
    9462       1.1585
    9463       1.1926
    9464       1.2535
    9465       1.1740
    9466       1.2619
    9467       1.2354
    9468       1.2398
    9469       1.2772
    9470       1.3680
    9471       1.3377
    9472       1.2281
    9473       1.2655
    9474       1.2537
    9475       1.1806
    9476       1.3326
    9477       1.3681
    9478       1.2736
    9479       1.3450
    9480       1.4988
    9481       1.4853
    9482       1.3661
    9483       1.3848
    9484       1.4310
    9485       1.4270
    9486       1.3266
    9487       1.3186
    9488       1.3544
    9489       1.3679
    9490       1.4695
    9491       1.4322
    9492       1.3372
    9493       1.3516
    9494       1.2375
    9495       1.2305
    9496       1.2434
    9497       1.2542
    9498       1.2768
    9499       1.1070
    9500       1.1749
    9501       1.2171
    9502       1.2071
    9503       1.1837
    9504       1.1360
    9505       1.1755
    9506       1.2276
    9507       1.2263
    9508       1.1936
    9509       1.3093
    9510       1.1809
    9511       1.2145
    9512       1.3394
    9513       1.2860
    9514       1.3033
    9515       1.3707
    9516       1.3926
    9517       1.3624
    9518       1.4328
    9519       1.2745
    9520       1.2648
    9521       1.2036
    9522       1.3867
    9523       1.2649
    9524       1.2884
    9525       1.4213
    9526       1.4244
    9527       1.3828
    9528       1.4041
    9529       1.1803
    9530       1.2066
    9531       1.2752
    9532       1.2355
    9533       1.3003
    9534       1.2706
    9535       1.1301
    9536       1.3255
    9537       1.2215
    9538       1.2367
    9539       1.2224
    9540       1.2901
    9541       1.3246
    9542       1.5042
    9543       1.4751
    9544       1.5100
    9545       1.4754
    9546       1.4032
    9547       1.3701
    9548       1.3274
    9549       1.3961
    9550       1.4952
    9551       1.5063
    9552       1.4468
    9553       1.3405
    9554       1.4088
    9555       1.2726
    9556       1.2926
    9557       1.2843
    9558       1.2433
    9559       1.2420
    9560       1.3286
    9561       1.4433
    9562       1.4060
    9563       1.3761
    9564       1.3786
    9565       1.3543
    9566       1.3698
    9567       1.2406
    9568       1.3801
    9569       1.3749
    9570       1.2620
    9571       1.2443
    9572       1.2648
    9573       1.3218
    9574       1.3329
    9575       1.2471
    9576       1.3935
    9577       1.3314
    9578       1.2180
    9579       1.2307
    9580       1.2873
    9581       1.3819
    9582       1.3705
    9583       1.3560
    9584       1.4139
    9585       1.3527
    9586       1.3506
    9587       1.2979
    9588       1.3284
    9589       1.1896
    9590       1.4076
    9591       1.3952
    9592       1.3438
    9593       1.3145
    9594       1.3829
    9595       1.4208
    9596       1.4015
    9597       1.3543
    9598       1.3704
    9599       1.5260
    9600       1.3304
    9601       1.2205
    9602       1.0212
    9603       1.1089
    9604       1.0618
    9605       1.0737
    9606       1.2049
    9607       1.1185
    9608       1.2007
    9609       1.1237
    9610       1.2473
    9611       1.3110
    9612       1.3106
    9613       1.1897
    9614       1.1435
    9615       1.2961
    9616       1.0804
    9617       1.1143
    9618       1.2181
    9619       1.1712
    9620       1.1487
    9621       1.2307
    9622       1.0778
    9623       1.1569
    9624       1.2247
    9625       1.2320
    9626       1.2370
    9627       1.1275
    9628       1.2255
    9629       1.2140
    9630       1.2648
    9631       1.3288
    9632       1.2478
    9633       1.2645
    9634       1.2056
    9635       1.2285
    9636       1.1447
    9637       1.2007
    9638       1.2368
    9639       1.3233
    9640       1.1407
    9641       1.1671
    9642       1.1260
    9643       1.1639
    9644       1.1842
    9645       1.2974
    9646       1.2905
    9647       1.3486
    9648       1.3250
    9649       1.1689
    9650       1.1518
    9651       1.1395
    9652       1.1756
    9653       1.3250
    9654       1.2992
    9655       1.0902
    9656       1.3079
    9657       1.3232
    9658       1.2488
    9659       1.2579
    9660       1.3333
    9661       1.0245
    9662       1.0882
    9663       1.2875
    9664       1.2514
    9665       1.2087
    9666       1.3574
    9667       1.2662
    9668       1.4265
    9669       1.3495
    9670       1.2522
    9671       1.1843
    9672       1.2545
    9673       1.2704
    9674       1.1756
    9675       1.2192
    9676       1.2037
    9677       1.1963
    9678       1.2238
    9679       1.1849
    9680       1.2904
    9681       1.3086
    9682       1.2414
    9683       1.2240
    9684       1.2426
    9685       1.2239
    9686       1.2011
    9687       1.0953
    9688       1.2372
    9689       1.2152
    9690       1.2212
    9691       1.1800
    9692       1.1885
    9693       1.2100
    9694       1.2392
    9695       1.2116
    9696       1.2382
    9697       1.2460
    9698       1.2493
    9699       1.3784
    9700       1.3708
    9701       1.3501
    9702       1.2570
    9703       1.3992
    9704       1.3911
    9705       1.5597
    9706       1.4471
    9707       1.3108
    9708       1.3357
    9709       1.3402
    9710       1.3459
    9711       1.3371
    9712       1.1733
    9713       1.2513
    9714       1.2826
    9715       1.2026
    9716       1.3020
    9717       1.2990
    9718       1.2492
    9719       1.3327
    9720       1.2483
    9721       1.3872
    9722       1.2684
    9723       1.2466
    9724       1.1728
    9725       1.3010
    9726       1.3496
    9727       1.2933
    9728       1.2801
    9729       1.2438
    9730       1.1935
    9731       1.2955
    9732       1.2414
    9733       1.2553
    9734       1.2483
    9735       1.2847
    9736       1.2584
    9737       1.2090
    9738       1.2784
    9739       1.2545
    9740       1.3484
    9741       1.2953
    9742       1.2909
    9743       1.3718
    9744       1.3334
    9745       1.3490
    9746       1.2970
    9747       1.3040
    9748       1.2783
    9749       1.2995
    9750       1.2931
    9751       1.2580
    9752       1.3659
    9753       1.2599
    9754       1.2647
    9755       1.4154
    9756       1.3142
    9757       1.2914
    9758       1.2884
    9759       1.3014
    9760       1.2131
    9761       1.2476
    9762       1.2308
    9763       1.2490
    9764       1.4275
    9765       1.3142
    9766       1.2306
    9767       1.2339
    9768       1.2107
    9769       1.2500
    9770       1.1897
    9771       1.2840
    9772       1.3429
    9773       1.3240
    9774       1.2930
    9775       1.2168
    9776       1.2737
    9777       1.2557
    9778       1.1785
    9779       1.2408
    9780       1.3148
    9781       1.1877
    9782       1.1282
    9783       1.1902
    9784       1.1842
    9785       1.2576
    9786       1.1941
    9787       1.2006
    9788       1.1777
    9789       1.2134
    9790       1.0932
    9791       1.1230
    9792       1.1552
    9793       1.1266
    9794       1.1187
    9795       1.1352
    9796       1.0787
    9797       1.0965
    9798       1.1675
    9799       1.2016
    9800       1.3754
    9801       1.2877
    9802       1.4165
    9803       1.2595
    9804       1.4059
    9805       1.3004
    9806       1.4172
    9807       1.3811
    9808       1.3717
    9809       1.4159
    9810       1.5335
    9811       1.4202
    9812       1.3659
    9813       1.4311
    9814       1.2411
    9815       1.2951
    9816       1.2906
    9817       1.4366
    9818       1.3027
    9819       1.3582
    9820       1.4763
    9821       1.6031
    9822       1.6161
    9823       1.6738
    9824       1.6403
    9825       1.5653
    9826       1.5652
    9827       1.5669
    9828       1.5393
    9829       1.7084
    9830       1.6192
    9831       1.6537
    9832       1.6626
    9833       1.5397
    9834       1.4563
    9835       1.3636
    9836       1.3940
    9837       1.4530
    9838       1.3290
    9839       1.2795
    9840       1.2405
    9841       1.2584
    9842       1.2379
    9843       1.2774
    9844       1.2632
    9845       1.3997
    9846       1.2724
    9847       1.1794
    9848       1.2239
    9849       1.2163
    9850       1.3232
    9851       1.3592
    9852       1.3329
    9853       1.4005
    9854       1.3907
    9855       1.3258
    9856       1.3920
    9857       1.2855
    9858       1.2443
    9859       1.3409
    9860       1.4163
    9861       1.3789
    9862       1.0964
    9863       1.1560
    9864       1.2642
    9865       1.1997
    9866       1.1947
    9867       1.2534
    9868       1.3093
    9869       1.1495
    9870       1.1594
    9871       1.3320
    9872       1.3689
    9873       1.2332
    9874       1.2980
    9875       1.1930
    9876       1.1419
    9877       1.1838
    9878       1.2258
    9879       1.2355
    9880       1.2379
    9881       1.1264
    9882       1.2362
    9883       1.0824
    9884       1.0631
    9885       1.0637
    9886       1.0944
    9887       1.1821
    9888       1.3379
    9889       1.3298
    9890       1.1739
    9891       1.2465
    9892       1.4856
    9893       1.2719
    9894       1.2395
    9895       1.2073
    9896       1.2139
    9897       1.2870
    9898       1.2871
    9899       1.1582
    9900       1.1977
    9901       1.2682
    9902       1.2048
    9903       1.2368
    9904       1.3085
    9905       1.3965
    9906       1.6368
    9907       1.4066
    9908       1.4025
    9909       1.4924
    9910       1.4827
    9911       1.2973
    9912       1.5410
    9913       1.5356
    9914       1.5934
    9915       1.5979
    9916       1.6153
    9917       1.5250
    9918       1.4249
    9919       1.3591
    9920       1.3087
    9921       1.2863
    9922       1.3365
    9923       1.4165
    9924       1.4068
    9925       1.2956
    9926       1.3333
    9927       1.3496
    9928       1.3690
    9929       1.2806
    9930       1.4512
    9931       1.3641
    9932       1.3367
    9933       1.3797
    9934       1.3508
    9935       1.3971
    9936       1.2943
    9937       1.2937
    9938       1.3499
    9939       1.4138
    9940       1.4374
    9941       1.4237
    9942       1.3885
    9943       1.4052
    9944       1.3803
    9945       1.4834
    9946       1.4695
    9947       1.4186
    9948       1.4727
    9949       1.3006
    9950       1.3640
    9951       1.1821
    9952       1.5043
    9953       1.2749
    9954       1.4474
    9955       1.5149
    9956       1.4211
    9957       1.3747
    9958       1.3130
    9959       1.4017
    9960       1.3494
    9961       1.3054
    9962       1.2684
    9963       1.2779
    9964       1.2662
    9965       1.3563
    9966       1.2034
    9967       1.0881
    9968       1.2226
    9969       1.1347
    9970       1.1367
    9971       1.1111
    9972       1.0671
    9973       1.2411
    9974       1.1228
    9975       1.2389
    9976       1.2429
    9977       1.2307
    9978       1.2553
    9979       1.1679
    9980       1.1424
    9981       1.2979
    9982       1.2810
    9983       1.1946
    9984       1.1038
    9985       1.1981
    9986       1.1411
    9987       1.1298
    9988       1.0906
    9989       1.1337
    9990       1.0500
    9991       1.2669
    9992       1.1419
    9993       1.1906
    9994       1.3097
    9995       1.1164
    9996       1.2716
    9997       1.2295
    9998       1.2446
    9999       1.3563
   10000       1.2510
   10001       1.1624
   10002       1.2673
   10003       1.2349
   10004       1.1535
   10005       1.0957
   10006       1.0169
   10007       1.0973
   10008       1.2053
   10009       1.2469
   10010       1.3127
   10011       1.3809
   10012       1.2897
   10013       1.4750
   10014       1.3102
   10015       1.2604
   10016       1.1302
   10017       1.0741
   10018       1.0966
   10019       1.1722
   10020       1.1204
   10021       1.0664
   10022       1.1542
   10023       1.1806
   10024       1.1223
   10025       1.0969
   10026       1.1526
   10027       1.2649
   10028       1.3006
   10029       1.2290
   10030       1.3358
   10031       1.1577
   10032       1.1147
   10033       1.1102
   10034       1.0479
   10035       0.9614
   10036       0.9647
   10037       1.0189
   10038       1.0096
   10039       1.0492
   10040       1.0729
   10041       1.1142
   10042       1.0826
   10043       1.0990
   10044       1.0419
   10045       1.0074
   10046       0.9260
   10047       0.9494
   10048       1.0095
   10049       1.0487
   10050       0.8799
   10051       0.8536
   10052       0.9830
   10053       0.8576
   10054       0.9406
   10055       0.9372
   10056       0.9555
   10057       0.9019
   10058       0.8802
   10059       0.9078
   10060       0.9761
   10061       0.9637
   10062       0.9500
   10063       0.9571
   10064       0.9586
   10065       0.9539
   10066       1.0065
   10067       0.9815
   10068       1.0248
   10069       0.9713
   10070       0.9806
   10071       1.0256
   10072       0.9612
   10073       1.0003
   10074       0.9152
   10075       0.9468
   10076       0.9663
   10077       1.0095
   10078       1.1764
   10079       1.1981
   10080       1.0805
   10081       1.0331
   10082       1.0137
   10083       1.0721
   10084       1.0546
   10085       1.0398
   10086       1.0672
   10087       1.1300
   10088       0.9803
   10089       1.1240
   10090       1.0894
   10091       1.0560
   10092       1.0546
   10093       1.0198
   10094       1.0765
   10095       1.0946
   10096       1.0780
   10097       1.0421
   10098       1.0881
   10099       1.1552
   10100       1.0396
   10101       1.0973
   10102       1.1083
   10103       1.0519
   10104       1.2082
   10105       1.2590
   10106       1.3498
   10107       1.1751
   10108       1.1043
   10109       1.0477
   10110       1.0513
   10111       0.9962
   10112       1.1149
   10113       1.1315
   10114       1.2826
   10115       1.2412
   10116       1.2213
   10117       1.0567
   10118       1.0830
   10119       1.1522
   10120       1.1467
   10121       1.0753
   10122       1.0007
   10123       1.0030
   10124       1.0860
   10125       1.1331
   10126       1.0909
   10127       1.1257
   10128       1.2420
   10129       1.2033
   10130       1.1613
   10131       1.1249
   10132       1.0698
   10133       1.1720
   10134       1.2347
   10135       1.1836
   10136       1.2696
   10137       1.1858
   10138       1.1264
   10139       1.1284
   10140       1.2517
   10141       1.1258
   10142       1.1072
   10143       1.2061
   10144       1.1045
   10145       1.1120
   10146       1.0829
   10147       1.0820
   10148       1.0361
   10149       1.2432
   10150       1.1684
   10151       0.9358
   10152       1.0611
   10153       1.0467
   10154       1.0492
   10155       1.2935
   10156       1.5303
   10157       1.4360
   10158       1.4928
   10159       1.3937
   10160       1.1126
   10161       1.1824
   10162       1.1919
   10163       1.1609
   10164       1.2535
   10165       1.4383
   10166       1.3366
   10167       1.2823
   10168       1.3249
   10169       1.3024
   10170       1.3564
   10171       1.2961
   10172       1.3861
   10173       1.3805
   10174       1.3722
   10175       1.1673
   10176       1.0857
   10177       0.9834
   10178       1.0200
   10179       0.9797
   10180       0.9836
   10181       0.9001
   10182       0.9212
   10183       0.8930
   10184       0.9614
   10185       1.0773
   10186       1.2209
   10187       1.1741
   10188       1.1092
   10189       0.9938
   10190       0.9763
   10191       0.9636
   10192       1.1907
   10193       1.0900
   10194       1.0707
   10195       1.0925
   10196       0.9960
   10197       1.0722
   10198       1.1423
   10199       1.1822
   10200       1.0357
   10201       1.0688
   10202       0.9869
   10203       0.9199
   10204       0.9907
   10205       1.0302
   10206       0.9338
   10207       0.9203
   10208       0.9267
   10209       0.9412
   10210       0.9723
   10211       1.0636
   10212       0.8886
   10213       0.9535
   10214       1.0423
   10215       1.0659
   10216       1.2403
   10217       1.2837
   10218       1.2589
   10219       1.3004
   10220       1.1992
   10221       1.2353
   10222       1.2235
   10223       1.2195
   10224       1.2611
   10225       1.2192
   10226       1.2189
   10227       1.1276
   10228       0.9990
   10229       0.9656
   10230       0.9415
   10231       1.0796
   10232       1.0095
   10233       0.8924
   10234       0.9448
   10235       1.0067
   10236       0.9688
   10237       0.9672
   10238       0.8796
   10239       0.9226
   10240       0.8740
   10241       0.9033
   10242       0.8582
   10243       0.9235
   10244       0.9370
   10245       0.8873
   10246       0.9363
   10247       0.9188
   10248       0.9393
   10249       0.9225
   10250       0.9293
   10251       0.9277
   10252       1.0308
   10253       0.9944
   10254       1.1065
   10255       1.0107
   10256       0.9684
   10257       0.9884
   10258       1.0835
   10259       0.9909
   10260       1.0292
   10261       0.9959
   10262       0.8897
   10263       0.9425
   10264       0.9317
   10265       0.8571
   10266       0.8883
   10267       0.9433
   10268       1.0498
   10269       0.9669
   10270       0.9146
   10271       0.8903
   10272       1.0057
   10273       1.0161
   10274       1.0718
   10275       0.9494
   10276       0.9754
   10277       1.0059
   10278       1.0768
   10279       1.1197
   10280       0.9522
   10281       0.8429
   10282       0.9171
   10283       0.9518
   10284       0.8499
   10285       0.8267
   10286       0.9088
   10287       0.8551
   10288       0.8720
   10289       0.9421
   10290       0.9082
   10291       1.0072
   10292       0.9678
   10293       0.9741
   10294       0.9948
   10295       1.0394
   10296       1.0198
   10297       1.0226
   10298       0.9382
   10299       1.0514
   10300       1.1488
   10301       1.1348
   10302       1.0016
   10303       1.0322
   10304       0.9024
   10305       0.9658
   10306       0.9993
   10307       1.0205
   10308       1.0598
   10309       0.9158
   10310       1.0161
   10311       0.9913
   10312       0.9820
   10313       1.0181
   10314       0.9958
   10315       1.1873
   10316       1.1239
   10317       1.2273
   10318       1.0793
   10319       1.2314
   10320       1.2262
   10321       1.1389
   10322       1.2503
   10323       1.3533
   10324       1.2490
   10325       1.2088
   10326       1.1945
   10327       1.1385
   10328       1.1106
   10329       1.1030
   10330       1.1762
   10331       1.0576
   10332       1.0648
   10333       1.1426
   10334       1.0304
   10335       0.9872
   10336       1.1159
   10337       1.0262
   10338       1.1552
   10339       1.1591
   10340       1.2629
   10341       1.0975
   10342       1.1288
   10343       1.3810
   10344       1.1591
   10345       1.2579
   10346       1.2679
   10347       1.0640
   10348       1.0710
   10349       0.9752
   10350       0.9890
   10351       1.0071
   10352       1.0356
   10353       1.0498
   10354       1.0315
   10355       0.9982
   10356       1.0322
   10357       0.9812
   10358       1.0360
   10359       1.0854
   10360       1.1120
   10361       1.1569
   10362       1.1343
   10363       1.1787
   10364       1.3111
   10365       1.1277
   10366       1.2132
   10367       1.2158
   10368       1.3427
   10369       1.0930
   10370       1.0259
   10371       1.0584
   10372       1.1591
   10373       1.0734
   10374       1.0424
   10375       1.0498
   10376       1.0007
   10377       1.0151
   10378       0.9926
   10379       1.0694
   10380       1.0516
   10381       1.0525
   10382       1.0017
   10383       1.0180
   10384       1.1263
   10385       1.0870
   10386       1.1475
   10387       1.1251
   10388       1.0950
   10389       0.9615
   10390       0.9778
   10391       1.0174
   10392       1.0239
   10393       1.0081
   10394       1.0378
   10395       1.0054
   10396       0.9438
   10397       0.9698
   10398       1.0227
   10399       1.0693
   10400       1.0310
   10401       1.0752
   10402       0.9621
   10403       1.1240
   10404       1.0993
   10405       1.0485
   10406       1.1812
   10407       1.0610
   10408       1.1569
   10409       1.1466
   10410       0.9749
   10411       1.0288
   10412       1.0050
   10413       1.0540
   10414       1.1154
   10415       1.1662
   10416       1.1304
   10417       1.1110
   10418       1.0805
   10419       0.9838
   10420       0.9768
   10421       1.0409
   10422       1.0940
   10423       1.0764
   10424       1.0594
   10425       1.0679
   10426       0.9572
   10427       1.0822
   10428       1.1646
   10429       1.0392
   10430       1.0190
   10431       1.2478
   10432       1.2180
   10433       1.1066
   10434       1.1456
   10435       1.3005
   10436       1.2368
   10437       1.2424
   10438       1.2474
   10439       1.1409
   10440       1.0829
   10441       1.1568
   10442       1.1192
   10443       1.1302
   10444       1.1010
   10445       1.1565
   10446       1.1382
   10447       1.1757
   10448       1.0745
   10449       1.1384
   10450       1.0294
   10451       1.0624
   10452       0.9761
   10453       0.9451
   10454       1.1005
   10455       1.0926
   10456       1.0877
   10457       1.1406
   10458       1.0947
   10459       1.0842
   10460       1.2283
   10461       1.2699
   10462       1.0894
   10463       1.0921
   10464       1.2339
   10465       1.1787
   10466       1.1160
   10467       1.0929
   10468       1.2715
   10469       1.3028
   10470       1.2837
   10471       1.2674
   10472       1.3441
   10473       1.2287
   10474       1.1637
   10475       1.2262
   10476       1.0905
   10477       1.0524
   10478       1.1738
   10479       1.0590
   10480       1.1602
   10481       1.2182
   10482       1.3273
   10483       1.2901
   10484       1.2474
   10485       1.2364
   10486       1.1110
   10487       1.0948
   10488       1.1159
   10489       1.1940
   10490       1.1029
   10491       1.1125
   10492       1.0997
   10493       1.1372
   10494       1.2234
   10495       1.3528
   10496       1.2175
   10497       1.3050
   10498       1.1556
   10499       1.1170
   10500       1.0390
   10501       1.2283
   10502       1.1733
   10503       1.2367
   10504       1.2639
   10505       1.1719
   10506       1.2066
   10507       1.1799
   10508       1.1975
   10509       1.2673
   10510       1.3470
   10511       1.4194
   10512       1.3374
   10513       1.3444
   10514       1.2731
   10515       1.3722
   10516       1.6444
   10517       1.5124
   10518       1.4830
   10519       1.4857
   10520       1.6110
   10521       1.5671
   10522       1.4726
   10523       1.5638
   10524       1.2389
   10525       1.2898
   10526       1.3949
   10527       1.4918
   10528       1.3879
   10529       1.3985
   10530       1.3772
   10531       1.4202
   10532       1.3369
   10533       1.2517
   10534       1.3865
   10535       1.3270
   10536       1.2259
   10537       1.2426
   10538       1.2220
   10539       1.1423
   10540       1.1836
   10541       1.0443
   10542       1.0692
   10543       1.1850
   10544       1.0726
   10545       1.2326
   10546       1.1333
   10547       1.2600
   10548       1.2025
   10549       1.1844
   10550       1.1935
   10551       1.1636
   10552       1.1331
   10553       0.9883
   10554       1.0625
   10555       1.1691
   10556       1.1804
   10557       0.9957
   10558       1.0271
   10559       1.0088
   10560       1.0896
   10561       1.0623
   10562       0.9577
   10563       1.0041
   10564       1.0274
   10565       0.8844
   10566       1.0096
   10567       1.1732
   10568       1.1156
   10569       1.0439
   10570       1.0776
   10571       1.1424
   10572       1.0105
   10573       0.9709
   10574       0.9647
   10575       0.9430
   10576       0.9417
   10577       0.9579
   10578       1.0499
   10579       0.9637
   10580       0.9306
   10581       0.9669
   10582       0.9164
   10583       0.9755
   10584       0.9850
   10585       1.0187
   10586       0.9326
   10587       0.9476
   10588       0.9965
   10589       1.0470
   10590       1.1154
   10591       1.0547
   10592       0.9991
   10593       1.0242
   10594       0.9698
   10595       0.9141
   10596       1.0547
   10597       1.1675
   10598       1.1853
   10599       1.2163
   10600       1.0146
   10601       0.9367
   10602       0.9141
   10603       0.9239
   10604       0.8906
   10605       0.9993
   10606       1.0759
   10607       1.0970
   10608       1.1358
   10609       1.1623
   10610       1.1120
   10611       1.1062
   10612       1.0047
   10613       0.9051
   10614       0.9456
   10615       0.9467
   10616       0.9405
   10617       0.9331
   10618       0.9014
   10619       1.0550
   10620       0.9258
   10621       0.9705
   10622       0.8817
   10623       0.9453
   10624       0.8814
   10625       0.8879
   10626       0.9192
   10627       0.9268
   10628       0.8661
   10629       0.7742
   10630       0.7463
   10631       0.7374
   10632       0.7634
   10633       0.9369
   10634       0.8588
   10635       0.8407
   10636       0.8676
   10637       0.9035
   10638       1.0381
   10639       0.8212
   10640       0.8277
   10641       0.9032
   10642       0.8890
   10643       0.7784
   10644       0.8570
   10645       0.7872
   10646       0.8744
   10647       0.8681
   10648       0.9441
   10649       0.8184
   10650       0.8980
   10651       0.8940
   10652       0.8229
   10653       0.8545
   10654       0.8237
   10655       0.8460
   10656       0.8664
   10657       0.8394
   10658       1.0219
   10659       0.8774
   10660       0.7583
   10661       0.8703
   10662       0.9243
   10663       0.7612
   10664       0.7768
   10665       0.7295
   10666       0.6946
   10667       0.8411
   10668       1.0710
   10669       1.1724
   10670       1.3231
   10671       1.0149
   10672       0.9563
   10673       0.8552
   10674       0.8884
   10675       0.7406
   10676       0.8073
   10677       0.8099
   10678       0.8628
   10679       0.8864
   10680       0.9219
   10681       0.9732
   10682       0.9912
   10683       0.8524
   10684       0.8478
   10685       0.8552
   10686       0.8269
   10687       0.7870
   10688       0.8179
   10689       0.8138
   10690       0.8330
   10691       0.7304
   10692       0.8560
   10693       0.8399
   10694       0.8212
   10695       0.8497
   10696       0.8141
   10697       0.7942
   10698       0.8024
   10699       0.7591
   10700       0.8478
   10701       0.8329
   10702       0.8509
   10703       0.8099
   10704       0.8359
   10705       0.8461
   10706       0.7765
   10707       0.8317
   10708       0.8355
   10709       0.7506
   10710       0.7946
   10711       0.7237
   10712       0.8685
   10713       0.8745
   10714       0.8228
   10715       0.8681
   10716       0.7885
   10717       0.8670
   10718       0.8398
   10719       0.9128
   10720       0.9833
   10721       0.9257
   10722       0.8538
   10723       0.8165
   10724       0.8741
   10725       0.7431
   10726       0.7982
   10727       0.7924
   10728       1.0574
   10729       0.9890
   10730       0.8553
   10731       0.8135
   10732       0.8807
   10733       0.7874
   10734       0.7859
   10735       0.8218
   10736       0.9335
   10737       0.7750
   10738       0.8425
   10739       0.8378
   10740       0.8288
   10741       0.8050
   10742       0.8222
   10743       0.8448
   10744       0.8479
   10745       0.8669
   10746       0.8349
   10747       0.8211
   10748       0.8237
   10749       0.9298
   10750       0.8642
   10751       0.9310
   10752       0.8669
   10753       0.9564
   10754       0.8189
   10755       0.8852
   10756       0.7905
   10757       0.8702
   10758       0.7737
   10759       0.7588
   10760       0.9491
   10761       1.0700
   10762       0.9772
   10763       0.8553
   10764       0.9063
   10765       0.8976
   10766       0.8674
   10767       0.9139
   10768       0.9919
   10769       1.0056
   10770       1.0788
   10771       1.1199
   10772       1.1074
   10773       0.9885
   10774       1.0890
   10775       1.1017
   10776       1.1023
   10777       0.9775
   10778       1.1524
   10779       1.0068
   10780       0.9632
   10781       1.0246
   10782       0.9884
   10783       0.8319
   10784       1.0170
   10785       0.9496
   10786       0.8809
   10787       0.8606
   10788       0.9210
   10789       0.8873
   10790       0.9328
   10791       0.8521
   10792       0.8853
   10793       0.8469
   10794       0.7493
   10795       0.7796
   10796       0.9090
   10797       0.8463
   10798       0.8177
   10799       0.9487
   10800       0.8311
   10801       0.8313
   10802       0.8240
   10803       0.8551
   10804       0.8961
   10805       0.8357
   10806       0.7752
   10807       0.8118
   10808       0.7497
   10809       0.8600
   10810       0.7835
   10811       0.8750
   10812       0.7639
   10813       0.9305
   10814       0.8771
   10815       0.9825
   10816       0.9230
   10817       0.9775
   10818       1.0267
   10819       1.0568
   10820       1.1373
   10821       0.9734
   10822       0.9801
   10823       0.9541
   10824       0.8791
   10825       0.9142
   10826       0.7489
   10827       0.7641
   10828       0.9107
   10829       0.9162
   10830       0.9247
   10831       0.8469
   10832       0.8608
   10833       0.7619
   10834       0.7816
   10835       0.8876
   10836       0.7689
   10837       0.9341
   10838       0.9108
   10839       0.8481
   10840       0.8119
   10841       0.7978
   10842       0.8419
   10843       0.7794
   10844       0.8139
   10845       0.7587
   10846       0.9353
   10847       0.8293
   10848       0.8707
   10849       0.9309
   10850       1.0242
   10851       0.7638
   10852       0.8093
   10853       0.7554
   10854       0.8323
   10855       0.8058
   10856       0.7945
   10857       0.7648
   10858       0.7966
   10859       0.7830
   10860       0.7754
   10861       0.8421
   10862       0.7687
   10863       0.9620
   10864       0.9822
   10865       1.1463
   10866       0.9586
   10867       0.8128
   10868       0.7678
   10869       0.8183
   10870       0.7587
   10871       0.7454
   10872       0.8609
   10873       0.8272
   10874       0.7888
   10875       0.8441
   10876       0.8878
   10877       0.8782
   10878       0.7911
   10879       0.8500
   10880       0.9245
   10881       0.8227
   10882       0.9055
   10883       0.9489
   10884       0.9595
   10885       1.0958
   10886       1.1508
   10887       1.0435
   10888       1.0269
   10889       0.9183
   10890       0.9650
   10891       0.9206
   10892       0.9284
   10893       0.8174
   10894       0.7243
   10895       0.6892
   10896       0.8000
   10897       0.7693
   10898       0.8235
   10899       0.9128
   10900       0.8795
   10901       0.9473
   10902       0.8135
   10903       0.8248
   10904       0.9292
   10905       0.8178
   10906       0.7800
   10907       0.8452
   10908       0.8952
   10909       0.8954
   10910       0.8938
   10911       1.0537
   10912       1.0863
   10913       1.0008
   10914       1.0665
   10915       0.9338
   10916       0.8776
   10917       1.0292
   10918       1.1123
   10919       0.9757
   10920       0.9344
   10921       0.8625
   10922       0.9155
   10923       0.8244
   10924       0.8992
   10925       1.0188
   10926       0.9216
   10927       0.9492
   10928       0.9395
   10929       1.0358
   10930       0.9825
   10931       0.9764
   10932       0.9284
   10933       0.9873
   10934       1.0056
   10935       1.0414
   10936       1.0043
   10937       1.1476
   10938       1.0204
   10939       0.9423
   10940       0.9592
   10941       0.9585
   10942       0.8657
   10943       0.9753
   10944       0.9644
   10945       0.8616
   10946       0.9133
   10947       1.0131
   10948       0.9470
   10949       1.0845
   10950       0.9700
   10951       1.0285
   10952       0.9226
   10953       1.0789
   10954       1.1571
   10955       1.1813
   10956       1.0349
   10957       1.2202
   10958       1.1594
   10959       1.0738
   10960       1.0569
   10961       0.9444
   10962       1.0252
   10963       0.9765
   10964       0.9042
   10965       0.8280
   10966       0.8590
   10967       0.9706
   10968       0.9413
   10969       1.0197
   10970       1.0217
   10971       1.1018
   10972       1.0917
   10973       0.9459
   10974       0.9180
   10975       0.8655
   10976       0.9477
   10977       0.8091
   10978       0.8466
   10979       0.8910
   10980       0.8554
   10981       0.7471
   10982       0.7313
   10983       0.7330
   10984       0.7907
   10985       0.8613
   10986       0.9204
   10987       0.7900
   10988       0.8070
   10989       0.6900
   10990       0.8528
   10991       0.7362
   10992       0.7058
   10993       0.7281
   10994       0.6781
   10995       0.7434
   10996       0.8244
   10997       0.7320
   10998       0.8888
   10999       0.8085
   11000       0.9122
   11001       0.8621
   11002       0.8224
   11003       0.8359
   11004       0.7435
   11005       0.7670
   11006       0.8521
   11007       0.7640
   11008       0.7560
   11009       0.7465
   11010       0.8275
   11011       0.8129
   11012       0.8370
   11013       0.7755
   11014       0.7661
   11015       0.6954
   11016       0.8134
   11017       0.7733
   11018       0.8410
   11019       0.8074
   11020       0.7732
   11021       0.7325
   11022       0.7403
   11023       0.8621
   11024       0.8034
   11025       0.8460
   11026       0.7628
   11027       0.8169
   11028       0.9287
   11029       0.8237
   11030       0.8332
   11031       0.7704
   11032       0.8773
   11033       0.8612
   11034       0.9466
   11035       0.8379
   11036       0.7939
   11037       0.7589
   11038       0.7567
   11039       0.7719
   11040       0.7644
   11041       0.7595
   11042       0.6736
   11043       0.6962
   11044       0.8086
   11045       0.8202
   11046       0.8769
   11047       0.8983
   11048       0.7970
   11049       0.7894
   11050       0.8686
   11051       0.9221
   11052       0.8777
   11053       0.8888
   11054       0.9730
   11055       1.0779
   11056       1.1009
   11057       1.1093
   11058       0.8985
   11059       0.8471
   11060       0.8861
   11061       0.8905
   11062       0.8518
   11063       0.9956
   11064       0.9988
   11065       1.0558
   11066       1.0618
   11067       1.1050
   11068       1.2179
   11069       1.1095
   11070       0.9204
   11071       0.8893
   11072       0.9326
   11073       0.8772
   11074       0.8838
   11075       0.8102
   11076       0.8263
   11077       0.7945
   11078       0.8861
   11079       0.9101
   11080       0.8433
   11081       0.7835
   11082       0.8781
   11083       0.8602
   11084       0.8996
   11085       0.8781
   11086       0.9192
   11087       0.9000
   11088       0.9788
   11089       1.0425
   11090       0.9966
   11091       0.9577
   11092       1.0564
   11093       0.8684
   11094       0.8723
   11095       0.9206
   11096       0.8477
   11097       0.8120
   11098       0.9174
   11099       0.8979
   11100       0.9203
   11101       0.9088
   11102       0.8744
   11103       0.9891
   11104       0.9755
   11105       0.8465
   11106       0.8441
   11107       0.9036
   11108       0.7465
   11109       0.6856
   11110       0.8717
   11111       0.9153
   11112       0.8827
   11113       0.9842
   11114       1.0324
   11115       0.8653
   11116       0.7899
   11117       0.8469
   11118       0.7967
   11119       0.7790
   11120       0.9841
   11121       0.9013
   11122       0.9108
   11123       0.8202
   11124       0.8346
   11125       0.8686
   11126       0.9120
   11127       0.8011
   11128       0.8454
   11129       0.9102
   11130       1.0177
   11131       0.9351
   11132       0.9113
   11133       0.8796
   11134       0.9802
   11135       0.8753
   11136       1.0521
   11137       0.9143
   11138       0.9196
   11139       0.8647
   11140       0.9997
   11141       1.0401
   11142       1.1009
   11143       1.1296
   11144       1.1811
   11145       1.1505
   11146       0.9974
   11147       0.9271
   11148       1.1152
   11149       1.0340
   11150       1.1701
   11151       1.0338
   11152       1.1287
   11153       1.0289
   11154       1.0228
   11155       1.0108
   11156       0.9101
   11157       1.1367
   11158       0.9744
   11159       1.1289
   11160       0.9993
   11161       0.9841
   11162       1.0440
   11163       1.1074
   11164       1.0572
   11165       1.0872
   11166       1.0407
   11167       1.1093
   11168       0.9942
   11169       1.0206
   11170       1.0751
   11171       0.9593
   11172       1.0680
   11173       0.9934
   11174       1.0232
   11175       1.0962
   11176       1.0977
   11177       1.0249
   11178       0.9629
   11179       0.8554
   11180       0.9946
   11181       1.0663
   11182       1.3245
   11183       1.2761
   11184       1.2925
   11185       1.3204
   11186       1.1196
   11187       1.2593
   11188       1.2383
   11189       1.0751
   11190       1.0448
   11191       0.9993
   11192       1.1758
   11193       1.0645
   11194       1.1666
   11195       1.1224
   11196       1.0288
   11197       0.9463
   11198       1.0730
   11199       0.9288
   11200       0.9894
   11201       0.8762
   11202       0.8294
   11203       0.9293
   11204       0.9940
   11205       1.0050
   11206       0.9398
   11207       0.9764
   11208       1.0104
   11209       1.1359
   11210       1.0650
   11211       1.2126
   11212       1.1066
   11213       0.9853
   11214       1.1331
   11215       1.0574
   11216       1.0409
   11217       0.9930
   11218       1.0466
   11219       1.0468
   11220       0.9907
   11221       1.0012
   11222       0.8853
   11223       0.8544
   11224       0.8934
   11225       0.8709
   11226       0.8882
   11227       1.0187
   11228       1.0289
   11229       0.9791
   11230       0.9425
   11231       1.0400
   11232       0.9980
   11233       1.0490
   11234       0.9772
   11235       0.9257
   11236       0.9707
   11237       1.0538
   11238       0.8490
   11239       0.9465
   11240       0.9159
   11241       1.0466
   11242       0.9336
   11243       1.0976
   11244       1.0055
   11245       1.0563
   11246       1.0645
   11247       0.9509
   11248       0.8906
   11249       0.8563
   11250       0.8615
   11251       0.9139
   11252       0.8930
   11253       0.7694
   11254       0.8604
   11255       0.9089
   11256       0.9239
   11257       0.9163
   11258       0.7186
   11259       0.7811
   11260       0.7936
   11261       0.6970
   11262       0.7578
   11263       0.8503
   11264       0.8688
   11265       0.9181
   11266       0.9589
   11267       0.8981
   11268       0.9191
   11269       0.9025
   11270       0.9501
   11271       0.9565
   11272       0.8851
   11273       0.8972
   11274       0.9229
   11275       1.0097
   11276       1.0464
   11277       1.0518
   11278       1.1700
   11279       1.0167
   11280       0.9262
   11281       0.8635
   11282       0.7978
   11283       0.8685
   11284       0.8758
   11285       0.9592
   11286       0.8967
   11287       1.0173
   11288       1.0279
   11289       1.0145
   11290       0.9912
   11291       1.1639
   11292       1.0553
   11293       1.0711
   11294       1.0307
   11295       1.1066
   11296       1.1236
   11297       1.0881
   11298       1.0454
   11299       1.1472
   11300       1.0695
   11301       0.9884
   11302       0.8734
   11303       0.9603
   11304       0.9722
   11305       1.0374
   11306       1.0824
   11307       1.0729
   11308       0.9300
   11309       0.9488
   11310       0.8565
   11311       0.8352
   11312       0.9497
   11313       1.0101
   11314       0.9455
   11315       1.0549
   11316       1.0877
   11317       1.0945
   11318       1.1108
   11319       1.0127
   11320       1.0186
   11321       0.9557
   11322       0.9645
   11323       1.0364
   11324       1.0736
   11325       1.0627
   11326       1.0706
   11327       1.1108
   11328       1.0445
   11329       1.0380
   11330       1.1982
   11331       1.1620
   11332       1.1355
   11333       1.1608
   11334       1.0534
   11335       1.0386
   11336       1.1663
   11337       1.1178
   11338       1.1035
   11339       1.0236
   11340       1.0774
   11341       1.0840
   11342       1.1553
   11343       1.1801
   11344       1.1147
   11345       1.1849
   11346       1.1468
   11347       1.1104
   11348       1.1950
   11349       1.1542
   11350       1.1044
   11351       1.2194
   11352       1.3802
   11353       1.3005
   11354       1.3099
   11355       1.2866
   11356       1.1099
   11357       1.1296
   11358       1.2354
   11359       1.1944
   11360       1.0947
   11361       1.0858
   11362       1.1241
   11363       0.9875
   11364       1.0382
   11365       1.0145
   11366       1.0718
   11367       1.0447
   11368       0.9795
   11369       1.1678
   11370       1.2578
   11371       1.2355
   11372       1.1625
   11373       1.1709
   11374       1.0498
   11375       1.0420
   11376       1.0389
   11377       1.0400
   11378       1.0155
   11379       1.0862
   11380       0.9785
   11381       0.9607
   11382       1.0396
   11383       0.9885
   11384       1.0795
   11385       1.2035
   11386       1.2318
   11387       1.2312
   11388       1.2477
   11389       1.1615
   11390       1.1297
   11391       1.1660
   11392       1.1745
   11393       1.2858
   11394       1.1523
   11395       1.1094
   11396       1.1629
   11397       1.0893
   11398       1.1499
   11399       1.0053
   11400       1.0848
   11401       0.9988
   11402       1.1775
   11403       1.2017
   11404       1.2382
   11405       1.3353
   11406       1.2460
   11407       1.2194
   11408       1.2542
   11409       1.2956
   11410       1.2486
   11411       1.2166
   11412       1.1710
   11413       1.1369
   11414       1.1131
   11415       1.1478
   11416       1.1830
   11417       1.1518
   11418       1.1540
   11419       1.2100
   11420       1.0600
   11421       1.2501
   11422       1.1417
   11423       1.0498
   11424       1.0033
   11425       1.0880
   11426       1.0868
   11427       1.0927
   11428       1.2884
   11429       1.3029
   11430       1.2869
   11431       1.1809
   11432       1.2602
   11433       1.2482
   11434       1.3017
   11435       1.1930
   11436       1.2475
   11437       1.1473
   11438       0.9938
   11439       1.1372
   11440       1.1629
   11441       1.1799
   11442       1.2407
   11443       1.3668
   11444       1.2034
   11445       1.1650
   11446       1.1931
   11447       1.1439
   11448       1.1811
   11449       1.1592
   11450       1.1155
   11451       1.0780
   11452       1.1463
   11453       1.1694
   11454       1.0770
   11455       1.0510
   11456       0.9759
   11457       0.9475
   11458       1.0041
   11459       1.0667
   11460       0.9516
   11461       1.0259
   11462       0.9200
   11463       0.9299
   11464       1.0302
   11465       1.0531
   11466       1.0533
   11467       1.0058
   11468       1.0786
   11469       0.9842
   11470       1.0259
   11471       1.1275
   11472       1.0525
   11473       1.0540
   11474       0.9605
   11475       0.9608
   11476       1.0116
   11477       0.9053
   11478       0.9442
   11479       0.9383
   11480       0.9015
   11481       1.0188
   11482       0.9329
   11483       1.0480
   11484       1.0779
   11485       1.1424
   11486       1.1009
   11487       0.9970
   11488       1.0426
   11489       1.0478
   11490       1.0258
   11491       0.9466
   11492       0.9094
   11493       1.0297
   11494       0.9890
   11495       1.0481
   11496       1.0494
   11497       1.1143
   11498       1.1174
   11499       0.9726
   11500       1.0160
   11501       0.9719
   11502       1.0358
   11503       1.0782
   11504       0.9562
   11505       1.0397
   11506       1.0476
   11507       1.0204
   11508       1.0406
   11509       1.0023
   11510       0.9612
   11511       0.9261
   11512       0.9378
   11513       0.9426
   11514       1.0147
   11515       1.1012
   11516       1.0994
   11517       1.0039
   11518       0.9899
   11519       0.9593
   11520       1.1184
   11521       1.1485
   11522       1.2986
   11523       1.3053
   11524       1.2512
   11525       1.3400
   11526       1.1875
   11527       1.0832
   11528       1.0965
   11529       1.2176
   11530       1.2299
   11531       1.1734
   11532       1.3061
   11533       1.2288
   11534       1.2285
   11535       1.1210
   11536       1.1752
   11537       1.2179
   11538       1.2269
   11539       1.1345
   11540       1.1167
   11541       1.1649
   11542       1.1902
   11543       1.1666
   11544       1.1207
   11545       1.2514
   11546       1.1524
   11547       1.1254
   11548       1.1899
   11549       1.1262
   11550       1.1574
   11551       1.0836
   11552       1.0043
   11553       0.9818
   11554       1.0676
   11555       1.0952
   11556       1.0340
   11557       1.2323
   11558       1.0580
   11559       1.1837
   11560       1.0535
   11561       1.0071
   11562       0.9789
   11563       1.0559
   11564       1.0104
   11565       0.9631
   11566       1.0044
   11567       1.0121
   11568       1.1707
   11569       0.9576
   11570       0.9555
   11571       0.9351
   11572       0.9656
   11573       0.9489
   11574       0.9366
   11575       0.9738
   11576       1.0239
   11577       1.1044
   11578       1.1078
   11579       1.1137
   11580       1.1244
   11581       1.1147
   11582       1.0932
   11583       1.1255
   11584       1.0817
   11585       1.1286
   11586       1.1067
   11587       1.0883
   11588       1.2267
   11589       1.2893
   11590       1.2315
   11591       1.1785
   11592       1.2954
   11593       1.3670
   11594       1.3229
   11595       1.3060
   11596       1.1768
   11597       1.1560
   11598       1.2272
   11599       1.2663
   11600       1.1656
   11601       1.1202
   11602       0.9653
   11603       0.9581
   11604       1.0639
   11605       1.1346
   11606       1.1289
   11607       0.9907
   11608       1.0084
   11609       1.0464
   11610       1.0335
   11611       0.9954
   11612       1.0167
   11613       1.0096
   11614       1.0453
   11615       1.0561
   11616       1.0250
   11617       0.9680
   11618       0.8888
   11619       0.9700
   11620       1.0375
   11621       0.9437
   11622       0.8977
   11623       0.9688
   11624       0.9858
   11625       0.9695
   11626       0.9269
   11627       0.9050
   11628       1.0450
   11629       1.0218
   11630       1.1510
   11631       1.0782
   11632       1.0549
   11633       1.0815
   11634       1.0611
   11635       1.0569
   11636       1.1023
   11637       0.9692
   11638       1.1567
   11639       1.0887
   11640       0.9999
   11641       1.0112
   11642       1.0478
   11643       1.0773
   11644       1.1653
   11645       1.0700
   11646       0.9915
   11647       0.9092
   11648       0.9563
   11649       1.0058
   11650       0.9767
   11651       1.1249
   11652       1.1129
   11653       0.9215
   11654       0.9696
   11655       0.9812
   11656       1.0713
   11657       0.9905
   11658       1.0932
   11659       1.0755
   11660       1.0254
   11661       1.0153
   11662       1.0613
   11663       1.0919
   11664       1.0970
   11665       1.1716
   11666       1.1015
   11667       1.0303
   11668       0.9955
   11669       1.0409
   11670       0.9507
   11671       1.0414
   11672       1.1024
   11673       0.9556
   11674       0.9492
   11675       0.9344
   11676       0.9921
   11677       1.0754
   11678       1.0901
   11679       1.0337
   11680       0.9981
   11681       1.2142
   11682       0.9699
   11683       1.0612
   11684       0.9332
   11685       1.0292
   11686       1.0819
   11687       1.1125
   11688       1.0862
   11689       1.1361
   11690       1.0401
   11691       1.0700
   11692       1.0329
   11693       1.0093
   11694       1.0373
   11695       1.0565
   11696       0.9626
   11697       1.0279
   11698       1.0615
   11699       1.1516
   11700       1.2967
   11701       1.1957
   11702       1.2393
   11703       1.2928
   11704       1.0858
   11705       1.1944
   11706       1.2828
   11707       1.2297
   11708       1.0011
   11709       0.9833
   11710       1.0298
   11711       0.9602
   11712       0.8562
   11713       0.9673
   11714       0.9796
   11715       0.8577
   11716       0.9564
   11717       0.9201
   11718       1.0002
   11719       0.9901
   11720       0.8999
   11721       0.9060
   11722       0.9599
   11723       1.1135
   11724       1.0786
   11725       1.1944
   11726       1.1396
   11727       0.9734
   11728       1.1190
   11729       1.1390
   11730       1.2255
   11731       1.0332
   11732       0.9935
   11733       1.0178
   11734       1.0720
   11735       1.0599
   11736       1.0356
   11737       1.1376
   11738       1.1374
   11739       1.1426
   11740       1.0555
   11741       1.1027
   11742       1.0181
   11743       0.9765
   11744       0.9562
   11745       0.8795
   11746       0.9914
   11747       1.0679
   11748       1.1454
   11749       1.0987
   11750       1.1386
   11751       1.1396
   11752       0.9534
   11753       0.8358
   11754       1.0094
   11755       1.0569
   11756       0.9916
   11757       1.0973
   11758       1.0291
   11759       0.9775
   11760       1.0329
   11761       1.0241
   11762       1.0531
   11763       1.0378
   11764       1.0529
   11765       0.9694
   11766       1.0818
   11767       1.1092
   11768       1.2447
   11769       1.2594
   11770       1.2041
   11771       1.2990
   11772       1.2370
   11773       1.3423
   11774       1.2500
   11775       1.2204
   11776       1.1692
   11777       1.2382
   11778       1.1982
   11779       1.2137
   11780       1.2814
   11781       1.1713
   11782       1.3434
   11783       1.4021
   11784       1.2779
   11785       1.1938
   11786       1.1937
   11787       1.1472
   11788       1.1023
   11789       1.1765
   11790       1.1789
   11791       1.1646
   11792       1.1313
   11793       1.1532
   11794       1.1606
   11795       1.0923
   11796       1.1844
   11797       1.0639
   11798       1.1008
   11799       1.0783
   11800       0.9876
   11801       1.1477
   11802       1.0066
   11803       1.0331
   11804       1.0316
   11805       1.0947
   11806       1.0890
   11807       1.0117
   11808       1.2280
   11809       1.0955
   11810       1.2903
   11811       1.2848
   11812       1.0411
   11813       1.1020
   11814       1.1722
   11815       1.1049
   11816       1.1248
   11817       1.0519
   11818       1.0624
   11819       1.1028
   11820       1.1061
   11821       1.0344
   11822       0.9991
   11823       1.0473
   11824       0.9545
   11825       0.9501
   11826       0.9085
   11827       0.9231
   11828       1.0120
   11829       0.8842
   11830       1.0330
   11831       1.1151
   11832       1.1498
   11833       1.0838
   11834       1.1315
   11835       1.1672
   11836       1.1743
   11837       1.2118
   11838       1.0608
   11839       1.0688
   11840       1.0877
   11841       1.0112
   11842       1.0499
   11843       0.9882
   11844       0.9839
   11845       0.9713
   11846       0.9852
   11847       0.9428
   11848       1.0046
   11849       1.0247
   11850       0.9917
   11851       1.0640
   11852       1.1327
   11853       1.0482
   11854       0.9713
   11855       0.9676
   11856       0.9349
   11857       0.9234
   11858       1.0494
   11859       1.0255
   11860       1.0612
   11861       1.0740
   11862       0.9936
   11863       0.9968
   11864       1.1424
   11865       1.1644
   11866       1.2857
   11867       1.1480
   11868       1.2215
   11869       1.3217
   11870       1.2706
   11871       1.1410
   11872       1.0437
   11873       1.0492
   11874       1.0885
   11875       1.1796
   11876       1.0830
   11877       1.0334
   11878       1.0919
   11879       1.0900
   11880       1.0026
   11881       1.0013
   11882       1.0696
   11883       1.0579
   11884       1.0325
   11885       0.9967
   11886       1.0403
   11887       0.9694
   11888       1.0613
   11889       1.1608
   11890       1.0639
   11891       1.1495
   11892       0.9791
   11893       1.0845
   11894       1.1345
   11895       1.0809
   11896       1.0554
   11897       1.1879
   11898       1.1706
   11899       1.1350
   11900       0.9313
   11901       1.0287
   11902       1.2507
   11903       1.1129
   11904       1.2837
   11905       1.1741
   11906       1.3842
   11907       1.2025
   11908       1.2114
   11909       1.1711
   11910       1.1315
   11911       1.1446
   11912       1.1494
   11913       1.3010
   11914       1.1391
   11915       1.1098
   11916       1.0043
   11917       1.0578
   11918       1.1426
   11919       1.1853
   11920       1.2746
   11921       1.2176
   11922       1.1045
   11923       1.1451
   11924       1.0792
   11925       1.2585
   11926       1.2033
   11927       1.3089
   11928       1.1425
   11929       1.1400
   11930       1.2318
   11931       1.2216
   11932       1.0904
   11933       1.1522
   11934       1.1189
   11935       1.2247
   11936       1.1918
   11937       1.2152
   11938       1.1687
   11939       1.1815
   11940       1.1765
   11941       1.0365
   11942       1.1071
   11943       1.0944
   11944       1.1189
   11945       1.0438
   11946       0.9744
   11947       1.0121
   11948       0.9543
   11949       1.0437
   11950       1.0559
   11951       1.0316
   11952       1.0243
   11953       0.9794
   11954       0.9513
   11955       0.9599
   11956       1.0182
   11957       0.9782
   11958       1.1013
   11959       1.0263
   11960       1.0199
   11961       1.0026
   11962       1.1005
   11963       1.1189
   11964       0.9717
   11965       1.0224
   11966       0.9824
   11967       0.9257
   11968       0.9536
   11969       0.9765
   11970       1.0281
   11971       0.9413
   11972       0.9167
   11973       0.9733
   11974       0.9927
   11975       1.0294
   11976       1.0248
   11977       1.0564
   11978       1.0565
   11979       1.1192
   11980       1.0754
   11981       1.1362
   11982       1.2201
   11983       1.2136
   11984       1.1679
   11985       1.0890
   11986       1.0783
   11987       1.0257
   11988       1.1221
   11989       1.1093
   11990       1.1342
   11991       1.1209
   11992       1.1971
   11993       1.2212
   11994       1.1679
   11995       1.2638
   11996       1.1546
   11997       1.2996
   11998       1.2921
   11999       1.3127
   12000       1.1823
   12001       1.1647
   12002       1.1341
   12003       1.2120
   12004       1.1178
   12005       1.1646
   12006       1.0167
   12007       0.9996
   12008       1.2009
   12009       1.0789
   12010       1.0761
   12011       1.0749
   12012       1.0844
   12013       1.0740
   12014       1.1602
   12015       1.1785
   12016       1.1613
   12017       1.1350
   12018       1.1229
   12019       1.1522
   12020       1.0676
   12021       1.1297
   12022       1.1305
   12023       1.1430
   12024       1.2071
   12025       1.2935
   12026       1.4336
   12027       1.2871
   12028       1.3023
   12029       1.1755
   12030       1.2499
   12031       1.1978
   12032       1.2060
   12033       1.3101
   12034       1.2277
   12035       1.1946
   12036       1.2234
   12037       1.1169
   12038       1.1409
   12039       1.1963
   12040       1.1784
   12041       1.0820
   12042       1.2052
   12043       1.1598
   12044       1.2603
   12045       1.2875
   12046       1.0989
   12047       1.1823
   12048       1.1835
   12049       1.2576
   12050       1.1089
   12051       1.0756
   12052       1.1284
   12053       1.0908
   12054       1.1929
   12055       1.3057
   12056       1.2385
   12057       1.3795
   12058       1.3369
   12059       1.3375
   12060       1.3130
   12061       1.2448
   12062       1.1741
   12063       1.2186
   12064       1.1477
   12065       1.2154
   12066       1.3370
   12067       1.2649
   12068       1.2444
   12069       1.2752
   12070       1.2055
   12071       1.2048
   12072       1.1644
   12073       1.1804
   12074       1.1767
   12075       1.1188
   12076       1.1386
   12077       1.1541
   12078       1.1350
   12079       1.1528
   12080       1.2113
   12081       1.2571
   12082       1.2188
   12083       1.1733
   12084       1.1551
   12085       1.1604
   12086       1.2358
   12087       1.1771
   12088       1.1414
   12089       1.0632
   12090       1.0980
   12091       1.1189
   12092       1.2267
   12093       1.1785
   12094       1.2871
   12095       1.2368
   12096       1.1675
   12097       1.1985
   12098       1.0513
   12099       1.1456
   12100       1.0455
   12101       1.1137
   12102       1.0935
   12103       1.1998
   12104       1.1900
   12105       1.1061
   12106       1.1472
   12107       1.1601
   12108       1.2227
   12109       1.1531
   12110       1.1104
   12111       1.1250
   12112       1.1276
   12113       1.1187
   12114       1.1884
   12115       1.1905
   12116       1.1542
   12117       1.1604
   12118       1.1754
   12119       1.2175
   12120       1.2105
   12121       1.2484
   12122       1.1405
   12123       1.2161
   12124       1.1150
   12125       1.1586
   12126       1.2368
   12127       1.2512
   12128       1.2021
   12129       1.2845
   12130       1.2313
   12131       1.1869
   12132       1.1964
   12133       1.2444
   12134       1.2056
   12135       1.2314
   12136       1.1453
   12137       1.2126
   12138       1.3159
   12139       1.2557
   12140       1.3317
   12141       1.2866
   12142       1.2311
   12143       1.3031
   12144       1.2023
   12145       1.2510
   12146       1.1677
   12147       1.3278
   12148       1.1744
   12149       1.0783
   12150       1.1196
   12151       1.1796
   12152       1.2625
   12153       1.3628
   12154       1.3977
   12155       1.3379
   12156       1.2697
   12157       1.3624
   12158       1.3514
   12159       1.2691
   12160       1.3465
   12161       1.2321
   12162       1.2972
   12163       1.2362
   12164       1.2710
   12165       1.4176
   12166       1.3881
   12167       1.2641
   12168       1.3690
   12169       1.4420
   12170       1.3365
   12171       1.2638
   12172       1.2428
   12173       1.3316
   12174       1.2100
   12175       1.3386
   12176       1.2992
   12177       1.2602
   12178       1.2516
   12179       1.2884
   12180       1.3173
   12181       1.3274
   12182       1.2327
   12183       1.2076
   12184       1.2236
   12185       1.2236
   12186       1.2978
   12187       1.3351
   12188       1.3136
   12189       1.2750
   12190       1.3014
   12191       1.1888
   12192       1.1814
   12193       1.2495
   12194       1.1661
   12195       1.1585
   12196       1.0610
   12197       1.0173
   12198       1.0736
   12199       1.1569
   12200       1.0417
   12201       1.0656
   12202       1.0226
   12203       1.0684
   12204       1.0083
   12205       1.0519
   12206       1.0650
   12207       1.0056
   12208       1.0088
   12209       1.0411
   12210       0.9720
   12211       1.0505
   12212       0.9514
   12213       1.0085
   12214       1.0892
   12215       1.0817
   12216       1.0571
   12217       1.1068
   12218       1.0663
   12219       1.0824
   12220       1.1312
   12221       1.1262
   12222       1.1817
   12223       1.1330
   12224       1.2192
   12225       1.2982
   12226       1.1278
   12227       1.1054
   12228       0.9138
   12229       0.9551
   12230       0.9809
   12231       0.9429
   12232       0.9530
   12233       0.9921
   12234       1.0077
   12235       0.8650
   12236       1.0054
   12237       1.0532
   12238       1.0471
   12239       1.0777
   12240       1.0843
   12241       1.0453
   12242       1.0489
   12243       1.0675
   12244       1.0401
   12245       0.9443
   12246       1.0517
   12247       0.9509
   12248       1.0158
   12249       0.9244
   12250       0.9311
   12251       0.9713
   12252       0.8740
   12253       0.7889
   12254       0.9009
   12255       0.8798
   12256       0.9286
   12257       0.8920
   12258       1.0388
   12259       1.0805
   12260       0.9843
   12261       1.0613
   12262       0.9758
   12263       0.8952
   12264       0.9540
   12265       1.0467
   12266       0.9812
   12267       0.9389
   12268       0.9294
   12269       0.9927
   12270       0.9675
   12271       0.9857
   12272       0.8969
   12273       0.9320
   12274       0.9346
   12275       1.0196
   12276       1.0655
   12277       1.0278
   12278       0.9380
   12279       1.0065
   12280       1.0133
   12281       1.0280
   12282       1.1358
   12283       1.0208
   12284       0.9937
   12285       0.8709
   12286       0.9991
   12287       0.9419
   12288       0.9935
   12289       0.9791
   12290       1.1256
   12291       1.0645
   12292       1.0896
   12293       1.0311
   12294       1.0705
   12295       1.0867
   12296       0.9673
   12297       1.0200
   12298       1.1012
   12299       1.0689
   12300       1.0320
   12301       1.0903
   12302       1.0776
   12303       0.9840
   12304       1.1896
   12305       1.1590
   12306       1.2785
   12307       1.4411
   12308       1.2069
   12309       1.0952
   12310       1.1981
   12311       1.0823
   12312       0.9449
   12313       0.9734
   12314       1.0365
   12315       0.9689
   12316       1.0069
   12317       1.0302
   12318       0.9210
   12319       1.0592
   12320       1.0475
   12321       1.1706
   12322       1.0454
   12323       1.1298
   12324       1.1090
   12325       1.1266
   12326       1.1005
   12327       1.1027
   12328       1.0392
   12329       1.0442
   12330       1.0878
   12331       1.0432
   12332       1.0051
   12333       1.0948
   12334       1.0688
   12335       1.0401
   12336       0.9847
   12337       1.0163
   12338       1.0302
   12339       1.0408
   12340       0.8551
   12341       0.9184
   12342       0.9808
   12343       0.9163
   12344       1.0182
   12345       0.9628
   12346       0.8834
   12347       0.8557
   12348       0.9151
   12349       0.8994
   12350       0.8830
   12351       0.9167
   12352       0.8807
   12353       0.8203
   12354       0.8985
   12355       0.9203
   12356       0.9256
   12357       0.9621
   12358       0.9532
   12359       0.9032
   12360       0.8714
   12361       0.8429
   12362       1.0013
   12363       0.8664
   12364       0.8532
   12365       0.7737
   12366       0.8280
   12367       0.8916
   12368       0.9256
   12369       0.8818
   12370       0.9075
   12371       1.0417
   12372       0.9712
   12373       0.9310
   12374       0.9546
   12375       0.9463
   12376       0.9479
   12377       0.9003
   12378       1.0198
   12379       0.9013
   12380       0.8586
   12381       0.9708
   12382       0.9199
   12383       0.9651
   12384       0.9707
   12385       0.9578
   12386       0.9944
   12387       0.9963
   12388       1.0934
   12389       1.1408
   12390       1.0528
   12391       1.0781
   12392       1.0606
   12393       1.0768
   12394       0.9540
   12395       0.9594
   12396       0.7797
   12397       0.8167
   12398       0.9685
   12399       0.8416
   12400       0.9780
   12401       1.0765
   12402       1.0066
   12403       0.9373
   12404       1.0550
   12405       1.0388
   12406       1.1280
   12407       1.0333
   12408       1.0354
   12409       0.9219
   12410       0.9553
   12411       0.9262
   12412       0.9963
   12413       0.9071
   12414       1.0054
   12415       0.8994
   12416       0.8253
   12417       0.9789
   12418       0.8388
   12419       0.8884
   12420       0.8979
   12421       0.9812
   12422       1.0347
   12423       0.9471
   12424       0.9025
   12425       0.9518
   12426       0.9565
   12427       1.0173
   12428       1.0876
   12429       1.0215
   12430       1.0927
   12431       1.0784
   12432       1.0948
   12433       0.9973
   12434       1.1230
   12435       1.0146
   12436       1.0324
   12437       1.1765
   12438       1.1160
   12439       1.0578
   12440       1.0693
   12441       1.1890
   12442       1.1054
   12443       1.0974
   12444       1.1008
   12445       1.0207
   12446       1.1218
   12447       1.1071
   12448       0.8927
   12449       1.0077
   12450       0.9447
   12451       0.9128
   12452       0.9642
   12453       1.0542
   12454       0.9896
   12455       1.1076
   12456       0.9927
   12457       1.1125
   12458       1.0857
   12459       1.0691
   12460       0.9634
   12461       0.8943
   12462       1.0635
   12463       0.8469
   12464       0.9842
   12465       0.9685
   12466       0.9404
   12467       1.1049
   12468       1.1232
   12469       1.0041
   12470       1.0779
   12471       0.9244
   12472       1.1356
   12473       1.1851
   12474       1.1229
   12475       1.0920
   12476       1.0396
   12477       0.9733
   12478       1.0661
   12479       1.1428
   12480       1.0732
   12481       1.0779
   12482       1.1315
   12483       1.1525
   12484       1.2140
   12485       1.2124
   12486       1.0804
   12487       1.0582
   12488       1.0116
   12489       0.8983
   12490       0.9861
   12491       0.9620
   12492       0.9656
   12493       0.8543
   12494       0.9552
   12495       1.0123
   12496       0.9496
   12497       0.9882
   12498       1.0345
   12499       1.0598
   12500       0.9887
   12501       0.9535
   12502       0.9605
   12503       0.9253
   12504       0.9614
   12505       0.8888
   12506       0.9165
   12507       0.9222
   12508       0.8684
   12509       0.8000
   12510       1.0524
   12511       1.0235
   12512       0.9605
   12513       0.8602
   12514       0.8508
   12515       0.8916
   12516       0.9841
   12517       1.0040
   12518       1.1694
   12519       0.9979
   12520       1.0332
   12521       0.8229
   12522       1.0698
   12523       0.9664
   12524       1.0424
   12525       0.9126
   12526       0.9606
   12527       1.1876
   12528       1.0497
   12529       1.0785
   12530       1.1356
   12531       1.1019
   12532       0.9709
   12533       1.0452
   12534       1.0771
   12535       1.0313
   12536       1.1521
   12537       1.0528
   12538       0.9878
   12539       1.1410
   12540       1.1100
   12541       1.0758
   12542       0.9333
   12543       0.9515
   12544       0.9503
   12545       1.0205
   12546       0.9813
   12547       1.0226
   12548       1.1189
   12549       0.9507
   12550       0.9458
   12551       1.0597
   12552       0.9976
   12553       0.9807
   12554       1.0586
   12555       1.0343
   12556       1.0522
   12557       1.1032
   12558       1.1217
   12559       1.0570
   12560       1.0283
   12561       1.0987
   12562       1.1501
   12563       1.1531
   12564       1.1652
   12565       1.1911
   12566       1.1503
   12567       1.1383
   12568       1.1370
   12569       1.1293
   12570       0.9652
   12571       1.0042
   12572       1.0769
   12573       1.1408
   12574       1.0011
   12575       1.0747
   12576       1.0723
   12577       1.1632
   12578       1.0763
   12579       1.0337
   12580       0.9436
   12581       1.0135
   12582       1.0164
   12583       1.1034
   12584       1.1644
   12585       1.0130
   12586       1.1127
   12587       1.0810
   12588       1.0412
   12589       0.9184
   12590       1.0072
   12591       0.9534
   12592       0.9238
   12593       0.9550
   12594       0.9828
   12595       0.9076
   12596       0.9858
   12597       0.9699
   12598       0.9892
   12599       1.0571
   12600       0.9673
   12601       0.9229
   12602       1.0362
   12603       1.0250
   12604       0.8985
   12605       0.9373
   12606       1.0813
   12607       0.9681
   12608       0.9910
   12609       0.9685
   12610       0.9703
   12611       0.8506
   12612       0.9190
   12613       1.0125
   12614       0.9930
   12615       0.9633
   12616       1.0220
   12617       1.0425
   12618       1.0368
   12619       0.9976
   12620       1.1170
   12621       0.9862
   12622       1.0432
   12623       0.9327
   12624       1.0564
   12625       1.0057
   12626       0.9617
   12627       0.9303
   12628       0.8936
   12629       1.0487
   12630       0.9992
   12631       0.9098
   12632       1.1224
   12633       1.0335
   12634       0.9434
   12635       0.9416
   12636       0.8234
   12637       0.7400
   12638       0.8386
   12639       0.9420
   12640       0.9367
   12641       0.8675
   12642       0.9414
   12643       0.8883
   12644       1.0819
   12645       1.0504
   12646       0.9300
   12647       0.9741
   12648       1.0364
   12649       1.0951
   12650       1.0345
   12651       1.0161
   12652       1.0431
   12653       1.1046
   12654       1.0278
   12655       1.0833
   12656       1.3649
   12657       1.3599
   12658       1.2081
   12659       1.0914
   12660       1.1591
   12661       1.1042
   12662       1.3031
   12663       1.1971
   12664       1.0754
   12665       1.1126
   12666       1.1655
   12667       1.0607
   12668       1.1256
   12669       1.2425
   12670       1.2194
   12671       1.2262
   12672       1.1404
   12673       1.0061
   12674       1.1395
   12675       1.0796
   12676       1.1093
   12677       1.0887
   12678       0.9448
   12679       1.1000
   12680       1.2088
   12681       1.1400
   12682       1.2277
   12683       1.1480
   12684       1.0413
   12685       1.0019
   12686       0.9137
   12687       0.9612
   12688       0.8993
   12689       0.9637
   12690       0.9967
   12691       0.9712
   12692       1.0295
   12693       0.9814
   12694       0.8966
   12695       0.9311
   12696       1.0085
   12697       0.9603
   12698       1.0156
   12699       1.0779
   12700       1.0992
   12701       1.2503
   12702       1.1858
   12703       1.2640
   12704       1.2009
   12705       1.1285
   12706       1.1883
   12707       1.2223
   12708       1.3818
   12709       1.2601
   12710       1.3105
   12711       1.3140
   12712       1.2149
   12713       1.1170
   12714       1.1389
   12715       1.1539
   12716       1.1929
   12717       1.3632
   12718       1.3455
   12719       1.2515
   12720       1.1877
   12721       1.1841
   12722       1.1458
   12723       1.1116
   12724       1.1919
   12725       1.2456
   12726       1.2804
   12727       1.1423
   12728       1.0749
   12729       1.0802
   12730       1.0805
   12731       1.1991
   12732       1.2330
   12733       1.2439
   12734       1.2843
   12735       1.1889
   12736       1.1321
   12737       1.1680
   12738       1.1999
   12739       1.1777
   12740       1.0771
   12741       0.9638
   12742       0.9805
   12743       0.9171
   12744       0.8778
   12745       0.9115
   12746       0.9480
   12747       0.9620
   12748       0.9178
   12749       0.8679
   12750       0.8507
   12751       0.8998
   12752       0.8967
   12753       0.9999
   12754       1.0437
   12755       1.0341
   12756       1.0258
   12757       1.0030
   12758       1.0357
   12759       0.9349
   12760       1.0307
   12761       0.9597
   12762       0.9852
   12763       0.9993
   12764       1.0485
   12765       1.0016
   12766       0.9876
   12767       1.0705
   12768       1.1486
   12769       1.2100
   12770       1.2168
   12771       1.0461
   12772       1.1748
   12773       1.0606
   12774       1.1036
   12775       1.0773
   12776       0.9827
   12777       1.0113
   12778       1.0643
   12779       1.0631
   12780       0.9271
   12781       0.8756
   12782       0.9977
   12783       0.9230
   12784       0.9066
   12785       1.0789
   12786       1.0340
   12787       1.0922
   12788       1.0444
   12789       1.1210
   12790       1.2339
   12791       1.2662
   12792       1.0945
   12793       0.9632
   12794       1.0385
   12795       1.0234
   12796       1.0140
   12797       1.0613
   12798       1.1275
   12799       1.1037
   12800       0.9887
   12801       1.1326
   12802       1.0601
   12803       0.9811
   12804       0.9666
   12805       0.9588
   12806       1.0360
   12807       1.0784
   12808       1.0089
   12809       1.0028
   12810       0.9541
   12811       0.9273
   12812       0.9080
   12813       1.0089
   12814       1.0212
   12815       1.0121
   12816       1.0141
   12817       0.9649
   12818       1.0107
   12819       1.0463
   12820       1.2296
   12821       1.1182
   12822       1.1859
   12823       1.2059
   12824       1.0796
   12825       1.2587
   12826       1.3275
   12827       1.3336
   12828       1.3216
   12829       1.2153
   12830       1.0845
   12831       1.1643
   12832       1.0124
   12833       1.0816
   12834       1.1892
   12835       1.0401
   12836       1.1007
   12837       1.0903
   12838       1.0170
   12839       0.9878
   12840       0.9230
   12841       0.9248
   12842       0.7728
   12843       0.8915
   12844       0.8823
   12845       0.9470
   12846       0.8448
   12847       0.9623
   12848       0.9439
   12849       0.9831
   12850       0.9856
   12851       1.0266
   12852       0.9985
   12853       1.0491
   12854       0.8736
   12855       1.1865
   12856       1.1574
   12857       1.2541
   12858       1.1168
   12859       1.1394
   12860       1.1298
   12861       0.9949
   12862       0.9909
   12863       1.0823
   12864       1.0383
   12865       1.0095
   12866       0.9896
   12867       0.9641
   12868       0.9934
   12869       1.0451
   12870       1.1020
   12871       1.0003
   12872       1.0528
   12873       1.0188
   12874       1.0619
   12875       1.1167
   12876       0.9767
   12877       0.9289
   12878       0.8618
   12879       0.8751
   12880       0.9499
   12881       0.9985
   12882       1.0753
   12883       0.8270
   12884       0.9471
   12885       0.8631
   12886       0.8726
   12887       0.8826
   12888       0.8516
   12889       0.8586
   12890       0.9559
   12891       0.8446
   12892       0.8133
   12893       0.8423
   12894       0.9058
   12895       1.0664
   12896       1.0172
   12897       1.0439
   12898       0.9297
   12899       0.9997
   12900       1.0550
   12901       1.0813
   12902       1.0248
   12903       0.9217
   12904       1.0525
   12905       0.9328
   12906       0.9975
   12907       1.0407
   12908       1.0080
   12909       1.0708
   12910       1.0705
   12911       1.1602
   12912       1.3578
   12913       1.3764
   12914       1.2949
   12915       1.2633
   12916       1.1769
   12917       1.1950
   12918       1.1641
   12919       1.0756
   12920       1.0184
   12921       0.9915
   12922       1.0179
   12923       1.2466
   12924       1.1819
   12925       1.1405
   12926       1.0568
   12927       1.1250
   12928       1.1962
   12929       1.1779
   12930       1.2417
   12931       1.1765
   12932       1.1896
   12933       1.1563
   12934       1.1360
   12935       1.0471
   12936       1.0637
   12937       1.0813
   12938       0.8727
   12939       1.0188
   12940       1.0080
   12941       1.0535
   12942       1.0145
   12943       1.0347
   12944       0.9276
   12945       0.9315
   12946       1.0615
   12947       1.0989
   12948       1.0450
   12949       1.1043
   12950       0.8776
   12951       0.9420
   12952       1.0202
   12953       0.9892
   12954       1.1498
   12955       1.2420
   12956       1.1539
   12957       1.2620
   12958       1.0660
   12959       1.0690
   12960       0.9050
   12961       1.1099
   12962       1.0909
   12963       1.1599
   12964       1.1960
   12965       1.0899
   12966       1.0488
   12967       0.9676
   12968       1.0025
   12969       0.9502
   12970       1.0805
   12971       0.9850
   12972       1.0563
   12973       1.1155
   12974       1.1588
   12975       1.1861
   12976       1.0717
   12977       1.0695
   12978       0.9759
   12979       1.0331
   12980       1.1369
   12981       1.1525
   12982       1.2165
   12983       1.2940
   12984       1.1595
   12985       1.1625
   12986       1.0554
   12987       1.1531
   12988       1.1041
   12989       1.0884
   12990       1.0621
   12991       1.0613
   12992       1.0231
   12993       1.1162
   12994       1.3544
   12995       1.2830
   12996       1.1372
   12997       1.2507
   12998       1.1577
   12999       1.0681
   13000       1.0912
   13001       1.1070
   13002       1.1240
   13003       1.1632
   13004       1.0081
   13005       0.9834
   13006       0.9088
   13007       1.0039
   13008       1.0684
   13009       1.0240
   13010       1.0450
   13011       1.0017
   13012       1.0558
   13013       1.0764
   13014       1.0755
   13015       1.1433
   13016       1.1776
   13017       1.1314
   13018       1.0233
   13019       1.0380
   13020       1.1241
   13021       1.0623
   13022       1.1306
   13023       0.9432
   13024       1.0961
   13025       1.0919
   13026       1.0793
   13027       1.0767
   13028       1.1139
   13029       1.1643
   13030       1.1163
   13031       1.0136
   13032       1.0137
   13033       1.1054
   13034       1.1705
   13035       1.3396
   13036       1.2870
   13037       1.2685
   13038       1.2044
   13039       1.2059
   13040       1.2363
   13041       1.1568
   13042       1.1136
   13043       1.0762
   13044       1.0710
   13045       1.1002
   13046       1.0822
   13047       1.1626
   13048       1.2511
   13049       1.3863
   13050       1.1869
   13051       1.1699
   13052       1.2188
   13053       1.1158
   13054       1.1199
   13055       1.1051
   13056       1.1029
   13057       0.9925
   13058       1.0134
   13059       1.0643
   13060       1.1511
   13061       1.0881
   13062       1.0496
   13063       1.2333
   13064       1.0765
   13065       1.1519
   13066       1.1050
   13067       1.1199
   13068       1.0816
   13069       1.1562
   13070       1.1457
   13071       1.1037
   13072       1.1270
   13073       1.1083
   13074       1.0963
   13075       1.1415
   13076       1.0812
   13077       1.0724
   13078       1.0179
   13079       1.1097
   13080       1.2282
   13081       1.1363
   13082       1.1946
   13083       1.1117
   13084       1.0252
   13085       1.0581
   13086       1.1553
   13087       1.1847
   13088       1.1591
   13089       1.1908
   13090       1.2152
   13091       1.2301
   13092       1.0189
   13093       1.0662
   13094       1.2482
   13095       1.3760
   13096       1.2765
   13097       1.2728
   13098       1.1553
   13099       1.2305
   13100       1.3035
   13101       1.2807
   13102       1.2473
   13103       1.1371
   13104       1.1691
   13105       1.0934
   13106       1.0750
   13107       1.1749
   13108       1.1899
   13109       1.2687
   13110       1.1934
   13111       1.1594
   13112       1.1660
   13113       1.0390
   13114       1.1235
   13115       1.0164
   13116       1.0282
   13117       0.9562
   13118       1.0376
   13119       1.0121
   13120       0.9762
   13121       0.9853
   13122       0.9574
   13123       1.0361
   13124       0.8836
   13125       0.9632
   13126       0.9187
   13127       0.9929
   13128       0.9488
   13129       0.7958
   13130       0.8377
   13131       0.8511
   13132       0.8963
   13133       0.8126
   13134       0.9630
   13135       0.9807
   13136       0.8732
   13137       0.9858
   13138       0.9753
   13139       1.1153
   13140       1.1963
   13141       1.0396
   13142       0.9620
   13143       0.9529
   13144       1.1140
   13145       1.0151
   13146       1.0988
   13147       1.1002
   13148       0.9768
   13149       1.0181
   13150       1.0041
   13151       0.9334
   13152       1.0210
   13153       1.0796
   13154       0.9421
   13155       1.0299
   13156       0.8153
   13157       0.8246
   13158       0.9454
   13159       1.0509
   13160       1.0550
   13161       0.9702
   13162       1.0274
   13163       0.8966
   13164       0.8718
   13165       0.9869
   13166       0.9004
   13167       0.8817
   13168       1.0073
   13169       1.0926
   13170       1.0492
   13171       1.2178
   13172       1.2556
   13173       1.1112
   13174       1.2221
   13175       1.1610
   13176       1.0412
   13177       1.2470
   13178       1.2298
   13179       1.1909
   13180       1.1724
   13181       1.1160
   13182       0.9816
   13183       1.0651
   13184       1.2291
   13185       1.1183
   13186       1.0324
   13187       1.2365
   13188       1.2092
   13189       1.1644
   13190       1.1891
   13191       1.4039
   13192       1.3719
   13193       1.1998
   13194       1.0632
   13195       1.1514
   13196       1.0746
   13197       1.1611
   13198       1.2383
   13199       1.1574
   13200       1.2013
   13201       1.1435
   13202       1.2104
   13203       1.1897
   13204       1.1771
   13205       1.3516
   13206       1.3237
   13207       1.3517
   13208       1.2327
   13209       1.4241
   13210       1.3472
   13211       1.4522
   13212       1.5219
   13213       1.6120
   13214       1.6008
   13215       1.2905
   13216       1.3236
   13217       1.2330
   13218       1.2937
   13219       1.4128
   13220       1.1792
   13221       1.1621
   13222       1.2827
   13223       1.3777
   13224       1.3523
   13225       1.3104
   13226       1.3564
   13227       1.4829
   13228       1.3651
   13229       1.4372
   13230       1.2495
   13231       1.2997
   13232       1.2693
   13233       1.3031
   13234       1.2704
   13235       1.2940
   13236       1.2511
   13237       1.1430
   13238       1.2586
   13239       1.1439
   13240       1.2655
   13241       1.0872
   13242       1.1456
   13243       1.1485
   13244       1.1927
   13245       1.2254
   13246       1.1664
   13247       1.1378
   13248       1.2149
   13249       1.2951
   13250       1.2654
   13251       1.1698
   13252       1.1843
   13253       1.2523
   13254       1.2470
   13255       1.2329
   13256       1.2249
   13257       1.0655
   13258       1.1076
   13259       1.2615
   13260       1.0908
   13261       1.1373
   13262       1.1207
   13263       1.0261
   13264       0.9456
   13265       0.9753
   13266       0.9764
   13267       0.9688
   13268       0.9829
   13269       0.9492
   13270       1.0003
   13271       0.9921
   13272       0.9491
   13273       0.9137
   13274       0.9579
   13275       0.9752
   13276       0.9738
   13277       0.9644
   13278       1.0308
   13279       1.2255
   13280       1.1443
   13281       0.9388
   13282       0.9779
   13283       0.9345
   13284       1.0243
   13285       0.9538
   13286       1.0277
   13287       0.9565
   13288       0.8582
   13289       0.8651
   13290       0.9036
   13291       0.9646
   13292       1.0361
   13293       0.9908
   13294       0.9961
   13295       1.0116
   13296       1.1944
   13297       1.2480
   13298       1.1962
   13299       1.0685
   13300       1.0814
   13301       1.0449
   13302       1.0635
   13303       0.9093
   13304       1.0406
   13305       1.0590
   13306       0.9925
   13307       0.9087
   13308       1.0455
   13309       1.0530
   13310       0.9861
   13311       0.9433
   13312       0.8744
   13313       0.9935
   13314       0.9668
   13315       0.8580
   13316       0.8897
   13317       0.9445
   13318       0.9465
   13319       0.9312
   13320       0.8989
   13321       0.8855
   13322       0.9475
   13323       0.9506
   13324       1.0010
   13325       0.9788
   13326       0.9809
   13327       0.9701
   13328       0.8444
   13329       0.8843
   13330       0.8787
   13331       0.9339
   13332       0.9964
   13333       0.9448
   13334       1.0179
   13335       1.0052
   13336       1.0166
   13337       0.9575
   13338       0.9288
   13339       0.9603
   13340       0.8940
   13341       0.8925
   13342       0.9369
   13343       0.9154
   13344       0.8485
   13345       1.0518
   13346       1.1087
   13347       1.1008
   13348       0.9512
   13349       0.9015
   13350       0.8686
   13351       0.9909
   13352       0.8769
   13353       0.8558
   13354       0.9773
   13355       0.9085
   13356       0.8920
   13357       0.9009
   13358       0.8520
   13359       0.7875
   13360       0.8441
   13361       0.8982
   13362       1.0040
   13363       1.0541
   13364       1.2207
   13365       1.0906
   13366       0.9841
   13367       0.7838
   13368       0.8730
   13369       0.9361
   13370       0.8990
   13371       0.9990
   13372       0.8812
   13373       0.9862
   13374       0.9365
   13375       0.8558
   13376       0.8045
   13377       0.8364
   13378       0.8360
   13379       0.7549
   13380       0.7896
   13381       0.9129
   13382       0.8763
   13383       0.8809
   13384       0.9548
   13385       0.8857
   13386       0.8565
   13387       0.8946
   13388       0.8547
   13389       1.0278
   13390       0.8912
   13391       0.8504
   13392       0.8633
   13393       0.8565
   13394       0.9309
   13395       0.8818
   13396       1.0008
   13397       0.9926
   13398       1.0085
   13399       0.9695
   13400       1.0019
   13401       0.9825
   13402       1.0029
   13403       1.0501
   13404       1.0400
   13405       0.9584
   13406       0.9852
   13407       1.1675
   13408       1.1528
   13409       1.1612
   13410       1.0997
   13411       0.9729
   13412       0.9060
   13413       1.1598
   13414       0.9663
   13415       1.0234
   13416       0.6771
   13417       0.9133
   13418       0.9334
   13419       1.1904
   13420       1.0680
   13421       0.8788
   13422       0.9128
   13423       0.8971
   13424       0.9581
   13425       0.8552
   13426       0.8430
   13427       0.9884
   13428       1.0904
   13429       0.9596
   13430       0.9888
   13431       0.7963
   13432       0.9086
   13433       0.8633
   13434       0.8166
   13435       0.7395
   13436       0.8931
   13437       0.8841
   13438       0.8026
   13439       0.7702
   13440       0.9515
   13441       0.9805
   13442       0.8794
   13443       0.8902
   13444       0.9134
   13445       0.9856
   13446       1.0114
   13447       0.9413
   13448       0.9764
   13449       0.9661
   13450       0.8896
   13451       0.9234
   13452       0.9159
   13453       0.9338
   13454       0.8576
   13455       0.8663
   13456       0.9574
   13457       0.8961
   13458       0.9448
   13459       0.8636
   13460       0.9246
   13461       0.8554
   13462       0.9690
   13463       1.1136
   13464       1.1069
   13465       0.8878
   13466       0.9870
   13467       0.8835
   13468       1.0308
   13469       0.9538
   13470       0.9754
   13471       0.9660
   13472       0.8882
   13473       0.8767
   13474       0.8934
   13475       0.9033
   13476       0.9160
   13477       0.8795
   13478       0.9273
   13479       0.9487
   13480       0.9972
   13481       0.8462
   13482       0.9556
   13483       0.9586
   13484       0.9915
   13485       1.0104
   13486       1.0481
   13487       0.9847
   13488       1.0472
   13489       0.9255
   13490       0.9955
   13491       0.8295
   13492       0.8853
   13493       1.0121
   13494       0.9657
   13495       0.8712
   13496       0.9054
   13497       0.8142
   13498       0.9379
   13499       0.9061
   13500       0.8382
   13501       0.9296
   13502       1.0189
   13503       1.0026
   13504       1.0805
   13505       1.1844
   13506       1.0307
   13507       0.9733
   13508       1.0326
   13509       0.9074
   13510       0.8985
   13511       0.9410
   13512       0.8933
   13513       0.9358
   13514       0.9055
   13515       0.8908
   13516       0.9256
   13517       0.8531
   13518       0.8616
   13519       0.8148
   13520       0.9897
   13521       0.9393
   13522       0.9077
   13523       0.9822
   13524       0.8360
   13525       0.9143
   13526       0.9815
   13527       1.1020
   13528       1.0903
   13529       0.9868
   13530       1.0015
   13531       1.1871
   13532       1.2265
   13533       1.2763
   13534       1.0969
   13535       0.9640
   13536       0.9664
   13537       1.0097
   13538       1.1381
   13539       1.0486
   13540       1.0828
   13541       0.9611
   13542       0.8572
   13543       0.8908
   13544       0.9237
   13545       0.8433
   13546       0.9625
   13547       0.8703
   13548       0.9574
   13549       0.9418
   13550       0.8732
   13551       0.9451
   13552       0.9154
   13553       0.9763
   13554       1.0284
   13555       0.9581
   13556       0.9580
   13557       1.1429
   13558       0.9957
   13559       1.0570
   13560       0.9015
   13561       0.8563
   13562       0.9706
   13563       0.8728
   13564       0.9426
   13565       0.9836
   13566       1.0041
   13567       0.9699
   13568       1.0681
   13569       1.0604
   13570       1.1320
   13571       1.1034
   13572       1.1286
   13573       1.0841
   13574       1.0113
   13575       0.8933
   13576       0.9117
   13577       0.9036
   13578       1.0495
   13579       0.8852
   13580       0.9235
   13581       0.8157
   13582       0.8632
   13583       0.9519
   13584       0.8148
   13585       0.8705
   13586       0.9669
   13587       1.0156
   13588       0.8620
   13589       0.9795
   13590       0.9859
   13591       1.0732
   13592       1.0960
   13593       0.9960
   13594       1.1540
   13595       1.1402
   13596       1.2171
   13597       1.1187
   13598       1.1864
   13599       1.2075
   13600       1.1515
   13601       1.1630
   13602       1.1697
   13603       1.1282
   13604       1.1209
   13605       1.1220
   13606       1.0615
   13607       1.1295
   13608       1.1833
   13609       1.1922
   13610       1.1881
   13611       1.1797
   13612       0.9114
   13613       0.8514
   13614       0.9248
   13615       0.9500
   13616       1.1346
   13617       1.1112
   13618       1.1038
   13619       1.1007
   13620       0.9214
   13621       0.9547
   13622       1.0255
   13623       1.0376
   13624       1.0655
   13625       0.9905
   13626       0.9956
   13627       0.9028
   13628       0.9691
   13629       0.9714
   13630       0.9800
   13631       0.9920
   13632       0.9847
   13633       1.0275
   13634       1.1939
   13635       1.0770
   13636       1.0649
   13637       1.1356
   13638       1.1698
   13639       1.3255
   13640       1.2478
   13641       1.1616
   13642       1.1683
   13643       1.0742
   13644       1.1255
   13645       1.1481
   13646       1.1788
   13647       1.0241
   13648       1.1621
   13649       1.1290
   13650       1.1355
   13651       1.0171
   13652       1.0505
   13653       1.1774
   13654       1.3348
   13655       1.2277
   13656       1.1587
   13657       1.1018
   13658       1.0923
   13659       1.1393
   13660       1.1746
   13661       1.1339
   13662       1.1228
   13663       1.1376
   13664       1.1327
   13665       1.2026
   13666       1.1171
   13667       1.1583
   13668       1.1063
   13669       1.0128
   13670       0.9972
   13671       1.0468
   13672       1.0213
   13673       1.1371
   13674       0.9706
   13675       1.0535
   13676       1.0783
   13677       1.1074
   13678       1.0276
   13679       1.0450
   13680       1.1242
   13681       0.9977
   13682       0.9631
   13683       1.0197
   13684       1.0334
   13685       1.0058
   13686       1.0837
   13687       0.9629
   13688       1.0745
   13689       1.0024
   13690       0.9860
   13691       1.0357
   13692       1.0594
   13693       1.0169
   13694       1.0769
   13695       1.0384
   13696       1.0035
   13697       1.0229
   13698       1.0707
   13699       1.0158
   13700       1.0255
   13701       1.0446
   13702       0.9822
   13703       1.0899
   13704       1.0862
   13705       1.0433
   13706       1.0094
   13707       0.9938
   13708       1.0070
   13709       1.1147
   13710       1.1072
   13711       0.9372
   13712       1.0806
   13713       1.1167
   13714       1.1157
   13715       1.0086
   13716       0.8616
   13717       0.9912
   13718       1.0171
   13719       1.1016
   13720       1.0277
   13721       0.9788
   13722       1.0078
   13723       0.9898
   13724       1.0128
   13725       1.0115
   13726       1.0409
   13727       0.9421
   13728       0.9682
   13729       1.0729
   13730       1.0265
   13731       1.0617
   13732       1.0236
   13733       1.0085
   13734       1.0043
   13735       0.9470
   13736       0.7961
   13737       0.8600
   13738       0.8697
   13739       0.9808
   13740       0.9559
   13741       0.8580
   13742       0.9052
   13743       0.8674
   13744       0.8785
   13745       0.9736
   13746       1.1255
   13747       0.9321
   13748       0.8818
   13749       0.9556
   13750       0.8003
   13751       0.8795
   13752       0.8814
   13753       0.8012
   13754       0.7550
   13755       0.8189
   13756       0.7897
   13757       0.8595
   13758       0.7830
   13759       0.8771
   13760       0.7707
   13761       0.8314
   13762       0.9599
   13763       0.9993
   13764       0.9634
   13765       0.8387
   13766       0.8847
   13767       0.8020
   13768       0.8363
   13769       0.9309
   13770       0.9224
   13771       0.8830
   13772       0.8806
   13773       0.9366
   13774       0.9305
   13775       0.9294
   13776       0.9005
   13777       1.0803
   13778       1.0268
   13779       0.8806
   13780       0.9649
   13781       1.0382
   13782       0.9644
   13783       0.9985
   13784       1.0167
   13785       0.9543
   13786       0.8839
   13787       1.0167
   13788       0.9381
   13789       0.9069
   13790       0.9482
   13791       0.9507
   13792       0.9476
   13793       0.9231
   13794       0.8479
   13795       0.7924
   13796       0.8990
   13797       0.8835
   13798       0.8494
   13799       0.8436
   13800       0.8452
   13801       0.8615
   13802       0.8561
   13803       0.8551
   13804       0.8004
   13805       0.8389
   13806       0.8121
   13807       0.8781
   13808       0.9370
   13809       1.0150
   13810       1.0029
   13811       1.0268
   13812       0.9528
   13813       0.9491
   13814       1.1921
   13815       1.2834
   13816       1.1308
   13817       1.1292
   13818       0.9640
   13819       1.0443
   13820       0.9998
   13821       1.0458
   13822       0.9630
   13823       1.1355
   13824       0.9932
   13825       1.0135
   13826       1.0626
   13827       1.0264
   13828       1.0419
   13829       0.9148
   13830       0.8935
   13831       0.9430
   13832       0.9439
   13833       0.8763
   13834       1.0097
   13835       0.9679
   13836       1.0493
   13837       1.1037
   13838       1.0831
   13839       1.0263
   13840       0.8923
   13841       0.8754
   13842       0.9733
   13843       0.9392
   13844       1.0760
   13845       0.9308
   13846       0.9006
   13847       1.0849
   13848       1.0143
   13849       1.0497
   13850       1.1195
   13851       0.9806
   13852       0.9659
   13853       0.9063
   13854       0.9473
   13855       1.1620
   13856       0.9411
   13857       0.9468
   13858       0.9259
   13859       0.9397
   13860       1.0085
   13861       0.9735
   13862       0.9015
   13863       1.0465
   13864       0.8610
   13865       1.0172
   13866       1.1083
   13867       1.1138
   13868       1.0406
   13869       0.9490
   13870       0.9938
   13871       0.9808
   13872       1.0229
   13873       1.1815
   13874       1.0018
   13875       1.1482
   13876       0.9214
   13877       1.0186
   13878       0.9803
   13879       1.0515
   13880       0.9949
   13881       1.0566
   13882       0.9421
   13883       1.0120
   13884       1.0582
   13885       1.0254
   13886       1.0321
   13887       1.0845
   13888       1.0986
   13889       1.0419
   13890       1.0562
   13891       0.9407
   13892       1.0068
   13893       1.0998
   13894       1.0521
   13895       1.0015
   13896       0.9797
   13897       1.0024
   13898       0.9840
   13899       0.9976
   13900       1.0050
   13901       1.0175
   13902       1.0722
   13903       1.1377
   13904       1.1205
   13905       0.9904
   13906       1.0178
   13907       0.9314
   13908       0.9949
   13909       1.0186
   13910       0.8876
   13911       0.9690
   13912       1.0450
   13913       1.1733
   13914       1.1180
   13915       1.1744
   13916       1.0174
   13917       1.0344
   13918       1.0088
   13919       1.0615
   13920       0.9313
   13921       0.9812
   13922       1.0052
   13923       1.0509
   13924       1.0457
   13925       0.9462
   13926       0.9046
   13927       0.9670
   13928       1.0254
   13929       1.1118
   13930       1.0486
   13931       1.0246
   13932       1.0003
   13933       0.9707
   13934       0.9325
   13935       1.0423
   13936       1.0574
   13937       1.0488
   13938       0.8923
   13939       0.9123
   13940       1.0340
   13941       1.0303
   13942       1.0848
   13943       0.9599
   13944       0.9656
   13945       0.9109
   13946       0.9107
   13947       0.9356
   13948       0.9284
   13949       0.9535
   13950       0.9667
   13951       1.0986
   13952       0.9217
   13953       0.9924
   13954       1.0015
   13955       1.1277
   13956       1.0529
   13957       0.9794
   13958       1.0109
   13959       1.1078
   13960       1.0261
   13961       1.1195
   13962       1.0423
   13963       1.0140
   13964       1.0338
   13965       1.0776
   13966       1.0824
   13967       1.1384
   13968       1.1898
   13969       1.0497
   13970       0.9737
   13971       0.9446
   13972       1.0216
   13973       1.0333
   13974       1.2063
   13975       1.0071
   13976       1.0725
   13977       1.0862
   13978       1.0677
   13979       1.0361
   13980       1.0243
   13981       1.0049
   13982       1.0897
   13983       1.0755
   13984       1.0785
   13985       1.0793
   13986       1.0375
   13987       1.0449
   13988       1.0129
   13989       1.0630
   13990       1.0443
   13991       1.0264
   13992       0.9862
   13993       0.9967
   13994       1.0749
   13995       1.1396
   13996       1.1525
   13997       1.1085
   13998       1.2161
   13999       1.1035
   14000       1.1873
   14001       1.0170
   14002       1.1873
   14003       1.0410
   14004       0.9592
   14005       1.0509
   14006       1.0140
   14007       0.9466
   14008       0.9910
   14009       1.0678
   14010       1.1337
   14011       1.0222
   14012       1.0543
   14013       1.1485
   14014       1.2256
   14015       1.1460
   14016       1.1979
   14017       1.1572
   14018       1.0615
   14019       0.8816
   14020       0.8963
   14021       0.9240
   14022       1.0067
   14023       1.0463
   14024       1.0935
   14025       1.0802
   14026       1.0515
   14027       0.9058
   14028       1.0899
   14029       1.1316
   14030       1.1590
   14031       1.0907
   14032       1.1886
   14033       1.1754
   14034       1.1385
   14035       1.1562
   14036       1.1380
   14037       1.1856
   14038       1.0079
   14039       1.0341
   14040       0.9150
   14041       1.0836
   14042       1.1039
   14043       1.0287
   14044       1.0055
   14045       0.9488
   14046       0.9759
   14047       1.0952
   14048       1.0345
   14049       0.8880
   14050       0.9860
   14051       1.0644
   14052       0.9648
   14053       0.8692
   14054       0.9294
   14055       0.9392
   14056       0.9802
   14057       0.9768
   14058       1.0215
   14059       1.0260
   14060       1.1128
   14061       1.0025
   14062       0.8919
   14063       0.9727
   14064       0.9976
   14065       1.0309
   14066       0.9911
   14067       0.9955
   14068       1.0348
   14069       0.9327
   14070       1.0006
   14071       1.1081
   14072       1.1720
   14073       1.0542
   14074       1.1410
   14075       0.9965
   14076       1.0778
   14077       1.1001
   14078       1.2300
   14079       1.1209
   14080       1.0767
   14081       0.9878
   14082       1.0215
   14083       0.9558
   14084       0.8847
   14085       0.9132
   14086       0.9790
   14087       0.9808
   14088       0.9576
   14089       0.9867
   14090       0.9090
   14091       1.0192
   14092       1.0236
   14093       0.9679
   14094       1.0874
   14095       1.0717
   14096       0.9578
   14097       1.0570
   14098       1.1003
   14099       1.0057
   14100       0.9575
   14101       0.9858
   14102       1.0021
   14103       0.9752
   14104       0.9393
   14105       1.0662
   14106       1.0296
   14107       0.8568
   14108       0.9663
   14109       0.9118
   14110       0.9062
   14111       0.8933
   14112       0.9916
   14113       1.0923
   14114       0.9788
   14115       0.9517
   14116       0.9246
   14117       0.9069
   14118       0.9348
   14119       0.9056
   14120       0.9293
   14121       0.9124
   14122       1.0201
   14123       0.8719
   14124       0.9601
   14125       0.9581
   14126       0.8586
   14127       0.9592
   14128       0.9821
   14129       0.9022
   14130       0.9516
   14131       0.9697
   14132       0.9246
   14133       0.9326
   14134       0.9024
   14135       0.9061
   14136       1.0179
   14137       1.1122
   14138       1.1867
   14139       1.1724
   14140       1.0441
   14141       1.0437
   14142       1.0672
   14143       0.9960
   14144       0.9256
   14145       0.9659
   14146       0.9717
   14147       0.9049
   14148       0.9744
   14149       0.9184
   14150       0.9235
   14151       0.8264
   14152       1.0324
   14153       0.9814
   14154       0.9566
   14155       0.9333
   14156       0.8236
   14157       0.7486
   14158       0.8925
   14159       0.9810
   14160       1.0606
   14161       1.0284
   14162       1.0197
   14163       0.9404
   14164       0.9177
   14165       0.8748
   14166       0.8619
   14167       1.0555
   14168       0.9031
   14169       1.0298
   14170       1.0238
   14171       0.9756
   14172       0.9722
   14173       0.9421
   14174       0.8750
   14175       0.9161
   14176       0.9415
   14177       1.0797
   14178       1.0062
   14179       1.1161
   14180       1.0043
   14181       0.9107
   14182       1.0290
   14183       1.2001
   14184       0.8747
   14185       0.9512
   14186       1.1176
   14187       1.0996
   14188       0.9945
   14189       1.0056
   14190       0.9160
   14191       0.8997
   14192       0.9196
   14193       1.0544
   14194       0.9649
   14195       0.9991
   14196       0.9852
   14197       0.9943
   14198       1.1497
   14199       1.1412
   14200       1.0710
   14201       1.0476
   14202       1.0759
   14203       0.9782
   14204       1.1948
   14205       1.1384
   14206       1.2363
   14207       0.9804
   14208       1.0200
   14209       1.1493
   14210       1.0611
   14211       1.0168
   14212       1.0646
   14213       1.2118
   14214       1.0774
   14215       1.0839
   14216       1.0216
   14217       0.9963
   14218       1.0300
   14219       1.0733
   14220       1.0093
   14221       1.0639
   14222       1.1494
   14223       1.0896
   14224       1.0718
   14225       0.9738
   14226       0.9459
   14227       0.9701
   14228       0.9858
   14229       0.9121
   14230       0.9500
   14231       1.0383
   14232       1.0576
   14233       0.9602
   14234       1.0935
   14235       1.0473
   14236       1.0818
   14237       0.9648
   14238       0.9729
   14239       0.8891
   14240       0.9794
   14241       1.0377
   14242       0.9344
   14243       1.0056
   14244       0.9830
   14245       1.0067
   14246       0.9904
   14247       0.8548
   14248       0.8763
   14249       0.8581
   14250       0.8938
   14251       0.8773
   14252       0.9039
   14253       0.8523
   14254       0.8617
   14255       0.9416
   14256       0.8758
   14257       1.0197
   14258       0.9012
   14259       0.8992
   14260       0.8915
   14261       0.8942
   14262       1.0516
   14263       0.9319
   14264       0.8912
   14265       0.9496
   14266       0.9684
   14267       0.9876
   14268       0.8218
   14269       0.9379
   14270       0.8918
   14271       0.8791
   14272       0.7995
   14273       0.7853
   14274       0.7931
   14275       0.8038
   14276       0.7753
   14277       0.7637
   14278       0.9036
   14279       0.8017
   14280       0.7867
   14281       0.7519
   14282       0.7262
   14283       0.8580
   14284       0.9343
   14285       1.0880
   14286       0.9455
   14287       0.8387
   14288       0.8367
   14289       0.8665
   14290       0.9062
   14291       0.9847
   14292       1.0921
   14293       0.8736
   14294       0.8204
   14295       0.8048
   14296       0.7636
   14297       0.7815
   14298       0.8479
   14299       0.8786
   14300       0.8617
   14301       0.8155
   14302       0.8658
   14303       0.8197
   14304       0.8048
   14305       1.0054
   14306       1.1231
   14307       1.2514
   14308       1.1943
   14309       1.0940
   14310       0.9150
   14311       1.1487
   14312       1.1179
   14313       1.0717
   14314       0.9717
   14315       0.9688
   14316       0.8960
   14317       1.0571
   14318       1.1282
   14319       0.9442
   14320       0.9297
   14321       0.9030
   14322       0.8112
   14323       0.8303
   14324       0.9673
   14325       0.9239
   14326       0.9851
   14327       0.9965
   14328       0.8369
   14329       0.9181
   14330       0.9053
   14331       0.8967
   14332       1.0328
   14333       0.9945
   14334       0.8469
   14335       0.9300
   14336       0.8665
   14337       0.8550
   14338       0.8189
   14339       0.9078
   14340       0.9834
   14341       0.9760
   14342       0.9276
   14343       0.9902
   14344       1.0189
   14345       0.9953
   14346       1.0076
   14347       1.0378
   14348       1.0085
   14349       0.9973
   14350       0.9927
   14351       0.9044
   14352       0.9188
   14353       0.9730
   14354       1.1221
   14355       1.0631
   14356       1.0946
   14357       1.1251
   14358       1.1072
   14359       1.1110
   14360       0.8666
   14361       0.9812
   14362       0.9448
   14363       0.9659
   14364       0.9302
   14365       0.9696
   14366       0.9433
   14367       1.0413
   14368       0.9483
   14369       0.9409
   14370       0.8530
   14371       0.9778
   14372       0.9367
   14373       0.9041
   14374       0.9464
   14375       1.0506
   14376       0.9760
   14377       1.0623
   14378       1.1036
   14379       1.1928
   14380       0.9048
   14381       0.9868
   14382       1.0349
   14383       0.9108
   14384       0.8866
   14385       0.8063
   14386       0.9325
   14387       0.9306
   14388       1.1118
   14389       1.1913
   14390       1.0284
   14391       1.2511
   14392       1.2619
   14393       1.0955
   14394       0.9718
   14395       1.1713
   14396       1.2137
   14397       1.0806
   14398       1.1799
   14399       1.2358
   14400       1.1941
   14401       1.2224
   14402       1.2635
   14403       1.1320
   14404       1.0899
   14405       1.0751
   14406       1.0723
   14407       1.1497
   14408       1.1846
   14409       1.1536
   14410       1.2677
   14411       1.2149
   14412       1.2238
   14413       1.1871
   14414       1.1803
   14415       1.0992
   14416       1.1497
   14417       1.0969
   14418       1.0790
   14419       1.0296
   14420       0.9641
   14421       0.8958
   14422       1.1285
   14423       0.9861
   14424       0.9652
   14425       0.9511
   14426       1.1735
   14427       1.1562
   14428       1.1802
   14429       1.1602
   14430       1.0927
   14431       1.1381
   14432       1.1297
   14433       1.1946
   14434       1.3379
   14435       1.1739
   14436       1.1785
   14437       1.3004
   14438       1.2209
   14439       1.2865
   14440       1.2077
   14441       1.4292
   14442       1.2542
   14443       1.2607
   14444       1.2579
   14445       1.1008
   14446       1.0570
   14447       1.1001
   14448       1.0154
   14449       1.0441
   14450       1.0022
   14451       1.0039
   14452       1.1015
   14453       1.2170
   14454       1.1610
   14455       1.0920
   14456       1.3296
   14457       1.1971
   14458       1.3569
   14459       1.3807
   14460       1.6106
   14461       1.3929
   14462       1.3511
   14463       1.3135
   14464       1.1565
   14465       1.2268
   14466       1.0733
   14467       1.0655
   14468       1.1430
   14469       1.1233
   14470       1.2048
   14471       1.0451
   14472       1.1288
   14473       1.0779
   14474       1.1112
   14475       1.1816
   14476       1.1347
   14477       1.0527
   14478       1.0237
   14479       1.1749
   14480       1.0439
   14481       1.2040
   14482       1.1846
   14483       1.1868
   14484       1.3076
   14485       1.2460
   14486       1.3371
   14487       1.1858
   14488       0.9442
   14489       0.9786
   14490       1.0585
   14491       1.0161
   14492       1.1115
   14493       1.0900
   14494       1.0969
   14495       1.0272
   14496       1.0912
   14497       1.0723
   14498       1.1141
   14499       1.0764
   14500       0.9592
   14501       1.1363
   14502       1.1811
   14503       1.0668
   14504       0.9894
   14505       1.0408
   14506       1.0813
   14507       1.0103
   14508       0.9190
   14509       1.0148
   14510       0.9412
   14511       1.0051
   14512       0.9479
   14513       0.9665
   14514       1.0750
   14515       0.9824
   14516       0.9776
   14517       1.0324
   14518       0.9837
   14519       0.9641
   14520       0.9688
   14521       1.0054
   14522       1.0189
   14523       0.9712
   14524       0.9994
   14525       0.9370
   14526       0.9228
   14527       0.8637
   14528       0.9401
   14529       0.8965
   14530       0.9111
   14531       0.9297
   14532       0.9912
   14533       0.9688
   14534       0.8764
   14535       0.8860
   14536       1.0209
   14537       0.9984
   14538       1.1398
   14539       1.0923
   14540       1.0727
   14541       1.0675
   14542       1.0152
   14543       1.1415
   14544       1.2340
   14545       1.0582
   14546       1.0674
   14547       1.0436
   14548       1.1180
   14549       0.9820
   14550       0.9681
   14551       1.1027
   14552       1.1134
   14553       0.9169
   14554       0.9844
   14555       0.9753
   14556       0.9390
   14557       1.0768
   14558       1.0439
   14559       1.1039
   14560       1.0571
   14561       1.0600
   14562       1.0598
   14563       0.9926
   14564       0.9916
   14565       0.9671
   14566       1.0725
   14567       1.0551
   14568       1.0366
   14569       1.0216
   14570       0.9837
   14571       1.0313
   14572       1.0118
   14573       1.0358
   14574       1.0205
   14575       1.0170
   14576       1.0906
   14577       1.1423
   14578       1.1753
   14579       1.0822
   14580       1.2643
   14581       1.1491
   14582       1.1375
   14583       0.9747
   14584       1.0287
   14585       1.1367
   14586       0.9595
   14587       1.1063
   14588       0.9773
   14589       0.8536
   14590       0.8832
   14591       0.9230
   14592       1.0046
   14593       0.8934
   14594       0.9341
   14595       0.9861
   14596       0.9536
   14597       1.0487
   14598       1.0339
   14599       1.0943
   14600       1.0221
   14601       1.0425
   14602       0.9886
   14603       0.9367
   14604       1.0259
   14605       0.9911
   14606       0.9092
   14607       0.9644
   14608       1.0660
   14609       0.9024
   14610       0.9416
   14611       1.0296
   14612       0.9740
   14613       0.9520
   14614       0.9786
   14615       0.9733
   14616       1.0185
   14617       1.0635
   14618       1.0078
   14619       1.0596
   14620       1.0223
   14621       1.1544
   14622       0.9966
   14623       1.0810
   14624       1.2156
   14625       1.1760
   14626       1.0652
   14627       1.0902
   14628       1.0645
   14629       1.1698
   14630       1.0155
   14631       1.1563
   14632       1.1290
   14633       1.0909
   14634       1.2082
   14635       1.2300
   14636       1.2601
   14637       1.1490
   14638       1.0545
   14639       1.0709
   14640       1.0599
   14641       1.0071
   14642       1.0834
   14643       1.1058
   14644       1.1007
   14645       1.1297
   14646       1.1200
   14647       1.1008
   14648       1.1538
   14649       1.0272
   14650       0.9726
   14651       1.3039
   14652       1.2649
   14653       1.1975
   14654       1.1682
   14655       1.1603
   14656       1.0814
   14657       1.0968
   14658       1.0750
   14659       1.2071
   14660       1.0923
   14661       1.1259
   14662       1.0671
   14663       1.1588
   14664       1.0539
   14665       1.1435
   14666       1.0672
   14667       1.0837
   14668       1.2167
   14669       1.1168
   14670       1.1952
   14671       1.2167
   14672       1.0761
   14673       1.0867
   14674       1.0658
   14675       1.1610
   14676       1.1389
   14677       1.1281
   14678       1.1712
   14679       1.2464
   14680       1.1108
   14681       1.1363
   14682       1.1833
   14683       1.1304
   14684       1.0642
   14685       1.0931
   14686       1.1614
   14687       1.1615
   14688       1.2227
   14689       1.2150
   14690       1.1300
   14691       1.1369
   14692       1.1368
   14693       1.2238
   14694       1.2129
   14695       1.1328
   14696       1.0936
   14697       1.1693
   14698       1.1964
   14699       1.1235
   14700       1.2804
   14701       1.2306
   14702       1.1674
   14703       1.2204
   14704       1.1205
   14705       1.1176
   14706       1.1126
   14707       1.3399
   14708       1.1570
   14709       1.1204
   14710       1.1068
   14711       1.0953
   14712       1.2067
   14713       1.1557
   14714       1.2307
   14715       1.2133
   14716       1.1541
   14717       1.1663
   14718       1.1601
   14719       1.3237
   14720       1.2929
   14721       1.2730
   14722       1.1927
   14723       1.2222
   14724       1.2156
   14725       1.1667
   14726       1.2061
   14727       1.2285
   14728       1.3158
   14729       1.3023
   14730       1.2091
   14731       1.2986
   14732       1.1982
   14733       1.1570
   14734       1.1597
   14735       1.1111
   14736       1.1712
   14737       1.1063
   14738       1.0826
   14739       0.9931
   14740       1.0292
   14741       0.9817
   14742       1.0420
   14743       1.0425
   14744       1.1840
   14745       1.0742
   14746       1.0258
   14747       1.2415
   14748       1.2512
   14749       1.2403
   14750       1.3361
   14751       1.3058
   14752       1.1859
   14753       1.1975
   14754       1.1600
   14755       1.1760
   14756       1.2174
   14757       1.2155
   14758       1.1940
   14759       1.0266
   14760       1.2319
   14761       1.2827
   14762       1.1548
   14763       1.2376
   14764       1.2964
   14765       1.1874
   14766       1.1890
   14767       1.2614
   14768       1.2378
   14769       1.1733
   14770       1.1232
   14771       1.2220
   14772       1.2638
   14773       1.2407
   14774       1.2618
   14775       1.2679
   14776       1.3701
   14777       1.3290
   14778       1.2380
   14779       1.1624
   14780       1.2836
   14781       1.3069
   14782       1.2225
   14783       1.1878
   14784       1.0892
   14785       1.1384
   14786       1.2576
   14787       1.4105
   14788       1.1883
   14789       1.3552
   14790       1.3421
   14791       1.3330
   14792       1.3152
   14793       1.2013
   14794       1.1593
   14795       1.1424
   14796       1.1088
   14797       1.1554
   14798       1.0918
   14799       1.1193
   14800       1.1821
   14801       1.3214
   14802       1.3739
   14803       1.2361
   14804       1.1849
   14805       1.1019
   14806       1.1721
   14807       1.0082
   14808       1.0493
   14809       1.2570
   14810       1.2090
   14811       1.2638
   14812       1.2701
   14813       1.2597
   14814       1.1187
   14815       1.1756
   14816       1.2106
   14817       1.0579
   14818       1.0756
   14819       1.0495
   14820       1.1041
   14821       1.0008
   14822       1.1459
   14823       1.2137
   14824       1.0676
   14825       1.0600
   14826       0.9801
   14827       1.0089
   14828       1.0688
   14829       1.0818
   14830       1.0068
   14831       1.0694
   14832       1.0997
   14833       0.9859
   14834       1.0611
   14835       0.9683
   14836       0.9423
   14837       0.9125
   14838       1.0558
   14839       1.0432
   14840       1.0191
   14841       1.0125
   14842       1.0038
   14843       1.0764
   14844       1.1768
   14845       1.0801
   14846       1.0751
   14847       1.0441
   14848       1.0589
   14849       1.1308
   14850       1.1377
   14851       1.1587
   14852       0.9964
   14853       1.0819
   14854       1.1062
   14855       1.0370
   14856       1.1183
   14857       1.1052
   14858       1.1026
   14859       1.0775
   14860       1.0173
   14861       0.9841
   14862       0.9117
   14863       0.9977
   14864       1.1050
   14865       1.1459
   14866       1.0795
   14867       1.0833
   14868       1.1028
   14869       1.0750
   14870       1.0136
   14871       1.0472
   14872       0.8750
   14873       0.9083
   14874       0.9061
   14875       0.9445
   14876       0.9980
   14877       1.0376
   14878       1.1938
   14879       1.0840
   14880       1.0947
   14881       1.1663
   14882       1.2537
   14883       1.0480
   14884       1.0397
   14885       1.1208
   14886       1.1696
   14887       1.3024
   14888       1.3204
   14889       1.2603
   14890       1.1889
   14891       1.1327
   14892       0.9743
   14893       0.9410
   14894       0.9976
   14895       1.0780
   14896       1.0824
   14897       1.1393
   14898       0.9841
   14899       0.9561
   14900       0.9883
   14901       0.8640
   14902       0.8239
   14903       0.7057
   14904       0.7864
   14905       0.9107
   14906       0.7373
   14907       0.8032
   14908       0.7976
   14909       0.8156
   14910       0.8201
   14911       0.7872
   14912       0.7341
   14913       0.7414
   14914       0.8034
   14915       0.9539
   14916       0.7979
   14917       0.8075
   14918       0.7953
   14919       0.8709
   14920       0.8499
   14921       1.0026
   14922       0.8284
   14923       0.7611
   14924       0.7917
   14925       0.8141
   14926       0.9049
   14927       0.9986
   14928       0.8571
   14929       0.7750
   14930       0.8934
   14931       0.8348
   14932       0.9553
   14933       0.8746
   14934       0.9280
   14935       0.8120
   14936       0.9232
   14937       0.8932
   14938       1.0891
   14939       1.0328
   14940       0.9731
   14941       0.9455
   14942       1.0175
   14943       1.0112
   14944       1.0203
   14945       0.8787
   14946       0.8564
   14947       0.7988
   14948       0.8820
   14949       1.0323
   14950       1.0025
   14951       0.8836
   14952       0.8496
   14953       0.9205
   14954       0.9027
   14955       0.8529
   14956       0.9027
   14957       0.7617
   14958       0.7932
   14959       0.8133
   14960       0.9427
   14961       0.8954
   14962       0.7427
   14963       0.8330
   14964       0.8384
   14965       0.8329
   14966       0.9773
   14967       0.9854
   14968       0.9203
   14969       0.9136
   14970       0.8489
   14971       0.9195
   14972       0.9979
   14973       0.9440
   14974       0.9162
   14975       0.8109
   14976       0.9130
   14977       0.9536
   14978       1.0140
   14979       0.9003
   14980       1.0442
   14981       1.0478
   14982       1.0164
   14983       0.9625
   14984       1.0968
   14985       0.9043
   14986       0.8371
   14987       0.8551
   14988       1.0036
   14989       0.9152
   14990       0.9369
   14991       0.9861
   14992       1.0374
   14993       1.0111
   14994       0.9472
   14995       0.8993
   14996       0.9237
   14997       0.8668
   14998       0.8761
   14999       0.8739
   15000       0.8138
   15001       0.7811
   15002       0.8884
   15003       0.9372
   15004       0.9036
   15005       0.9774
   15006       0.7776
   15007       0.8225
   15008       0.7809
   15009       0.8595
   15010       0.8192
   15011       0.9805
   15012       0.9600
   15013       1.0309
   15014       0.9940
   15015       1.0022
   15016       1.0444
   15017       0.9842
   15018       0.9910
   15019       0.9407
   15020       0.9421
   15021       0.9001
   15022       0.9833
   15023       1.1002
   15024       1.0431
   15025       1.0918
   15026       1.0581
   15027       1.1610
   15028       1.1350
   15029       0.9438
   15030       0.9065
   15031       1.0213
   15032       0.9966
   15033       1.0070
   15034       0.9899
   15035       0.7717
   15036       0.7766
   15037       0.8528
   15038       0.9296
   15039       0.8523
   15040       0.9749
   15041       0.9764
   15042       0.9743
   15043       0.8130
   15044       0.8375
   15045       0.9425
   15046       0.8318
   15047       0.9241
   15048       0.9066
   15049       0.9577
   15050       0.8743
   15051       0.8188
   15052       0.8185
   15053       0.8881
   15054       0.8677
   15055       0.8068
   15056       0.8630
   15057       0.8934
   15058       0.8597
   15059       0.8455
   15060       0.9342
   15061       0.8369
   15062       1.0407
   15063       0.8561
   15064       0.8644
   15065       0.8787
   15066       0.8465
   15067       0.8500
   15068       0.9086
   15069       0.9107
   15070       0.9189
   15071       0.8587
   15072       0.9603
   15073       0.9056
   15074       1.1580
   15075       1.1475
   15076       1.1767
   15077       1.1218
   15078       1.1417
   15079       1.0832
   15080       0.9609
   15081       0.8806
   15082       0.8539
   15083       0.7945
   15084       0.8354
   15085       0.9262
   15086       0.9484
   15087       0.9268
   15088       0.8932
   15089       0.7610
   15090       0.7773
   15091       0.7639
   15092       0.7369
   15093       0.8456
   15094       0.8449
   15095       0.8406
   15096       0.9232
   15097       0.9363
   15098       0.9374
   15099       0.9357
   15100       0.9022
   15101       0.9344
   15102       0.9314
   15103       0.8930
   15104       0.9432
   15105       0.9300
   15106       0.8605
   15107       0.8949
   15108       0.9781
   15109       0.9025
   15110       0.8055
   15111       0.8710
   15112       0.9339
   15113       1.0036
   15114       0.9254
   15115       0.8852
   15116       0.8925
   15117       0.8917
   15118       0.8706
   15119       0.8719
   15120       0.8514
   15121       0.8133
   15122       0.9418
   15123       1.0442
   15124       0.9124
   15125       0.8815
   15126       0.9286
   15127       0.8767
   15128       0.8516
   15129       0.8137
   15130       0.8064
   15131       0.8265
   15132       0.8498
   15133       0.8554
   15134       0.8731
   15135       0.9550
   15136       1.0234
   15137       1.0292
   15138       0.9647
   15139       0.9089
   15140       0.9244
   15141       1.0450
   15142       1.0296
   15143       1.0286
   15144       1.0888
   15145       0.9022
   15146       0.8859
   15147       0.8270
   15148       0.8822
   15149       0.8603
   15150       0.8145
   15151       0.8637
   15152       0.8335
   15153       0.9413
   15154       0.9911
   15155       0.9803
   15156       1.0051
   15157       0.9011
   15158       0.9310
   15159       0.9556
   15160       1.0395
   15161       0.9258
   15162       1.0217
   15163       1.0199
   15164       0.9768
   15165       1.0700
   15166       1.1197
   15167       1.0443
   15168       1.0880
   15169       1.1674
   15170       1.0552
   15171       1.0347
   15172       0.9631
   15173       0.9637
   15174       0.9499
   15175       0.9695
   15176       0.9803
   15177       1.0603
   15178       1.1496
   15179       1.0044
   15180       0.9881
   15181       0.9411
   15182       0.9478
   15183       1.0218
   15184       1.1501
   15185       1.1156
   15186       1.1117
   15187       1.0023
   15188       1.0854
   15189       1.0212
   15190       1.1514
   15191       1.1093
   15192       1.2180
   15193       1.1215
   15194       1.0951
   15195       1.1098
   15196       1.1609
   15197       1.2127
   15198       1.0344
   15199       1.1001
   15200       1.0790
   15201       1.0077
   15202       1.0433
   15203       1.0217
   15204       1.0487
   15205       1.1328
   15206       1.0727
   15207       1.1872
   15208       1.1576
   15209       1.1961
   15210       1.2052
   15211       1.2417
   15212       1.2089
   15213       1.2026
   15214       1.0978
   15215       1.0994
   15216       1.0784
   15217       1.0257
   15218       0.9982
   15219       1.0158
   15220       1.0835
   15221       1.0917
   15222       1.0634
   15223       1.0408
   15224       0.9991
   15225       0.9721
   15226       1.0186
   15227       1.0200
   15228       1.1705
   15229       1.0203
   15230       1.0811
   15231       1.0426
   15232       1.0709
   15233       1.0997
   15234       1.1049
   15235       0.9854
   15236       0.9659
   15237       0.9299
   15238       1.0012
   15239       1.0041
   15240       1.0566
   15241       1.0950
   15242       1.2378
   15243       1.0654
   15244       1.1621
   15245       1.2051
   15246       1.2014
   15247       1.1465
   15248       1.0466
   15249       1.0039
   15250       1.0090
   15251       0.9150
   15252       0.9560
   15253       0.9096
   15254       0.8499
   15255       1.0876
   15256       1.1056
   15257       0.9745
   15258       0.9907
   15259       0.9243
   15260       0.9858
   15261       0.9181
   15262       0.9576
   15263       0.9547
   15264       1.0024
   15265       1.0171
   15266       1.1045
   15267       1.0031
   15268       1.0068
   15269       1.0346
   15270       1.1203
   15271       1.0478
   15272       1.0011
   15273       1.1309
   15274       1.2681
   15275       1.1466
   15276       1.0986
   15277       1.0481
   15278       1.0034
   15279       0.9945
   15280       0.9539
   15281       1.0471
   15282       0.9615
   15283       0.9902
   15284       1.0258
   15285       0.9799
   15286       1.1458
   15287       1.0276
   15288       0.9934
   15289       1.0505
   15290       1.0483
   15291       1.0354
   15292       0.9671
   15293       0.9778
   15294       0.9296
   15295       0.9575
   15296       0.8751
   15297       1.0482
   15298       0.9864
   15299       0.9294
   15300       0.9798
   15301       1.0549
   15302       0.9687
   15303       0.9054
   15304       0.8660
   15305       0.8581
   15306       0.9035
   15307       0.8603
   15308       0.9781
   15309       0.9879
   15310       1.0073
   15311       0.8577
   15312       0.9313
   15313       0.9766
   15314       0.9573
   15315       0.9609
   15316       0.8624
   15317       0.9786
   15318       0.9360
   15319       0.9534
   15320       1.0500
   15321       1.2081
   15322       1.1319
   15323       1.0231
   15324       1.0208
   15325       1.0250
   15326       1.0379
   15327       1.0921
   15328       1.0430
   15329       1.0377
   15330       1.1574
   15331       1.0849
   15332       1.1283
   15333       1.0108
   15334       1.0577
   15335       1.1548
   15336       0.9826
   15337       1.0851
   15338       1.0856
   15339       1.0412
   15340       1.0691
   15341       1.0253
   15342       1.1909
   15343       1.0505
   15344       1.0774
   15345       0.9726
   15346       1.0382
   15347       1.0355
   15348       1.0019
   15349       1.0192
   15350       1.0465
   15351       1.0984
   15352       1.0887
   15353       1.0665
   15354       1.0366
   15355       1.1047
   15356       1.0422
   15357       0.9262
   15358       0.9806
   15359       0.9476
   15360       1.0524
   15361       1.0133
   15362       1.0100
   15363       1.1622
   15364       1.0775
   15365       1.0105
   15366       0.8873
   15367       0.9676
   15368       0.9652
   15369       0.9038
   15370       0.8657
   15371       1.0083
   15372       1.0314
   15373       1.0539
   15374       0.9602
   15375       1.0041
   15376       1.0219
   15377       1.0472
   15378       1.0038
   15379       1.0554
   15380       1.0340
   15381       0.9585
   15382       0.9210
   15383       0.9740
   15384       1.1453
   15385       1.0161
   15386       0.9622
   15387       0.9701
   15388       0.9905
   15389       1.0256
   15390       0.9911
   15391       0.9200
   15392       0.9594
   15393       0.9607
   15394       0.9385
   15395       1.0843
   15396       1.0098
   15397       0.9942
   15398       0.9554
   15399       0.9503
   15400       0.9854
   15401       1.0061
   15402       1.0107
   15403       1.0876
   15404       1.0186
   15405       0.9999
   15406       0.9774
   15407       1.0258
   15408       1.0274
   15409       1.0074
   15410       1.1021
   15411       1.0570
   15412       1.1782
   15413       1.2474
   15414       1.1118
   15415       1.1883
   15416       1.1703
   15417       1.0295
   15418       1.0322
   15419       0.9037
   15420       0.9780
   15421       1.1834
   15422       1.0524
   15423       1.0258
   15424       1.0479
   15425       1.0701
   15426       1.0949
   15427       1.1369
   15428       1.0659
   15429       1.0690
   15430       0.9598
   15431       1.1091
   15432       0.9313
   15433       1.0011
   15434       0.9958
   15435       1.0128
   15436       1.0836
   15437       0.9197
   15438       1.0306
   15439       1.0313
   15440       0.9645
   15441       1.0398
   15442       1.0222
   15443       1.1431
   15444       0.9877
   15445       0.8969
   15446       1.0620
   15447       0.9798
   15448       1.0791
   15449       0.9852
   15450       1.0796
   15451       1.1283
   15452       1.1403
   15453       1.1897
   15454       1.1138
   15455       1.1357
   15456       1.1303
   15457       1.1361
   15458       1.0495
   15459       1.0891
   15460       1.0933
   15461       1.0782
   15462       1.1577
   15463       1.1643
   15464       1.1988
   15465       1.2174
   15466       1.2497
   15467       1.3049
   15468       1.2677
   15469       1.3164
   15470       1.2204
   15471       1.1669
   15472       1.1625
   15473       1.1315
   15474       1.2416
   15475       1.1698
   15476       1.2774
   15477       1.3037
   15478       1.2230
   15479       1.1282
   15480       1.1259
   15481       1.0740
   15482       1.0777
   15483       1.0913
   15484       1.1281
   15485       1.2019
   15486       1.1195
   15487       1.1572
   15488       1.1801
   15489       1.2247
   15490       1.1847
   15491       1.1448
   15492       1.1886
   15493       1.0541
   15494       1.1844
   15495       1.2008
   15496       1.2236
   15497       1.1106
   15498       1.1515
   15499       1.2910
   15500       1.2078
   15501       1.2518
   15502       1.3716
   15503       1.3675
   15504       1.3609
   15505       1.3983
   15506       1.3453
   15507       1.3457
   15508       1.2353
   15509       1.2174
   15510       1.2671
   15511       1.2197
   15512       1.3451
   15513       1.3523
   15514       1.2366
   15515       1.2711
   15516       1.2340
   15517       1.2194
   15518       1.3376
   15519       1.3489
   15520       1.2501
   15521       1.2639
   15522       1.2374
   15523       1.0787
   15524       1.2084
   15525       1.0994
   15526       1.2119
   15527       1.1624
   15528       1.1374
   15529       1.1238
   15530       1.1804
   15531       1.1495
   15532       1.2175
   15533       1.2865
   15534       1.2517
   15535       1.2811
   15536       1.0972
   15537       1.0420
   15538       1.0426
   15539       1.0580
   15540       1.1509
   15541       1.0533
   15542       1.0731
   15543       1.2231
   15544       1.1577
   15545       1.1681
   15546       1.1925
   15547       1.2716
   15548       1.0500
   15549       1.0312
   15550       1.1011
   15551       1.1574
   15552       1.2165
   15553       1.1553
   15554       1.1786
   15555       1.1674
   15556       1.2027
   15557       1.1244
   15558       1.0967
   15559       1.0789
   15560       1.0411
   15561       0.9928
   15562       1.0154
   15563       1.0539
   15564       1.0972
   15565       1.0731
   15566       1.1023
   15567       1.0990
   15568       0.9463
   15569       0.9832
   15570       1.0723
   15571       1.0508
   15572       1.0015
   15573       1.1641
   15574       1.1451
   15575       1.0738
   15576       1.2116
   15577       1.0690
   15578       1.0979
   15579       1.1996
   15580       1.1329
   15581       1.0773
   15582       1.2238
   15583       1.1784
   15584       1.2086
   15585       1.0765
   15586       1.2346
   15587       1.1472
   15588       1.2148
   15589       1.2993
   15590       1.1350
   15591       1.1603
   15592       1.1603
   15593       1.0788
   15594       1.0073
   15595       1.0335
   15596       1.0288
   15597       1.1792
   15598       1.0721
   15599       1.1284
   15600       1.2225
   15601       1.1836
   15602       1.1580
   15603       1.1487
   15604       1.2209
   15605       1.2351
   15606       1.2649
   15607       1.1616
   15608       1.2214
   15609       1.2824
   15610       1.1837
   15611       1.2298
   15612       1.1676
   15613       1.2613
   15614       1.1552
   15615       1.2561
   15616       1.1726
   15617       1.2087
   15618       1.1074
   15619       1.0729
   15620       1.0739
   15621       1.0208
   15622       0.9393
   15623       0.9745
   15624       0.9837
   15625       1.1194
   15626       1.0632
   15627       0.9641
   15628       0.9670
   15629       1.0464
   15630       0.9739
   15631       1.0494
   15632       1.1016
   15633       0.9951
   15634       1.0159
   15635       1.0608
   15636       1.1222
   15637       1.0371
   15638       1.0680
   15639       1.0261
   15640       1.0628
   15641       0.9508
   15642       1.1159
   15643       1.0212
   15644       1.0190
   15645       0.9821
   15646       1.0002
   15647       0.9249
   15648       1.0578
   15649       1.0462
   15650       1.0488
   15651       0.9826
   15652       1.1218
   15653       0.9977
   15654       0.9852
   15655       0.9695
   15656       1.0241
   15657       1.0212
   15658       1.1109
   15659       1.1230
   15660       1.0098
   15661       1.0665
   15662       0.9786
   15663       0.9409
   15664       0.9596
   15665       0.9858
   15666       1.0877
   15667       1.1147
   15668       1.1001
   15669       1.1522
   15670       1.0607
   15671       1.0305
   15672       0.9981
   15673       1.1243
   15674       1.1004
   15675       1.1163
   15676       1.1730
   15677       1.0591
   15678       1.1250
   15679       0.9562
   15680       0.9969
   15681       1.0452
   15682       1.1281
   15683       1.1169
   15684       1.1028
   15685       1.1127
   15686       1.0430
   15687       1.0663
   15688       1.0928
   15689       0.9822
   15690       0.9666
   15691       0.9412
   15692       1.0703
   15693       1.1136
   15694       0.9800
   15695       1.0152
   15696       1.0313
   15697       1.2139
   15698       1.1545
   15699       1.1156
   15700       1.2264
   15701       1.1200
   15702       1.1567
   15703       1.1565
   15704       1.1130
   15705       1.1141
   15706       1.1028
   15707       1.0959
   15708       1.2464
   15709       1.1130
   15710       1.1973
   15711       1.1022
   15712       1.1593
   15713       1.1133
   15714       1.1808
   15715       1.1927
   15716       1.2150
   15717       1.1879
   15718       1.2290
   15719       1.2417
   15720       1.1321
   15721       1.1949
   15722       1.1365
   15723       1.0791
   15724       1.1201
   15725       1.0932
   15726       1.1684
   15727       1.2056
   15728       1.2473
   15729       1.2788
   15730       1.2537
   15731       1.3307
   15732       1.1600
   15733       1.2678
   15734       1.1248
   15735       1.2571
   15736       1.1624
   15737       1.2089
   15738       1.2990
   15739       1.3179
   15740       1.4181
   15741       1.3333
   15742       1.2354
   15743       1.1949
   15744       1.2955
   15745       1.1866
   15746       1.1738
   15747       1.1297
   15748       1.1235
   15749       1.1113
   15750       1.0844
   15751       1.0898
   15752       1.0969
   15753       1.2173
   15754       1.1367
   15755       1.0908
   15756       1.1062
   15757       1.1670
   15758       1.1836
   15759       1.2519
   15760       1.1972
   15761       1.2603
   15762       1.2699
   15763       1.1454
   15764       1.0909
   15765       1.1427
   15766       1.0455
   15767       1.1532
   15768       1.0545
   15769       1.1436
   15770       1.0237
   15771       1.0614
   15772       1.0748
   15773       1.0630
   15774       1.1503
   15775       1.0611
   15776       0.9491
   15777       0.9088
   15778       0.9988
   15779       0.9466
   15780       1.0298
   15781       0.9751
   15782       0.8769
   15783       0.9161
   15784       0.9764
   15785       0.8591
   15786       0.9905
   15787       0.9223
   15788       0.9256
   15789       1.0054
   15790       0.8841
   15791       0.9491
   15792       0.8799
   15793       0.8835
   15794       0.8070
   15795       0.8060
   15796       0.8045
   15797       0.8388
   15798       0.8225
   15799       0.8375
   15800       0.9059
   15801       0.9074
   15802       0.8395
   15803       1.0027
   15804       0.8743
   15805       0.9111
   15806       0.9591
   15807       0.9064
   15808       0.9129
   15809       0.9217
   15810       0.9621
   15811       0.9634
   15812       0.9579
   15813       0.8785
   15814       0.8161
   15815       0.9079
   15816       0.9858
   15817       0.9333
   15818       1.0190
   15819       1.0518
   15820       0.9607
   15821       0.9456
   15822       0.9156
   15823       0.9380
   15824       0.9737
   15825       0.9789
   15826       0.9474
   15827       1.0661
   15828       1.1120
   15829       1.0857
   15830       1.1394
   15831       1.0964
   15832       0.9455
   15833       0.9496
   15834       0.9421
   15835       0.8902
   15836       1.0534
   15837       1.0071
   15838       0.9544
   15839       0.9988
   15840       0.8763
   15841       0.8779
   15842       1.0020
   15843       1.0234
   15844       1.0121
   15845       1.0298
   15846       1.0466
   15847       1.0997
   15848       1.0260
   15849       0.9942
   15850       0.9946
   15851       0.9413
   15852       0.9745
   15853       0.9414
   15854       1.0437
   15855       0.9287
   15856       0.9690
   15857       0.8773
   15858       0.8619
   15859       0.9345
   15860       0.9226
   15861       0.8836
   15862       0.9416
   15863       0.8856
   15864       0.8138
   15865       0.9534
   15866       0.8889
   15867       0.9295
   15868       0.8679
   15869       0.9070
   15870       0.8452
   15871       0.8011
   15872       0.8152
   15873       0.8753
   15874       0.8941
   15875       0.7713
   15876       0.7707
   15877       0.7871
   15878       0.8927
   15879       0.8159
   15880       0.9567
   15881       0.9893
   15882       0.9400
   15883       1.0666
   15884       0.9749
   15885       1.0620
   15886       1.0086
   15887       0.9249
   15888       0.9260
   15889       0.9202
   15890       1.0203
   15891       0.9933
   15892       1.0878
   15893       1.1019
   15894       1.0576
   15895       0.9708
   15896       0.9811
   15897       0.9800
   15898       1.0237
   15899       0.8823
   15900       1.1485
   15901       1.0603
   15902       0.9665
   15903       1.0791
   15904       1.0318
   15905       1.0003
   15906       1.0037
   15907       1.0812
   15908       0.9548
   15909       0.9726
   15910       1.0284
   15911       1.1056
   15912       1.0584
   15913       1.1081
   15914       1.1232
   15915       1.1466
   15916       1.2135
   15917       1.1475
   15918       1.2091
   15919       1.2190
   15920       1.3592
   15921       1.3279
   15922       1.2324
   15923       1.2737
   15924       1.1623
   15925       1.1648
   15926       1.1468
   15927       1.1504
   15928       1.3902
   15929       1.3133
   15930       1.2246
   15931       1.2381
   15932       1.1701
   15933       1.1797
   15934       1.2287
   15935       1.2362
   15936       1.1502
   15937       1.0960
   15938       1.0471
   15939       1.1456
   15940       1.1529
   15941       1.0193
   15942       1.1153
   15943       1.1273
   15944       1.1043
   15945       1.1107
   15946       1.0094
   15947       1.0898
   15948       1.0678
   15949       1.0220
   15950       1.2147
   15951       1.2303
   15952       1.3451
   15953       1.3701
   15954       1.2890
   15955       1.1215
   15956       1.0511
   15957       1.0666
   15958       1.0511
   15959       1.0796
   15960       1.0296
   15961       1.1448
   15962       1.0982
   15963       1.0407
   15964       1.1186
   15965       0.9715
   15966       1.0535
   15967       1.1148
   15968       1.0424
   15969       1.0459
   15970       0.9460
   15971       0.8610
   15972       1.0278
   15973       1.0748
   15974       0.9593
   15975       0.9239
   15976       0.9451
   15977       0.8767
   15978       0.8654
   15979       0.9086
   15980       0.9084
   15981       0.9909
   15982       0.9286
   15983       0.9650
   15984       0.8809
   15985       0.9788
   15986       0.9417
   15987       1.0106
   15988       1.0131
   15989       0.9285
   15990       0.9147
   15991       0.9982
   15992       0.8865
   15993       0.8586
   15994       0.9230
   15995       0.9807
   15996       0.8641
   15997       0.9236
   15998       0.9645
   15999       0.8658
   16000       0.9220
   16001       0.8850
   16002       0.8645
   16003       0.9241
   16004       0.9223
   16005       0.8895
   16006       0.8773
   16007       0.9511
   16008       0.9847
   16009       1.0946
   16010       1.0002
   16011       1.0328
   16012       1.0337
   16013       0.9333
   16014       0.9928
   16015       0.9774
   16016       0.9960
   16017       1.0394
   16018       0.9994
   16019       0.8868
   16020       1.0091
   16021       0.9763
   16022       0.9749
   16023       0.9612
   16024       0.8821
   16025       0.8675
   16026       0.8984
   16027       0.9735
   16028       1.0151
   16029       0.9995
   16030       1.0326
   16031       1.0342
   16032       1.0582
   16033       1.0056
   16034       1.0357
   16035       0.9234
   16036       0.9617
   16037       1.0451
   16038       1.0926
   16039       1.0409
   16040       1.0496
   16041       0.9897
   16042       1.1091
   16043       0.9760
   16044       0.9306
   16045       1.0093
   16046       1.0448
   16047       1.0609
   16048       1.0806
   16049       0.9838
   16050       1.1226
   16051       1.0394
   16052       1.0008
   16053       0.9802
   16054       0.9886
   16055       1.0115
   16056       0.9634
   16057       0.8619
   16058       0.9203
   16059       0.8850
   16060       0.8876
   16061       0.9366
   16062       0.9450
   16063       0.9890
   16064       0.9810
   16065       1.0250
   16066       1.0938
   16067       0.9489
   16068       1.0815
   16069       1.1747
   16070       1.2239
   16071       1.2273
   16072       1.0742
   16073       1.0487
   16074       1.0442
   16075       1.0472
   16076       1.0160
   16077       1.0849
   16078       0.9269
   16079       1.0630
   16080       1.1249
   16081       1.0452
   16082       1.0676
   16083       1.0992
   16084       0.9988
   16085       1.1619
   16086       0.9767
   16087       0.8719
   16088       0.8498
   16089       0.9755
   16090       0.9892
   16091       0.9419
   16092       0.9411
   16093       0.9077
   16094       0.9668
   16095       0.9262
   16096       0.9521
   16097       0.9854
   16098       0.9856
   16099       0.9735
   16100       1.0298
   16101       0.9864
   16102       1.0351
   16103       0.8936
   16104       0.9357
   16105       0.9047
   16106       0.9417
   16107       0.8967
   16108       0.9415
   16109       0.8233
   16110       0.8721
   16111       0.9074
   16112       0.9578
   16113       0.9700
   16114       1.0053
   16115       0.9663
   16116       0.9614
   16117       1.0738
   16118       1.1057
   16119       1.1269
   16120       1.0793
   16121       0.9516
   16122       0.9959
   16123       1.0919
   16124       1.0533
   16125       1.1034
   16126       1.0472
   16127       1.1209
   16128       1.2070
   16129       1.1412
   16130       1.0929
   16131       1.1297
   16132       1.0052
   16133       1.1354
   16134       1.1377
   16135       1.2118
   16136       1.2145
   16137       1.0003
   16138       1.1666
   16139       1.0663
   16140       1.1502
   16141       1.1284
   16142       1.1477
   16143       1.1663
   16144       1.0908
   16145       0.9959
   16146       1.1184
   16147       1.2330
   16148       1.0852
   16149       0.9342
   16150       0.9579
   16151       1.0441
   16152       1.0488
   16153       1.0842
   16154       1.1632
   16155       1.0110
   16156       0.9840
   16157       1.0743
   16158       1.1049
   16159       1.0017
   16160       0.9564
   16161       1.0285
   16162       1.0088
   16163       1.0805
   16164       0.9853
   16165       0.8542
   16166       0.9557
   16167       0.9267
   16168       0.9627
   16169       0.9823
   16170       1.0452
   16171       0.9551
   16172       1.0132
   16173       0.9273
   16174       0.9368
   16175       0.8978
   16176       0.9523
   16177       1.0790
   16178       0.9946
   16179       0.9518
   16180       0.9621
   16181       1.0234
   16182       1.0786
   16183       1.0186
   16184       1.0129
   16185       1.0410
   16186       1.1557
   16187       1.1416
   16188       1.0667
   16189       1.1173
   16190       1.0014
   16191       0.9866
   16192       0.9243
   16193       0.9193
   16194       1.0022
   16195       0.9675
   16196       1.0909
   16197       1.0156
   16198       0.9984
   16199       0.9777
   16200       0.8843
   16201       0.9830
   16202       0.8299
   16203       0.8999
   16204       0.8695
   16205       0.8334
   16206       0.9060
   16207       0.9604
   16208       1.0045
   16209       0.9662
   16210       1.0207
   16211       1.0034
   16212       1.0554
   16213       1.0120
   16214       0.9809
   16215       0.9018
   16216       0.8822
   16217       0.9119
   16218       1.0577
   16219       1.0410
   16220       0.9555
   16221       0.9394
   16222       0.9936
   16223       1.0334
   16224       1.0444
   16225       1.0449
   16226       1.0132
   16227       0.9701
   16228       1.0744
   16229       1.0375
   16230       0.9201
   16231       0.9705
   16232       0.9281
   16233       1.0133
   16234       0.8961
   16235       0.8980
   16236       0.9333
   16237       0.9213
   16238       0.9421
   16239       0.8220
   16240       0.8870
   16241       0.8955
   16242       0.9008
   16243       0.9280
   16244       0.9620
   16245       0.9880
   16246       1.0114
   16247       0.9293
   16248       0.9719
   16249       1.0615
   16250       1.0580
   16251       1.0185
   16252       1.1050
   16253       0.9197
   16254       0.9439
   16255       0.9275
   16256       1.0115
   16257       1.0451
   16258       0.8976
   16259       0.8969
   16260       0.9353
   16261       0.8460
   16262       0.8903
   16263       0.9134
   16264       0.9409
   16265       0.8860
   16266       0.8363
   16267       0.8749
   16268       0.8089
   16269       0.8265
   16270       0.7898
   16271       0.9109
   16272       0.9208
   16273       0.8576
   16274       0.9459
   16275       0.8964
   16276       0.9568
   16277       1.0371
   16278       0.9060
   16279       0.9605
   16280       0.9013
   16281       0.8893
   16282       0.8556
   16283       0.9842
   16284       0.8376
   16285       0.9949
   16286       0.8888
   16287       0.8472
   16288       1.0218
   16289       0.9882
   16290       0.8951
   16291       0.9545
   16292       0.8821
   16293       1.0044
   16294       1.0395
   16295       0.9404
   16296       0.9312
   16297       0.9452
   16298       0.9368
   16299       0.8719
   16300       0.8668
   16301       0.8590
   16302       0.8793
   16303       0.8131
   16304       0.7577
   16305       0.8519
   16306       0.9549
   16307       1.0372
   16308       0.9955
   16309       0.8652
   16310       0.9721
   16311       0.9221
   16312       0.9494
   16313       1.0620
   16314       1.0359
   16315       1.0357
   16316       0.9761
   16317       1.1256
   16318       1.0542
   16319       1.0308
   16320       0.8740
   16321       0.9104
   16322       1.0472
   16323       0.9789
   16324       1.0093
   16325       1.0518
   16326       0.8846
   16327       0.9249
   16328       0.8665
   16329       0.9153
   16330       0.9436
   16331       0.9776
   16332       1.0529
   16333       0.9841
   16334       1.0407
   16335       0.8611
   16336       0.9686
   16337       0.9016
   16338       0.9579
   16339       0.9850
   16340       0.9600
   16341       0.8951
   16342       0.9207
   16343       0.8665
   16344       0.9542
   16345       0.9866
   16346       0.9218
   16347       1.0004
   16348       0.9466
   16349       1.0606
   16350       0.9833
   16351       0.9787
   16352       0.9568
   16353       0.9438
   16354       0.8958
   16355       0.9567
   16356       1.0845
   16357       1.1684
   16358       1.2143
   16359       1.1586
   16360       1.0755
   16361       1.0362
   16362       1.0301
   16363       1.0276
   16364       1.0409
   16365       1.0722
   16366       1.1458
   16367       1.1100
   16368       1.0327
   16369       1.1272
   16370       1.1873
   16371       1.2620
   16372       1.1686
   16373       1.1719
   16374       1.1508
   16375       1.2468
   16376       1.1864
   16377       1.1922
   16378       1.2897
   16379       1.1739
   16380       1.0870
   16381       1.1601
   16382       1.1868
   16383       1.2173
   16384       1.2701
   16385       1.2478
   16386       1.1324
   16387       1.2086
   16388       1.1771
   16389       1.1552
   16390       1.1289
   16391       0.9861
   16392       1.0692
   16393       1.0306
   16394       1.1555
   16395       1.1237
   16396       1.0302
   16397       1.1020
   16398       1.0954
   16399       1.0834
   16400       1.1333
   16401       1.0479
   16402       1.0758
   16403       1.0921
   16404       1.1709
   16405       1.1278
   16406       1.1782
   16407       1.1379
   16408       1.0507
   16409       1.1236
   16410       1.1290
   16411       1.0367
   16412       1.0967
   16413       1.0384
   16414       1.0131
   16415       0.9875
   16416       1.0023
   16417       1.0443
   16418       0.9043
   16419       1.0784
   16420       0.9666
   16421       0.9205
   16422       0.8802
   16423       0.9280
   16424       0.9044
   16425       1.0063
   16426       0.9642
   16427       0.9434
   16428       0.9761
   16429       1.0110
   16430       0.9896
   16431       1.1043
   16432       1.1127
   16433       1.1370
   16434       1.1093
   16435       1.0994
   16436       1.0741
   16437       1.0539
   16438       1.0142
   16439       1.0566
   16440       1.0538
   16441       1.0982
   16442       0.9809
   16443       0.9890
   16444       1.0135
   16445       1.1043
   16446       1.1558
   16447       1.1691
   16448       1.0526
   16449       1.1348
   16450       1.0738
   16451       1.0301
   16452       1.2151
   16453       1.0678
   16454       1.0054
   16455       1.0294
   16456       1.1116
   16457       1.1065
   16458       1.1043
   16459       1.1738
   16460       1.1543
   16461       1.0681
   16462       1.0091
   16463       0.9649
   16464       0.9665
   16465       1.0623
   16466       1.0199
   16467       1.1016
   16468       1.0496
   16469       1.0788
   16470       1.1313
   16471       1.0717
   16472       1.1721
   16473       1.1472
   16474       0.9578
   16475       0.8674
   16476       0.9736
   16477       1.0109
   16478       1.0233
   16479       1.0967
   16480       0.9837
   16481       1.0641
   16482       1.0834
   16483       1.0649
   16484       1.1876
   16485       1.1565
   16486       1.2390
   16487       1.2843
   16488       1.2399
   16489       1.2432
   16490       1.1382
   16491       1.2689
   16492       1.1322
   16493       1.1482
   16494       1.2328
   16495       1.3013
   16496       1.2467
   16497       1.1677
   16498       1.2370
   16499       1.0815
   16500       1.2367
   16501       1.1870
   16502       1.1938
   16503       1.1825
   16504       1.0988
   16505       1.1829
   16506       1.0369
   16507       1.0740
   16508       1.0264
   16509       0.9686
   16510       0.9925
   16511       1.0133
   16512       1.0791
   16513       0.9573
   16514       1.0117
   16515       1.0460
   16516       1.0174
   16517       0.9279
   16518       0.9927
   16519       1.0080
   16520       0.9385
   16521       0.9491
   16522       0.9419
   16523       0.9883
   16524       1.0105
   16525       1.1303
   16526       1.0097
   16527       1.0808
   16528       1.0577
   16529       1.0686
   16530       1.1113
   16531       1.2457
   16532       1.0424
   16533       1.0941
   16534       0.9773
   16535       1.0156
   16536       0.9254
   16537       1.0932
   16538       0.9554
   16539       1.0366
   16540       0.8538
   16541       0.9095
   16542       0.8695
   16543       0.8635
   16544       0.9297
   16545       0.8693
   16546       0.9211
   16547       1.0233
   16548       0.9531
   16549       1.0879
   16550       0.9764
   16551       0.9654
   16552       0.9919
   16553       0.8530
   16554       1.0019
   16555       1.0256
   16556       0.9389
   16557       0.9910
   16558       1.0294
   16559       0.9860
   16560       1.0010
   16561       1.0715
   16562       1.0049
   16563       1.0774
   16564       1.1037
   16565       1.0412
   16566       0.9727
   16567       0.9717
   16568       1.0099
   16569       0.9826
   16570       1.1053
   16571       1.1420
   16572       1.0680
   16573       1.1468
   16574       1.1410
   16575       1.0364
   16576       0.9642
   16577       0.9532
   16578       1.0300
   16579       1.1156
   16580       1.0560
   16581       0.8926
   16582       0.9466
   16583       1.0318
   16584       0.9663
   16585       0.9060
   16586       1.0587
   16587       0.9870
   16588       1.0412
   16589       1.0314
   16590       1.0637
   16591       1.0965
   16592       1.1603
   16593       1.0665
   16594       1.0480
   16595       1.2259
   16596       1.1548
   16597       0.8700
   16598       0.9594
   16599       0.9601
   16600       1.1056
   16601       1.0545
   16602       0.9307
   16603       1.1431
   16604       1.0896
   16605       0.9295
   16606       1.0606
   16607       0.8740
   16608       0.8648
   16609       0.8919
   16610       0.8755
   16611       0.8846
   16612       0.9362
   16613       0.9039
   16614       0.8346
   16615       0.8168
   16616       0.8511
   16617       0.7941
   16618       1.0192
   16619       0.9175
   16620       0.9012
   16621       0.9270
   16622       0.9410
   16623       0.8966
   16624       0.9038
   16625       0.8622
   16626       0.8372
   16627       0.8789
   16628       0.8199
   16629       0.8402
   16630       0.8970
   16631       0.9014
   16632       0.9755
   16633       0.8762
   16634       0.8641
   16635       0.9300
   16636       0.8495
   16637       0.9497
   16638       0.8434
   16639       0.8792
   16640       0.9091
   16641       0.9319
   16642       0.9157
   16643       1.0318
   16644       0.9837
   16645       1.0847
   16646       1.0554
   16647       1.0708
   16648       0.9646
   16649       1.0237
   16650       1.1616
   16651       1.1824
   16652       1.1045
   16653       1.0099
   16654       1.1986
   16655       1.1369
   16656       1.1440
   16657       1.1063
   16658       1.0585
   16659       1.1139
   16660       1.1319
   16661       1.0952
   16662       1.0639
   16663       1.0902
   16664       1.0932
   16665       1.0813
   16666       0.9803
   16667       0.9911
   16668       0.9896
   16669       1.0544
   16670       1.0672
   16671       1.0739
   16672       1.0967
   16673       1.1234
   16674       1.1639
   16675       1.1163
   16676       1.2069
   16677       1.1850
   16678       1.1884
   16679       1.1367
   16680       1.2436
   16681       1.2617
   16682       1.1732
   16683       1.0709
   16684       1.0713
   16685       1.0982
   16686       1.1326
   16687       1.1576
   16688       1.0518
   16689       1.0899
   16690       0.9701
   16691       1.0839
   16692       1.1482
   16693       0.9639
   16694       1.0769
   16695       0.9971
   16696       1.0770
   16697       1.0001
   16698       1.0336
   16699       1.1191
   16700       0.9820
   16701       1.0608
   16702       1.0770
   16703       0.9895
   16704       0.8957
   16705       0.9435
   16706       0.8972
   16707       0.8982
   16708       0.9707
   16709       1.1040
   16710       1.1466
   16711       1.0412
   16712       1.0910
   16713       1.1427
   16714       1.1996
   16715       1.1025
   16716       1.3104
   16717       1.3460
   16718       1.1852
   16719       1.1930
   16720       1.0581
   16721       1.1085
   16722       0.8883
   16723       1.1249
   16724       1.0103
   16725       1.0771
   16726       1.0887
   16727       1.0629
   16728       1.0640
   16729       0.9970
   16730       0.9630
   16731       0.8757
   16732       1.0112
   16733       1.0259
   16734       1.0687
   16735       1.0281
   16736       1.0016
   16737       0.8963
   16738       0.9813
   16739       0.8974
   16740       0.9126
   16741       0.8102
   16742       0.8840
   16743       0.8756
   16744       0.8690
   16745       0.8044
   16746       0.9728
   16747       0.9278
   16748       0.9134
   16749       0.9382
   16750       0.7906
   16751       0.9516
   16752       0.8583
   16753       0.9070
   16754       0.8615
   16755       0.9649
   16756       1.0118
   16757       1.1802
   16758       1.0524
   16759       0.9880
   16760       1.0021
   16761       1.0586
   16762       1.0668
   16763       1.2101
   16764       1.1553
   16765       1.1277
   16766       1.1773
   16767       1.1244
   16768       1.1282
   16769       1.2389
   16770       1.0034
   16771       0.9139
   16772       0.9699
   16773       1.0016
   16774       0.9913
   16775       0.9556
   16776       1.1796
   16777       1.1274
   16778       0.9523
   16779       0.9841
   16780       0.9416
   16781       0.9648
   16782       0.9482
   16783       0.9475
   16784       0.9528
   16785       0.9801
   16786       0.8653
   16787       0.6835
   16788       0.8268
   16789       0.9401
   16790       0.9308
   16791       0.8903
   16792       0.9661
   16793       0.9873
   16794       0.9608
   16795       0.8653
   16796       0.9144
   16797       0.9042
   16798       0.9724
   16799       0.9457
   16800       0.8608
   16801       0.8796
   16802       0.8180
   16803       0.8693
   16804       0.8247
   16805       0.9394
   16806       0.9117
   16807       0.8355
   16808       0.8404
   16809       0.9056
   16810       0.9645
   16811       0.9120
   16812       0.9039
   16813       0.9920
   16814       1.0678
   16815       1.0507
   16816       1.0108
   16817       1.0597
   16818       0.9847
   16819       1.0579
   16820       0.9960
   16821       0.9999
   16822       1.0957
   16823       0.9796
   16824       0.9692
   16825       0.9772
   16826       0.9691
   16827       1.0148
   16828       0.9575
   16829       1.0638
   16830       0.9411
   16831       0.9578
   16832       1.0966
   16833       1.0754
   16834       1.1583
   16835       1.2143
   16836       1.2069
   16837       1.1362
   16838       1.1110
   16839       1.1382
   16840       1.1358
   16841       1.1770
   16842       1.0444
   16843       1.0596
   16844       1.0402
   16845       1.0876
   16846       1.0858
   16847       1.0595
   16848       1.0658
   16849       1.0198
   16850       1.1854
   16851       1.0351
   16852       1.1232
   16853       1.1052
   16854       1.1206
   16855       1.1389
   16856       1.1471
   16857       1.0670
   16858       1.2010
   16859       1.3612
   16860       1.1982
   16861       1.2187
   16862       1.2317
   16863       1.2629
   16864       1.3450
   16865       1.1949
   16866       1.2123
   16867       1.3514
   16868       1.1098
   16869       1.1350
   16870       1.2125
   16871       1.3322
   16872       1.3434
   16873       1.3015
   16874       1.2876
   16875       1.3040
   16876       1.2840
   16877       1.2765
   16878       1.2807
   16879       1.2846
   16880       1.3842
   16881       1.2988
   16882       1.3738
   16883       1.2215
   16884       1.2960
   16885       1.2962
   16886       1.1923
   16887       1.1794
   16888       1.3642
   16889       1.5073
   16890       1.2276
   16891       1.1682
   16892       1.1763
   16893       1.2682
   16894       1.2179
   16895       1.2390
   16896       1.1903
   16897       1.1877
   16898       1.1651
   16899       1.1741
   16900       1.1075
   16901       1.1470
   16902       1.1631
   16903       1.1600
   16904       1.1354
   16905       1.0007
   16906       1.0490
   16907       1.0039
   16908       0.9999
   16909       1.0226
   16910       1.1399
   16911       1.1509
   16912       1.1214
   16913       1.1719
   16914       1.1416
   16915       1.1567
   16916       1.1526
   16917       1.0543
   16918       1.1161
   16919       1.2291
   16920       1.1504
   16921       1.1878
   16922       1.3060
   16923       1.3374
   16924       1.2269
   16925       1.2351
   16926       1.2074
   16927       1.1660
   16928       1.2487
   16929       1.1323
   16930       1.1157
   16931       1.2207
   16932       1.2345
   16933       1.1825
   16934       1.1112
   16935       1.0707
   16936       1.1678
   16937       1.1813
   16938       1.1294
   16939       1.1413
   16940       1.0266
   16941       1.0698
   16942       1.0364
   16943       1.1050
   16944       1.2308
   16945       1.2556
   16946       1.3052
   16947       1.2969
   16948       1.1436
   16949       1.1873
   16950       1.1005
   16951       1.0698
   16952       1.1463
   16953       1.0867
   16954       1.1196
   16955       1.1925
   16956       1.1474
   16957       1.1737
   16958       1.1773
   16959       1.0788
   16960       1.0740
   16961       1.0142
   16962       1.1060
   16963       1.0852
   16964       1.1028
   16965       1.1404
   16966       1.0640
   16967       1.1293
   16968       1.1370
   16969       1.0798
   16970       1.1723
   16971       1.1574
   16972       1.1297
   16973       1.1440
   16974       1.3026
   16975       1.1042
   16976       1.1512
   16977       1.1308
   16978       1.1840
   16979       1.1648
   16980       1.1731
   16981       1.1862
   16982       1.2482
   16983       1.1982
   16984       1.2230
   16985       1.1884
   16986       1.1537
   16987       1.1477
   16988       1.0337
   16989       1.2031
   16990       1.1416
   16991       1.1614
   16992       1.2410
   16993       1.2165
   16994       1.2545
   16995       1.1990
   16996       1.1266
   16997       1.1335
   16998       1.1518
   16999       1.1370
   17000       1.2026
   17001       1.2336
   17002       1.3557
   17003       1.1825
   17004       1.1066
   17005       1.2904
   17006       1.1599
   17007       1.1461
   17008       1.1896
   17009       1.2200
   17010       1.1350
   17011       1.2288
   17012       1.2528
   17013       1.1654
   17014       1.1678
   17015       1.2310
   17016       1.1838
   17017       1.1979
   17018       1.2491
   17019       1.2501
   17020       1.1457
   17021       1.1921
   17022       1.1395
   17023       1.0048
   17024       0.9712
   17025       1.0286
   17026       0.9517
   17027       0.9368
   17028       0.9945
   17029       1.0051
   17030       1.0706
   17031       1.0909
   17032       1.1758
   17033       1.2702
   17034       1.2555
   17035       1.2576
   17036       1.2119
   17037       1.0774
   17038       1.1039
   17039       1.0831
   17040       1.1118
   17041       1.0917
   17042       1.2076
   17043       1.2035
   17044       1.1959
   17045       1.0972
   17046       1.0718
   17047       1.1146
   17048       1.0878
   17049       1.0959
   17050       1.1429
   17051       1.2061
   17052       1.2396
   17053       1.2078
   17054       1.1284
   17055       1.0715
   17056       1.0320
   17057       1.1446
   17058       0.9959
   17059       1.0577
   17060       0.9660
   17061       0.9752
   17062       1.0569
   17063       1.0555
   17064       1.1688
   17065       1.1490
   17066       1.0671
   17067       1.0965
   17068       1.1277
   17069       1.1251
   17070       0.9946
   17071       1.1060
   17072       1.1562
   17073       1.1032
   17074       1.0247
   17075       0.9974
   17076       1.0627
   17077       0.9817
   17078       0.9504
   17079       0.9557
   17080       1.0909
   17081       1.0813
   17082       1.0958
   17083       1.0571
   17084       1.1570
   17085       1.1547
   17086       1.0868
   17087       1.0774
   17088       1.0246
   17089       1.0230
   17090       1.0570
   17091       1.0607
   17092       1.1265
   17093       1.0903
   17094       1.1239
   17095       1.0874
   17096       1.0381
   17097       1.0152
   17098       0.9606
   17099       0.9885
   17100       0.9966
   17101       1.1018
   17102       1.0385
   17103       1.0209
   17104       1.0834
   17105       1.1368
   17106       1.1623
   17107       1.1188
   17108       1.0852
   17109       1.1281
   17110       1.1274
   17111       1.1715
   17112       1.1301
   17113       1.0192
   17114       1.0305
   17115       0.9146
   17116       0.9466
   17117       0.9539
   17118       1.0046
   17119       0.9715
   17120       1.1183
   17121       1.1696
   17122       1.1187
   17123       1.0171
   17124       0.9535
   17125       1.0574
   17126       0.9961
   17127       1.0309
   17128       1.2021
   17129       1.1392
   17130       1.0758
   17131       1.0597
   17132       1.1378
   17133       1.2295
   17134       1.1323
   17135       1.1101
   17136       1.0987
   17137       1.1265
   17138       1.1776
   17139       1.2218
   17140       1.1912
   17141       1.0831
   17142       1.1818
   17143       1.1661
   17144       1.0545
   17145       1.0821
   17146       1.0558
   17147       1.0753
   17148       1.1264
   17149       1.2571
   17150       1.0712
   17151       1.1297
   17152       1.1915
   17153       1.2071
   17154       1.2059
   17155       1.3037
   17156       1.3171
   17157       1.2563
   17158       1.2656
   17159       1.2117
   17160       1.3419
   17161       1.3675
   17162       1.2708
   17163       1.2277
   17164       1.2565
   17165       1.2102
   17166       1.0004
   17167       1.1515
   17168       1.2104
   17169       1.0268
   17170       1.0749
   17171       1.0724
   17172       1.0824
   17173       0.9821
   17174       0.9779
   17175       0.9494
   17176       0.9905
   17177       1.0478
   17178       1.1146
   17179       1.1242
   17180       1.0727
   17181       0.9997
   17182       0.9893
   17183       0.9841
   17184       1.0480
   17185       1.0300
   17186       1.0673
   17187       1.1549
   17188       1.0473
   17189       1.0274
   17190       1.0378
   17191       1.0581
   17192       1.1136
   17193       1.1160
   17194       1.1195
   17195       1.0259
   17196       1.1685
   17197       1.0615
   17198       1.0919
   17199       1.1820
   17200       0.9822
   17201       1.0058
   17202       1.0317
   17203       1.0965
   17204       1.0306
   17205       1.0423
   17206       0.9932
   17207       1.1131
   17208       1.0025
   17209       1.0107
   17210       1.0790
   17211       1.1608
   17212       1.0418
   17213       0.9940
   17214       1.0735
   17215       1.0524
   17216       0.9914
   17217       1.0627
   17218       1.1784
   17219       1.3190
   17220       1.2511
   17221       1.1439
   17222       1.0399
   17223       1.0937
   17224       1.1424
   17225       1.0145
   17226       1.1146
   17227       1.0732
   17228       1.0417
   17229       1.0996
   17230       1.0754
   17231       1.0713
   17232       1.0836
   17233       1.0027
   17234       1.0948
   17235       1.1430
   17236       1.0641
   17237       1.0829
   17238       0.9619
   17239       0.9267
   17240       0.9839
   17241       1.1279
   17242       0.9536
   17243       0.9400
   17244       0.9575
   17245       0.9951
   17246       0.9426
   17247       0.8808
   17248       0.9929
   17249       1.0390
   17250       0.9212
   17251       0.9069
   17252       1.0811
   17253       1.0954
   17254       1.1179
   17255       1.0207
   17256       1.0835
   17257       1.0039
   17258       0.9658
   17259       0.8911
   17260       1.0309
   17261       1.0075
   17262       0.9248
   17263       0.9508
   17264       0.9488
   17265       0.8622
   17266       0.8758
   17267       0.9199
   17268       1.0167
   17269       0.9318
   17270       0.9076
   17271       0.8210
   17272       0.9089
   17273       1.0182
   17274       0.9239
   17275       0.9534
   17276       0.9489
   17277       0.9616
   17278       0.9285
   17279       1.0461
   17280       1.0300
   17281       0.9967
   17282       0.9191
   17283       0.9962
   17284       1.1555
   17285       1.2667
   17286       1.0667
   17287       1.1984
   17288       1.0923
   17289       1.0170
   17290       0.9436
   17291       1.0714
   17292       0.9849
   17293       0.9533
   17294       1.0764
   17295       1.1026
   17296       1.0273
   17297       1.0641
   17298       1.1600
   17299       1.1578
   17300       1.0682
   17301       1.1254
   17302       1.2591
   17303       1.3221
   17304       1.1885
   17305       1.0767
   17306       1.1211
   17307       1.1497
   17308       1.1489
   17309       1.1219
   17310       1.0037
   17311       1.0425
   17312       1.1077
   17313       0.9806
   17314       1.0018
   17315       0.9426
   17316       0.9473
   17317       1.0642
   17318       1.0571
   17319       0.9711
   17320       1.0402
   17321       1.0831
   17322       1.1259
   17323       1.1124
   17324       1.1261
   17325       1.0685
   17326       1.1636
   17327       1.0347
   17328       1.0496
   17329       1.1186
   17330       1.1181
   17331       1.0438
   17332       1.0968
   17333       1.0280
   17334       1.0334
   17335       1.0816
   17336       0.9802
   17337       1.0143
   17338       1.0223
   17339       1.0656
   17340       1.1394
   17341       1.1952
   17342       1.2019
   17343       1.1503
   17344       1.2343
   17345       1.2158
   17346       1.2131
   17347       1.2444
   17348       1.1174
   17349       1.1334
   17350       1.0853
   17351       1.1367
   17352       1.1009
   17353       1.0772
   17354       1.2036
   17355       1.2421
   17356       1.1595
   17357       1.1058
   17358       1.0476
   17359       1.1972
   17360       1.1655
   17361       1.2039
   17362       1.2405
   17363       1.2779
   17364       1.1797
   17365       1.2149
   17366       1.1473
   17367       1.0331
   17368       1.0184
   17369       1.0789
   17370       1.0899
   17371       1.0044
   17372       1.2078
   17373       1.1393
   17374       1.1694
   17375       1.1645
   17376       1.2088
   17377       1.2357
   17378       1.1335
   17379       1.1552
   17380       1.1013
   17381       1.1291
   17382       1.0514
   17383       1.1758
   17384       1.2829
   17385       1.1175
   17386       1.1648
   17387       1.2620
   17388       1.2316
   17389       1.1642
   17390       1.0918
   17391       1.1416
   17392       1.0708
   17393       1.0987
   17394       1.1874
   17395       1.2927
   17396       1.2655
   17397       1.2755
   17398       1.1173
   17399       1.1961
   17400       1.2534
   17401       1.1295
   17402       1.0674
   17403       1.0787
   17404       1.0990
   17405       1.1224
   17406       1.1498
   17407       1.1973
   17408       1.2297
   17409       1.2035
   17410       1.1158
   17411       1.0231
   17412       1.0838
   17413       1.1150
   17414       1.1272
   17415       1.1054
   17416       1.0857
   17417       1.1159
   17418       1.1606
   17419       1.0930
   17420       1.1454
   17421       1.0279
   17422       1.1101
   17423       1.1625
   17424       1.2763
   17425       1.1926
   17426       1.2142
   17427       1.1991
   17428       1.2464
   17429       1.2583
   17430       1.2867
   17431       1.2090
   17432       1.1740
   17433       1.1207
   17434       1.3422
   17435       1.0762
   17436       1.1204
   17437       1.0343
   17438       1.0879
   17439       1.1032
   17440       1.0483
   17441       1.1163
   17442       1.1511
   17443       1.1595
   17444       1.1116
   17445       1.1075
   17446       1.1912
   17447       1.0959
   17448       1.1266
   17449       1.2000
   17450       1.1135
   17451       1.1477
   17452       1.1051
   17453       1.1611
   17454       1.1109
   17455       1.1019
   17456       1.1561
   17457       1.0685
   17458       1.0967
   17459       1.0649
   17460       1.0450
   17461       1.0550
   17462       1.0130
   17463       1.0003
   17464       1.0957
   17465       0.9488
   17466       1.0884
   17467       1.0363
   17468       1.0981
   17469       1.1154
   17470       1.0938
   17471       1.1490
   17472       1.1063
   17473       1.0760
   17474       1.0364
   17475       1.0977
   17476       1.2765
   17477       1.2880
   17478       1.3328
   17479       1.2520
   17480       1.2035
   17481       1.2489
   17482       1.1971
   17483       1.1779
   17484       1.0986
   17485       0.9769
   17486       0.8689
   17487       0.9558
   17488       1.0894
   17489       1.0984
   17490       1.1235
   17491       1.0617
   17492       1.1599
   17493       1.1622
   17494       1.1438
   17495       1.1478
   17496       1.1547
   17497       1.1810
   17498       1.2022
   17499       1.0764
   17500       1.1198
   17501       1.1356
   17502       1.1871
   17503       1.1547
   17504       1.1211
   17505       1.1575
   17506       1.1446
   17507       1.2332
   17508       1.1303
   17509       1.1819
   17510       1.0684
   17511       1.1851
   17512       1.0204
   17513       1.1800
   17514       1.2148
   17515       1.1879
   17516       1.1439
   17517       1.1708
   17518       1.1130
   17519       1.0620
   17520       1.1310
   17521       1.0734
   17522       1.0927
   17523       1.1095
   17524       1.0985
   17525       1.1190
   17526       1.1911
   17527       1.1521
   17528       1.1538
   17529       1.0541
   17530       1.1273
   17531       1.2003
   17532       1.1531
   17533       1.1312
   17534       1.2269
   17535       1.1218
   17536       1.1417
   17537       0.9599
   17538       1.0409
   17539       1.0418
   17540       1.1248
   17541       1.0996
   17542       1.1175
   17543       1.2288
   17544       1.1211
   17545       1.1336
   17546       1.2346
   17547       1.0676
   17548       1.1569
   17549       1.0467
   17550       1.0728
   17551       1.1016
   17552       1.1725
   17553       1.0610
   17554       1.2825
   17555       1.2820
   17556       1.1993
   17557       1.2218
   17558       1.3199
   17559       1.2876
   17560       1.2624
   17561       1.3125
   17562       1.2754
   17563       1.2052
   17564       1.1677
   17565       1.1824
   17566       1.1227
   17567       1.2519
   17568       1.2685
   17569       1.2889
   17570       1.1793
   17571       1.2409
   17572       1.1771
   17573       1.1261
   17574       1.1741
   17575       1.1614
   17576       1.2246
   17577       1.1611
   17578       1.2824
   17579       1.1809
   17580       1.1312
   17581       1.1257
   17582       1.1976
   17583       1.1422
   17584       1.1427
   17585       1.1274
   17586       1.0723
   17587       1.1166
   17588       1.1244
   17589       1.1012
   17590       1.1605
   17591       1.2204
   17592       1.0179
   17593       1.1059
   17594       1.0922
   17595       1.1470
   17596       1.1735
   17597       1.1805
   17598       1.0373
   17599       1.1685
   17600       1.0477
   17601       1.1029
   17602       1.1566
   17603       1.1648
   17604       1.0608
   17605       1.0296
   17606       0.9437
   17607       1.0421
   17608       1.1374
   17609       1.1672
   17610       1.2106
   17611       1.1760
   17612       1.2982
   17613       1.2433
   17614       1.2587
   17615       1.2584
   17616       1.3564
   17617       1.2492
   17618       1.3339
   17619       1.2702
   17620       1.3502
   17621       1.3236
   17622       1.2941
   17623       1.2152
   17624       1.1838
   17625       1.1425
   17626       1.2653
   17627       1.1836
   17628       1.1331
   17629       1.2565
   17630       1.3354
   17631       1.3005
   17632       1.2878
   17633       1.4312
   17634       1.3171
   17635       1.2765
   17636       1.2273
   17637       1.2395
   17638       1.4414
   17639       1.3244
   17640       1.2922
   17641       1.2587
   17642       1.2623
   17643       1.2926
   17644       1.3196
   17645       1.2390
   17646       1.2219
   17647       1.1842
   17648       1.0867
   17649       1.1381
   17650       1.0387
   17651       1.1729
   17652       1.1149
   17653       1.1613
   17654       1.0809
   17655       1.0907
   17656       1.2258
   17657       1.2695
   17658       1.3060
   17659       1.2664
   17660       1.2862
   17661       1.3357
   17662       1.1969
   17663       1.2492
   17664       1.3180
   17665       1.2377
   17666       1.2954
   17667       1.4267
   17668       1.3309
   17669       1.4092
   17670       1.3298
   17671       1.3565
   17672       1.2869
   17673       1.2879
   17674       1.3472
   17675       1.3615
   17676       1.2876
   17677       1.4729
   17678       1.3442
   17679       1.3375
   17680       1.3900
   17681       1.3797
   17682       1.4217
   17683       1.2476
   17684       1.2518
   17685       1.2296
   17686       1.2861
   17687       1.1980
   17688       1.2001
   17689       1.1486
   17690       1.1058
   17691       1.1785
   17692       1.0531
   17693       1.1509
   17694       1.2306
   17695       1.1478
   17696       1.2608
   17697       1.1941
   17698       1.2453
   17699       1.2150
   17700       1.2714
   17701       1.2982
   17702       1.3242
   17703       1.1971
   17704       1.1886
   17705       1.2199
   17706       1.2140
   17707       1.1255
   17708       1.3445
   17709       1.3137
   17710       1.2580
   17711       1.2939
   17712       1.2315
   17713       1.1597
   17714       1.1336
   17715       1.1192
   17716       1.1913
   17717       1.1360
   17718       1.1947
   17719       1.2047
   17720       1.2251
   17721       1.1350
   17722       1.1225
   17723       1.2295
   17724       1.2647
   17725       1.2657
   17726       1.2477
   17727       1.2698
   17728       1.1965
   17729       1.3458
   17730       1.3155
   17731       1.2192
   17732       1.1161
   17733       1.2551
   17734       1.3255
   17735       1.2797
   17736       1.2714
   17737       1.2351
   17738       1.2020
   17739       1.1577
   17740       1.1837
   17741       1.2176
   17742       1.2426
   17743       1.2514
   17744       1.1743
   17745       1.2027
   17746       1.1621
   17747       1.1779
   17748       1.2236
   17749       1.1505
   17750       1.1662
   17751       1.1607
   17752       1.1404
   17753       1.1013
   17754       1.0348
   17755       1.0422
   17756       1.1038
   17757       1.0823
   17758       1.1780
   17759       1.0950
   17760       1.1829
   17761       1.1805
   17762       1.2078
   17763       1.2727
   17764       1.3066
   17765       1.2169
   17766       1.2135
   17767       1.2311
   17768       1.3436
   17769       1.3277
   17770       1.1853
   17771       1.1675
   17772       1.2060
   17773       1.2888
   17774       1.1564
   17775       1.2114
   17776       1.2644
   17777       1.2452
   17778       1.2308
   17779       1.2224
   17780       1.2912
   17781       1.2226
   17782       1.0898
   17783       1.1341
   17784       1.1446
   17785       1.1897
   17786       1.3338
   17787       1.2895
   17788       1.2390
   17789       1.2620
   17790       1.3155
   17791       1.2502
   17792       1.2812
   17793       1.1336
   17794       1.1720
   17795       1.2316
   17796       1.2620
   17797       1.2380
   17798       1.2464
   17799       1.1762
   17800       1.2095
   17801       1.2006
   17802       1.2540
   17803       1.3468
   17804       1.2791
   17805       1.4209
   17806       1.1338
   17807       1.1788
   17808       1.2241
   17809       1.2696
   17810       1.3216
   17811       1.3061
   17812       1.2964
   17813       1.3805
   17814       1.2692
   17815       1.1895
   17816       1.1536
   17817       1.3350
   17818       1.3555
   17819       1.3076
   17820       1.3129
   17821       1.2736
   17822       1.3437
   17823       1.3070
   17824       1.3364
   17825       1.3638
   17826       1.3652
   17827       1.3223
   17828       1.4724
   17829       1.4964
   17830       1.4151
   17831       1.3550
   17832       1.4180
   17833       1.5143
   17834       1.5055
   17835       1.5257
   17836       1.4129
   17837       1.4229
   17838       1.3943
   17839       1.4010
   17840       1.4509
   17841       1.5281
   17842       1.4010
   17843       1.4623
   17844       1.5326
   17845       1.3677
   17846       1.4397
   17847       1.3770
   17848       1.3566
   17849       1.3257
   17850       1.5040
   17851       1.6561
   17852       1.6275
   17853       1.6912
   17854       1.6023
   17855       1.5234
   17856       1.5009
   17857       1.4393
   17858       1.3414
   17859       1.2830
   17860       1.1586
   17861       1.3087
   17862       1.3924
   17863       1.4204
   17864       1.4411
   17865       1.4283
   17866       1.4532
   17867       1.4485
   17868       1.4146
   17869       1.3903
   17870       1.3276
   17871       1.3116
   17872       1.2691
   17873       1.2892
   17874       1.2483
   17875       1.2687
   17876       1.2580
   17877       1.3849
   17878       1.3619
   17879       1.3664
   17880       1.5245
   17881       1.5123
   17882       1.4114
   17883       1.4414
   17884       1.3903
   17885       1.3638
   17886       1.4294
   17887       1.6250
   17888       1.5961
   17889       1.7707
   17890       1.7345
   17891       1.7149
   17892       1.5102
   17893       1.4845
   17894       1.3918
   17895       1.2566
   17896       1.2183
   17897       1.2043
   17898       1.2997
   17899       1.3379
   17900       1.3842
   17901       1.2541
   17902       1.2720
   17903       1.3415
   17904       1.2680
   17905       1.3986
   17906       1.4104
   17907       1.3344
   17908       1.3013
   17909       1.4198
   17910       1.4145
   17911       1.2546
   17912       1.3222
   17913       1.1507
   17914       1.2464
   17915       1.2358
   17916       1.3088
   17917       1.3946
   17918       1.4745
   17919       1.3426
   17920       1.5457
   17921       1.4859
   17922       1.4016
   17923       1.4142
   17924       1.5767
   17925       1.6286
   17926       1.5917
   17927       1.5392
   17928       1.5321
   17929       1.4471
   17930       1.6245
   17931       1.5346
   17932       1.4465
   17933       1.4501
   17934       1.5289
   17935       1.3971
   17936       1.4451
   17937       1.3404
   17938       1.3191
   17939       1.4318
   17940       1.3720
   17941       1.3313
   17942       1.3214
   17943       1.4353
   17944       1.3816
   17945       1.3473
   17946       1.3158
   17947       1.3457
   17948       1.4111
   17949       1.3723
   17950       1.2873
   17951       1.2892
   17952       1.3354
   17953       1.4506
   17954       1.4185
   17955       1.3691
   17956       1.2633
   17957       1.2660
   17958       1.3317
   17959       1.4325
   17960       1.2884
   17961       1.2216
   17962       1.2645
   17963       1.2060
   17964       1.1950
   17965       1.3353
   17966       1.2791
   17967       1.4390
   17968       1.3578
   17969       1.3159
   17970       1.3494
   17971       1.3671
   17972       1.4044
   17973       1.3948
   17974       1.3849
   17975       1.4012
   17976       1.2585
   17977       1.3040
   17978       1.3315
   17979       1.3968
   17980       1.2663
   17981       1.2266
   17982       1.2954
   17983       1.2154
   17984       1.2912
   17985       1.2773
   17986       1.2588
   17987       1.3550
   17988       1.3654
   17989       1.4804
   17990       1.3934
   17991       1.4231
   17992       1.4830
   17993       1.4303
   17994       1.4040
   17995       1.4641
   17996       1.4868
   17997       1.4156
   17998       1.4329
   17999       1.3460
   18000       1.3774
   18001       1.3400
   18002       1.4009
   18003       1.4396
   18004       1.3943
   18005       1.5169
   18006       1.5357
   18007       1.3357
   18008       1.4992
   18009       1.4286
   18010       1.3351
   18011       1.3709
   18012       1.4245
   18013       1.4222
   18014       1.3537
   18015       1.5083
   18016       1.6149
   18017       1.4343
   18018       1.5203
   18019       1.4549
   18020       1.3919
   18021       1.5916
   18022       1.4726
   18023       1.4629
   18024       1.4521
   18025       1.4289
   18026       1.5619
   18027       1.7084
   18028       1.4893
   18029       1.4298
   18030       1.4970
   18031       1.4508
   18032       1.4696
   18033       1.4693
   18034       1.3882
   18035       1.3466
   18036       1.3744
   18037       1.4802
   18038       1.4346
   18039       1.3608
   18040       1.4022
   18041       1.3155
   18042       1.2084
   18043       1.2094
   18044       1.3026
   18045       1.1956
   18046       1.1959
   18047       1.2358
   18048       1.3145
   18049       1.4257
   18050       1.4201
   18051       1.3642
   18052       1.2867
   18053       1.2642
   18054       1.3514
   18055       1.3890
   18056       1.3622
   18057       1.2813
   18058       1.3532
   18059       1.4509
   18060       1.4497
   18061       1.2299
   18062       1.3300
   18063       1.1848
   18064       1.1658
   18065       1.2654
   18066       1.2777
   18067       1.3450
   18068       1.4126
   18069       1.3105
   18070       1.1907
   18071       1.2642
   18072       1.2724
   18073       1.3372
   18074       1.2774
   18075       1.1559
   18076       1.1739
   18077       1.2182
   18078       1.2057
   18079       1.2734
   18080       1.1439
   18081       1.1949
   18082       1.2588
   18083       1.3477
   18084       1.2203
   18085       1.2741
   18086       1.1857
   18087       1.2255
   18088       1.1193
   18089       1.0608
   18090       1.0250
   18091       1.0200
   18092       0.9937
   18093       0.9787
   18094       0.9329
   18095       1.0039
   18096       1.0400
   18097       1.0922
   18098       1.2606
   18099       1.0533
   18100       1.1482
   18101       1.1595
   18102       1.2210
   18103       1.0357
   18104       1.1415
   18105       1.1712
   18106       1.1389
   18107       1.1536
   18108       1.2278
   18109       1.0894
   18110       1.0230
   18111       1.0303
   18112       0.9988
   18113       1.1209
   18114       1.1421
   18115       1.0693
   18116       0.9561
   18117       1.1426
   18118       1.2087
   18119       1.0183
   18120       0.9820
   18121       0.9599
   18122       1.0722
   18123       1.2078
   18124       1.1174
   18125       1.1839
   18126       1.1014
   18127       1.2362
   18128       1.2216
   18129       1.1359
   18130       1.1431
   18131       1.0499
   18132       1.0996
   18133       1.1660
   18134       1.1500
   18135       1.0442
   18136       1.1822
   18137       1.2780
   18138       1.0729
   18139       0.9904
   18140       1.1279
   18141       1.0402
   18142       1.1149
   18143       1.1005
   18144       1.0167
   18145       1.1170
   18146       1.1402
   18147       1.0617
   18148       1.0341
   18149       1.0320
   18150       1.0196
   18151       1.0197
   18152       0.9753
   18153       1.2075
   18154       1.2205
   18155       1.0345
   18156       1.0172
   18157       0.9655
   18158       1.0072
   18159       0.9755
   18160       1.1007
   18161       1.1999
   18162       1.1225
   18163       1.0540
   18164       1.0842
   18165       0.9858
   18166       1.0449
   18167       1.1477
   18168       1.2589
   18169       1.1859
   18170       1.1334
   18171       1.3252
   18172       1.3972
   18173       1.3508
   18174       1.1995
   18175       1.1769
   18176       1.1211
   18177       1.0954
   18178       1.1538
   18179       1.1326
   18180       1.0712
   18181       1.1640
   18182       1.2245
   18183       1.0996
   18184       1.0807
   18185       1.1844
   18186       1.0357
   18187       1.0346
   18188       1.0795
   18189       1.0078
   18190       0.9424
   18191       1.1028
   18192       1.0686
   18193       1.0439
   18194       1.0227
   18195       1.1406
   18196       1.2149
   18197       1.1499
   18198       1.2578
   18199       1.1847
   18200       1.1449
   18201       1.1947
   18202       1.1346
   18203       1.1054
   18204       1.0859
   18205       1.0517
   18206       1.0631
   18207       1.2276
   18208       1.2813
   18209       1.1269
   18210       1.1564
   18211       1.3255
   18212       1.1329
   18213       1.2166
   18214       1.2527
   18215       1.1525
   18216       1.0463
   18217       1.2245
   18218       1.3553
   18219       1.2988
   18220       1.0806
   18221       1.1291
   18222       1.1314
   18223       1.1729
   18224       1.1513
   18225       1.1641
   18226       1.0023
   18227       1.0232
   18228       1.1128
   18229       1.1447
   18230       1.2523
   18231       1.1623
   18232       1.2096
   18233       1.1291
   18234       1.2719
   18235       1.2310
   18236       1.1954
   18237       1.3140
   18238       1.2739
   18239       1.2577
   18240       1.2751
   18241       1.2066
   18242       1.0759
   18243       1.2362
   18244       1.2514
   18245       1.0261
   18246       1.1266
   18247       1.1129
   18248       1.0143
   18249       0.9974
   18250       1.1463
   18251       1.1110
   18252       1.1143
   18253       1.2755
   18254       1.1592
   18255       1.1977
   18256       1.2152
   18257       1.2012
   18258       1.2473
   18259       1.0928
   18260       1.0348
   18261       1.0651
   18262       1.1162
   18263       1.2206
   18264       1.1913
   18265       1.1212
   18266       1.0180
   18267       1.0851
   18268       1.1511
   18269       1.1818
   18270       1.1113
   18271       1.0311
   18272       1.0972
   18273       1.0153
   18274       1.0386
   18275       1.0482
   18276       1.2775
   18277       1.2628
   18278       1.2858
   18279       1.3041
   18280       1.2226
   18281       1.0547
   18282       1.0505
   18283       1.0856
   18284       1.1207
   18285       1.0818
   18286       1.1480
   18287       1.1238
   18288       1.2383
   18289       1.1804
   18290       1.2493
   18291       1.0991
   18292       1.0808
   18293       1.1717
   18294       1.1493
   18295       1.0412
   18296       0.9661
   18297       1.0926
   18298       1.0970
   18299       1.0880
   18300       1.1195
   18301       1.2910
   18302       1.1679
   18303       1.0755
   18304       1.0866
   18305       1.0799
   18306       1.1627
   18307       1.2206
   18308       1.1414
   18309       1.0494
   18310       1.2519
   18311       1.1603
   18312       1.2025
   18313       1.2333
   18314       1.1617
   18315       1.2005
   18316       1.3058
   18317       1.3048
   18318       1.2593
   18319       1.2548
   18320       1.2463
   18321       1.1920
   18322       1.1845
   18323       1.1822
   18324       1.1088
   18325       1.0951
   18326       1.1590
   18327       1.2184
   18328       1.2144
   18329       1.1825
   18330       1.1974
   18331       1.3149
   18332       1.2449
   18333       1.2649
   18334       1.2545
   18335       1.1350
   18336       0.9712
   18337       1.1235
   18338       1.2239
   18339       1.1835
   18340       1.3271
   18341       1.1746
   18342       1.2167
   18343       1.1847
   18344       1.1135
   18345       1.1454
   18346       1.1543
   18347       1.1247
   18348       1.2093
   18349       1.1845
   18350       1.1987
   18351       1.2243
   18352       1.3285
   18353       1.2499
   18354       1.3093
   18355       1.3371
   18356       1.2056
   18357       1.3794
   18358       1.3414
   18359       1.4042
   18360       1.3444
   18361       1.3836
   18362       1.4396
   18363       1.4211
   18364       1.4348
   18365       1.5725
   18366       1.3526
   18367       1.3381
   18368       1.3360
   18369       1.3154
   18370       1.2165
   18371       1.1911
   18372       1.0955
   18373       1.1952
   18374       1.3542
   18375       1.3939
   18376       1.3977
   18377       1.3106
   18378       1.2719
   18379       1.1506
   18380       1.0709
   18381       1.1179
   18382       1.1878
   18383       1.0594
   18384       1.1377
   18385       1.2228
   18386       1.1346
   18387       1.2764
   18388       1.2196
   18389       1.1831
   18390       1.1054
   18391       1.1866
   18392       1.3679
   18393       1.3272
   18394       1.2969
   18395       1.2315
   18396       1.2798
   18397       1.2144
   18398       1.2631
   18399       1.3188
   18400       1.4131
   18401       1.2558
   18402       1.2896
   18403       1.4217
   18404       1.2135
   18405       1.3140
   18406       1.3439
   18407       1.3645
   18408       1.5318
   18409       1.3645
   18410       1.3150
   18411       1.3134
   18412       1.1630
   18413       1.3559
   18414       1.4322
   18415       1.4640
   18416       1.4911
   18417       1.5160
   18418       1.3871
   18419       1.3857
   18420       1.5763
   18421       1.4966
   18422       1.3251
   18423       1.3684
   18424       1.4039
   18425       1.3143
   18426       1.2607
   18427       1.2592
   18428       1.1893
   18429       1.2644
   18430       1.1940
   18431       1.2213
   18432       1.1597
   18433       1.2535
   18434       1.2834
   18435       1.3950
   18436       1.4484
   18437       1.2188
   18438       1.2363
   18439       1.2584
   18440       1.3982
   18441       1.3519
   18442       1.2788
   18443       1.2844
   18444       1.3372
   18445       1.3471
   18446       1.3073
   18447       1.2731
   18448       1.3028
   18449       1.2200
   18450       1.2632
   18451       1.2149
   18452       1.1856
   18453       1.3494
   18454       1.3307
   18455       1.3177
   18456       1.3039
   18457       1.4056
   18458       1.3608
   18459       1.2465
   18460       1.2470
   18461       1.2418
   18462       1.2913
   18463       1.3671
   18464       1.2543
   18465       1.2287
   18466       1.2973
   18467       1.2866
   18468       1.1529
   18469       1.1089
   18470       1.2579
   18471       1.1531
   18472       1.3079
   18473       1.2748
   18474       1.3482
   18475       1.2836
   18476       1.1937
   18477       1.1297
   18478       1.1121
   18479       1.1052
   18480       1.0741
   18481       1.1012
   18482       1.2088
   18483       1.2753
   18484       1.2486
   18485       1.2150
   18486       1.2008
   18487       1.2067
   18488       1.2563
   18489       1.3312
   18490       1.0593
   18491       1.2005
   18492       1.2339
   18493       1.3399
   18494       1.3333
   18495       1.1485
   18496       1.1893
   18497       1.2629
   18498       1.1869
   18499       1.2050
   18500       1.2737
   18501       1.2516
   18502       1.2112
   18503       1.2140
   18504       1.1388
   18505       1.2829
   18506       1.3195
   18507       1.3835
   18508       1.2636
   18509       1.2153
   18510       1.1915
   18511       1.2180
   18512       1.2587
   18513       1.2713
   18514       1.2174
   18515       1.1832
   18516       1.1093
   18517       1.0708
   18518       1.2282
   18519       1.1173
   18520       1.2709
   18521       1.2593
   18522       1.2463
   18523       1.2257
   18524       1.3005
   18525       1.2253
   18526       1.2799
   18527       1.2868
   18528       1.2842
   18529       1.1579
   18530       1.2364
   18531       1.1710
   18532       1.0110
   18533       1.0904
   18534       1.3847
   18535       1.3576
   18536       1.4484
   18537       1.2644
   18538       1.3343
   18539       1.3325
   18540       1.3289
   18541       1.3128
   18542       1.2855
   18543       1.1947
   18544       1.2025
   18545       1.2271
   18546       1.2096
   18547       1.2937
   18548       1.3281
   18549       1.5282
   18550       1.7344
   18551       1.5595
   18552       1.4599
   18553       1.3816
   18554       1.2905
   18555       1.2629
   18556       1.3206
   18557       1.3060
   18558       1.3721
   18559       1.3542
   18560       1.4095
   18561       1.3522
   18562       1.2728
   18563       1.3647
   18564       1.5010
   18565       1.3455
   18566       1.3949
   18567       1.3143
   18568       1.3231
   18569       1.4640
   18570       1.4522
   18571       1.2671
   18572       1.2646
   18573       1.3260
   18574       1.4331
   18575       1.3356
   18576       1.4526
   18577       1.4670
   18578       1.4351
   18579       1.3460
   18580       1.4813
   18581       1.3961
   18582       1.3302
   18583       1.2616
   18584       1.3011
   18585       1.2503
   18586       1.3632
   18587       1.5112
   18588       1.4079
   18589       1.2276
   18590       1.2096
   18591       1.3024
   18592       1.3298
   18593       1.3287
   18594       1.2459
   18595       1.2430
   18596       1.3178
   18597       1.3712
   18598       1.4788
   18599       1.4436
   18600       1.4922
   18601       1.4031
   18602       1.2008
   18603       1.2286
   18604       1.2866
   18605       1.1911
   18606       1.1911
   18607       1.2124
   18608       1.2232
   18609       1.4308
   18610       1.1776
   18611       1.1393
   18612       1.2815
   18613       1.3601
   18614       1.2667
   18615       1.2927
   18616       1.3616
   18617       1.5077
   18618       1.3537
   18619       1.3553
   18620       1.2098
   18621       1.2254
   18622       1.2434
   18623       1.2547
   18624       1.3097
   18625       1.2859
   18626       1.3429
   18627       1.3571
   18628       1.4682
   18629       1.3004
   18630       1.1961
   18631       1.1294
   18632       1.1818
   18633       1.2268
   18634       1.1890
   18635       1.2689
   18636       1.1503
   18637       1.2712
   18638       1.1457
   18639       1.1171
   18640       1.1546
   18641       1.0897
   18642       1.0919
   18643       0.9588
   18644       1.0065
   18645       1.1133
   18646       1.2293
   18647       1.1954
   18648       1.0583
   18649       1.2438
   18650       1.2341
   18651       1.2675
   18652       1.2341
   18653       1.1673
   18654       1.1644
   18655       1.1313
   18656       1.1944
   18657       1.2544
   18658       1.2831
   18659       1.2446
   18660       1.4325
   18661       1.3859
   18662       1.4847
   18663       1.4071
   18664       1.3105
   18665       1.3488
   18666       1.2641
   18667       1.4727
   18668       1.3820
   18669       1.2562
   18670       1.3466
   18671       1.2782
   18672       1.2794
   18673       1.2518
   18674       1.2045
   18675       1.2228
   18676       1.1767
   18677       1.3050
   18678       1.3493
   18679       1.3063
   18680       1.3364
   18681       1.3586
   18682       1.4861
   18683       1.4589
   18684       1.3775
   18685       1.3085
   18686       1.2886
   18687       1.3516
   18688       1.3966
   18689       1.3096
   18690       1.3006
   18691       1.3737
   18692       1.3042
   18693       1.3190
   18694       1.3573
   18695       1.2987
   18696       1.4014
   18697       1.3997
   18698       1.3846
   18699       1.4403
   18700       1.3628
   18701       1.4194
   18702       1.4645
   18703       1.3772
   18704       1.3744
   18705       1.2620
   18706       1.2658
   18707       1.3113
   18708       1.3277
   18709       1.4755
   18710       1.3687
   18711       1.3122
   18712       1.3602
   18713       1.4273
   18714       1.3911
   18715       1.4485
   18716       1.3834
   18717       1.4564
   18718       1.5615
   18719       1.5702
   18720       1.4739
   18721       1.4750
   18722       1.4198
   18723       1.3878
   18724       1.4181
   18725       1.4422
   18726       1.5529
   18727       1.5227
   18728       1.4854
   18729       1.3988
   18730       1.4202
   18731       1.4487
   18732       1.3956
   18733       1.3896
   18734       1.2588
   18735       1.4455
   18736       1.3771
   18737       1.3689
   18738       1.3457
   18739       1.2883
   18740       1.2007
   18741       1.5196
   18742       1.6132
   18743       1.6122
   18744       1.5426
   18745       1.2604
   18746       1.1946
   18747       1.2631
   18748       1.3447
   18749       1.2614
   18750       1.2758
   18751       1.3527
   18752       1.4339
   18753       1.3099
   18754       1.3370
   18755       1.2695
   18756       1.1427
   18757       1.2604
   18758       1.2175
   18759       1.1739
   18760       1.1408
   18761       1.1537
   18762       1.1673
   18763       1.2668
   18764       1.1917
   18765       1.2887
   18766       1.3131
   18767       1.2810
   18768       1.1827
   18769       1.1206
   18770       1.2388
   18771       1.1712
   18772       1.1332
   18773       1.1070
   18774       1.0488
   18775       1.0968
   18776       1.1823
   18777       1.1797
   18778       1.2313
   18779       1.2684
   18780       1.4262
   18781       1.3268
   18782       1.4260
   18783       1.5938
   18784       1.4662
   18785       1.3971
   18786       1.4858
   18787       1.4743
   18788       1.4459
   18789       1.3435
   18790       1.3652
   18791       1.3692
   18792       1.3853
   18793       1.5066
   18794       1.3734
   18795       1.5548
   18796       1.5147
   18797       1.4766
   18798       1.6691
   18799       1.4778
   18800       1.4509
   18801       1.4542
   18802       1.3519
   18803       1.5062
   18804       1.5776
   18805       1.4907
   18806       1.5492
   18807       1.5412
   18808       1.4729
   18809       1.5838
   18810       1.3954
   18811       1.4591
   18812       1.4795
   18813       1.5041
   18814       1.4172
   18815       1.3542
   18816       1.4511
   18817       1.3514
   18818       1.3714
   18819       1.3123
   18820       1.4347
   18821       1.3232
   18822       1.4199
   18823       1.4412
   18824       1.5338
   18825       1.4650
   18826       1.4105
   18827       1.4726
   18828       1.5023
   18829       1.5237
   18830       1.7254
   18831       1.7961
   18832       1.6641
   18833       1.7694
   18834       1.7025
   18835       1.5921
   18836       1.5711
   18837       1.7029
   18838       1.4965
   18839       1.3839
   18840       1.3830
   18841       1.3957
   18842       1.4631
   18843       1.3799
   18844       1.3486
   18845       1.4436
   18846       1.5184
   18847       1.4672
   18848       1.3323
   18849       1.4063
   18850       1.3908
   18851       1.6049
   18852       1.5001
   18853       1.4491
   18854       1.3762
   18855       1.2860
   18856       1.2666
   18857       1.3282
   18858       1.4460
   18859       1.4054
   18860       1.4468
   18861       1.3890
   18862       1.3737
   18863       1.2769
   18864       1.3133
   18865       1.3170
   18866       1.3071
   18867       1.3396
   18868       1.3003
   18869       1.3237
   18870       1.2072
   18871       1.3806
   18872       1.4502
   18873       1.4242
   18874       1.6149
   18875       1.4831
   18876       1.4319
   18877       1.4045
   18878       1.3783
   18879       1.5875
   18880       1.5149
   18881       1.3659
   18882       1.5551
   18883       1.3372
   18884       1.2965
   18885       1.2130
   18886       1.3414
   18887       1.4263
   18888       1.3326
   18889       1.4986
   18890       1.4531
   18891       1.3923
   18892       1.3632
   18893       1.4721
   18894       1.3361
   18895       1.4151
   18896       1.3528
   18897       1.4206
   18898       1.4680
   18899       1.4931
   18900       1.5551
   18901       1.4566
   18902       1.5179
   18903       1.4192
   18904       1.2931
   18905       1.3238
   18906       1.2961
   18907       1.2568
   18908       1.3139
   18909       1.3237
   18910       1.4302
   18911       1.5494
   18912       1.6093
   18913       1.3843
   18914       1.3618
   18915       1.4498
   18916       1.4360
   18917       1.4207
   18918       1.3357
   18919       1.4552
   18920       1.3663
   18921       1.3594
   18922       1.4330
   18923       1.3753
   18924       1.2341
   18925       1.2766
   18926       1.2642
   18927       1.3013
   18928       1.2960
   18929       1.2196
   18930       1.1215
   18931       1.3118
   18932       1.2145
   18933       1.3671
   18934       1.3898
   18935       1.2835
   18936       1.2936
   18937       1.3644
   18938       1.3420
   18939       1.2944
   18940       1.3663
   18941       1.3922
   18942       1.4289
   18943       1.4582
   18944       1.4860
   18945       1.4562
   18946       1.5496
   18947       1.5128
   18948       1.4249
   18949       1.4367
   18950       1.3232
   18951       1.5083
   18952       1.5428
   18953       1.5549
   18954       1.7068
   18955       1.5721
   18956       1.5421
   18957       1.3520
   18958       1.4775
   18959       1.3679
   18960       1.3072
   18961       1.3167
   18962       1.2435
   18963       1.2004
   18964       1.3742
   18965       1.3340
   18966       1.2232
   18967       1.4118
   18968       1.4175
   18969       1.5248
   18970       1.4568
   18971       1.4877
   18972       1.3221
   18973       1.4077
   18974       1.4030
   18975       1.2903
   18976       1.2763
   18977       1.3407
   18978       1.2680
   18979       1.3419
   18980       1.3188
   18981       1.1820
   18982       1.1742
   18983       1.0896
   18984       1.2546
   18985       1.2507
   18986       1.3090
   18987       1.2749
   18988       1.2461
   18989       1.1376
   18990       1.1605
   18991       1.2343
   18992       1.4462
   18993       1.4201
   18994       1.3436
   18995       1.2378
   18996       1.2011
   18997       1.2948
   18998       1.2928
   18999       1.2739
   19000       1.4200
   19001       1.2858
   19002       1.2527
   19003       1.4208
   19004       1.5310
   19005       1.6927
   19006       1.8048
   19007       1.7973
   19008       1.6414
   19009       1.6720
   19010       1.5972
   19011       1.5066
   19012       1.6671
   19013       1.4691
   19014       1.5004
   19015       1.4437
   19016       1.4552
   19017       1.3100
   19018       1.3157
   19019       1.3048
   19020       1.3982
   19021       1.4090
   19022       1.4042
   19023       1.4854
   19024       1.7026
   19025       1.6367
   19026       1.7642
   19027       1.6299
   19028       1.5940
   19029       1.5319
   19030       1.3550
   19031       1.3867
   19032       1.4581
   19033       1.4529
   19034       1.4470
   19035       1.3417
   19036       1.4725
   19037       1.5247
   19038       1.3492
   19039       1.4960
   19040       1.4731
   19041       1.3443
   19042       1.3705
   19043       1.4566
   19044       1.4795
   19045       1.5202
   19046       1.5923
   19047       1.4914
   19048       1.6265
   19049       1.3639
   19050       1.5383
   19051       1.3881
   19052       1.5155
   19053       1.6146
   19054       1.5449
   19055       1.4422
   19056       1.3223
   19057       1.3249
   19058       1.2025
   19059       1.2819
   19060       1.3015
   19061       1.3570
   19062       1.3284
   19063       1.3034
   19064       1.3614
   19065       1.3450
   19066       1.3162
   19067       1.3546
   19068       1.3839
   19069       1.4710
   19070       1.3150
   19071       1.2337
   19072       1.2735
   19073       1.4077
   19074       1.3325
   19075       1.3169
   19076       1.4375
   19077       1.4496
   19078       1.3584
   19079       1.4593
   19080       1.3572
   19081       1.2907
   19082       1.3484
   19083       1.3915
   19084       1.2684
   19085       1.2220
   19086       1.3154
   19087       1.4619
   19088       1.1823
   19089       1.2897
   19090       1.2613
   19091       1.3225
   19092       1.2603
   19093       1.1980
   19094       1.4110
   19095       1.2771
   19096       1.2696
   19097       1.1750
   19098       1.3470
   19099       1.3868
   19100       1.3110
   19101       1.1834
   19102       1.3482
   19103       1.3550
   19104       1.2140
   19105       1.3261
   19106       1.3308
   19107       1.3131
   19108       1.2226
   19109       1.4061
   19110       1.4873
   19111       1.4813
   19112       1.6682
   19113       1.5417
   19114       1.5577
   19115       1.3979
   19116       1.4142
   19117       1.4996
   19118       1.4764
   19119       1.3939
   19120       1.4045
   19121       1.3372
   19122       1.4152
   19123       1.2923
   19124       1.5267
   19125       1.4915
   19126       1.4465
   19127       1.5476
   19128       1.4910
   19129       1.3405
   19130       1.4971
   19131       1.4817
   19132       1.4390
   19133       1.4038
   19134       1.3226
   19135       1.2670
   19136       1.2320
   19137       1.2343
   19138       1.3952
   19139       1.5208
   19140       1.3785
   19141       1.2770
   19142       1.2545
   19143       1.2511
   19144       1.2329
   19145       1.2455
   19146       1.1849
   19147       1.1011
   19148       1.2149
   19149       1.3600
   19150       1.3042
   19151       1.3937
   19152       1.3503
   19153       1.3456
   19154       1.2665
   19155       1.1577
   19156       1.0717
   19157       1.1803
   19158       1.4606
   19159       1.3348
   19160       1.4175
   19161       1.4242
   19162       1.3536
   19163       1.3257
   19164       1.3636
   19165       1.3300
   19166       1.0838
   19167       1.2164
   19168       1.2240
   19169       1.1583
   19170       1.1783
   19171       1.1642
   19172       1.1735
   19173       1.2197
   19174       1.1722
   19175       1.3878
   19176       1.3162
   19177       1.1945
   19178       1.2207
   19179       1.2615
   19180       1.3081
   19181       1.2241
   19182       1.3189
   19183       1.2393
   19184       1.2348
   19185       1.3316
   19186       1.2005
   19187       1.2163
   19188       1.2263
   19189       1.2417
   19190       1.3009
   19191       1.3522
   19192       1.4262
   19193       1.4069
   19194       1.2279
   19195       1.3499
   19196       1.3802
   19197       1.4220
   19198       1.2669
   19199       1.3556
   19200       1.4312
   19201       1.3133
   19202       1.3089
   19203       1.2621
   19204       1.2673
   19205       1.1758
   19206       1.1633
   19207       1.2951
   19208       1.2981
   19209       1.2375
   19210       1.3270
   19211       1.1824
   19212       1.2449
   19213       1.3037
   19214       1.1774
   19215       1.2813
   19216       1.2262
   19217       1.1411
   19218       1.2339
   19219       1.2197
   19220       1.2782
   19221       1.2532
   19222       1.2912
   19223       1.2684
   19224       1.1147
   19225       1.1944
   19226       1.3445
   19227       1.2220
   19228       1.2533
   19229       1.1896
   19230       1.1675
   19231       1.2132
   19232       1.3377
   19233       1.2620
   19234       1.2101
   19235       1.1558
   19236       1.1805
   19237       1.1234
   19238       1.2595
   19239       1.3112
   19240       1.3800
   19241       1.3217
   19242       1.3165
   19243       1.3026
   19244       1.3240
   19245       1.1902
   19246       1.2359
   19247       1.2182
   19248       1.2882
   19249       1.3299
   19250       1.2969
   19251       1.2256
   19252       1.2358
   19253       1.2279
   19254       1.2974
   19255       1.3847
   19256       1.3559
   19257       1.1606
   19258       1.1413
   19259       1.1460
   19260       1.2372
   19261       1.3100
   19262       1.2737
   19263       1.0367
   19264       1.2048
   19265       1.2927
   19266       1.2700
   19267       1.2345
   19268       1.3601
   19269       1.3099
   19270       1.3087
   19271       1.2260
   19272       1.2523
   19273       1.2745
   19274       1.3337
   19275       1.4546
   19276       1.3378
   19277       1.3548
   19278       1.3303
   19279       1.3225
   19280       1.2121
   19281       1.2706
   19282       1.2913
   19283       1.2579
   19284       1.3251
   19285       1.1257
   19286       1.2022
   19287       1.2867
   19288       1.3128
   19289       1.3864
   19290       1.4696
   19291       1.6214
   19292       1.4194
   19293       1.2986
   19294       1.3963
   19295       1.3116
   19296       1.2643
   19297       1.1546
   19298       1.1340
   19299       1.1332
   19300       1.1706
   19301       1.1007
   19302       1.1610
   19303       1.1264
   19304       1.0040
   19305       1.0236
   19306       1.1961
   19307       1.1577
   19308       1.3066
   19309       1.2573
   19310       1.2357
   19311       1.2672
   19312       1.2251
   19313       1.2408
   19314       1.2189
   19315       1.2173
   19316       1.2449
   19317       1.1495
   19318       1.2489
   19319       1.1181
   19320       1.2760
   19321       1.2906
   19322       1.1828
   19323       1.3130
   19324       1.2726
   19325       1.3275
   19326       1.4107
   19327       1.3199
   19328       1.3062
   19329       1.2668
   19330       1.2514
   19331       1.1221
   19332       1.1015
   19333       1.2163
   19334       1.2461
   19335       1.2914
   19336       1.2916
   19337       1.4165
   19338       1.3666
   19339       1.2556
   19340       1.2391
   19341       1.2841
   19342       1.3146
   19343       1.2764
   19344       1.4038
   19345       1.4136
   19346       1.2686
   19347       1.2119
   19348       1.1235
   19349       1.2951
   19350       1.1860
   19351       1.3935
   19352       1.4390
   19353       1.3726
   19354       1.5337
   19355       1.4541
   19356       1.4603
   19357       1.4753
   19358       1.4035
   19359       1.4674
   19360       1.5429
   19361       1.4042
   19362       1.4352
   19363       1.3973
   19364       1.3429
   19365       1.4002
   19366       1.4413
   19367       1.4308
   19368       1.3732
   19369       1.3779
   19370       1.4299
   19371       1.2883
   19372       1.3674
   19373       1.4238
   19374       1.3239
   19375       1.4231
   19376       1.4420
   19377       1.5794
   19378       1.6337
   19379       1.6513
   19380       1.4806
   19381       1.5441
   19382       1.4610
   19383       1.5269
   19384       1.5381
   19385       1.4694
   19386       1.4447
   19387       1.3761
   19388       1.5002
   19389       1.4662
   19390       1.4063
   19391       1.4162
   19392       1.4013
   19393       1.4776
   19394       1.4784
   19395       1.4996
   19396       1.4980
   19397       1.5042
   19398       1.3026
   19399       1.4039
   19400       1.3957
   19401       1.4003
   19402       1.4659
   19403       1.4015
   19404       1.4380
   19405       1.4530
   19406       1.5505
   19407       1.5129
   19408       1.4923
   19409       1.6245
   19410       1.4108
   19411       1.4460
   19412       1.3523
   19413       1.2548
   19414       1.2694
   19415       1.2100
   19416       1.0947
   19417       1.1797
   19418       1.1279
   19419       1.1688
   19420       1.1569
   19421       1.2295
   19422       1.3051
   19423       1.4615
   19424       1.3792
   19425       1.3237
   19426       1.3997
   19427       1.3623
   19428       1.4073
   19429       1.4649
   19430       1.3296
   19431       1.3276
   19432       1.3655
   19433       1.4357
   19434       1.5622
   19435       1.5217
   19436       1.6189
   19437       1.5132
   19438       1.4714
   19439       1.5470
   19440       1.4849
   19441       1.3932
   19442       1.3628
   19443       1.3821
   19444       1.5493
   19445       1.5980
   19446       1.5495
   19447       1.6431
   19448       1.6137
   19449       1.5372
   19450       1.4679
   19451       1.4359
   19452       1.5783
   19453       1.4687
   19454       1.5106
   19455       1.3668
   19456       1.2871
   19457       1.2966
   19458       1.4534
   19459       1.4610
   19460       1.4191
   19461       1.4133
   19462       1.5438
   19463       1.5668
   19464       1.6883
   19465       1.4047
   19466       1.4107
   19467       1.3566
   19468       1.3330
   19469       1.4765
   19470       1.3899
   19471       1.2763
   19472       1.2958
   19473       1.2225
   19474       1.1285
   19475       1.3557
   19476       1.2084
   19477       1.2230
   19478       1.2969
   19479       1.2581
   19480       1.3294
   19481       1.3201
   19482       1.3129
   19483       1.4391
   19484       1.2107
   19485       1.2881
   19486       1.3757
   19487       1.2784
   19488       1.2448
   19489       1.3654
   19490       1.2927
   19491       1.2532
   19492       1.2608
   19493       1.2061
   19494       1.4280
   19495       1.3400
   19496       1.4752
   19497       1.3937
   19498       1.4112
   19499       1.3383
   19500       1.2957
   19501       1.3433
   19502       1.4204
   19503       1.4732
   19504       1.2943
   19505       1.3373
   19506       1.3143
   19507       1.4017
   19508       1.3047
   19509       1.2119
   19510       1.2239
   19511       1.2767
   19512       1.4455
   19513       1.4573
   19514       1.3194
   19515       1.3388
   19516       1.2388
   19517       1.3058
   19518       1.2561
   19519       1.2632
   19520       1.3062
   19521       1.4229
   19522       1.3224
   19523       1.3211
   19524       1.3510
   19525       1.2452
   19526       1.1561
   19527       1.1615
   19528       1.2583
   19529       1.2450
   19530       1.2794
   19531       1.2213
   19532       1.2254
   19533       1.2251
   19534       1.2298
   19535       1.1655
   19536       1.2472
   19537       1.3439
   19538       1.2852
   19539       1.2124
   19540       1.1617
   19541       1.1388
   19542       1.2025
   19543       1.3233
   19544       1.2733
   19545       1.2816
   19546       1.3234
   19547       1.2223
   19548       1.1312
   19549       1.2517
   19550       1.3634
   19551       1.2623
   19552       1.3903
   19553       1.6664
   19554       1.6440
   19555       1.4924
   19556       1.4917
   19557       1.4271
   19558       1.2460
   19559       1.3570
   19560       1.3970
   19561       1.3171
   19562       1.3107
   19563       1.3437
   19564       1.2976
   19565       1.3799
   19566       1.2725
   19567       1.1875
   19568       1.1614
   19569       1.0484
   19570       1.0528
   19571       1.2352
   19572       1.4161
   19573       1.3578
   19574       1.3242
   19575       1.2769
   19576       1.3565
   19577       1.3240
   19578       1.2922
   19579       1.3483
   19580       1.4022
   19581       1.2457
   19582       1.3754
   19583       1.4912
   19584       1.3604
   19585       1.3475
   19586       1.2135
   19587       1.2302
   19588       1.2898
   19589       1.1956
   19590       1.2171
   19591       1.1588
   19592       1.1229
   19593       1.2573
   19594       1.2862
   19595       1.1897
   19596       1.2983
   19597       1.3137
   19598       1.2366
   19599       1.2872
   19600       1.4125
   19601       1.3095
   19602       1.3091
   19603       1.3935
   19604       1.5009
   19605       1.3833
   19606       1.2661
   19607       1.3545
   19608       1.3804
   19609       1.3890
   19610       1.2841
   19611       1.3312
   19612       1.1602
   19613       1.2366
   19614       1.1711
   19615       1.2353
   19616       1.1879
   19617       1.2142
   19618       1.2505
   19619       1.1823
   19620       1.2800
   19621       1.2073
   19622       1.3296
   19623       1.4216
   19624       1.3403
   19625       1.2681
   19626       1.4247
   19627       1.3596
   19628       1.3605
   19629       1.3319
   19630       1.3814
   19631       1.4244
   19632       1.3855
   19633       1.3811
   19634       1.4482
   19635       1.3187
   19636       1.4339
   19637       1.3733
   19638       1.3283
   19639       1.2651
   19640       1.2583
   19641       1.1767
   19642       1.3043
   19643       1.3024
   19644       1.3434
   19645       1.4354
   19646       1.4217
   19647       1.3026
   19648       1.4012
   19649       1.3401
   19650       1.2957
   19651       1.2790
   19652       1.5605
   19653       1.4684
   19654       1.6195
   19655       1.4495
   19656       1.4238
   19657       1.3402
   19658       1.4620
   19659       1.2439
   19660       1.2569
   19661       1.3637
   19662       1.4820
   19663       1.2993
   19664       1.4209
   19665       1.2845
   19666       1.3220
   19667       1.4887
   19668       1.4270
   19669       1.3273
   19670       1.3191
   19671       1.4379
   19672       1.3388
   19673       1.1707
   19674       1.1878
   19675       1.2741
   19676       1.3258
   19677       1.3790
   19678       1.2663
   19679       1.2505
   19680       1.4035
   19681       1.2595
   19682       1.3077
   19683       1.3085
   19684       1.2685
   19685       1.2511
   19686       1.3113
   19687       1.3358
   19688       1.3354
   19689       1.4453
   19690       1.4687
   19691       1.3976
   19692       1.3669
   19693       1.3968
   19694       1.2952
   19695       1.2902
   19696       1.2879
   19697       1.1603
   19698       1.2117
   19699       1.0984
   19700       1.3248
   19701       1.3534
   19702       1.3070
   19703       1.4860
   19704       1.3346
   19705       1.4124
   19706       1.5385
   19707       1.5094
   19708       1.3849
   19709       1.4328
   19710       1.6629
   19711       1.5675
   19712       1.2507
   19713       1.2936
   19714       1.2984
   19715       1.3334
   19716       1.5370
   19717       1.3983
   19718       1.4719
   19719       1.4931
   19720       1.5251
   19721       1.4519
   19722       1.5119
   19723       1.4788
   19724       1.3944
   19725       1.2957
   19726       1.3354
   19727       1.3572
   19728       1.3428
   19729       1.5049
   19730       1.5542
   19731       1.4510
   19732       1.2762
   19733       1.4410
   19734       1.4312
   19735       1.4117
   19736       1.3679
   19737       1.5097
   19738       1.3278
   19739       1.4217
   19740       1.2815
   19741       1.2239
   19742       1.2607
   19743       1.0982
   19744       1.2311
   19745       1.2797
   19746       1.2276
   19747       1.2758
   19748       1.4167
   19749       1.2091
   19750       1.2810
   19751       1.2798
   19752       1.2976
   19753       1.2929
   19754       1.2360
   19755       1.2376
   19756       1.3267
   19757       1.2699
   19758       1.2024
   19759       1.1417
   19760       1.3469
   19761       1.5543
   19762       1.2846
   19763       1.2365
   19764       1.2570
   19765       1.0842
   19766       1.1220
   19767       1.1208
   19768       1.0869
   19769       1.2781
   19770       1.3901
   19771       1.3111
   19772       1.2748
   19773       1.2888
   19774       1.4111
   19775       1.2092
   19776       1.1085
   19777       1.2891
   19778       1.2766
   19779       1.2938
   19780       1.3479
   19781       1.2802
   19782       1.2035
   19783       1.2578
   19784       1.1821
   19785       1.1623
   19786       1.1248
   19787       1.2224
   19788       1.2857
   19789       1.2046
   19790       1.1703
   19791       1.1062
   19792       1.1493
   19793       1.2333
   19794       1.3125
   19795       1.2545
   19796       1.2397
   19797       1.2317
   19798       1.0421
   19799       1.1257
   19800       1.3661
   19801       1.3147
   19802       1.3776
   19803       1.3689
   19804       1.1860
   19805       1.2199
   19806       1.2537
   19807       1.1047
   19808       1.1984
   19809       1.2765
   19810       1.1528
   19811       1.2562
   19812       1.2978
   19813       1.3255
   19814       1.3481
   19815       1.2805
   19816       1.2743
   19817       1.3473
   19818       1.3470
   19819       1.2577
   19820       1.3238
   19821       1.3842
   19822       1.4213
   19823       1.3743
   19824       1.2190
   19825       1.3825
   19826       1.3898
   19827       1.3878
   19828       1.3662
   19829       1.2335
   19830       1.1777
   19831       1.1955
   19832       1.2074
   19833       1.2022
   19834       1.2416
   19835       1.3863
   19836       1.2208
   19837       1.2324
   19838       1.2532
   19839       1.2081
   19840       1.0823
   19841       1.1584
   19842       1.1388
   19843       1.3147
   19844       1.2756
   19845       1.0726
   19846       1.3225
   19847       1.4233
   19848       1.3625
   19849       1.3929
   19850       1.3196
   19851       1.2089
   19852       1.4007
   19853       1.4513
   19854       1.2884
   19855       1.2870
   19856       1.3876
   19857       1.3309
   19858       1.2335
   19859       1.2963
   19860       1.2857
   19861       1.2942
   19862       1.4078
   19863       1.3823
   19864       1.3811
   19865       1.2823
   19866       1.2134
   19867       1.2203
   19868       1.2966
   19869       1.2996
   19870       1.3768
   19871       1.6446
   19872       1.6129
   19873       1.6115
   19874       1.6392
   19875       1.5682
   19876       1.7934
   19877       1.8572
   19878       1.6884
   19879       1.7101
   19880       1.6152
   19881       1.4400
   19882       1.4482
   19883       1.5322
   19884       1.5317
   19885       1.4146
   19886       1.5116
   19887       1.5321
   19888       1.5665
   19889       1.3449
   19890       1.4179
   19891       1.5103
   19892       1.4940
   19893       1.4977
   19894       1.5525
   19895       1.3603
   19896       1.5668
   19897       1.3370
   19898       1.3831
   19899       1.2708
   19900       1.2050
   19901       1.2951
   19902       1.3175
   19903       1.2574
   19904       1.2435
   19905       1.3227
   19906       1.3795
   19907       1.3755
   19908       1.3550
   19909       1.2331
   19910       1.2430
   19911       1.2321
   19912       1.2306
   19913       1.2559
   19914       1.2908
   19915       1.2510
   19916       1.1917
   19917       1.2172
   19918       1.2718
   19919       1.2222
   19920       1.2797
   19921       1.3852
   19922       1.3315
   19923       1.3962
   19924       1.3930
   19925       1.4885
   19926       1.4780
   19927       1.5530
   19928       1.5423
   19929       1.6439
   19930       1.5819
   19931       1.3878
   19932       1.3925
   19933       1.5171
   19934       1.2632
   19935       1.2389
   19936       1.3842
   19937       1.3840
   19938       1.2391
   19939       1.3118
   19940       1.2971
   19941       1.3175
   19942       1.4309
   19943       1.3818
   19944       1.3066
   19945       1.2724
   19946       1.2364
   19947       1.2924
   19948       1.3385
   19949       1.3404
   19950       1.3592
   19951       1.5291
   19952       1.4729
   19953       1.4666
   19954       1.4625
   19955       1.3675
   19956       1.3789
   19957       1.3102
   19958       1.2946
   19959       1.1994
   19960       1.3023
   19961       1.3626
   19962       1.3207
   19963       1.2408
   19964       1.2256
   19965       1.3038
   19966       1.2868
   19967       1.3392
   19968       1.4211
   19969       1.4063
   19970       1.2953
   19971       1.2769
   19972       1.3873
   19973       1.2832
   19974       1.2946
   19975       1.2916
   19976       1.3634
   19977       1.3717
   19978       1.3923
   19979       1.5027
   19980       1.5049
   19981       1.5312
   19982       1.5186
   19983       1.6112
   19984       1.4177
   19985       1.3666
   19986       1.4254
   19987       1.3721
   19988       1.3770
   19989       1.3780
   19990       1.4174
   19991       1.3884
   19992       1.3212
   19993       1.3298
   19994       1.3482
   19995       1.2523
   19996       1.2300
   19997       1.1911
   19998       1.2753
   19999       1.2432
   20000       1.3638
   20001       1.2956
   20002       1.3207
   20003       1.2991
   20004       1.3200
   20005       1.3399
   20006       1.2554
   20007       1.3189
   20008       1.1748
   20009       1.2146
   20010       1.2109
   20011       1.3610
   20012       1.4220
   20013       1.3736
   20014       1.3510
   20015       1.4603
   20016       1.4218
   20017       1.4987
   20018       1.6317
   20019       1.4784
   20020       1.5413
   20021       1.6933
   20022       1.6502
   20023       1.6096
   20024       1.4022
   20025       1.5197
   20026       1.3713
   20027       1.4573
   20028       1.4145
   20029       1.5138
   20030       1.4407
   20031       1.4604
   20032       1.3453
   20033       1.4793
   20034       1.4213
   20035       1.4118
   20036       1.4420
   20037       1.3991
   20038       1.4456
   20039       1.4286
   20040       1.3748
   20041       1.2338
   20042       1.3722
   20043       1.3807
   20044       1.3494
   20045       1.2716
   20046       1.2478
   20047       1.3257
   20048       1.3552
   20049       1.3468
   20050       1.4226
   20051       1.3595
   20052       1.3583
   20053       1.3073
   20054       1.3498
   20055       1.4997
   20056       1.4720
   20057       1.3333
   20058       1.3536
   20059       1.4087
   20060       1.4104
   20061       1.4723
   20062       1.4924
   20063       1.4590
   20064       1.3573
   20065       1.3561
   20066       1.3009
   20067       1.2956
   20068       1.3743
   20069       1.4522
   20070       1.4642
   20071       1.4902
   20072       1.4990
   20073       1.4696
   20074       1.4848
   20075       1.4478
   20076       1.4212
   20077       1.4544
   20078       1.3734
   20079       1.3951
   20080       1.4348
   20081       1.5119
   20082       1.3097
   20083       1.3347
   20084       1.5503
   20085       1.5646
   20086       1.5440
   20087       1.4519
   20088       1.7082
   20089       1.4806
   20090       1.5858
   20091       1.6129
   20092       1.5513
   20093       1.4813
   20094       1.4638
   20095       1.5018
   20096       1.5548
   20097       1.4171
   20098       1.5131
   20099       1.5484
   20100       1.5389
   20101       1.3792
   20102       1.2486
   20103       1.3267
   20104       1.3807
   20105       1.4231
   20106       1.3709
   20107       1.4110
   20108       1.4343
   20109       1.4669
   20110       1.4336
   20111       1.3289
   20112       1.3977
   20113       1.3202
   20114       1.4325
   20115       1.3653
   20116       1.4106
   20117       1.4489
   20118       1.4259
   20119       1.4755
   20120       1.5082
   20121       1.4798
   20122       1.5511
   20123       1.5878
   20124       1.6115
   20125       1.5519
   20126       1.6456
   20127       1.6096
   20128       1.5261
   20129       1.5895
   20130       1.6475
   20131       1.7582
   20132       1.7146
   20133       1.6794
   20134       1.6679
   20135       1.3940
   20136       1.5778
   20137       1.5989
   20138       1.6573
   20139       1.5146
   20140       1.5551
   20141       1.6646
   20142       1.5505
   20143       1.5007
   20144       1.5204
   20145       1.4452
   20146       1.5492
   20147       1.4603
   20148       1.4895
   20149       1.4798
   20150       1.3802
   20151       1.5208
   20152       1.3445
   20153       1.2215
   20154       1.3049
   20155       1.1643
   20156       1.1250
   20157       1.2971
   20158       1.2907
   20159       1.3703
   20160       1.4283
   20161       1.2784
   20162       1.3417
   20163       1.4321
   20164       1.2403
   20165       1.3419
   20166       1.1710
   20167       1.2575
   20168       1.1715
   20169       1.2428
   20170       1.3181
   20171       1.3850
   20172       1.3896
   20173       1.3786
   20174       1.3284
   20175       1.3918
   20176       1.4712
   20177       1.4461
   20178       1.4805
   20179       1.3738
   20180       1.5004
   20181       1.3353
   20182       1.2901
   20183       1.3668
   20184       1.2734
   20185       1.2462
   20186       1.2666
   20187       1.3495
   20188       1.3405
   20189       1.4918
   20190       1.2916
   20191       1.3468
   20192       1.2277
   20193       1.2832
   20194       1.3195
   20195       1.3333
   20196       1.3554
   20197       1.3956
   20198       1.4425
   20199       1.4697
   20200       1.3959
   20201       1.4310
   20202       1.3543
   20203       1.3049
   20204       1.3702
   20205       1.2918
   20206       1.2565
   20207       1.3864
   20208       1.3476
   20209       1.3153
   20210       1.3510
   20211       1.2336
   20212       1.2213
   20213       1.1840
   20214       1.1960
   20215       1.1597
   20216       1.2667
   20217       1.3199
   20218       1.3402
   20219       1.2859
   20220       1.2109
   20221       1.2864
   20222       1.4222
   20223       1.3694
   20224       1.3864
   20225       1.4159
   20226       1.3551
   20227       1.3482
   20228       1.4246
   20229       1.4372
   20230       1.3807
   20231       1.3758
   20232       1.3548
   20233       1.3438
   20234       1.3417
   20235       1.4244
   20236       1.4577
   20237       1.3333
   20238       1.3080
   20239       1.4138
   20240       1.3334
   20241       1.2251
   20242       1.2122
   20243       1.2657
   20244       1.3080
   20245       1.2610
   20246       1.3960
   20247       1.3869
   20248       1.2054
   20249       1.2121
   20250       1.2122
   20251       1.3406
   20252       1.3546
   20253       1.3821
   20254       1.3009
   20255       1.3368
   20256       1.4275
   20257       1.3718
   20258       1.5685
   20259       1.5191
   20260       1.6283
   20261       1.4688
   20262       1.4392
   20263       1.5007
   20264       1.5447
   20265       1.4326
   20266       1.2906
   20267       1.3917
   20268       1.2551
   20269       1.2991
   20270       1.3437
   20271       1.2925
   20272       1.2819
   20273       1.3911
   20274       1.3645
   20275       1.3090
   20276       1.3365
   20277       1.3243
   20278       1.4086
   20279       1.3802
   20280       1.3486
   20281       1.3705
   20282       1.3407
   20283       1.3870
   20284       1.4647
   20285       1.4291
   20286       1.3897
   20287       1.3867
   20288       1.3882
   20289       1.3630
   20290       1.2957
   20291       1.3914
   20292       1.2909
   20293       1.3645
   20294       1.2862
   20295       1.2926
   20296       1.1662
   20297       1.2425
   20298       1.2352
   20299       1.2922
   20300       1.3605
   20301       1.3427
   20302       1.3351
   20303       1.2451
   20304       1.1879
   20305       1.1670
   20306       1.2118
   20307       1.2435
   20308       1.2059
   20309       1.2460
   20310       1.2527
   20311       1.2953
   20312       1.3444
   20313       1.4354
   20314       1.2702
   20315       1.4507
   20316       1.3260
   20317       1.3378
   20318       1.2914
   20319       1.3107
   20320       1.3180
   20321       1.3571
   20322       1.3440
   20323       1.3849
   20324       1.4925
   20325       1.4016
   20326       1.4786
   20327       1.5074
   20328       1.4968
   20329       1.5162
   20330       1.4224
   20331       1.5621
   20332       1.4936
   20333       1.4907
   20334       1.5673
   20335       1.5697
   20336       1.7196
   20337       1.5928
   20338       1.6291
   20339       1.5564
   20340       1.5622
   20341       1.7219
   20342       1.6827
   20343       1.7031
   20344       1.5037
   20345       1.7083
   20346       1.5855
   20347       1.6693
   20348       1.7279
   20349       1.5045
   20350       1.5096
   20351       1.5054
   20352       1.5508
   20353       1.6245
   20354       1.5363
   20355       1.5264
   20356       1.5055
   20357       1.5326
   20358       1.4695
   20359       1.4137
   20360       1.4575
   20361       1.4828
   20362       1.3185
   20363       1.2707
   20364       1.2658
   20365       1.1231
   20366       1.2279
   20367       1.2079
   20368       1.1918
   20369       1.2011
   20370       1.2979
   20371       1.2816
   20372       1.2953
   20373       1.2774
   20374       1.2819
   20375       1.2105
   20376       1.2845
   20377       1.2520
   20378       1.2496
   20379       1.2644
   20380       1.1515
   20381       1.1773
   20382       1.1863
   20383       1.2223
   20384       1.2120
   20385       1.3251
   20386       1.3975
   20387       1.3926
   20388       1.2430
   20389       1.4631
   20390       1.3500
   20391       1.2924
   20392       1.4780
   20393       1.4201
   20394       1.3766
   20395       1.3719
   20396       1.2790
   20397       1.3153
   20398       1.3873
   20399       1.3786
   20400       1.2678
   20401       1.2978
   20402       1.3138
   20403       1.3986
   20404       1.4313
   20405       1.4506
   20406       1.3780
   20407       1.4919
   20408       1.4334
   20409       1.6057
   20410       1.6553
   20411       1.6424
   20412       1.6680
   20413       1.6149
   20414       1.7112
   20415       1.6599
   20416       1.4675
   20417       1.6039
   20418       1.5195
   20419       1.4128
   20420       1.4573
   20421       1.5148
   20422       1.3957
   20423       1.3338
   20424       1.5063
   20425       1.3632
   20426       1.4869
   20427       1.3499
   20428       1.2244
   20429       1.2428
   20430       1.2778
   20431       1.3235
   20432       1.2238
   20433       1.2832
   20434       1.4034
   20435       1.3858
   20436       1.3545
   20437       1.4659
   20438       1.4666
   20439       1.4892
   20440       1.4719
   20441       1.5214
   20442       1.5075
   20443       1.4461
   20444       1.3489
   20445       1.2983
   20446       1.4880
   20447       1.4138
   20448       1.2908
   20449       1.3243
   20450       1.2176
   20451       1.2149
   20452       1.2398
   20453       1.3117
   20454       1.3265
   20455       1.3127
   20456       1.3239
   20457       1.4607
   20458       1.4537
   20459       1.4664
   20460       1.5493
   20461       1.6156
   20462       1.4653
   20463       1.5395
   20464       1.5037
   20465       1.4045
   20466       1.4437
   20467       1.4326
   20468       1.3239
   20469       1.3592
   20470       1.3856
   20471       1.5399
   20472       1.5306
   20473       1.6548
   20474       1.6305
   20475       1.5776
   20476       1.5014
   20477       1.4494
   20478       1.4432
   20479       1.4705
   20480       1.4895
   20481       1.6313
   20482       1.6856
   20483       1.5957
   20484       1.5011
   20485       1.4314
   20486       1.4724
   20487       1.3760
   20488       1.3843
   20489       1.3606
   20490       1.3352
   20491       1.3528
   20492       1.4411
   20493       1.5608
   20494       1.6174
   20495       1.7090
   20496       1.6800
   20497       1.5727
   20498       1.5099
   20499       1.4929
   20500       1.6331
   20501       1.5909
   20502       1.5526
   20503       1.4453
   20504       1.3918
   20505       1.2957
   20506       1.3841
   20507       1.3184
   20508       1.3153
   20509       1.3640
   20510       1.4761
   20511       1.3860
   20512       1.4101
   20513       1.4710
   20514       1.4143
   20515       1.4894
   20516       1.6713
   20517       1.6816
   20518       1.5760
   20519       1.5547
   20520       1.6568
   20521       1.4414
   20522       1.5620
   20523       1.6404
   20524       1.6726
   20525       1.6767
   20526       1.6445
   20527       1.6256
   20528       1.5693
   20529       1.6763
   20530       1.6655
   20531       1.6174
   20532       1.5621
   20533       1.6527
   20534       1.5623
   20535       1.4492
   20536       1.4335
   20537       1.4007
   20538       1.4515
   20539       1.5191
   20540       1.3918
   20541       1.4448
   20542       1.5843
   20543       1.5431
   20544       1.5262
   20545       1.4206
   20546       1.4214
   20547       1.2757
   20548       1.3646
   20549       1.4211
   20550       1.5334
   20551       1.5703
   20552       1.6198
   20553       1.6263
   20554       1.5717
   20555       1.3764
   20556       1.2626
   20557       1.3688
   20558       1.3483
   20559       1.4259
   20560       1.3457
   20561       1.3778
   20562       1.2807
   20563       1.2420
   20564       1.3217
   20565       1.2411
   20566       1.3804
   20567       1.3346
   20568       1.2779
   20569       1.3377
   20570       1.3113
   20571       1.2802
   20572       1.2541
   20573       1.3229
   20574       1.2598
   20575       1.2409
   20576       1.2153
   20577       1.3061
   20578       1.2540
   20579       1.3702
   20580       1.4165
   20581       1.3436
   20582       1.3016
   20583       1.2229
   20584       1.3580
   20585       1.4854
   20586       1.4300
   20587       1.4299
   20588       1.4841
   20589       1.3654
   20590       1.3595
   20591       1.2847
   20592       1.2738
   20593       1.1988
   20594       1.3625
   20595       1.4679
   20596       1.4541
   20597       1.4876
   20598       1.4947
   20599       1.5804
   20600       1.5518
   20601       1.6909
   20602       1.5999
   20603       1.6393
   20604       1.5111
   20605       1.5498
   20606       1.5023
   20607       1.4895
   20608       1.5739
   20609       1.5623
   20610       1.4470
   20611       1.3526
   20612       1.4944
   20613       1.5260
   20614       1.5267
   20615       1.3735
   20616       1.3566
   20617       1.5159
   20618       1.4555
   20619       1.4074
   20620       1.4191
   20621       1.3556
   20622       1.2714
   20623       1.2720
   20624       1.1900
   20625       1.1993
   20626       1.2406
   20627       1.2673
   20628       1.0939
   20629       1.3011
   20630       1.3594
   20631       1.3789
   20632       1.3100
   20633       1.2716
   20634       1.1614
   20635       1.2397
   20636       1.3009
   20637       1.2420
   20638       1.1580
   20639       1.2171
   20640       1.2692
   20641       1.2168
   20642       1.2740
   20643       1.2945
   20644       1.3250
   20645       1.2855
   20646       1.3371
   20647       1.3890
   20648       1.3115
   20649       1.3573
   20650       1.2829
   20651       1.3124
   20652       1.1996
   20653       1.2704
   20654       1.3073
   20655       1.3225
   20656       1.2724
   20657       1.3017
   20658       1.3551
   20659       1.4006
   20660       1.3436
   20661       1.3194
   20662       1.2551
   20663       1.5028
   20664       1.3324
   20665       1.3332
   20666       1.3781
   20667       1.2688
   20668       1.1772
   20669       1.2268
   20670       1.3376
   20671       1.2106
   20672       1.3394
   20673       1.2725
   20674       1.2617
   20675       1.3184
   20676       1.3137
   20677       1.2998
   20678       1.3146
   20679       1.2863
   20680       1.2999
   20681       1.3946
   20682       1.3530
   20683       1.3160
   20684       1.3677
   20685       1.3027
   20686       1.4207
   20687       1.3274
   20688       1.3207
   20689       1.3744
   20690       1.2876
   20691       1.1492
   20692       1.1702
   20693       1.2295
   20694       1.1572
   20695       1.2736
   20696       1.1931
   20697       1.1897
   20698       1.2394
   20699       1.2481
   20700       1.1867
   20701       1.2700
   20702       1.2301
   20703       1.1728
   20704       1.2659
   20705       1.2650
   20706       1.2254
   20707       1.2780
   20708       1.2574
   20709       1.3406
   20710       1.3155
   20711       1.3581
   20712       1.3148
   20713       1.1707
   20714       1.1988
   20715       1.2172
   20716       1.1926
   20717       1.2860
   20718       1.2212
   20719       1.2104
   20720       1.1878
   20721       1.2279
   20722       1.1494
   20723       1.0637
   20724       1.0945
   20725       1.1962
   20726       1.1369
   20727       1.1528
   20728       1.1296
   20729       1.1442
   20730       1.2928
   20731       1.2284
   20732       1.2363
   20733       1.1484
   20734       1.1015
   20735       1.1783
   20736       1.2400
   20737       1.2147
   20738       1.2164
   20739       1.1732
   20740       1.2803
   20741       1.3592
   20742       1.3928
   20743       1.3448
   20744       1.4944
   20745       1.5430
   20746       1.3783
   20747       1.3670
   20748       1.4414
   20749       1.2117
   20750       1.1886
   20751       1.2089
   20752       1.2570
   20753       1.3265
   20754       1.2534
   20755       1.2989
   20756       1.2720
   20757       1.1870
   20758       1.1861
   20759       1.1816
   20760       1.2174
   20761       1.1893
   20762       1.1720
   20763       1.2143
   20764       1.1545
   20765       1.1284
   20766       1.2954
   20767       1.3105
   20768       1.2722
   20769       1.2638
   20770       1.2096
   20771       1.2671
   20772       1.2295
   20773       1.1820
   20774       1.1090
   20775       1.0948
   20776       1.1795
   20777       1.2003
   20778       1.1836
   20779       1.1511
   20780       1.0827
   20781       1.0832
   20782       1.1699
   20783       1.2201
   20784       1.4076
   20785       1.3626
   20786       1.2899
   20787       1.2590
   20788       1.2244
   20789       1.2858
   20790       1.4494
   20791       1.3067
   20792       1.3762
   20793       1.3718
   20794       1.3499
   20795       1.3523
   20796       1.3703
   20797       1.2315
   20798       1.2325
   20799       1.1788
   20800       1.2621
   20801       1.2601
   20802       1.1612
   20803       1.1679
   20804       1.2264
   20805       1.2221
   20806       1.2124
   20807       1.1320
   20808       1.2020
   20809       1.2041
   20810       1.2312
   20811       1.2608
   20812       1.2049
   20813       1.2567
   20814       1.2175
   20815       1.1843
   20816       1.1085
   20817       1.1972
   20818       1.3428
   20819       1.1798
   20820       1.2766
   20821       1.2855
   20822       1.4501
   20823       1.4265
   20824       1.5902
   20825       1.4175
   20826       1.3380
   20827       1.4760
   20828       1.5106
   20829       1.5147
   20830       1.4652
   20831       1.5585
   20832       1.5628
   20833       1.4823
   20834       1.4689
   20835       1.5642
   20836       1.4184
   20837       1.5052
   20838       1.6299
   20839       1.6730
   20840       1.5754
   20841       1.5206
   20842       1.7565
   20843       1.6106
   20844       1.5311
   20845       1.5108
   20846       1.4610
   20847       1.3409
   20848       1.4476
   20849       1.4877
   20850       1.4353
   20851       1.4904
   20852       1.5265
   20853       1.5820
   20854       1.6664
   20855       1.7156
   20856       1.4880
   20857       1.5339
   20858       1.5441
   20859       1.4961
   20860       1.7079
   20861       1.8380
   20862       1.7501
   20863       1.7214
   20864       1.8390
   20865       1.7030
   20866       1.5941
   20867       1.7350
   20868       1.7795
   20869       1.8156
   20870       1.6972
   20871       1.7006
   20872       1.7289
   20873       1.6875
   20874       1.6994
   20875       1.8106
   20876       1.6553
   20877       1.6655
   20878       1.6918
   20879       1.5932
   20880       1.6530
   20881       1.7679
   20882       1.8706
   20883       1.8673
   20884       1.8074
   20885       1.7757
   20886       1.8104
   20887       1.8534
   20888       1.8597
   20889       1.8117
   20890       1.6945
   20891       1.5832
   20892       1.7548
   20893       1.7512
   20894       1.7117
   20895       1.6208
   20896       1.6451
   20897       1.4625
   20898       1.5097
   20899       1.7172
   20900       1.6300
   20901       1.6946
   20902       1.6498
   20903       1.6123
   20904       1.5795
   20905       1.6385
   20906       1.4866
   20907       1.3853
   20908       1.3466
   20909       1.3067
   20910       1.3706
   20911       1.4541
   20912       1.3954
   20913       1.3335
   20914       1.3082
   20915       1.2849
   20916       1.2803
   20917       1.3345
   20918       1.3281
   20919       1.3850
   20920       1.4353
   20921       1.4626
   20922       1.4790
   20923       1.4320
   20924       1.3176
   20925       1.3764
   20926       1.3367
   20927       1.4248
   20928       1.3049
   20929       1.4126
   20930       1.2560
   20931       1.3626
   20932       1.3528
   20933       1.3495
   20934       1.3571
   20935       1.2654
   20936       1.4114
   20937       1.3234
   20938       1.3421
   20939       1.2855
   20940       1.2219
   20941       1.2530
   20942       1.3155
   20943       1.2796
   20944       1.3603
   20945       1.2163
   20946       1.3545
   20947       1.3658
   20948       1.3545
   20949       1.3652
   20950       1.2517
   20951       1.2486
   20952       1.2533
   20953       1.3239
   20954       1.2860
   20955       1.2209
   20956       1.2672
   20957       1.2620
   20958       1.2360
   20959       1.3962
   20960       1.2507
   20961       1.1950
   20962       1.2440
   20963       1.4296
   20964       1.4561
   20965       1.4929
   20966       1.4881
   20967       1.4533
   20968       1.3442
   20969       1.3614
   20970       1.3924
   20971       1.4375
   20972       1.4689
   20973       1.4385
   20974       1.6709
   20975       1.4913
   20976       1.6206
   20977       1.7038
   20978       1.5558
   20979       1.6530
   20980       1.4898
   20981       1.5303
   20982       1.3615
   20983       1.5044
   20984       1.3922
   20985       1.5266
   20986       1.5314
   20987       1.3878
   20988       1.4185
   20989       1.4521
   20990       1.4008
   20991       1.4775
   20992       1.3978
   20993       1.5241
   20994       1.4976
   20995       1.5121
   20996       1.5950
   20997       1.5380
   20998       1.5019
   20999       1.5215
   21000       1.5138
   21001       1.6155
   21002       1.5862
   21003       1.4814
   21004       1.4584
   21005       1.5128
   21006       1.5420
   21007       1.4425
   21008       1.4715
   21009       1.4025
   21010       1.3686
   21011       1.5393
   21012       1.4960
   21013       1.3503
   21014       1.4768
   21015       1.4199
   21016       1.4479
   21017       1.5027
   21018       1.4915
   21019       1.5419
   21020       1.6115
   21021       1.6033
   21022       1.5593
   21023       1.6084
   21024       1.5366
   21025       1.6659
   21026       1.5229
   21027       1.5938
   21028       1.6580
   21029       1.6680
   21030       1.6431
   21031       1.7269
   21032       1.6074
   21033       1.4794
   21034       1.5580
   21035       1.4088
   21036       1.3610
   21037       1.4734
   21038       1.5724
   21039       1.3716
   21040       1.3323
   21041       1.4724
   21042       1.4576
   21043       1.4496
   21044       1.3936
   21045       1.4845
   21046       1.4225
   21047       1.4125
   21048       1.3304
   21049       1.3934
   21050       1.4781
   21051       1.4461
   21052       1.5141
   21053       1.3071
   21054       1.3098
   21055       1.3838
   21056       1.4625
   21057       1.4812
   21058       1.2252
   21059       1.2620
   21060       1.3432
   21061       1.3708
   21062       1.3707
   21063       1.4750
   21064       1.4133
   21065       1.5356
   21066       1.7878
   21067       1.6318
   21068       1.7220
   21069       1.6116
   21070       1.5558
   21071       1.4735
   21072       1.5481
   21073       1.4606
   21074       1.3689
   21075       1.4292
   21076       1.4217
   21077       1.5245
   21078       1.4681
   21079       1.3875
   21080       1.4111
   21081       1.3001
   21082       1.2814
   21083       1.3906
   21084       1.3370
   21085       1.2548
   21086       1.2632
   21087       1.2504
   21088       1.1598
   21089       1.2199
   21090       1.2647
   21091       1.1765
   21092       1.2247
   21093       1.2571
   21094       1.2762
   21095       1.3600
   21096       1.2601
   21097       1.3103
   21098       1.2660
   21099       1.2282
   21100       1.3623
   21101       1.2476
   21102       1.2141
   21103       1.1989
   21104       1.2882
   21105       1.3773
   21106       1.3479
   21107       1.3242
   21108       1.3766
   21109       1.2407
   21110       1.3471
   21111       1.2570
   21112       1.3317
   21113       1.3581
   21114       1.2720
   21115       1.2784
   21116       1.1684
   21117       1.2946
   21118       1.0998
   21119       1.1538
   21120       1.2446
   21121       1.2681
   21122       1.2501
   21123       1.2321
   21124       1.1339
   21125       1.0910
   21126       1.0060
   21127       1.0596
   21128       1.0322
   21129       1.1828
   21130       1.1757
   21131       1.1643
   21132       1.1126
   21133       1.1730
   21134       1.2463
   21135       1.2195
   21136       1.2781
   21137       1.2601
   21138       1.2293
   21139       1.1070
   21140       1.1767
   21141       1.1459
   21142       1.1793
   21143       1.2358
   21144       1.0688
   21145       1.0990
   21146       1.1707
   21147       1.1949
   21148       1.2362
   21149       1.2391
   21150       1.2473
   21151       1.3251
   21152       1.3802
   21153       1.3695
   21154       1.3624
   21155       1.3586
   21156       1.3924
   21157       1.4295
   21158       1.3316
   21159       1.3936
   21160       1.3513
   21161       1.3880
   21162       1.3927
   21163       1.2741
   21164       1.3794
   21165       1.3068
   21166       1.3071
   21167       1.2181
   21168       1.2669
   21169       1.2750
   21170       1.2980
   21171       1.2393
   21172       1.3207
   21173       1.2797
   21174       1.2360
   21175       1.3088
   21176       1.2327
   21177       1.3454
   21178       1.5043
   21179       1.4552
   21180       1.4430
   21181       1.5484
   21182       1.4440
   21183       1.5422
   21184       1.4110
   21185       1.4286
   21186       1.3601
   21187       1.3413
   21188       1.2739
   21189       1.2816
   21190       1.2120
   21191       1.2381
   21192       1.1367
   21193       1.2429
   21194       1.2969
   21195       1.2859
   21196       1.3609
   21197       1.2377
   21198       1.2207
   21199       1.1878
   21200       1.3239
   21201       1.2736
   21202       1.3592
   21203       1.2226
   21204       1.2582
   21205       1.3949
   21206       1.3065
   21207       1.4923
   21208       1.3822
   21209       1.4818
   21210       1.4845
   21211       1.3428
   21212       1.1946
   21213       1.1766
   21214       1.2739
   21215       1.1963
   21216       1.0964
   21217       1.0489
   21218       1.1705
   21219       1.0508
   21220       1.1543
   21221       1.2563
   21222       1.2265
   21223       1.1602
   21224       1.1053
   21225       1.1781
   21226       1.3118
   21227       1.2936
   21228       1.3120
   21229       1.3425
   21230       1.2487
   21231       1.3224
   21232       1.4875
   21233       1.3876
   21234       1.2987
   21235       1.4227
   21236       1.5148
   21237       1.4233
   21238       1.3247
   21239       1.1946
   21240       1.2187
   21241       1.1720
   21242       1.2717
   21243       1.2265
   21244       1.0918
   21245       1.1814
   21246       1.1005
   21247       1.1915
   21248       1.1924
   21249       1.1558
   21250       1.2402
   21251       1.2381
   21252       1.2240
   21253       1.2858
   21254       1.2336
   21255       1.1974
   21256       1.3642
   21257       1.3348
   21258       1.4503
   21259       1.4362
   21260       1.3387
   21261       1.3008
   21262       1.3044
   21263       1.4045
   21264       1.3252
   21265       1.3238
   21266       1.3658
   21267       1.3735
   21268       1.2613
   21269       1.2532
   21270       1.3693
   21271       1.2734
   21272       1.3055
   21273       1.3479
   21274       1.2934
   21275       1.1589
   21276       1.2507
   21277       1.2071
   21278       1.2950
   21279       1.2916
   21280       1.2357
   21281       1.3346
   21282       1.2742
   21283       1.1818
   21284       1.0926
   21285       1.3046
   21286       1.2487
   21287       1.2839
   21288       1.4747
   21289       1.5337
   21290       1.4396
   21291       1.5366
   21292       1.4482
   21293       1.5987
   21294       1.5329
   21295       1.3591
   21296       1.1848
   21297       1.3896
   21298       1.2675
   21299       1.1364
   21300       1.3237
   21301       1.4534
   21302       1.5121
   21303       1.3170
   21304       1.4532
   21305       1.3639
   21306       1.4385
   21307       1.3656
   21308       1.3887
   21309       1.3530
   21310       1.4880
   21311       1.3560
   21312       1.3062
   21313       1.2794
   21314       1.3569
   21315       1.2995
   21316       1.3709
   21317       1.4653
   21318       1.3398
   21319       1.4416
   21320       1.3053
   21321       1.2263
   21322       1.2723
   21323       1.3957
   21324       1.4714
   21325       1.3803
   21326       1.3331
   21327       1.3109
   21328       1.2200
   21329       1.2585
   21330       1.1921
   21331       1.1851
   21332       1.0852
   21333       1.1678
   21334       1.2628
   21335       1.1700
   21336       1.1214
   21337       1.1109
   21338       1.0208
   21339       1.0380
   21340       1.1750
   21341       1.0903
   21342       1.2285
   21343       1.1712
   21344       1.3239
   21345       1.3094
   21346       1.2985
   21347       1.4619
   21348       1.3855
   21349       1.3586
   21350       1.2720
   21351       1.2717
   21352       1.1819
   21353       1.2490
   21354       1.2594
   21355       1.2520
   21356       1.1547
   21357       1.2346
   21358       1.4277
   21359       1.3655
   21360       1.3762
   21361       1.2548
   21362       1.3541
   21363       1.4057
   21364       1.4390
   21365       1.4595
   21366       1.4888
   21367       1.5054
   21368       1.5482
   21369       1.4638
   21370       1.3811
   21371       1.4015
   21372       1.4880
   21373       1.4525
   21374       1.4424
   21375       1.4124
   21376       1.4474
   21377       1.4472
   21378       1.4626
   21379       1.4255
   21380       1.4299
   21381       1.4942
   21382       1.5098
   21383       1.7606
   21384       1.5482
   21385       1.4360
   21386       1.5498
   21387       1.4853
   21388       1.5010
   21389       1.4039
   21390       1.3706
   21391       1.3731
   21392       1.2403
   21393       1.2457
   21394       1.1876
   21395       1.2399
   21396       1.1777
   21397       1.1971
   21398       1.2188
   21399       1.2145
   21400       1.1809
   21401       1.3212
   21402       1.2415
   21403       1.2552
   21404       1.2734
   21405       1.2519
   21406       1.4593
   21407       1.3991
   21408       1.4230
   21409       1.3822
   21410       1.4942
   21411       1.3921
   21412       1.4183
   21413       1.3693
   21414       1.4811
   21415       1.4734
   21416       1.4255
   21417       1.3158
   21418       1.3596
   21419       1.2055
   21420       1.3755
   21421       1.3955
   21422       1.4227
   21423       1.3578
   21424       1.4729
   21425       1.3936
   21426       1.3474
   21427       1.5162
   21428       1.5744
   21429       1.6101
   21430       1.5101
   21431       1.4548
   21432       1.5314
   21433       1.6421
   21434       1.4655
   21435       1.4921
   21436       1.4457
   21437       1.4207
   21438       1.4725
   21439       1.4808
   21440       1.5367
   21441       1.4891
   21442       1.4132
   21443       1.4475
   21444       1.5332
   21445       1.5440
   21446       1.4950
   21447       1.5032
   21448       1.4062
   21449       1.4291
   21450       1.5518
   21451       1.5480
   21452       1.3873
   21453       1.5000
   21454       1.4018
   21455       1.4327
   21456       1.3307
   21457       1.4068
   21458       1.2847
   21459       1.1758
   21460       1.4052
   21461       1.1680
   21462       1.2753
   21463       1.1829
   21464       1.1458
   21465       1.2160
   21466       1.0445
   21467       1.1145
   21468       1.1150
   21469       1.2553
   21470       1.2416
   21471       1.2833
   21472       1.1238
   21473       1.0837
   21474       1.0314
   21475       1.0245
   21476       1.2158
   21477       1.2280
   21478       1.1899
   21479       1.2011
   21480       1.2369
   21481       1.1921
   21482       1.2184
   21483       1.1480
   21484       1.1995
   21485       1.1277
   21486       1.2843
   21487       1.1283
   21488       1.1224
   21489       1.1050
   21490       1.1951
   21491       1.1142
   21492       1.2950
   21493       1.3668
   21494       1.3669
   21495       1.4227
   21496       1.2723
   21497       1.2396
   21498       1.1583
   21499       1.2327
   21500       1.3530
   21501       1.3962
   21502       1.2196
   21503       1.1582
   21504       1.1139
   21505       1.1520
   21506       1.1657
   21507       1.1350
   21508       1.1479
   21509       1.1272
   21510       1.1842
   21511       1.1308
   21512       1.1955
   21513       1.2738
   21514       1.2507
   21515       1.2310
   21516       1.2762
   21517       1.1994
   21518       1.2053
   21519       1.1933
   21520       1.2531
   21521       1.1909
   21522       1.1812
   21523       1.2236
   21524       1.3349
   21525       1.2830
   21526       1.1512
   21527       1.3101
   21528       1.1878
   21529       1.2549
   21530       1.3437
   21531       1.4470
   21532       1.3767
   21533       1.3528
   21534       1.2670
   21535       1.3421
   21536       1.2629
   21537       1.2287
   21538       1.0636
   21539       1.1535
   21540       1.0279
   21541       1.1009
   21542       1.1713
   21543       1.2170
   21544       1.1736
   21545       1.1576
   21546       1.1690
   21547       1.1577
   21548       1.1487
   21549       1.2856
   21550       1.3209
   21551       1.3132
   21552       1.2887
   21553       1.1263
   21554       1.0898
   21555       0.9963
   21556       1.1145
   21557       1.0278
   21558       0.9895
   21559       1.0030
   21560       1.1677
   21561       1.1471
   21562       1.1931
   21563       1.3519
   21564       1.4708
   21565       1.3250
   21566       1.4585
   21567       1.3095
   21568       1.3848
   21569       1.3806
   21570       1.4208
   21571       1.4396
   21572       1.3580
   21573       1.3512
   21574       1.2900
   21575       1.1704
   21576       1.1342
   21577       1.1989
   21578       1.3327
   21579       1.4445
   21580       1.3805
   21581       1.3422
   21582       1.3014
   21583       1.1407
   21584       1.2769
   21585       1.2423
   21586       1.3207
   21587       1.4104
   21588       1.3773
   21589       1.2439
   21590       1.2825
   21591       1.2767
   21592       1.2285
   21593       1.2604
   21594       1.2429
   21595       1.3030
   21596       1.3820
   21597       1.2912
   21598       1.2961
   21599       1.2028
   21600       1.3443
   21601       1.2969
   21602       1.1809
   21603       1.1716
   21604       1.2696
   21605       1.2229
   21606       1.2845
   21607       1.2852
   21608       1.3112
   21609       1.4626
   21610       1.4950
   21611       1.4869
   21612       1.4766
   21613       1.4921
   21614       1.2754
   21615       1.2300
   21616       1.2462
   21617       1.2389
   21618       1.3609
   21619       1.2545
   21620       1.3078
   21621       1.3262
   21622       1.2821
   21623       1.2795
   21624       1.3391
   21625       1.3714
   21626       1.4220
   21627       1.4068
   21628       1.4820
   21629       1.3854
   21630       1.3855
   21631       1.2991
   21632       1.3610
   21633       1.3755
   21634       1.4301
   21635       1.3430
   21636       1.3184
   21637       1.3837
   21638       1.4009
   21639       1.2666
   21640       1.2542
   21641       1.3542
   21642       1.2178
   21643       1.2045
   21644       1.3855
   21645       1.3354
   21646       1.3750
   21647       1.2713
   21648       1.2362
   21649       1.3588
   21650       1.3483
   21651       1.2772
   21652       1.4055
   21653       1.3113
   21654       1.2810
   21655       1.3286
   21656       1.2703
   21657       1.1170
   21658       1.3205
   21659       1.3385
   21660       1.4287
   21661       1.2919
   21662       1.1919
   21663       1.2052
   21664       1.1969
   21665       1.3462
   21666       1.3212
   21667       1.2690
   21668       1.2562
   21669       1.2625
   21670       1.2825
   21671       1.2262
   21672       1.2087
   21673       1.3156
   21674       1.3070
   21675       1.2505
   21676       1.2619
   21677       1.3628
   21678       1.2949
   21679       1.2692
   21680       1.1957
   21681       1.1975
   21682       1.1015
   21683       1.0300
   21684       1.0698
   21685       1.0529
   21686       1.0445
   21687       1.0986
   21688       1.0755
   21689       1.0024
   21690       1.1172
   21691       1.2052
   21692       1.1977
   21693       1.1916
   21694       1.2060
   21695       1.1103
   21696       1.1853
   21697       1.3235
   21698       1.1916
   21699       1.1446
   21700       1.1017
   21701       1.1287
   21702       1.0778
   21703       1.0701
   21704       1.0464
   21705       1.1249
   21706       1.1047
   21707       1.1798
   21708       1.1789
   21709       1.1784
   21710       1.2001
   21711       1.1388
   21712       1.2393
   21713       1.3427
   21714       1.2472
   21715       1.3626
   21716       1.1836
   21717       1.2612
   21718       1.2625
   21719       1.2863
   21720       1.1708
   21721       1.2559
   21722       1.2073
   21723       1.1656
   21724       1.0222
   21725       1.2098
   21726       1.1589
   21727       1.2639
   21728       1.3281
   21729       1.3481
   21730       1.3192
   21731       1.1916
   21732       1.3079
   21733       1.2139
   21734       1.2570
   21735       1.1889
   21736       1.1588
   21737       1.2637
   21738       1.2837
   21739       1.1823
   21740       1.2029
   21741       1.2334
   21742       1.3046
   21743       1.2483
   21744       1.2908
   21745       1.3365
   21746       1.3036
   21747       1.1737
   21748       1.2630
   21749       1.3642
   21750       1.4535
   21751       1.3299
   21752       1.3120
   21753       1.2510
   21754       1.2048
   21755       1.1934
   21756       1.3359
   21757       1.1914
   21758       1.1502
   21759       1.1603
   21760       1.1431
   21761       1.3111
   21762       1.2882
   21763       1.2613
   21764       1.3381
   21765       1.3641
   21766       1.4336
   21767       1.3877
   21768       1.3739
   21769       1.3415
   21770       1.3582
   21771       1.2806
   21772       1.2184
   21773       1.4188
   21774       1.3247
   21775       1.3597
   21776       1.2381
   21777       1.3892
   21778       1.3134
   21779       1.2279
   21780       1.2370
   21781       1.4319
   21782       1.3942
   21783       1.4762
   21784       1.5299
   21785       1.4458
   21786       1.5045
   21787       1.4830
   21788       1.4766
   21789       1.5076
   21790       1.4482
   21791       1.4594
   21792       1.4897
   21793       1.4830
   21794       1.4753
   21795       1.4964
   21796       1.4559
   21797       1.4296
   21798       1.4961
   21799       1.4073
   21800       1.2833
   21801       1.3492
   21802       1.2100
   21803       1.2206
   21804       1.2455
   21805       1.2426
   21806       1.1561
   21807       1.1365
   21808       1.2209
   21809       1.1768
   21810       1.1543
   21811       1.1852
   21812       1.1870
   21813       1.2790
   21814       1.2320
   21815       1.2414
   21816       1.3266
   21817       1.2987
   21818       1.3272
   21819       1.2197
   21820       1.2226
   21821       1.2745
   21822       1.4449
   21823       1.3503
   21824       1.3636
   21825       1.3562
   21826       1.3618
   21827       1.4953
   21828       1.4826
   21829       1.3216
   21830       1.3659
   21831       1.3191
   21832       1.4283
   21833       1.3767
   21834       1.2545
   21835       1.2053
   21836       1.1736
   21837       1.1845
   21838       1.1182
   21839       1.2206
   21840       1.1576
   21841       1.1675
   21842       1.2258
   21843       1.1939
   21844       1.2914
   21845       1.2346
   21846       1.1497
   21847       1.1593
   21848       1.2032
   21849       1.1877
   21850       1.2043
   21851       1.1860
   21852       1.2543
   21853       1.1716
   21854       1.1646
   21855       1.3218
   21856       1.3159
   21857       1.3283
   21858       1.3274
   21859       1.1897
   21860       1.1578
   21861       1.2039
   21862       1.2067
   21863       1.1244
   21864       1.1325
   21865       1.0814
   21866       1.1547
   21867       1.2762
   21868       1.2424
   21869       1.2136
   21870       1.2792
   21871       1.2157
   21872       1.2747
   21873       1.3518
   21874       1.2911
   21875       1.1622
   21876       1.3369
   21877       1.2421
   21878       1.2514
   21879       1.4107
   21880       1.3657
   21881       1.3196
   21882       1.2810
   21883       1.2720
   21884       1.4078
   21885       1.3286
   21886       1.3880
   21887       1.3425
   21888       1.2381
   21889       1.3666
   21890       1.2449
   21891       1.1957
   21892       1.1626
   21893       1.1341
   21894       1.1563
   21895       1.3215
   21896       1.2439
   21897       1.2331
   21898       1.2450
   21899       1.1815
   21900       1.1582
   21901       1.1428
   21902       1.1851
   21903       1.2578
   21904       1.1698
   21905       1.2081
   21906       1.1450
   21907       1.1895
   21908       1.1203
   21909       1.0836
   21910       0.9676
   21911       1.1313
   21912       1.0701
   21913       1.0939
   21914       1.1184
   21915       1.1052
   21916       1.1999
   21917       1.1734
   21918       1.1865
   21919       1.1817
   21920       1.2990
   21921       1.1807
   21922       1.2758
   21923       1.0854
   21924       1.1121
   21925       1.2990
   21926       1.1412
   21927       1.1668
   21928       1.0426
   21929       1.1002
   21930       1.0811
   21931       1.1833
   21932       1.1341
   21933       1.1435
   21934       1.2456
   21935       1.1187
   21936       1.2321
   21937       1.1864
   21938       1.2227
   21939       1.1864
   21940       1.1849
   21941       1.1522
   21942       1.1472
   21943       1.1925
   21944       1.1281
   21945       1.0552
   21946       1.0974
   21947       1.1228
   21948       1.1781
   21949       1.1514
   21950       1.1411
   21951       1.1211
   21952       1.2471
   21953       1.1845
   21954       1.1858
   21955       1.2095
   21956       1.2235
   21957       1.1911
   21958       1.1899
   21959       1.2010
   21960       1.2603
   21961       1.2322
   21962       1.2847
   21963       1.2423
   21964       1.2386
   21965       1.3192
   21966       1.1796
   21967       1.2244
   21968       1.1829
   21969       1.0732
   21970       1.1611
   21971       1.1484
   21972       1.0665
   21973       1.1607
   21974       1.1057
   21975       1.1544
   21976       1.1638
   21977       1.1392
   21978       1.2713
   21979       1.2435
   21980       1.1036
   21981       1.1839
   21982       1.2444
   21983       1.2594
   21984       1.1872
   21985       1.2472
   21986       1.4033
   21987       1.3615
   21988       1.2454
   21989       1.2565
   21990       1.2788
   21991       1.1798
   21992       1.2440
   21993       1.2943
   21994       1.2196
   21995       1.1824
   21996       1.0925
   21997       1.1525
   21998       1.1155
   21999       1.1947
   22000       1.1104
   22001       1.1634
   22002       1.0699
   22003       1.0187
   22004       1.1423
   22005       1.2365
   22006       1.3038
   22007       1.3596
   22008       1.3992
   22009       1.3155
   22010       1.2335
   22011       1.2127
   22012       1.2546
   22013       1.3994
   22014       1.4629
   22015       1.4250
   22016       1.3920
   22017       1.2670
   22018       1.3717
   22019       1.2939
   22020       1.2455
   22021       1.2167
   22022       1.3724
   22023       1.2685
   22024       1.2948
   22025       1.2691
   22026       1.1248
   22027       1.1739
   22028       1.2514
   22029       1.2844
   22030       1.3460
   22031       1.3022
   22032       1.2674
   22033       1.4107
   22034       1.2712
   22035       1.3396
   22036       1.2640
   22037       1.2493
   22038       1.1780
   22039       1.3549
   22040       1.2510
   22041       1.2468
   22042       1.2840
   22043       1.3604
   22044       1.2949
   22045       1.2999
   22046       1.3912
   22047       1.4771
   22048       1.3314
   22049       1.3216
   22050       1.3880
   22051       1.4576
   22052       1.3569
   22053       1.3025
   22054       1.3632
   22055       1.3660
   22056       1.3055
   22057       1.4081
   22058       1.3400
   22059       1.1963
   22060       1.2626
   22061       1.3594
   22062       1.3841
   22063       1.5655
   22064       1.3503
   22065       1.2949
   22066       1.3389
   22067       1.3083
   22068       1.3600
   22069       1.4339
   22070       1.5165
   22071       1.5181
   22072       1.3730
   22073       1.4146
   22074       1.4613
   22075       1.4123
   22076       1.1469
   22077       1.1906
   22078       1.2577
   22079       1.2893
   22080       1.2759
   22081       1.2420
   22082       1.2829
   22083       1.1869
   22084       1.1688
   22085       1.1282
   22086       1.1625
   22087       1.2301
   22088       1.2844
   22089       1.2512
   22090       1.2964
   22091       1.2816
   22092       1.3179
   22093       1.2092
   22094       1.2385
   22095       1.2776
   22096       1.2175
   22097       1.1239
   22098       1.1544
   22099       1.2448
   22100       1.2489
   22101       1.2076
   22102       1.1040
   22103       1.1525
   22104       1.1882
   22105       1.2462
   22106       1.2319
   22107       1.2521
   22108       1.1952
   22109       1.1979
   22110       1.2952
   22111       1.2027
   22112       1.2083
   22113       1.2455
   22114       1.1020
   22115       1.1917
   22116       1.2229
   22117       1.1173
   22118       1.2003
   22119       1.2358
   22120       1.1622
   22121       1.3319
   22122       1.3836
   22123       1.2782
   22124       1.2545
   22125       1.1985
   22126       1.1448
   22127       1.2123
   22128       1.2245
   22129       1.1952
   22130       1.2435
   22131       1.2193
   22132       1.2463
   22133       1.1433
   22134       1.1905
   22135       1.1604
   22136       1.2102
   22137       1.2428
   22138       1.1758
   22139       1.2302
   22140       1.2060
   22141       1.1310
   22142       1.2006
   22143       1.1788
   22144       1.1525
   22145       1.1442
   22146       1.0879
   22147       1.0756
   22148       1.0500
   22149       1.0845
   22150       1.0308
   22151       1.0463
   22152       1.0348
   22153       0.9166
   22154       1.0114
   22155       1.1020
   22156       1.0822
   22157       1.1012
   22158       1.0384
   22159       1.0160
   22160       1.1599
   22161       1.1229
   22162       1.1141
   22163       1.0812
   22164       1.1312
   22165       1.1339
   22166       1.1683
   22167       1.0737
   22168       1.0055
   22169       1.0708
   22170       1.2132
   22171       1.0156
   22172       1.0863
   22173       1.0798
   22174       1.1528
   22175       1.1570
   22176       1.1817
   22177       1.2979
   22178       1.2488
   22179       1.2926
   22180       1.0976
   22181       1.1494
   22182       1.0013
   22183       1.0030
   22184       0.9638
   22185       1.0306
   22186       1.1087
   22187       1.0971
   22188       1.0364
   22189       1.0389
   22190       1.1305
   22191       1.2035
   22192       1.1314
   22193       1.1256
   22194       1.1184
   22195       1.0085
   22196       1.1003
   22197       1.0628
   22198       0.9856
   22199       1.1511
   22200       1.1074
   22201       1.0352
   22202       1.0416
   22203       0.9308
   22204       0.9286
   22205       0.9171
   22206       0.8873
   22207       1.0184
   22208       0.9345
   22209       0.9122
   22210       1.1152
   22211       1.1722
   22212       1.2051
   22213       1.2330
   22214       1.1728
   22215       1.1656
   22216       1.3106
   22217       1.2916
   22218       1.3608
   22219       1.4594
   22220       1.3818
   22221       1.3544
   22222       1.4774
   22223       1.3962
   22224       1.4719
   22225       1.4133
   22226       1.3023
   22227       1.2691
   22228       1.2133
   22229       1.2800
   22230       1.1520
   22231       1.1778
   22232       1.1380
   22233       1.3007
   22234       1.2441
   22235       1.1437
   22236       1.2134
   22237       1.1965
   22238       1.1304
   22239       1.1020
   22240       1.0623
   22241       1.2568
   22242       1.1300
   22243       1.1641
   22244       1.0138
   22245       1.2133
   22246       1.1662
   22247       1.2674
   22248       1.1481
   22249       1.2673
   22250       1.3520
   22251       1.3812
   22252       1.3248
   22253       1.1832
   22254       1.1330
   22255       1.2973
   22256       1.1781
   22257       1.2272
   22258       1.1303
   22259       1.1054
   22260       1.0857
   22261       1.1260
   22262       1.1713
   22263       1.2019
   22264       1.1404
   22265       1.1039
   22266       0.9685
   22267       1.0791
   22268       1.1176
   22269       1.1050
   22270       1.0827
   22271       1.1037
   22272       1.0133
   22273       1.0027
   22274       1.1077
   22275       1.0105
   22276       1.1537
   22277       1.2144
   22278       1.0719
   22279       1.1408
   22280       1.1813
   22281       1.1795
   22282       1.1307
   22283       1.2013
   22284       1.2730
   22285       1.2157
   22286       1.1856
   22287       1.1628
   22288       1.1704
   22289       1.2063
   22290       1.1229
   22291       1.1423
   22292       1.0898
   22293       1.1116
   22294       1.1600
   22295       1.1477
   22296       1.2077
   22297       1.0491
   22298       1.1600
   22299       1.0839
   22300       1.0949
   22301       1.0900
   22302       1.0752
   22303       1.1046
   22304       0.9491
   22305       1.0757
   22306       1.0095
   22307       1.1883
   22308       1.1777
   22309       1.0518
   22310       1.0724
   22311       1.1355
   22312       1.2265
   22313       1.3324
   22314       1.2462
   22315       1.2814
   22316       1.3901
   22317       1.2889
   22318       1.3777
   22319       1.3463
   22320       1.3312
   22321       1.2093
   22322       1.2232
   22323       1.2079
   22324       1.2462
   22325       1.2065
   22326       1.3064
   22327       1.3964
   22328       1.3795
   22329       1.4322
   22330       1.4862
   22331       1.5326
   22332       1.4457
   22333       1.3851
   22334       1.4279
   22335       1.5346
   22336       1.4736
   22337       1.4953
   22338       1.4050
   22339       1.5065
   22340       1.3754
   22341       1.3528
   22342       1.2713
   22343       1.2842
   22344       1.2859
   22345       1.2960
   22346       1.2267
   22347       1.2032
   22348       1.2145
   22349       1.2361
   22350       1.2464
   22351       1.2040
   22352       1.1855
   22353       1.2788
   22354       1.1948
   22355       1.0977
   22356       1.0278
   22357       1.1539
   22358       1.1433
   22359       1.1973
   22360       1.2994
   22361       1.3782
   22362       1.3421
   22363       1.1273
   22364       1.1803
   22365       1.1378
   22366       1.2269
   22367       1.2959
   22368       1.1410
   22369       1.1436
   22370       1.1247
   22371       1.1416
   22372       1.1114
   22373       1.2179
   22374       1.1973
   22375       1.0580
   22376       1.1690
   22377       1.1686
   22378       1.0993
   22379       1.0669
   22380       1.1513
   22381       1.1132
   22382       1.1451
   22383       1.0305
   22384       1.0708
   22385       1.0823
   22386       1.1145
   22387       1.1143
   22388       1.0967
   22389       1.3050
   22390       1.1837
   22391       1.1943
   22392       1.1776
   22393       1.2028
   22394       1.1476
   22395       1.2183
   22396       1.3633
   22397       1.2976
   22398       1.2444
   22399       1.0854
   22400       1.0128
   22401       1.0836
   22402       1.1265
   22403       1.1693
   22404       1.3006
   22405       1.2807
   22406       1.3085
   22407       1.2541
   22408       1.2865
   22409       1.2245
   22410       1.2867
   22411       1.2593
   22412       1.3223
   22413       1.2276
   22414       1.2101
   22415       1.2786
   22416       1.1765
   22417       1.1699
   22418       1.1269
   22419       1.1369
   22420       1.2239
   22421       1.2929
   22422       1.2691
   22423       1.2116
   22424       1.2444
   22425       1.2135
   22426       1.2702
   22427       1.1988
   22428       1.1247
   22429       1.2288
   22430       1.3278
   22431       1.1972
   22432       1.3677
   22433       1.2340
   22434       1.3662
   22435       1.3671
   22436       1.4127
   22437       1.4730
   22438       1.4929
   22439       1.6609
   22440       1.5921
   22441       1.5929
   22442       1.5001
   22443       1.3999
   22444       1.4076
   22445       1.3375
   22446       1.4449
   22447       1.4280
   22448       1.4195
   22449       1.3686
   22450       1.3936
   22451       1.5770
   22452       1.4657
   22453       1.3821
   22454       1.3328
   22455       1.2429
   22456       1.3972
   22457       1.5130
   22458       1.5413
   22459       1.3068
   22460       1.2457
   22461       1.3119
   22462       1.2575
   22463       1.2238
   22464       1.4108
   22465       1.4439
   22466       1.4813
   22467       1.2863
   22468       1.4243
   22469       1.5824
   22470       1.5998
   22471       1.5035
   22472       1.4345
   22473       1.3181
   22474       1.4309
   22475       1.4022
   22476       1.3923
   22477       1.4765
   22478       1.5357
   22479       1.4698
   22480       1.4527
   22481       1.4187
   22482       1.3538
   22483       1.4515
   22484       1.5044
   22485       1.5003
   22486       1.5055
   22487       1.4157
   22488       1.3743
   22489       1.4322
   22490       1.3967
   22491       1.2721
   22492       1.2681
   22493       1.3157
   22494       1.4244
   22495       1.3983
   22496       1.2754
   22497       1.2317
   22498       1.2448
   22499       1.3219
   22500       1.3877
   22501       1.3677
   22502       1.4846
   22503       1.3706
   22504       1.2089
   22505       1.2953
   22506       1.4129
   22507       1.3364
   22508       1.2988
   22509       1.2659
   22510       1.3584
   22511       1.2706
   22512       1.2981
   22513       1.3147
   22514       1.2489
   22515       1.1870
   22516       1.1758
   22517       1.2494
   22518       1.3222
   22519       1.3669
   22520       1.3259
   22521       1.1519
   22522       1.3134
   22523       1.2025
   22524       1.2085
   22525       1.2158
   22526       1.3151
   22527       1.4184
   22528       1.3415
   22529       1.3712
   22530       1.1974
   22531       1.2393
   22532       1.2499
   22533       1.1831
   22534       1.2377
   22535       1.2162
   22536       1.2743
   22537       1.3272
   22538       1.4150
   22539       1.5505
   22540       1.3850
   22541       1.3253
   22542       1.2398
   22543       1.2130
   22544       1.2000
   22545       1.2834
   22546       1.3566
   22547       1.4325
   22548       1.4880
   22549       1.5161
   22550       1.4021
   22551       1.6165
   22552       1.4837
   22553       1.3575
   22554       1.3477
   22555       1.4212
   22556       1.4109
   22557       1.5703
   22558       1.5741
   22559       1.4445
   22560       1.5136
   22561       1.3912
   22562       1.3328
   22563       1.2903
   22564       1.3074
   22565       1.3487
   22566       1.3308
   22567       1.2512
   22568       1.1675
   22569       1.1667
   22570       1.1613
   22571       1.3280
   22572       1.3188
   22573       1.2335
   22574       1.2595
   22575       1.2552
   22576       1.2388
   22577       1.3040
   22578       1.1612
   22579       1.2727
   22580       1.4123
   22581       1.2706
   22582       1.2625
   22583       1.2430
   22584       1.3011
   22585       1.1589
   22586       1.1649
   22587       1.1605
   22588       1.1877
   22589       1.2263
   22590       1.3065
   22591       1.4129
   22592       1.2562
   22593       1.2648
   22594       1.1618
   22595       1.2148
   22596       1.1876
   22597       1.2819
   22598       1.2131
   22599       1.1785
   22600       1.1535
   22601       1.2066
   22602       1.1831
   22603       1.0797
   22604       1.1482
   22605       0.9775
   22606       1.0899
   22607       1.1982
   22608       1.2563
   22609       1.0783
   22610       1.0173
   22611       1.1058
   22612       1.1381
   22613       1.1614
   22614       1.1858
   22615       1.1645
   22616       1.1175
   22617       1.1571
   22618       1.1490
   22619       1.1518
   22620       1.1794
   22621       1.1270
   22622       1.1093
   22623       1.0970
   22624       1.0060
   22625       0.9721
   22626       1.0047
   22627       1.0503
   22628       1.0795
   22629       1.0404
   22630       1.0736
   22631       1.0989
   22632       1.1470
   22633       1.0306
   22634       1.0999
   22635       1.0406
   22636       1.0684
   22637       0.9889
   22638       1.1160
   22639       1.1128
   22640       1.1795
   22641       1.1441
   22642       1.1437
   22643       1.0459
   22644       0.9722
   22645       0.9146
   22646       0.9409
   22647       1.0101
   22648       1.0883
   22649       1.0448
   22650       1.1508
   22651       1.1227
   22652       1.0571
   22653       1.1534
   22654       1.0501
   22655       1.0381
   22656       1.0708
   22657       1.0936
   22658       1.1472
   22659       1.0262
   22660       1.0962
   22661       1.1553
   22662       1.0770
   22663       1.1854
   22664       1.1432
   22665       1.0381
   22666       1.1538
   22667       1.0963
   22668       1.1471
   22669       1.2288
   22670       1.1829
   22671       1.1244
   22672       1.1289
   22673       1.1215
   22674       1.0349
   22675       0.9792
   22676       0.9621
   22677       0.9217
   22678       1.0024
   22679       1.1718
   22680       1.1637
   22681       1.1204
   22682       1.2318
   22683       1.0492
   22684       1.0330
   22685       1.0716
   22686       1.1454
   22687       1.1756
   22688       1.2314
   22689       1.1675
   22690       1.0977
   22691       1.1950
   22692       1.2796
   22693       1.2368
   22694       1.3004
   22695       1.3196
   22696       1.2507
   22697       1.4141
   22698       1.2393
   22699       1.2535
   22700       1.2746
   22701       1.3205
   22702       1.2597
   22703       1.3327
   22704       1.3255
   22705       1.3776
   22706       1.3393
   22707       1.4178
   22708       1.4271
   22709       1.3449
   22710       1.3604
   22711       1.3976
   22712       1.3828
   22713       1.3432
   22714       1.5085
   22715       1.4390
   22716       1.4889
   22717       1.4918
   22718       1.5399
   22719       1.4384
   22720       1.4569
   22721       1.5835
   22722       1.5019
   22723       1.6113
   22724       1.4382
   22725       1.5232
   22726       1.5744
   22727       1.5220
   22728       1.5090
   22729       1.4571
   22730       1.3607
   22731       1.3929
   22732       1.4748
   22733       1.3812
   22734       1.4236
   22735       1.3270
   22736       1.3336
   22737       1.3247
   22738       1.2830
   22739       1.3916
   22740       1.4569
   22741       1.4649
   22742       1.4169
   22743       1.3905
   22744       1.3304
   22745       1.2488
   22746       1.1959
   22747       1.2651
   22748       1.3613
   22749       1.3263
   22750       1.2304
   22751       1.2120
   22752       1.2370
   22753       1.2308
   22754       1.3167
   22755       1.2985
   22756       1.2163
   22757       1.2336
   22758       1.2639
   22759       1.2987
   22760       1.2538
   22761       1.3685
   22762       1.3370
   22763       1.3217
   22764       1.3041
   22765       1.2467
   22766       1.2059
   22767       1.1721
   22768       1.1773
   22769       1.1871
   22770       1.2495
   22771       1.2659
   22772       1.2921
   22773       1.2917
   22774       1.4125
   22775       1.2695
   22776       1.1927
   22777       1.1135
   22778       1.1191
   22779       1.1257
   22780       1.2795
   22781       1.2184
   22782       1.1506
   22783       1.2943
   22784       1.3111
   22785       1.3182
   22786       1.2899
   22787       1.2578
   22788       1.4266
   22789       1.5971
   22790       1.4770
   22791       1.3077
   22792       1.2615
   22793       1.3273
   22794       1.3298
   22795       1.3936
   22796       1.2286
   22797       1.3941
   22798       1.4723
   22799       1.3299
   22800       1.3390
   22801       1.4508
   22802       1.5829
   22803       1.4063
   22804       1.4970
   22805       1.4918
   22806       1.4647
   22807       1.4947
   22808       1.3889
   22809       1.3832
   22810       1.3931
   22811       1.5266
   22812       1.6339
   22813       1.5454
   22814       1.5239
   22815       1.5654
   22816       1.4923
   22817       1.4692
   22818       1.4553
   22819       1.3852
   22820       1.3222
   22821       1.2604
   22822       1.3250
   22823       1.2815
   22824       1.4452
   22825       1.3794
   22826       1.3732
   22827       1.2290
   22828       1.2300
   22829       1.2004
   22830       1.3518
   22831       1.3172
   22832       1.2676
   22833       1.2145
   22834       1.3100
   22835       1.3081
   22836       1.1327
   22837       1.2355
   22838       1.3022
   22839       1.1705
   22840       1.0862
   22841       1.1515
   22842       1.2403
   22843       1.1583
   22844       1.2829
   22845       1.2328
   22846       1.1838
   22847       1.1296
   22848       1.2640
   22849       1.2351
   22850       1.1273
   22851       1.1291
   22852       1.1260
   22853       1.0951
   22854       1.1031
   22855       1.1429
   22856       1.2557
   22857       1.3476
   22858       1.1816
   22859       1.2450
   22860       1.1960
   22861       1.2822
   22862       1.2905
   22863       1.2905
   22864       1.1681
   22865       1.0890
   22866       1.1166
   22867       1.1968
   22868       1.2041
   22869       1.3576
   22870       1.3223
   22871       1.3305
   22872       1.3437
   22873       1.3158
   22874       1.4350
   22875       1.3996
   22876       1.3788
   22877       1.4587
   22878       1.2871
   22879       1.4152
   22880       1.2608
   22881       1.2548
   22882       1.1327
   22883       1.1939
   22884       1.4301
   22885       1.3784
   22886       1.5486
   22887       1.3528
   22888       1.3451
   22889       1.4392
   22890       1.3822
   22891       1.3023
   22892       1.2331
   22893       1.1197
   22894       1.0937
   22895       1.1282
   22896       1.1404
   22897       1.2537
   22898       1.1258
   22899       1.1157
   22900       1.2009
   22901       1.1598
   22902       1.1959
   22903       1.1885
   22904       1.1313
   22905       1.1136
   22906       1.1217
   22907       1.1206
   22908       1.1077
   22909       1.1751
   22910       1.1914
   22911       1.3193
   22912       1.2542
   22913       1.2075
   22914       1.2253
   22915       1.2477
   22916       1.2082
   22917       1.1637
   22918       1.0579
   22919       1.1205
   22920       1.2007
   22921       1.2413
   22922       1.2896
   22923       1.2450
   22924       1.1294
   22925       1.0897
   22926       1.0496
   22927       1.0555
   22928       1.0286
   22929       1.1810
   22930       1.2387
   22931       1.1474
   22932       1.1428
   22933       1.0996
   22934       1.0982
   22935       1.1098
   22936       1.1859
   22937       1.1789
   22938       1.1966
   22939       1.1634
   22940       1.2363
   22941       1.2050
   22942       1.1821
   22943       1.0985
   22944       1.0373
   22945       1.0470
   22946       1.1720
   22947       1.2468
   22948       1.3243
   22949       1.3828
   22950       1.3415
   22951       1.3333
   22952       1.2766
   22953       1.4194
   22954       1.3077
   22955       1.2876
   22956       1.2918
   22957       1.3321
   22958       1.1369
   22959       1.0721
   22960       1.1135
   22961       1.1264
   22962       1.2852
   22963       1.0774
   22964       1.1407
   22965       1.0431
   22966       1.1911
   22967       1.2642
   22968       1.1389
   22969       1.1357
   22970       1.1087
   22971       1.1965
   22972       1.2056
   22973       1.1032
   22974       1.1028
   22975       1.0553
   22976       1.2494
   22977       1.1902
   22978       1.3318
   22979       1.3023
   22980       1.2298
   22981       1.1151
   22982       1.1498
   22983       1.1520
   22984       1.1196
   22985       1.2760
   22986       1.2335
   22987       1.1665
   22988       1.1315
   22989       1.1461
   22990       1.2321
   22991       1.1528
   22992       1.0686
   22993       1.0849
   22994       1.2037
   22995       1.2190
   22996       1.0993
   22997       1.1556
   22998       1.3301
   22999       1.2570
   23000       1.3449
   23001       1.4128
   23002       1.3656
   23003       1.3514
   23004       1.2052
   23005       1.3448
   23006       1.2981
   23007       1.3056
   23008       1.2982
   23009       1.3555
   23010       1.2483
   23011       1.2809
   23012       1.2375
   23013       1.2261
   23014       1.2471
   23015       1.2130
   23016       1.2152
   23017       1.1401
   23018       1.2547
   23019       1.2932
   23020       1.3831
   23021       1.3960
   23022       1.3924
   23023       1.3121
   23024       1.2851
   23025       1.1230
   23026       1.0794
   23027       1.1972
   23028       1.1205
   23029       1.1644
   23030       1.2646
   23031       1.2470
   23032       1.1787
   23033       1.2020
   23034       1.1964
   23035       1.2468
   23036       1.4510
   23037       1.4133
   23038       1.3600
   23039       1.2653
   23040       1.1069
   23041       1.1076
   23042       1.1176
   23043       1.0707
   23044       1.1155
   23045       1.1604
   23046       1.0110
   23047       1.0131
   23048       0.9788
   23049       1.1549
   23050       1.1702
   23051       1.0995
   23052       1.1544
   23053       1.0176
   23054       1.2281
   23055       1.1215
   23056       1.2533
   23057       1.2399
   23058       1.1091
   23059       1.1896
   23060       1.1747
   23061       1.1798
   23062       1.1073
   23063       1.1691
   23064       1.0805
   23065       1.1473
   23066       1.1106
   23067       1.1196
   23068       1.1303
   23069       1.0934
   23070       1.1006
   23071       1.0965
   23072       1.1230
   23073       1.2203
   23074       1.1670
   23075       1.0942
   23076       1.1037
   23077       1.1712
   23078       1.1089
   23079       1.1670
   23080       1.1516
   23081       1.1942
   23082       1.2023
   23083       1.0417
   23084       1.2152
   23085       1.1335
   23086       1.2544
   23087       1.3170
   23088       1.2145
   23089       1.2834
   23090       1.2864
   23091       1.3204
   23092       1.2718
   23093       1.1834
   23094       1.1274
   23095       1.2361
   23096       1.2470
   23097       1.2995
   23098       1.2112
   23099       1.2195
   23100       1.2208
   23101       1.0957
   23102       1.0399
   23103       1.0794
   23104       1.0669
   23105       1.0123
   23106       1.0123
   23107       1.1736
   23108       1.1820
   23109       1.2088
   23110       1.1371
   23111       1.1323
   23112       1.2215
   23113       1.2688
   23114       1.2135
   23115       1.1830
   23116       1.2070
   23117       1.2503
   23118       1.0977
   23119       1.1515
   23120       1.0515
   23121       1.0185
   23122       1.0574
   23123       0.9461
   23124       0.9860
   23125       1.0685
   23126       1.0023
   23127       1.1954
   23128       1.0076
   23129       0.9934
   23130       1.0950
   23131       0.9933
   23132       1.0588
   23133       0.9854
   23134       1.0708
   23135       1.1241
   23136       1.1177
   23137       1.1477
   23138       1.0921
   23139       1.0756
   23140       1.1226
   23141       1.1981
   23142       1.3482
   23143       1.2354
   23144       1.1965
   23145       1.3214
   23146       1.1052
   23147       1.0503
   23148       1.0613
   23149       1.0367
   23150       1.1111
   23151       1.0216
   23152       1.0807
   23153       1.1036
   23154       1.0734
   23155       1.0610
   23156       1.0577
   23157       1.0964
   23158       1.1031
   23159       1.1074
   23160       1.1178
   23161       1.1307
   23162       1.0837
   23163       1.1635
   23164       1.1875
   23165       1.1880
   23166       1.1524
   23167       1.1146
   23168       1.3160
   23169       1.1772
   23170       1.1565
   23171       1.0653
   23172       1.1190
   23173       1.0426
   23174       1.0261
   23175       0.9835
   23176       1.1073
   23177       1.1733
   23178       1.3610
   23179       1.2702
   23180       1.2834
   23181       1.2576
   23182       1.3349
   23183       1.4548
   23184       1.3618
   23185       1.3723
   23186       1.3541
   23187       1.3437
   23188       1.3397
   23189       1.3857
   23190       1.4294
   23191       1.2214
   23192       1.3349
   23193       1.3162
   23194       1.2143
   23195       1.1144
   23196       1.1831
   23197       1.0904
   23198       1.1249
   23199       1.0120
   23200       1.0685
   23201       1.2240
   23202       1.0835
   23203       1.2015
   23204       1.1951
   23205       1.1814
   23206       1.0632
   23207       1.1971
   23208       1.3166
   23209       1.3011
   23210       1.2321
   23211       1.1654
   23212       1.2545
   23213       1.2513
   23214       1.3108
   23215       1.1716
   23216       1.2916
   23217       1.1932
   23218       1.1995
   23219       1.2934
   23220       1.3126
   23221       1.4159
   23222       1.4223
   23223       1.3443
   23224       1.3961
   23225       1.3482
   23226       1.2983
   23227       1.2754
   23228       1.2950
   23229       1.3697
   23230       1.4210
   23231       1.3385
   23232       1.2496
   23233       1.1943
   23234       1.1045
   23235       1.1222
   23236       1.0453
   23237       1.0412
   23238       1.0255
   23239       1.0921
   23240       1.0534
   23241       1.0693
   23242       1.1598
   23243       1.2800
   23244       1.1407
   23245       1.1717
   23246       1.1893
   23247       1.3141
   23248       1.3935
   23249       1.0690
   23250       1.1270
   23251       1.1771
   23252       1.0794
   23253       1.2685
   23254       1.2312
   23255       1.2395
   23256       1.2611
   23257       1.2862
   23258       1.1629
   23259       1.2858
   23260       1.0463
   23261       1.1533
   23262       1.2648
   23263       1.2164
   23264       1.2660
   23265       1.3014
   23266       1.2863
   23267       1.1269
   23268       1.1842
   23269       1.1612
   23270       1.1364
   23271       1.2612
   23272       1.2503
   23273       1.2268
   23274       1.2494
   23275       1.3590
   23276       1.3278
   23277       1.3327
   23278       1.5088
   23279       1.4740
   23280       1.3674
   23281       1.3970
   23282       1.4566
   23283       1.3443
   23284       1.2683
   23285       1.2511
   23286       1.2748
   23287       1.2163
   23288       1.3637
   23289       1.3524
   23290       1.4102
   23291       1.2983
   23292       1.2646
   23293       1.2099
   23294       1.1209
   23295       1.0294
   23296       1.1751
   23297       1.1275
   23298       1.2541
   23299       1.2139
   23300       1.1759
   23301       1.3212
   23302       1.2334
   23303       1.2444
   23304       1.3445
   23305       1.3261
   23306       1.2913
   23307       1.3538
   23308       1.4091
   23309       1.4693
   23310       1.3449
   23311       1.2292
   23312       1.2364
   23313       1.3007
   23314       1.3278
   23315       1.3573
   23316       1.4259
   23317       1.3973
   23318       1.4102
   23319       1.3661
   23320       1.2907
   23321       1.3473
   23322       1.1593
   23323       1.2430
   23324       1.1527
   23325       1.1644
   23326       1.1056
   23327       1.1721
   23328       1.1884
   23329       1.2735
   23330       1.3180
   23331       1.2644
   23332       1.1156
   23333       1.1858
   23334       1.2043
   23335       1.3372
   23336       1.3154
   23337       1.2623
   23338       1.2810
   23339       1.2754
   23340       1.2150
   23341       1.2585
   23342       1.1109
   23343       1.0906
   23344       1.1366
   23345       1.1289
   23346       1.1576
   23347       1.2704
   23348       1.1849
   23349       1.2294
   23350       1.2929
   23351       1.4028
   23352       1.3197
   23353       1.3152
   23354       1.3482
   23355       1.3083
   23356       1.2213
   23357       1.1064
   23358       1.2631
   23359       1.1767
   23360       1.3037
   23361       1.3875
   23362       1.4580
   23363       1.3257
   23364       1.4125
   23365       1.3094
   23366       1.1758
   23367       1.2038
   23368       1.2301
   23369       1.3456
   23370       1.2399
   23371       1.2682
   23372       1.1887
   23373       1.1589
   23374       1.3085
   23375       1.3283
   23376       1.1991
   23377       1.2940
   23378       1.3173
   23379       1.3424
   23380       1.2913
   23381       1.2900
   23382       1.3091
   23383       1.2187
   23384       1.2021
   23385       1.3160
   23386       1.2004
   23387       1.2797
   23388       1.1548
   23389       1.2605
   23390       1.1123
   23391       1.1252
   23392       1.1873
   23393       1.2083
   23394       1.2618
   23395       1.1877
   23396       1.3979
   23397       1.2982
   23398       1.2673
   23399       1.2416
   23400       1.3667
   23401       1.2782
   23402       1.4522
   23403       1.4106
   23404       1.3622
   23405       1.4393
   23406       1.4805
   23407       1.5098
   23408       1.6284
   23409       1.4837
   23410       1.4269
   23411       1.5219
   23412       1.5350
   23413       1.4198
   23414       1.2111
   23415       1.3383
   23416       1.3187
   23417       1.4411
   23418       1.4216
   23419       1.5014
   23420       1.4113
   23421       1.2927
   23422       1.3460
   23423       1.3842
   23424       1.3268
   23425       1.4282
   23426       1.3936
   23427       1.4793
   23428       1.3151
   23429       1.3161
   23430       1.3853
   23431       1.3541
   23432       1.4034
   23433       1.3996
   23434       1.4361
   23435       1.3895
   23436       1.3822
   23437       1.5864
   23438       1.4172
   23439       1.3347
   23440       1.3294
   23441       1.4180
   23442       1.8826
   23443       1.5101
   23444       1.4607
   23445       1.6791
   23446       1.5747
   23447       1.6050
   23448       1.4576
   23449       1.4616
   23450       1.3824
   23451       1.4405
   23452       1.3867
   23453       1.5750
   23454       1.4963
   23455       1.5291
   23456       1.4964
   23457       1.4120
   23458       1.3221
   23459       1.3520
   23460       1.3214
   23461       1.4541
   23462       1.4518
   23463       1.4078
   23464       1.3926
   23465       1.3668
   23466       1.2336
   23467       1.2610
   23468       1.3534
   23469       1.3773
   23470       1.4392
   23471       1.4090
   23472       1.3889
   23473       1.2150
   23474       1.3903
   23475       1.4871
   23476       1.5073
   23477       1.6495
   23478       1.5129
   23479       1.3155
   23480       1.1946
   23481       1.3788
   23482       1.5144
   23483       1.3133
   23484       1.3005
   23485       1.3256
   23486       1.4800
   23487       1.3475
   23488       1.2352
   23489       1.2221
   23490       1.3286
   23491       1.1856
   23492       1.3653
   23493       1.2593
   23494       1.4552
   23495       1.3572
   23496       1.2286
   23497       1.2187
   23498       1.2689
   23499       1.3766
   23500       1.2830
   23501       1.4283
   23502       1.3934
   23503       1.5341
   23504       1.4935
   23505       1.5207
   23506       1.5569
   23507       1.4784
   23508       1.5219
   23509       1.3536
   23510       1.4264
   23511       1.3977
   23512       1.3202
   23513       1.3027
   23514       1.3134
   23515       1.4073
   23516       1.3838
   23517       1.3931
   23518       1.2117
   23519       1.4160
   23520       1.4172
   23521       1.3695
   23522       1.3402
   23523       1.4019
   23524       1.4559
   23525       1.5444
   23526       1.4092
   23527       1.3962
   23528       1.3830
   23529       1.3397
   23530       1.2160
   23531       1.2970
   23532       1.2351
   23533       1.2672
   23534       1.1236
   23535       1.1939
   23536       1.2136
   23537       1.1967
   23538       1.2255
   23539       1.1436
   23540       1.1227
   23541       1.2095
   23542       1.2146
   23543       1.2086
   23544       1.1379
   23545       1.1573
   23546       1.2320
   23547       1.2648
   23548       1.3848
   23549       1.3807
   23550       1.2818
   23551       1.3486
   23552       1.2784
   23553       1.2523
   23554       1.2731
   23555       1.2121
   23556       1.0940
   23557       1.1787
   23558       1.1275
   23559       1.3316
   23560       1.2084
   23561       1.2127
   23562       1.1518
   23563       1.1907
   23564       1.2200
   23565       1.2616
   23566       1.2677
   23567       1.2133
   23568       1.2082
   23569       1.1478
   23570       1.3388
   23571       1.2880
   23572       1.3575
   23573       1.3152
   23574       1.1739
   23575       1.2164
   23576       1.4171
   23577       1.2124
   23578       1.2160
   23579       1.1609
   23580       1.2017
   23581       1.1299
   23582       1.1806
   23583       1.2303
   23584       1.2943
   23585       1.1079
   23586       1.1835
   23587       1.2039
   23588       1.3948
   23589       1.3166
   23590       1.2765
   23591       1.2498
   23592       1.2618
   23593       1.2440
   23594       1.2542
   23595       1.1307
   23596       1.2617
   23597       1.2947
   23598       1.2572
   23599       1.2565
   23600       1.2887
   23601       1.2481
   23602       1.3251
   23603       1.2551
   23604       1.1900
   23605       1.2299
   23606       1.3214
   23607       1.1915
   23608       1.1882
   23609       1.2814
   23610       1.2080
   23611       1.2476
   23612       1.2297
   23613       1.1852
   23614       1.1328
   23615       1.2231
   23616       1.2533
   23617       1.1770
   23618       1.3718
   23619       1.2429
   23620       1.2130
   23621       1.1478
   23622       1.1786
   23623       1.1414
   23624       1.1095
   23625       1.1656
   23626       1.0750
   23627       1.1056
   23628       1.2591
   23629       1.1006
   23630       1.1353
   23631       1.0893
   23632       1.1954
   23633       1.2580
   23634       1.2366
   23635       1.2624
   23636       1.1955
   23637       1.1962
   23638       1.3034
   23639       1.4197
   23640       1.4958
   23641       1.3426
   23642       1.2876
   23643       1.3179
   23644       1.3642
   23645       1.2297
   23646       1.1588
   23647       1.2590
   23648       1.3319
   23649       1.2887
   23650       1.1246
   23651       1.3878
   23652       1.2722
   23653       1.2734
   23654       1.2574
   23655       1.2994
   23656       1.2594
   23657       1.2028
   23658       1.1641
   23659       1.1924
   23660       1.3252
   23661       1.2942
   23662       1.3421
   23663       1.1969
   23664       1.2286
   23665       1.2173
   23666       1.2671
   23667       1.2542
   23668       1.3050
   23669       1.3110
   23670       1.1810
   23671       1.1259
   23672       1.1089
   23673       1.1100
   23674       1.1025
   23675       1.0631
   23676       1.0373
   23677       1.1258
   23678       1.1221
   23679       1.1173
   23680       1.0954
   23681       1.1686
   23682       1.2761
   23683       1.3524
   23684       1.2921
   23685       1.4049
   23686       1.2041
   23687       1.2555
   23688       1.1682
   23689       1.1469
   23690       1.2890
   23691       1.3424
   23692       1.1400
   23693       0.9803
   23694       1.1028
   23695       1.1806
   23696       1.1577
   23697       1.1631
   23698       1.0946
   23699       1.1028
   23700       1.1986
   23701       1.2531
   23702       1.1433
   23703       1.1502
   23704       1.1873
   23705       1.2007
   23706       1.1609
   23707       1.1246
   23708       1.0973
   23709       1.1279
   23710       1.1257
   23711       1.0711
   23712       1.0547
   23713       1.0990
   23714       1.0585
   23715       1.0838
   23716       1.1432
   23717       1.2870
   23718       1.1705
   23719       1.1789
   23720       1.1410
   23721       1.2102
   23722       1.1640
   23723       1.3050
   23724       1.3287
   23725       1.4211
   23726       1.2184
   23727       1.2210
   23728       1.2289
   23729       1.1482
   23730       1.0769
   23731       1.0830
   23732       1.0579
   23733       1.0659
   23734       1.0858
   23735       1.0723
   23736       1.1007
   23737       1.0622
   23738       1.2242
   23739       1.0961
   23740       1.1214
   23741       1.1257
   23742       1.2390
   23743       1.3119
   23744       1.0428
   23745       1.0813
   23746       1.2151
   23747       1.2397
   23748       1.3236
   23749       1.2409
   23750       1.3219
   23751       1.1905
   23752       1.2424
   23753       1.1758
   23754       1.1252
   23755       1.1604
   23756       1.0746
   23757       1.3166
   23758       1.2827
   23759       1.1939
   23760       1.2511
   23761       1.4140
   23762       1.4541
   23763       1.3233
   23764       1.3527
   23765       1.2628
   23766       1.3271
   23767       1.2806
   23768       1.2678
   23769       1.2279
   23770       1.3556
   23771       1.2696
   23772       1.2927
   23773       1.2924
   23774       1.1647
   23775       1.2423
   23776       1.3181
   23777       1.3887
   23778       1.2652
   23779       1.2608
   23780       1.2385
   23781       1.1380
   23782       1.2760
   23783       1.2386
   23784       1.1920
   23785       1.3506
   23786       1.1547
   23787       1.2858
   23788       1.2422
   23789       1.1112
   23790       1.1657
   23791       1.1472
   23792       1.1984
   23793       0.9952
   23794       1.1170
   23795       1.0314
   23796       0.9546
   23797       0.9946
   23798       1.0516
   23799       0.9751
   23800       1.0748
   23801       1.1069
   23802       1.0480
   23803       1.0629
   23804       1.0651
   23805       1.2032
   23806       1.3753
   23807       1.1736
   23808       1.2958
   23809       1.2029
   23810       1.1937
   23811       1.2142
   23812       1.3518
   23813       1.2160
   23814       1.2491
   23815       1.2146
   23816       1.2325
   23817       1.2267
   23818       1.1964
   23819       1.2626
   23820       1.2239
   23821       1.1791
   23822       1.1665
   23823       1.1392
   23824       1.0911
   23825       1.1706
   23826       1.2383
   23827       1.2160
   23828       1.2321
   23829       1.2428
   23830       1.2320
   23831       1.2341
   23832       1.1641
   23833       1.1469
   23834       1.2246
   23835       1.1405
   23836       1.0927
   23837       1.0904
   23838       1.1864
   23839       1.1597
   23840       1.2888
   23841       1.2401
   23842       1.2094
   23843       1.2731
   23844       1.3797
   23845       1.3879
   23846       1.3187
   23847       1.3481
   23848       1.3607
   23849       1.2680
   23850       1.2028
   23851       1.2745
   23852       1.1591
   23853       1.3983
   23854       1.3646
   23855       1.2968
   23856       1.4832
   23857       1.3825
   23858       1.4426
   23859       1.3174
   23860       1.2802
   23861       1.3261
   23862       1.3542
   23863       1.3046
   23864       1.2652
   23865       1.2439
   23866       1.3857
   23867       1.5030
   23868       1.3884
   23869       1.2588
   23870       1.4437
   23871       1.3389
   23872       1.3739
   23873       1.5156
   23874       1.4000
   23875       1.2603
   23876       1.2848
   23877       1.2937
   23878       1.2739
   23879       1.2180
   23880       1.2821
   23881       1.1411
   23882       1.2271
   23883       1.3411
   23884       1.3472
   23885       1.3301
   23886       1.3130
   23887       1.5140
   23888       1.3988
   23889       1.4226
   23890       1.4694
   23891       1.5286
   23892       1.4821
   23893       1.4480
   23894       1.5318
   23895       1.6900
   23896       1.6991
   23897       1.5463
   23898       1.3421
   23899       1.4615
   23900       1.4861
   23901       1.5898
   23902       1.4761
   23903       1.3901
   23904       1.3360
   23905       1.4057
   23906       1.3718
   23907       1.4277
   23908       1.4112
   23909       1.3349
   23910       1.3711
   23911       1.4909
   23912       1.5911
   23913       1.4931
   23914       1.4568
   23915       1.3435
   23916       1.3911
   23917       1.2941
   23918       1.2856
   23919       1.2833
   23920       1.2055
   23921       1.2197
   23922       1.2835
   23923       1.2554
   23924       1.3883
   23925       1.3933
   23926       1.4244
   23927       1.3821
   23928       1.3343
   23929       1.5274
   23930       1.3492
   23931       1.2795
   23932       1.3766
   23933       1.2664
   23934       1.2561
   23935       1.1769
   23936       1.2319
   23937       1.4306
   23938       1.3258
   23939       1.2995
   23940       1.4045
   23941       1.3740
   23942       1.4272
   23943       1.2596
   23944       1.4845
   23945       1.4558
   23946       1.3341
   23947       1.3098
   23948       1.2696
   23949       1.2941
   23950       1.1878
   23951       1.1574
   23952       1.1788
   23953       1.2584
   23954       1.1909
   23955       1.0901
   23956       1.1248
   23957       1.1778
   23958       1.1370
   23959       1.1707
   23960       1.1101
   23961       1.1401
   23962       1.0932
   23963       1.1321
   23964       1.2277
   23965       1.1491
   23966       1.1480
   23967       1.1497
   23968       1.1795
   23969       1.1393
   23970       1.0999
   23971       1.0817
   23972       1.1111
   23973       1.0305
   23974       1.1888
   23975       1.0843
   23976       1.2127
   23977       1.1120
   23978       1.1345
   23979       0.9989
   23980       1.1373
   23981       1.1223
   23982       0.9840
   23983       1.1747
   23984       1.1083
   23985       0.9798
   23986       1.0241
   23987       1.0405
   23988       1.1051
   23989       1.1004
   23990       1.0642
   23991       1.0470
   23992       0.9125
   23993       1.0273
   23994       1.0665
   23995       1.0435
   23996       1.0841
   23997       0.9573
   23998       1.0395
   23999       1.0288
   24000       0.9567
   24001       1.1542
   24002       1.1778
   24003       1.1311
   24004       1.2074
   24005       1.1144
   24006       1.2370
   24007       1.1026
   24008       1.0000
   24009       0.9875
   24010       0.9484
   24011       1.0207
   24012       1.0871
   24013       0.9873
   24014       0.8925
   24015       1.1455
   24016       1.1275
   24017       1.0789
   24018       0.9948
   24019       1.2059
   24020       1.1826
   24021       1.1700
   24022       1.0628
   24023       1.1681
   24024       1.2463
   24025       1.3127
   24026       1.3039
   24027       1.2474
   24028       1.3101
   24029       1.3969
   24030       1.3190
   24031       1.3946
   24032       1.3854
   24033       1.4741
   24034       1.3470
   24035       1.2766
   24036       1.2953
   24037       1.3043
   24038       1.2604
   24039       1.2817
   24040       1.3049
   24041       1.4260
   24042       1.4899
   24043       1.3732
   24044       1.3071
   24045       1.2319
   24046       1.3260
   24047       1.3974
   24048       1.3827
   24049       1.4712
   24050       1.4355
   24051       1.5032
   24052       1.4333
   24053       1.4445
   24054       1.4441
   24055       1.2446
   24056       1.3002
   24057       1.0899
   24058       1.3340
   24059       1.2844
   24060       1.4031
   24061       1.2342
   24062       1.3574
   24063       1.2956
   24064       1.3416
   24065       1.4165
   24066       1.3276
   24067       1.3233
   24068       1.5255
   24069       1.5922
   24070       1.5928
   24071       1.6614
   24072       1.7216
   24073       1.6027
   24074       1.7089
   24075       1.6093
   24076       1.4492
   24077       1.4426
   24078       1.4385
   24079       1.3037
   24080       1.1295
   24081       1.2136
   24082       1.3025
   24083       1.3655
   24084       1.5333
   24085       1.3299
   24086       1.3816
   24087       1.4759
   24088       1.3528
   24089       1.4279
   24090       1.5546
   24091       1.3503
   24092       1.3212
   24093       1.2290
   24094       1.4026
   24095       1.2778
   24096       1.2770
   24097       1.3313
   24098       1.2959
   24099       1.2440
   24100       1.2824
   24101       1.3486
   24102       1.2332
   24103       1.4520
   24104       1.4006
   24105       1.4275
   24106       1.2796
   24107       1.3803
   24108       1.4449
   24109       1.3841
   24110       1.2644
   24111       1.4467
   24112       1.3633
   24113       1.4037
   24114       1.3643
   24115       1.3266
   24116       1.2399
   24117       1.2426
   24118       1.4045
   24119       1.2271
   24120       1.2893
   24121       1.1375
   24122       1.1421
   24123       1.2496
   24124       1.3041
   24125       1.1794
   24126       1.2515
   24127       1.2683
   24128       1.2800
   24129       1.4008
   24130       1.3853
   24131       1.3873
   24132       1.3226
   24133       1.4603
   24134       1.3332
   24135       1.4818
   24136       1.4905
   24137       1.4612
   24138       1.4170
   24139       1.4944
   24140       1.5773
   24141       1.5683
   24142       1.4660
   24143       1.5980
   24144       1.5557
   24145       1.5120
   24146       1.5643
   24147       1.4672
   24148       1.5057
   24149       1.5297
   24150       1.5450
   24151       1.5415
   24152       1.5742
   24153       1.5703
   24154       1.5657
   24155       1.5403
   24156       1.6228
   24157       1.5694
   24158       1.4466
   24159       1.4873
   24160       1.4796
   24161       1.4423
   24162       1.6129
   24163       1.6784
   24164       1.5246
   24165       1.4901
   24166       1.5089
   24167       1.4140
   24168       1.5444
   24169       1.4929
   24170       1.4307
   24171       1.5580
   24172       1.5931
   24173       1.5099
   24174       1.6361
   24175       1.7490
   24176       1.7945
   24177       1.6582
   24178       1.4869
   24179       1.5595
   24180       1.5845
   24181       1.3859
   24182       1.3128
   24183       1.4894
   24184       1.3786
   24185       1.3254
   24186       1.3235
   24187       1.2534
   24188       1.3750
   24189       1.5398
   24190       1.5095
   24191       1.4881
   24192       1.4757
   24193       1.4749
   24194       1.5138
   24195       1.5766
   24196       1.4216
   24197       1.3317
   24198       1.2027
   24199       1.2268
   24200       1.2100
   24201       1.2739
   24202       1.2827
   24203       1.1517
   24204       1.2688
   24205       1.2459
   24206       1.1969
   24207       1.1272
   24208       1.1482
   24209       1.0345
   24210       1.0986
   24211       1.1926
   24212       1.0198
   24213       1.1079
   24214       1.1126
   24215       1.1006
   24216       1.1222
   24217       1.0795
   24218       1.1411
   24219       1.2575
   24220       1.3983
   24221       1.3483
   24222       1.2582
   24223       1.1818
   24224       1.3651
   24225       1.2908
   24226       1.3556
   24227       1.4867
   24228       1.4657
   24229       1.3180
   24230       1.3875
   24231       1.4344
   24232       1.4820
   24233       1.3610
   24234       1.2635
   24235       1.3541
   24236       1.2314
   24237       1.2428
   24238       1.2692
   24239       1.2495
   24240       1.2185
   24241       1.1917
   24242       1.1958
   24243       1.0039
   24244       1.0334
   24245       1.0787
   24246       0.9024
   24247       1.0056
   24248       0.9875
   24249       1.1264
   24250       1.1451
   24251       1.1058
   24252       1.1061
   24253       1.2745
   24254       1.3395
   24255       1.4317
   24256       1.4483
   24257       1.4555
   24258       1.3830
   24259       1.4500
   24260       1.4536
   24261       1.3488
   24262       1.2244
   24263       1.1932
   24264       1.3296
   24265       1.4396
   24266       1.3659
   24267       1.2746
   24268       1.3462
   24269       1.3155
   24270       1.3039
   24271       1.3125
   24272       1.2776
   24273       1.2945
   24274       1.3679
   24275       1.3930
   24276       1.3166
   24277       1.2893
   24278       1.1020
   24279       1.2216
   24280       1.2543
   24281       1.3441
   24282       1.2726
   24283       1.2012
   24284       1.3689
   24285       1.4139
   24286       1.3777
   24287       1.3814
   24288       1.3848
   24289       1.3758
   24290       1.2517
   24291       1.1485
   24292       1.2575
   24293       1.2397
   24294       1.1514
   24295       1.2575
   24296       1.2858
   24297       1.2603
   24298       1.2641
   24299       1.3887
   24300       1.3252
   24301       1.3953
   24302       1.3237
   24303       1.5218
   24304       1.3209
   24305       1.3543
   24306       1.3431
   24307       1.3456
   24308       1.2839
   24309       1.5031
   24310       1.5431
   24311       1.3942
   24312       1.2666
   24313       1.2967
   24314       1.2886
   24315       1.1690
   24316       1.1181
   24317       1.2374
   24318       1.2622
   24319       1.2918
   24320       1.1822
   24321       1.1750
   24322       1.1131
   24323       1.1816
   24324       1.2499
   24325       1.1357
   24326       1.2628
   24327       1.3963
   24328       1.2819
   24329       1.3171
   24330       1.1716
   24331       1.2811
   24332       1.3224
   24333       1.3527
   24334       1.2991
   24335       1.3116
   24336       1.2830
   24337       1.3757
   24338       1.3093
   24339       1.3056
   24340       1.3303
   24341       1.3810
   24342       1.4543
   24343       1.5199
   24344       1.6039
   24345       1.5098
   24346       1.4846
   24347       1.4089
   24348       1.3878
   24349       1.4777
   24350       1.4573
   24351       1.4088
   24352       1.4514
   24353       1.4699
   24354       1.4672
   24355       1.3953
   24356       1.5034
   24357       1.4939
   24358       1.5359
   24359       1.5498
   24360       1.5173
   24361       1.3813
   24362       1.4410
   24363       1.5658
   24364       1.6748
   24365       1.6331
   24366       1.3281
   24367       1.4610
   24368       1.4641
   24369       1.5649
   24370       1.6757
   24371       1.6347
   24372       1.5741
   24373       1.5227
   24374       1.4402
   24375       1.5063
   24376       1.4759
   24377       1.4818
   24378       1.5399
   24379       1.5699
   24380       1.6164
   24381       1.5967
   24382       1.7936
   24383       1.7413
   24384       1.5854
   24385       1.6305
   24386       1.6381
   24387       1.6886
   24388       1.7118
   24389       1.7030
   24390       1.7733
   24391       1.5673
   24392       1.5627
   24393       1.5753
   24394       1.6872
   24395       1.6756
   24396       1.6320
   24397       1.7793
   24398       1.7683
   24399       1.4495
   24400       1.5043
   24401       1.3968
   24402       1.3525
   24403       1.4221
   24404       1.4769
   24405       1.5634
   24406       1.6375
   24407       1.6364
   24408       1.5556
   24409       1.6371
   24410       1.6110
   24411       1.6540
   24412       1.5262
   24413       1.3564
   24414       1.6457
   24415       1.5601
   24416       1.5411
   24417       1.6537
   24418       1.4601
   24419       1.5320
   24420       1.4013
   24421       1.4998
   24422       1.6349
   24423       1.4822
   24424       1.4730
   24425       1.4143
   24426       1.5684
   24427       1.5484
   24428       1.5677
   24429       1.6440
   24430       1.4908
   24431       1.5745
   24432       1.5202
   24433       1.4606
   24434       1.5310
   24435       1.6316
   24436       1.5641
   24437       1.5430
   24438       1.4725
   24439       1.3820
   24440       1.4654
   24441       1.5298
   24442       1.4915
   24443       1.4025
   24444       1.4375
   24445       1.4844
   24446       1.4922
   24447       1.6185
   24448       1.5771
   24449       1.4366
   24450       1.4837
   24451       1.3997
   24452       1.5121
   24453       1.4639
   24454       1.3962
   24455       1.4817
   24456       1.4869
   24457       1.5326
   24458       1.3855
   24459       1.3350
   24460       1.3531
   24461       1.4042
   24462       1.3363
   24463       1.3294
   24464       1.2641
   24465       1.2838
   24466       1.3433
   24467       1.3795
   24468       1.3144
   24469       1.4163
   24470       1.4046
   24471       1.5035
   24472       1.4301
   24473       1.2792
   24474       1.2596
   24475       1.3737
   24476       1.2642
   24477       1.3632
   24478       1.3590
   24479       1.4544
   24480       1.3318
   24481       1.3419
   24482       1.3402
   24483       1.4624
   24484       1.4326
   24485       1.4290
   24486       1.5183
   24487       1.3532
   24488       1.4036
   24489       1.4601
   24490       1.5595
   24491       1.5257
   24492       1.5383
   24493       1.3639
   24494       1.4723
   24495       1.4096
   24496       1.5700
   24497       1.4357
   24498       1.4600
   24499       1.4013
   24500       1.4670
   24501       1.4315
   24502       1.4754
   24503       1.5343
   24504       1.5048
   24505       1.5624
   24506       1.6145
   24507       1.6037
   24508       1.5950
   24509       1.4922
   24510       1.5435
   24511       1.4769
   24512       1.4841
   24513       1.4742
   24514       1.4513
   24515       1.4880
   24516       1.5298
   24517       1.3829
   24518       1.5654
   24519       1.4336
   24520       1.4924
   24521       1.5143
   24522       1.7083
   24523       1.6271
   24524       1.5985
   24525       1.5948
   24526       1.6386
   24527       1.5522
   24528       1.5319
   24529       1.5875
   24530       1.6881
   24531       1.5149
   24532       1.5667
   24533       1.6602
   24534       1.6201
   24535       1.6613
   24536       1.6051
   24537       1.6007
   24538       1.5293
   24539       1.6943
   24540       1.6259
   24541       1.6328
   24542       1.5041
   24543       1.6384
   24544       1.6132
   24545       1.6232
   24546       1.6058
   24547       1.6646
   24548       1.7507
   24549       1.6547
   24550       1.7091
   24551       1.5509
   24552       1.4295
   24553       1.5124
   24554       1.5336
   24555       1.4976
   24556       1.5415
   24557       1.6977
   24558       1.7177
   24559       1.6350
   24560       1.7015
   24561       1.5390
   24562       1.5808
   24563       1.5216
   24564       1.5612
   24565       1.5421
   24566       1.3635
   24567       1.4958
   24568       1.5589
   24569       1.4957
   24570       1.4816
   24571       1.7164
   24572       1.5884
   24573       1.6339
   24574       1.5901
   24575       1.6448
   24576       1.6119
   24577       1.4608
   24578       1.5059
   24579       1.6578
   24580       1.6265
   24581       1.6048
   24582       1.6096
   24583       1.6443
   24584       1.7239
   24585       1.5027
   24586       1.6618
   24587       1.5698
   24588       1.5249
   24589       1.5174
   24590       1.6893
   24591       1.5882
   24592       1.5607
   24593       1.4278
   24594       1.5834
   24595       1.5620
   24596       1.3491
   24597       1.4535
   24598       1.5683
   24599       1.6931
   24600       1.6363
   24601       1.5868
   24602       1.6426
   24603       1.7219
   24604       1.6882
   24605       1.6611
   24606       1.8063
   24607       1.8271
   24608       1.7822
   24609       1.7840
   24610       1.7460
   24611       1.6921
   24612       1.7990
   24613       1.9056
   24614       1.9379
   24615       1.9324
   24616       1.9975
   24617       2.1420
   24618       1.8912
   24619       1.8483
   24620       1.8155
   24621       1.7856
   24622       1.8981
   24623       1.8077
   24624       1.8729
   24625       1.8848
   24626       1.8775
   24627       1.8143
   24628       1.7252
   24629       1.7983
   24630       1.7886
   24631       1.9095
   24632       1.8354
   24633       1.8360
   24634       1.7300
   24635       1.6408
   24636       1.6288
   24637       1.8437
   24638       1.9881
   24639       1.9138
   24640       1.8456
   24641       1.8186
   24642       1.7561
   24643       1.8576
   24644       1.8263
   24645       1.7527
   24646       1.8142
   24647       1.7570
   24648       1.7588
   24649       1.7166
   24650       1.7743
   24651       1.7083
   24652       1.9420
   24653       1.7807
   24654       1.7303
   24655       1.8410
   24656       1.9197
   24657       1.6716
   24658       1.7510
   24659       1.7383
   24660       1.8147
   24661       1.8313
   24662       1.7602
   24663       1.7329
   24664       1.8526
   24665       1.7484
   24666       1.7980
   24667       1.8826
   24668       1.8703
   24669       1.8756
   24670       1.8303
   24671       1.8370
   24672       1.8066
   24673       1.8976
   24674       1.9259
   24675       1.8217
   24676       1.8831
   24677       1.7457
   24678       1.7588
   24679       1.7659
   24680       1.8437
   24681       1.7196
   24682       1.7638
   24683       1.7239
   24684       1.6441
   24685       1.6488
   24686       1.6132
   24687       1.5909
   24688       1.8617
   24689       1.6591
   24690       1.8209
   24691       1.7956
   24692       1.7949
   24693       1.8120
   24694       1.7959
   24695       1.7677
   24696       1.7607
   24697       1.7453
   24698       1.7448
   24699       1.7188
   24700       1.8693
   24701       1.7790
   24702       1.7176
   24703       1.7185
   24704       1.7075
   24705       1.7756
   24706       1.6629
   24707       1.7348
   24708       1.7326
   24709       1.6611
   24710       1.6770
   24711       1.6832
   24712       1.7898
   24713       1.7098
   24714       1.6987
   24715       1.6942
   24716       1.6909
   24717       1.7498
   24718       1.7220
   24719       1.6880
   24720       1.8295
   24721       1.8217
   24722       1.8639
   24723       1.6943
   24724       1.8494
   24725       1.7664
   24726       1.7376
   24727       1.6996
   24728       1.5072
   24729       1.5428
   24730       1.5885
   24731       1.6078
   24732       1.6408
   24733       1.5641
   24734       1.6354
   24735       1.8653
   24736       1.9533
   24737       2.0605
   24738       1.8686
   24739       1.7964
   24740       1.8686
   24741       1.8022
   24742       1.9761
   24743       1.8099
   24744       1.9157
   24745       1.7257
   24746       1.7648
   24747       1.8164
   24748       1.6707
   24749       1.7241
   24750       1.8133
   24751       1.7090
   24752       1.7554
   24753       1.7717
   24754       1.7507
   24755       1.6161
   24756       1.6355
   24757       1.6738
   24758       1.6298
   24759       1.6577
   24760       1.5278
   24761       1.7930
   24762       1.7566
   24763       1.7383
   24764       1.6871
   24765       1.6832
   24766       1.5547
   24767       1.5654
   24768       1.5861
   24769       1.6486
   24770       1.7104
   24771       1.7924
   24772       1.7120
   24773       1.5935
   24774       1.5187
   24775       1.6364
   24776       1.6421
   24777       1.6129
   24778       1.7822
   24779       1.7492
   24780       1.6721
   24781       1.5880
   24782       1.6175
   24783       1.6523
   24784       1.6691
   24785       1.6237
   24786       1.5292
   24787       1.5992
   24788       1.7915
   24789       1.7045
   24790       1.6612
   24791       1.7197
   24792       1.5038
   24793       1.4943
   24794       1.5787
   24795       1.4332
   24796       1.6424
   24797       1.4611
   24798       1.3915
   24799       1.5322
   24800       1.5125
   24801       1.5261
   24802       1.7240
   24803       1.6748
   24804       1.7884
   24805       1.7092
   24806       1.8206
   24807       1.7272
   24808       1.6997
   24809       1.7370
   24810       1.7547
   24811       1.8795
   24812       1.8015
   24813       1.6896
   24814       1.7091
   24815       1.7966
   24816       1.7526
   24817       1.7883
   24818       1.8481
   24819       1.5907
   24820       1.6298
   24821       1.6993
   24822       1.8829
   24823       1.7247
   24824       1.6731
   24825       1.6580
   24826       1.6911
   24827       1.6446
   24828       1.7096
   24829       1.6761
   24830       1.6413
   24831       1.5390
   24832       1.5877
   24833       1.7311
   24834       1.7805
   24835       1.7221
   24836       1.7410
   24837       1.6396
   24838       1.6346
   24839       1.6699
   24840       1.5956
   24841       1.6766
   24842       1.6066
   24843       1.5342
   24844       1.5542
   24845       1.5284
   24846       1.5640
   24847       1.7118
   24848       1.7118
   24849       1.6078
   24850       1.6691
   24851       1.5098
   24852       1.5583
   24853       1.5296
   24854       1.7428
   24855       1.8207
   24856       1.5369
   24857       1.4801
   24858       1.4672
   24859       1.4771
   24860       1.4665
   24861       1.2774
   24862       1.2936
   24863       1.3755
   24864       1.5578
   24865       1.5646
   24866       1.5684
   24867       1.5583
   24868       1.4771
   24869       1.5555
   24870       1.5353
   24871       1.4623
   24872       1.5750
   24873       1.5455
   24874       1.5039
   24875       1.6830
   24876       1.6048
   24877       1.6191
   24878       1.5852
   24879       1.5636
   24880       1.6015
   24881       1.6167
   24882       1.6904
   24883       1.7020
   24884       1.6005
   24885       1.6798
   24886       1.5807
   24887       1.6265
   24888       1.5023
   24889       1.4363
   24890       1.4831
   24891       1.6010
   24892       1.5726
   24893       1.5615
   24894       1.5562
   24895       1.6353
   24896       1.4957
   24897       1.5390
   24898       1.5986
   24899       1.7184
   24900       1.7674
   24901       1.7378
   24902       1.6738
   24903       1.6737
   24904       1.5743
   24905       1.5790
   24906       1.5243
   24907       1.5641
   24908       1.5793
   24909       1.5052
   24910       1.4751
   24911       1.4702
   24912       1.4944
   24913       1.5171
   24914       1.4530
   24915       1.5792
   24916       1.5488
   24917       1.4924
   24918       1.3261
   24919       1.3229
   24920       1.2909
   24921       1.2301
   24922       1.2525
   24923       1.2737
   24924       1.3346
   24925       1.3014
   24926       1.3376
   24927       1.3109
   24928       1.3428
   24929       1.2297
   24930       1.2833
   24931       1.3201
   24932       1.3716
   24933       1.3684
   24934       1.5069
   24935       1.5035
   24936       1.5816
   24937       1.4708
   24938       1.4665
   24939       1.4113
   24940       1.4479
   24941       1.5219
   24942       1.5369
   24943       1.3932
   24944       1.4482
   24945       1.3562
   24946       1.3764
   24947       1.4050
   24948       1.4661
   24949       1.3906
   24950       1.2835
   24951       1.1602
   24952       1.2952
   24953       1.3588
   24954       1.4004
   24955       1.3067
   24956       1.3077
   24957       1.3250
   24958       1.2691
   24959       1.3172
   24960       1.4049
   24961       1.4954
   24962       1.6447
   24963       1.5968
   24964       1.6642
   24965       1.5917
   24966       1.6565
   24967       1.5880
   24968       1.6428
   24969       1.5300
   24970       1.6494
   24971       1.8365
   24972       1.8744
   24973       1.8675
   24974       2.0130
   24975       1.8284
   24976       1.7643
   24977       1.8112
   24978       1.7516
   24979       1.6881
   24980       1.7879
   24981       1.7650
   24982       1.7784
   24983       1.7677
   24984       1.8152
   24985       1.9626
   24986       1.8291
   24987       1.8329
   24988       1.6993
   24989       1.6894
   24990       1.6492
   24991       1.7278
   24992       1.6742
   24993       1.4285
   24994       1.5378
   24995       1.4571
   24996       1.4238
   24997       1.3962
   24998       1.3985
   24999       1.3553
   25000       1.4503
