#Frame     RMSD_00002
       1       1.3604
       2       1.3599
       3       1.3595
       4       1.3941
       5       1.2522
       6       1.3265
       7       1.1833
       8       1.2998
       9       1.3056
      10       1.2602
      11       1.2480
      12       1.4679
      13       1.5612
      14       1.4685
      15       1.4290
      16       1.4744
      17       1.5143
      18       1.4522
      19       1.3506
      20       1.4524
      21       1.4603
      22       1.3712
      23       1.3638
      24       1.4157
      25       1.4345
      26       1.3921
      27       1.4303
      28       1.4350
      29       1.3551
      30       1.5054
      31       1.3132
      32       1.2890
      33       1.3957
      34       1.4088
      35       1.5188
      36       1.5433
      37       1.4438
      38       1.2851
      39       1.1946
      40       1.3384
      41       1.2032
      42       1.4423
      43       1.3461
      44       1.4275
      45       1.4130
      46       1.3116
      47       1.3615
      48       1.2506
      49       1.1464
      50       1.1382
      51       1.2110
      52       1.3291
      53       1.4661
      54       1.4095
      55       1.2829
      56       1.4547
      57       1.4676
      58       1.3202
      59       1.3359
      60       1.4838
      61       1.2802
      62       1.3217
      63       1.4159
      64       1.3968
      65       1.2506
      66       1.2331
      67       1.2656
      68       1.4981
      69       1.3364
      70       1.3017
      71       1.2854
      72       1.4088
      73       1.4111
      74       1.3013
      75       1.3495
      76       1.2615
      77       1.3359
      78       1.3297
      79       1.3219
      80       1.3797
      81       1.5513
      82       1.5814
      83       1.2990
      84       1.2745
      85       1.2941
      86       1.2869
      87       1.2719
      88       1.1861
      89       1.2550
      90       1.0656
      91       0.9745
      92       1.0373
      93       1.1563
      94       1.0577
      95       0.9940
      96       1.1463
      97       1.0699
      98       1.0064
      99       1.0936
     100       1.1276
     101       1.1255
     102       1.1886
     103       1.0547
     104       1.1157
     105       1.0995
     106       1.1669
     107       1.0666
     108       1.0159
     109       1.0615
     110       1.0807
     111       1.1529
     112       1.1840
     113       1.1645
     114       1.1430
     115       1.0805
     116       1.0761
     117       1.2067
     118       1.1714
     119       1.1425
     120       1.0748
     121       1.0308
     122       1.0429
     123       1.0019
     124       1.0678
     125       1.1001
     126       1.1103
     127       1.1229
     128       1.1287
     129       1.1233
     130       1.1335
     131       1.0780
     132       1.0982
     133       1.1399
     134       1.1084
     135       1.1818
     136       1.1143
     137       1.2147
     138       1.2134
     139       1.2745
     140       1.2060
     141       1.2395
     142       1.2019
     143       1.2367
     144       1.1380
     145       1.0952
     146       1.1466
     147       1.2231
     148       1.0963
     149       0.9850
     150       1.0527
     151       1.0543
     152       1.0388
     153       1.0878
     154       1.0139
     155       1.1590
     156       1.0058
     157       0.9857
     158       0.9927
     159       1.2268
     160       1.2136
     161       1.1546
     162       1.0896
     163       1.0943
     164       1.0865
     165       1.1426
     166       1.1100
     167       1.0215
     168       1.1398
     169       1.0681
     170       0.9531
     171       0.9002
     172       1.0892
     173       1.0241
     174       1.1489
     175       1.1205
     176       1.0093
     177       1.0781
     178       1.0928
     179       1.0545
     180       1.1180
     181       1.1620
     182       1.0129
     183       1.1298
     184       1.1429
     185       1.2813
     186       1.3076
     187       1.3001
     188       1.2249
     189       1.1420
     190       1.1674
     191       1.0269
     192       1.1355
     193       1.1223
     194       1.3324
     195       1.3015
     196       1.1121
     197       1.1789
     198       1.0990
     199       1.2135
     200       1.3026
     201       1.2546
     202       1.2452
     203       1.0875
     204       1.0641
     205       1.2723
     206       1.3160
     207       1.4323
     208       1.3555
     209       1.3588
     210       1.4635
     211       1.2436
     212       1.2361
     213       1.2124
     214       1.2987
     215       1.2631
     216       1.1360
     217       1.2017
     218       1.0678
     219       1.2681
     220       1.2165
     221       1.1187
     222       1.0549
     223       1.0352
     224       1.0787
     225       1.1333
     226       1.1002
     227       1.1347
     228       1.2281
     229       1.0970
     230       1.0494
     231       1.1465
     232       1.1612
     233       1.1385
     234       1.2045
     235       1.1768
     236       1.0939
     237       1.0013
     238       1.0936
     239       1.1619
     240       1.1214
     241       1.0736
     242       1.1542
     243       1.2153
     244       1.1184
     245       1.2842
     246       1.0856
     247       1.0268
     248       1.1263
     249       1.0759
     250       1.0636
     251       1.0951
     252       1.1217
     253       1.1115
     254       1.1318
     255       1.1489
     256       1.0734
     257       1.2753
     258       1.2479
     259       1.3493
     260       1.2668
     261       1.3076
     262       1.3062
     263       1.2861
     264       1.1942
     265       0.9822
     266       1.0377
     267       0.9478
     268       0.9618
     269       1.0405
     270       1.0404
     271       1.0101
     272       1.0505
     273       1.0576
     274       1.0202
     275       0.9325
     276       1.1036
     277       0.9860
     278       0.9174
     279       0.9335
     280       0.9501
     281       0.9076
     282       1.1161
     283       1.1621
     284       1.1650
     285       1.2414
     286       1.0572
     287       0.9602
     288       0.9763
     289       0.9026
     290       0.9596
     291       0.8864
     292       0.9825
     293       0.8901
     294       0.9511
     295       1.0136
     296       1.0185
     297       1.0135
     298       1.0990
     299       1.0300
     300       1.1532
     301       1.0981
     302       1.1546
     303       1.3077
     304       1.3744
     305       1.2875
     306       1.1795
     307       1.1895
     308       1.1162
     309       1.1112
     310       1.0708
     311       1.0550
     312       1.2016
     313       1.1277
     314       1.1220
     315       1.1128
     316       1.0463
     317       1.1099
     318       0.9956
     319       1.0367
     320       0.9460
     321       0.9675
     322       0.8755
     323       0.9839
     324       1.0324
     325       0.9512
     326       1.0165
     327       1.0599
     328       1.0215
     329       1.0653
     330       1.0561
     331       1.0606
     332       1.1568
     333       1.2441
     334       1.2624
     335       1.0935
     336       1.1763
     337       1.2235
     338       1.1174
     339       1.1204
     340       1.0623
     341       1.0393
     342       1.0230
     343       1.1425
     344       1.2086
     345       1.1746
     346       1.1971
     347       1.1210
     348       1.2891
     349       1.4824
     350       1.5759
     351       1.5648
     352       1.5542
     353       1.4550
     354       1.5646
     355       1.4089
     356       1.3498
     357       1.2856
     358       1.4498
     359       1.2960
     360       1.2410
     361       1.2982
     362       1.4254
     363       1.3225
     364       1.1873
     365       1.1868
     366       1.2675
     367       1.2634
     368       1.2731
     369       1.1998
     370       1.1965
     371       1.1735
     372       1.1513
     373       1.1340
     374       1.1946
     375       1.1015
     376       1.1665
     377       1.1224
     378       1.2208
     379       1.3251
     380       1.3078
     381       1.2878
     382       1.2548
     383       1.4303
     384       1.3456
     385       1.2276
     386       1.3001
     387       1.2775
     388       1.0623
     389       1.1187
     390       1.2479
     391       1.2302
     392       1.2576
     393       1.3574
     394       1.3807
     395       1.3449
     396       1.4115
     397       1.3811
     398       1.2694
     399       1.3142
     400       1.1755
     401       1.2132
     402       1.1768
     403       1.1560
     404       1.0361
     405       0.9898
     406       1.0389
     407       0.9929
     408       1.1088
     409       1.0513
     410       1.1882
     411       1.1673
     412       1.2368
     413       1.0602
     414       1.0885
     415       1.0300
     416       1.1044
     417       1.0812
     418       1.0202
     419       1.1734
     420       1.1446
     421       0.9504
     422       0.9892
     423       1.1528
     424       1.1069
     425       1.1093
     426       1.0496
     427       0.9987
     428       1.1179
     429       1.0450
     430       1.1089
     431       1.1623
     432       1.3138
     433       1.3857
     434       1.4350
     435       1.4391
     436       1.4435
     437       1.4201
     438       1.3368
     439       1.2126
     440       1.2136
     441       1.1215
     442       1.2788
     443       1.3559
     444       1.2646
     445       1.2084
     446       1.2079
     447       1.2178
     448       1.1890
     449       1.2833
     450       1.2209
     451       1.1145
     452       1.2390
     453       1.1838
     454       1.2705
     455       1.2511
     456       1.2745
     457       1.2373
     458       1.0390
     459       1.0809
     460       1.0856
     461       1.0654
     462       1.0617
     463       1.1159
     464       1.1195
     465       1.1936
     466       1.1160
     467       0.9681
     468       1.0249
     469       1.1252
     470       1.1828
     471       1.2082
     472       1.2475
     473       1.2117
     474       1.3697
     475       1.2896
     476       1.2215
     477       1.2423
     478       1.2837
     479       1.3071
     480       1.2154
     481       1.2502
     482       1.1885
     483       1.1912
     484       1.0188
     485       1.1729
     486       1.1323
     487       1.2705
     488       1.1809
     489       1.1189
     490       1.0026
     491       1.1882
     492       1.1154
     493       0.9766
     494       1.0558
     495       1.0964
     496       0.9581
     497       0.9961
     498       0.9054
     499       0.9717
     500       0.9640
     501       1.0274
     502       0.9402
     503       1.0491
     504       0.9117
     505       0.9621
     506       1.0011
     507       1.0550
     508       1.0305
     509       0.9776
     510       1.0161
     511       1.0204
     512       1.0129
     513       0.9598
     514       0.9739
     515       1.0021
     516       1.0365
     517       1.0149
     518       1.0638
     519       1.0600
     520       1.1893
     521       1.1705
     522       1.1641
     523       1.0516
     524       1.1130
     525       1.0599
     526       1.0328
     527       0.9979
     528       1.0411
     529       1.1063
     530       1.1978
     531       1.2167
     532       1.2761
     533       1.2656
     534       1.2150
     535       1.2049
     536       1.1678
     537       1.2329
     538       1.4283
     539       1.3612
     540       1.2960
     541       1.1776
     542       1.1165
     543       1.0307
     544       1.2243
     545       1.0742
     546       1.0609
     547       1.1486
     548       1.1936
     549       1.1336
     550       1.2397
     551       1.1353
     552       1.1444
     553       1.1853
     554       1.1561
     555       1.2576
     556       1.1824
     557       1.2045
     558       1.2835
     559       1.3571
     560       1.2920
     561       1.2780
     562       1.3187
     563       1.3244
     564       1.2377
     565       1.2046
     566       1.2104
     567       1.1947
     568       1.2434
     569       1.3229
     570       1.1744
     571       1.1979
     572       1.2777
     573       1.3458
     574       1.4179
     575       1.3372
     576       1.4255
     577       1.4776
     578       1.4545
     579       1.4502
     580       1.5327
     581       1.6401
     582       1.6909
     583       1.6777
     584       1.5425
     585       1.5752
     586       1.6935
     587       1.7003
     588       1.6215
     589       1.5659
     590       1.4243
     591       1.3062
     592       1.3036
     593       1.2389
     594       1.2988
     595       1.4682
     596       1.5440
     597       1.5445
     598       1.3529
     599       1.4959
     600       1.4804
     601       1.3671
     602       1.3111
     603       1.3350
     604       1.5085
     605       1.5778
     606       1.4101
     607       1.3748
     608       1.3397
     609       1.2628
     610       1.2148
     611       1.3281
     612       1.3958
     613       1.4843
     614       1.2987
     615       1.2230
     616       1.3535
     617       1.3899
     618       1.4387
     619       1.3649
     620       1.4433
     621       1.2726
     622       1.3467
     623       1.3097
     624       1.3133
     625       1.3312
     626       1.3184
     627       1.4460
     628       1.3809
     629       1.1522
     630       1.2615
     631       1.1800
     632       1.1822
     633       1.1328
     634       1.2791
     635       1.2364
     636       0.9495
     637       1.0347
     638       1.0256
     639       0.9146
     640       1.0120
     641       1.0732
     642       1.2134
     643       1.2091
     644       1.2570
     645       1.1445
     646       1.2131
     647       1.3660
     648       1.2112
     649       1.1439
     650       1.0951
     651       1.2214
     652       1.2329
     653       1.2277
     654       1.1810
     655       1.1880
     656       1.5328
     657       1.4785
     658       1.5324
     659       1.4703
     660       1.2905
     661       1.5509
     662       1.5092
     663       1.5227
     664       1.5019
     665       1.5789
     666       1.5287
     667       1.4488
     668       1.2507
     669       1.3314
     670       1.3705
     671       1.1961
     672       1.2118
     673       1.1374
     674       1.0713
     675       1.3121
     676       1.2538
     677       1.1896
     678       1.2709
     679       1.1659
     680       1.0908
     681       1.1877
     682       1.2643
     683       1.2219
     684       1.1993
     685       1.2124
     686       1.3065
     687       1.3855
     688       1.3476
     689       1.3331
     690       1.4368
     691       1.5177
     692       1.5543
     693       1.4055
     694       1.2407
     695       1.3061
     696       1.1574
     697       1.1578
     698       1.1661
     699       1.0376
     700       1.1851
     701       1.1304
     702       1.2206
     703       1.1328
     704       1.0826
     705       1.0682
     706       1.1890
     707       1.2668
     708       1.2065
     709       1.1387
     710       1.1248
     711       1.1983
     712       1.2512
     713       1.0448
     714       0.9867
     715       1.1592
     716       1.1740
     717       1.2356
     718       1.0289
     719       1.0873
     720       1.1143
     721       1.1408
     722       1.0614
     723       1.2355
     724       1.0977
     725       1.1427
     726       1.1503
     727       1.1418
     728       1.2414
     729       1.2977
     730       1.2238
     731       1.3386
     732       1.3231
     733       1.4124
     734       1.3328
     735       1.2912
     736       1.1985
     737       1.1481
     738       1.1435
     739       1.1146
     740       1.2251
     741       1.2735
     742       1.0732
     743       1.1845
     744       1.2479
     745       1.2661
     746       1.1462
     747       1.2018
     748       1.0955
     749       1.0152
     750       1.0625
     751       1.1198
     752       1.0499
     753       0.9380
     754       1.0201
     755       0.9960
     756       1.0523
     757       1.1310
     758       1.1557
     759       1.2734
     760       1.1851
     761       1.1019
     762       1.1394
     763       1.3333
     764       1.3220
     765       1.2428
     766       1.1972
     767       1.2858
     768       1.3862
     769       1.2645
     770       1.4029
     771       1.1986
     772       1.2092
     773       1.2730
     774       1.1615
     775       1.3132
     776       1.2622
     777       1.0254
     778       1.0809
     779       1.0567
     780       1.0102
     781       0.9852
     782       0.8484
     783       0.9110
     784       0.9970
     785       0.9141
     786       1.0337
     787       1.1099
     788       1.0086
     789       1.0696
     790       1.1066
     791       1.1221
     792       1.0859
     793       1.0733
     794       1.0671
     795       1.1514
     796       1.0563
     797       1.2179
     798       1.0553
     799       1.1408
     800       1.0251
     801       0.9924
     802       1.0899
     803       1.1296
     804       1.1620
     805       1.1695
     806       1.0885
     807       1.0153
     808       1.0130
     809       1.0713
     810       1.1830
     811       1.3011
     812       1.0872
     813       1.1193
     814       1.1324
     815       1.0328
     816       1.0073
     817       1.0960
     818       1.2477
     819       1.2440
     820       1.2788
     821       1.2189
     822       1.1673
     823       1.1037
     824       1.0499
     825       1.0863
     826       1.0349
     827       1.1057
     828       1.1716
     829       1.2027
     830       1.3258
     831       1.2103
     832       1.1361
     833       1.1347
     834       1.2366
     835       1.2443
     836       1.4118
     837       1.5039
     838       1.3363
     839       1.1493
     840       1.2191
     841       1.2783
     842       1.2896
     843       1.2728
     844       1.4033
     845       1.4150
     846       1.4301
     847       1.4049
     848       1.3755
     849       1.3759
     850       1.2488
     851       1.1183
     852       1.2787
     853       1.3177
     854       1.1777
     855       1.1792
     856       1.2759
     857       1.1767
     858       1.1015
     859       1.1425
     860       1.1514
     861       1.1879
     862       1.3453
     863       1.2283
     864       1.2420
     865       1.1541
     866       1.1658
     867       1.1320
     868       1.1525
     869       1.4492
     870       1.2463
     871       1.2893
     872       1.2221
     873       1.2403
     874       1.1433
     875       1.2657
     876       1.3973
     877       1.4507
     878       1.4271
     879       1.5594
     880       1.6143
     881       1.4264
     882       1.3981
     883       1.4438
     884       1.5982
     885       1.7438
     886       1.6740
     887       1.6702
     888       1.7010
     889       1.6631
     890       1.5066
     891       1.4333
     892       1.4213
     893       1.4185
     894       1.5725
     895       1.4204
     896       1.4418
     897       1.3395
     898       1.2952
     899       1.3782
     900       1.3354
     901       1.2542
     902       1.4122
     903       1.5076
     904       1.4742
     905       1.4283
     906       1.4303
     907       1.5087
     908       1.4521
     909       1.4586
     910       1.4935
     911       1.5647
     912       1.5682
     913       1.7755
     914       1.7562
     915       1.7597
     916       1.6853
     917       1.6075
     918       1.6228
     919       1.5250
     920       1.4762
     921       1.5183
     922       1.3580
     923       1.4014
     924       1.4632
     925       1.3495
     926       1.3560
     927       1.5314
     928       1.4527
     929       1.3877
     930       1.5045
     931       1.6687
     932       1.4462
     933       1.4157
     934       1.3683
     935       1.3134
     936       1.1616
     937       1.1187
     938       1.1443
     939       1.2030
     940       1.2277
     941       1.1595
     942       1.1588
     943       1.2432
     944       1.2561
     945       1.2093
     946       1.3930
     947       1.2274
     948       1.2678
     949       1.1967
     950       1.1912
     951       1.2201
     952       1.3339
     953       1.3360
     954       1.4251
     955       1.4587
     956       1.2866
     957       1.2845
     958       1.2700
     959       1.3758
     960       1.2641
     961       1.1825
     962       1.3024
     963       1.2467
     964       1.2626
     965       1.1752
     966       1.1018
     967       1.0469
     968       1.1437
     969       1.0456
     970       1.2057
     971       1.0714
     972       1.0916
     973       1.2029
     974       1.3644
     975       1.4227
     976       1.4561
     977       1.3049
     978       1.2327
     979       1.3458
     980       1.2667
     981       1.2084
     982       1.4467
     983       1.4464
     984       1.1740
     985       1.2471
     986       1.2526
     987       1.2382
     988       1.3046
     989       1.4259
     990       1.2725
     991       1.4229
     992       1.3836
     993       1.4150
     994       1.5727
     995       1.4985
     996       1.3520
     997       1.4866
     998       1.4471
     999       1.3950
    1000       1.3717
    1001       1.4442
    1002       1.3545
    1003       1.2648
    1004       1.3630
    1005       1.3978
    1006       1.4233
    1007       1.4284
    1008       1.2840
    1009       1.3739
    1010       1.4085
    1011       1.4143
    1012       1.3470
    1013       1.4497
    1014       1.3114
    1015       1.4054
    1016       1.4411
    1017       1.3608
    1018       1.3598
    1019       1.2867
    1020       1.3503
    1021       1.3087
    1022       1.2874
    1023       1.2914
    1024       1.1666
    1025       1.1572
    1026       1.1775
    1027       1.0862
    1028       1.2211
    1029       1.0919
    1030       1.1377
    1031       1.2692
    1032       1.3217
    1033       1.1828
    1034       1.2192
    1035       1.2866
    1036       1.2493
    1037       1.2989
    1038       1.3630
    1039       1.1870
    1040       1.1696
    1041       1.1774
    1042       1.1722
    1043       1.1404
    1044       1.0452
    1045       1.0230
    1046       0.9547
    1047       1.0819
    1048       1.0154
    1049       1.1404
    1050       0.9995
    1051       0.9909
    1052       1.0519
    1053       1.0477
    1054       0.9845
    1055       1.0630
    1056       1.0717
    1057       1.0665
    1058       1.0264
    1059       1.1050
    1060       0.9862
    1061       0.9706
    1062       0.9971
    1063       1.0086
    1064       1.0265
    1065       1.1217
    1066       1.1196
    1067       1.0163
    1068       1.1052
    1069       1.0499
    1070       1.1142
    1071       1.1154
    1072       1.0335
    1073       1.0804
    1074       1.0545
    1075       0.9984
    1076       1.0385
    1077       1.0920
    1078       1.0857
    1079       1.0853
    1080       1.1312
    1081       1.0363
    1082       0.9667
    1083       0.9638
    1084       0.9478
    1085       0.8899
    1086       1.0408
    1087       1.0196
    1088       0.9347
    1089       0.9066
    1090       0.9517
    1091       1.0264
    1092       1.0188
    1093       0.9772
    1094       1.0569
    1095       1.1801
    1096       1.1210
    1097       1.0657
    1098       1.0432
    1099       1.0547
    1100       0.9094
    1101       0.8904
    1102       1.0023
    1103       0.9043
    1104       0.9024
    1105       0.9579
    1106       1.0085
    1107       1.0302
    1108       0.8585
    1109       0.9080
    1110       0.8748
    1111       0.9742
    1112       0.9974
    1113       1.1431
    1114       1.0070
    1115       1.1232
    1116       1.0678
    1117       0.9884
    1118       0.9627
    1119       0.8788
    1120       1.0304
    1121       1.0971
    1122       1.1552
    1123       1.1283
    1124       1.1565
    1125       0.9420
    1126       0.9055
    1127       0.8452
    1128       1.0667
    1129       1.0612
    1130       1.0446
    1131       1.1742
    1132       1.1628
    1133       1.1886
    1134       1.3106
    1135       1.2364
    1136       1.2016
    1137       1.0783
    1138       1.0713
    1139       1.1114
    1140       1.2414
    1141       1.1734
    1142       1.2209
    1143       1.1624
    1144       1.2056
    1145       1.1168
    1146       1.0247
    1147       0.9872
    1148       0.9376
    1149       0.9854
    1150       1.0219
    1151       1.0078
    1152       0.9703
    1153       1.0687
    1154       1.1453
    1155       1.0483
    1156       1.0834
    1157       1.1120
    1158       1.0270
    1159       1.0466
    1160       1.1230
    1161       1.1746
    1162       1.1541
    1163       1.2935
    1164       1.2813
    1165       1.2188
    1166       1.2314
    1167       1.1577
    1168       1.0192
    1169       1.0187
    1170       1.1763
    1171       1.1709
    1172       1.0113
    1173       1.0759
    1174       1.1786
    1175       1.0597
    1176       0.9623
    1177       0.8769
    1178       1.0371
    1179       1.0172
    1180       1.0616
    1181       1.2254
    1182       1.3529
    1183       1.2739
    1184       1.2168
    1185       1.2653
    1186       1.2291
    1187       1.4008
    1188       1.2665
    1189       1.2351
    1190       1.1565
    1191       1.3547
    1192       1.3563
    1193       1.1874
    1194       1.1333
    1195       1.1584
    1196       1.2389
    1197       1.1328
    1198       1.1373
    1199       1.1604
    1200       1.1575
    1201       1.2612
    1202       0.9718
    1203       1.0745
    1204       1.2810
    1205       1.1990
    1206       1.1378
    1207       1.4666
    1208       1.3884
    1209       1.4674
    1210       1.4257
    1211       1.3265
    1212       1.4691
    1213       1.3170
    1214       1.1628
    1215       1.0901
    1216       1.0317
    1217       0.9843
    1218       1.0045
    1219       0.9464
    1220       0.9197
    1221       1.0448
    1222       1.0230
    1223       1.0446
    1224       0.9940
    1225       1.1222
    1226       1.2358
    1227       1.0629
    1228       1.0586
    1229       1.1807
    1230       1.2645
    1231       1.3316
    1232       1.2164
    1233       1.1005
    1234       1.0824
    1235       1.1142
    1236       1.0564
    1237       1.0969
    1238       1.2212
    1239       1.2329
    1240       1.0323
    1241       1.2955
    1242       1.1360
    1243       1.1857
    1244       1.0231
    1245       1.0542
    1246       1.0677
    1247       1.0594
    1248       1.0598
    1249       0.8899
    1250       0.9203
    1251       1.0394
    1252       1.0050
    1253       1.0531
    1254       1.1506
    1255       1.0417
    1256       0.9728
    1257       0.9509
    1258       0.9489
    1259       0.9259
    1260       1.0125
    1261       1.0518
    1262       1.0262
    1263       1.1446
    1264       1.0569
    1265       1.1490
    1266       1.2819
    1267       1.1033
    1268       0.9763
    1269       1.0099
    1270       1.1429
    1271       0.8764
    1272       1.0430
    1273       1.0590
    1274       0.9549
    1275       0.9070
    1276       0.9671
    1277       0.8478
    1278       0.9161
    1279       1.0076
    1280       1.0281
    1281       0.9764
    1282       1.0831
    1283       1.2364
    1284       1.1548
    1285       1.0664
    1286       1.1405
    1287       0.9873
    1288       1.1083
    1289       1.0555
    1290       1.0318
    1291       1.0507
    1292       1.1353
    1293       1.3212
    1294       1.3259
    1295       1.2044
    1296       1.1712
    1297       1.1560
    1298       1.3115
    1299       1.1700
    1300       1.2091
    1301       1.0662
    1302       1.0813
    1303       1.2038
    1304       1.2282
    1305       1.1505
    1306       1.1289
    1307       1.0647
    1308       1.1264
    1309       1.1428
    1310       0.9914
    1311       1.0118
    1312       0.9793
    1313       0.9724
    1314       1.2178
    1315       1.2335
    1316       1.2634
    1317       1.3930
    1318       1.3685
    1319       1.2730
    1320       1.1741
    1321       1.3326
    1322       1.5073
    1323       1.3376
    1324       1.2368
    1325       1.2022
    1326       1.2014
    1327       1.2424
    1328       1.1934
    1329       1.2521
    1330       1.1795
    1331       1.0967
    1332       1.1863
    1333       1.0655
    1334       1.1856
    1335       1.2397
    1336       1.1380
    1337       1.0576
    1338       1.1714
    1339       1.3055
    1340       1.5395
    1341       1.5464
    1342       1.5362
    1343       1.3848
    1344       1.4158
    1345       1.3860
    1346       1.3302
    1347       1.2451
    1348       1.2516
    1349       1.5022
    1350       1.3368
    1351       1.2822
    1352       1.2972
    1353       1.3993
    1354       1.2949
    1355       1.3393
    1356       1.3040
    1357       1.1654
    1358       1.2835
    1359       1.1962
    1360       1.0823
    1361       1.1536
    1362       1.1387
    1363       1.1476
    1364       1.2127
    1365       1.3275
    1366       1.3155
    1367       1.2805
    1368       1.2327
    1369       1.4284
    1370       1.2988
    1371       1.1014
    1372       1.1921
    1373       1.2409
    1374       1.0848
    1375       1.1258
    1376       1.1447
    1377       1.2130
    1378       1.1621
    1379       1.1591
    1380       1.2621
    1381       1.1347
    1382       1.2384
    1383       1.2169
    1384       1.1137
    1385       1.0960
    1386       1.1180
    1387       0.9938
    1388       0.9539
    1389       1.0190
    1390       0.9908
    1391       0.9638
    1392       1.0122
    1393       1.0515
    1394       1.0824
    1395       1.0818
    1396       1.0997
    1397       1.1837
    1398       1.0472
    1399       1.0828
    1400       1.1028
    1401       1.1908
    1402       1.2610
    1403       1.2704
    1404       1.3635
    1405       1.2298
    1406       1.1016
    1407       1.1403
    1408       1.0254
    1409       0.9712
    1410       1.1465
    1411       1.2058
    1412       1.1814
    1413       1.2975
    1414       1.2341
    1415       1.2100
    1416       1.0971
    1417       1.1908
    1418       1.3467
    1419       1.4939
    1420       1.6037
    1421       1.5335
    1422       1.5137
    1423       1.3844
    1424       1.3108
    1425       1.3554
    1426       1.4281
    1427       1.3932
    1428       1.4626
    1429       1.5152
    1430       1.3582
    1431       1.3854
    1432       1.3721
    1433       1.3050
    1434       1.3205
    1435       1.2323
    1436       1.2671
    1437       1.2188
    1438       1.0603
    1439       1.0823
    1440       1.1653
    1441       1.1358
    1442       1.1785
    1443       1.1923
    1444       1.0785
    1445       1.1066
    1446       1.1929
    1447       1.1474
    1448       1.0576
    1449       1.1474
    1450       1.1672
    1451       1.0953
    1452       1.1374
    1453       1.2366
    1454       1.1883
    1455       1.0521
    1456       1.1304
    1457       1.0731
    1458       1.0643
    1459       1.0850
    1460       1.1443
    1461       1.0627
    1462       1.0676
    1463       1.1483
    1464       1.1370
    1465       1.2020
    1466       1.2420
    1467       1.3293
    1468       1.3134
    1469       1.3967
    1470       1.3421
    1471       1.2615
    1472       1.4202
    1473       1.2142
    1474       1.1771
    1475       1.0797
    1476       1.0932
    1477       1.1737
    1478       1.2187
    1479       1.2516
    1480       1.4457
    1481       1.3580
    1482       1.1611
    1483       1.0416
    1484       1.0104
    1485       1.0641
    1486       1.0126
    1487       1.0406
    1488       0.9770
    1489       1.0711
    1490       1.0667
    1491       0.9570
    1492       1.0905
    1493       1.0981
    1494       1.0645
    1495       1.0806
    1496       1.1258
    1497       1.0496
    1498       1.1331
    1499       1.0259
    1500       1.0081
    1501       1.0980
    1502       1.3619
    1503       1.1862
    1504       1.2116
    1505       1.0809
    1506       1.0898
    1507       1.0155
    1508       1.1257
    1509       1.1472
    1510       1.0515
    1511       1.0898
    1512       1.1065
    1513       0.9649
    1514       0.9859
    1515       1.0232
    1516       0.9426
    1517       1.0171
    1518       0.9905
    1519       1.0717
    1520       1.0154
    1521       0.8807
    1522       1.1469
    1523       1.1324
    1524       1.2128
    1525       1.0738
    1526       1.0911
    1527       1.2148
    1528       1.0012
    1529       0.9600
    1530       1.2255
    1531       1.2803
    1532       1.3479
    1533       1.2570
    1534       1.1251
    1535       1.0940
    1536       1.1017
    1537       1.0593
    1538       0.9936
    1539       1.1019
    1540       1.1245
    1541       1.2379
    1542       1.1658
    1543       1.2646
    1544       1.2124
    1545       1.1765
    1546       1.2398
    1547       1.2936
    1548       1.0689
    1549       1.0492
    1550       1.0751
    1551       1.1570
    1552       1.1797
    1553       1.0976
    1554       1.1585
    1555       1.1048
    1556       1.1438
    1557       1.1847
    1558       1.2569
    1559       1.2465
    1560       1.1522
    1561       1.0447
    1562       1.0844
    1563       1.0637
    1564       0.9884
    1565       1.0622
    1566       1.2052
    1567       1.0650
    1568       1.1759
    1569       1.1002
    1570       1.1089
    1571       1.1310
    1572       1.1811
    1573       1.2482
    1574       1.1359
    1575       1.0398
    1576       1.1042
    1577       1.1629
    1578       1.0226
    1579       1.1408
    1580       1.1311
    1581       1.1032
    1582       1.0009
    1583       1.0689
    1584       0.9928
    1585       0.9558
    1586       0.8560
    1587       0.9460
    1588       0.9512
    1589       0.9551
    1590       1.0333
    1591       1.0830
    1592       1.0520
    1593       1.1217
    1594       1.0154
    1595       0.9321
    1596       0.9508
    1597       0.9445
    1598       0.9589
    1599       1.1146
    1600       1.1515
    1601       1.0985
    1602       0.9888
    1603       1.0490
    1604       1.0358
    1605       1.1001
    1606       0.9753
    1607       1.0510
    1608       0.8850
    1609       0.9245
    1610       1.0313
    1611       0.9947
    1612       0.9726
    1613       1.1373
    1614       1.1653
    1615       1.0102
    1616       0.9333
    1617       0.9371
    1618       0.9770
    1619       0.9192
    1620       0.9004
    1621       0.9622
    1622       0.9943
    1623       0.9650
    1624       1.0170
    1625       1.0519
    1626       1.0691
    1627       1.0293
    1628       1.0073
    1629       1.1342
    1630       1.1008
    1631       1.0518
    1632       1.0985
    1633       1.1793
    1634       1.2284
    1635       1.1191
    1636       1.1646
    1637       0.9841
    1638       1.0009
    1639       0.9607
    1640       0.9187
    1641       1.0541
    1642       1.1111
    1643       1.0029
    1644       1.0239
    1645       1.1527
    1646       1.0813
    1647       0.9498
    1648       0.9272
    1649       0.9836
    1650       0.8960
    1651       0.9289
    1652       0.8628
    1653       0.9990
    1654       0.9755
    1655       0.9973
    1656       1.0040
    1657       1.0052
    1658       1.0044
    1659       1.1963
    1660       1.0711
    1661       1.1317
    1662       1.0948
    1663       0.9813
    1664       0.9557
    1665       1.0710
    1666       1.1448
    1667       1.1601
    1668       1.1129
    1669       1.1240
    1670       1.1896
    1671       1.0761
    1672       1.0686
    1673       1.1210
    1674       1.1623
    1675       0.9862
    1676       0.9863
    1677       0.9975
    1678       0.9934
    1679       1.0312
    1680       1.0802
    1681       1.0037
    1682       0.9840
    1683       0.9379
    1684       1.0160
    1685       0.9821
    1686       1.0017
    1687       0.9366
    1688       0.9112
    1689       1.0046
    1690       0.9394
    1691       0.9537
    1692       0.9581
    1693       0.8810
    1694       0.9649
    1695       0.8599
    1696       0.9240
    1697       0.9232
    1698       0.9422
    1699       0.9833
    1700       0.9281
    1701       0.9611
    1702       0.9540
    1703       0.9737
    1704       0.9973
    1705       0.9289
    1706       1.0393
    1707       0.9752
    1708       1.0256
    1709       0.9988
    1710       1.0905
    1711       1.0450
    1712       1.0404
    1713       1.0711
    1714       1.0778
    1715       0.9935
    1716       1.1188
    1717       1.3603
    1718       1.2553
    1719       1.1790
    1720       1.1859
    1721       1.1928
    1722       1.1080
    1723       1.0798
    1724       1.1505
    1725       1.1194
    1726       1.2258
    1727       1.2698
    1728       1.3381
    1729       1.1141
    1730       1.0720
    1731       1.2300
    1732       1.2687
    1733       1.2629
    1734       1.0754
    1735       1.0558
    1736       1.1366
    1737       1.1580
    1738       1.1342
    1739       1.0665
    1740       1.1668
    1741       1.1572
    1742       1.0330
    1743       0.9709
    1744       1.0123
    1745       1.0300
    1746       1.2169
    1747       1.2006
    1748       1.0634
    1749       0.9551
    1750       0.9676
    1751       0.9678
    1752       0.9310
    1753       1.0618
    1754       1.0923
    1755       0.9833
    1756       0.9501
    1757       1.0071
    1758       1.0294
    1759       1.0421
    1760       0.9866
    1761       1.0262
    1762       0.9105
    1763       0.9967
    1764       1.0982
    1765       0.9929
    1766       1.0480
    1767       1.0146
    1768       1.0685
    1769       0.9925
    1770       1.0127
    1771       1.1609
    1772       1.1842
    1773       1.0183
    1774       1.0579
    1775       0.9595
    1776       1.0228
    1777       1.0967
    1778       1.0871
    1779       1.1493
    1780       1.0921
    1781       1.0791
    1782       1.0177
    1783       1.1701
    1784       1.1264
    1785       1.1172
    1786       1.1690
    1787       1.3279
    1788       1.3981
    1789       1.1456
    1790       1.0628
    1791       1.0264
    1792       1.1104
    1793       1.0594
    1794       0.9747
    1795       0.9559
    1796       1.0947
    1797       1.2398
    1798       1.2456
    1799       1.1846
    1800       1.1841
    1801       1.1690
    1802       1.2286
    1803       1.0869
    1804       1.2025
    1805       1.2453
    1806       1.4061
    1807       1.4717
    1808       1.4218
    1809       1.3490
    1810       1.2406
    1811       1.0803
    1812       1.0364
    1813       0.9892
    1814       1.0106
    1815       1.1180
    1816       1.0871
    1817       1.0382
    1818       1.1439
    1819       0.9800
    1820       1.0556
    1821       0.9843
    1822       1.0453
    1823       1.0705
    1824       1.0024
    1825       1.1356
    1826       1.0671
    1827       1.0276
    1828       1.0985
    1829       1.1334
    1830       1.0013
    1831       1.1538
    1832       1.2233
    1833       1.0711
    1834       1.0843
    1835       1.1392
    1836       1.1880
    1837       1.0879
    1838       1.2634
    1839       1.1122
    1840       1.0237
    1841       1.0311
    1842       0.9821
    1843       1.1067
    1844       1.1296
    1845       1.1748
    1846       1.2919
    1847       1.1605
    1848       1.0448
    1849       1.0009
    1850       1.0240
    1851       0.9814
    1852       1.0246
    1853       1.1778
    1854       1.1836
    1855       1.1692
    1856       1.0653
    1857       1.1584
    1858       1.1434
    1859       1.0846
    1860       1.0054
    1861       1.2117
    1862       1.1844
    1863       1.1306
    1864       1.0409
    1865       1.0495
    1866       0.9542
    1867       0.9050
    1868       0.9792
    1869       1.0380
    1870       1.0535
    1871       1.2289
    1872       1.2235
    1873       1.2133
    1874       1.1933
    1875       1.1236
    1876       1.1296
    1877       1.2495
    1878       0.9394
    1879       1.0443
    1880       0.9619
    1881       1.0727
    1882       0.8586
    1883       0.9881
    1884       1.0575
    1885       1.1361
    1886       1.1297
    1887       1.1721
    1888       1.3231
    1889       1.3123
    1890       1.2825
    1891       1.3314
    1892       1.1716
    1893       1.0539
    1894       1.0985
    1895       1.1519
    1896       0.9229
    1897       1.0193
    1898       1.0932
    1899       1.2072
    1900       1.1683
    1901       0.9877
    1902       1.2159
    1903       1.2168
    1904       1.1545
    1905       1.1115
    1906       0.8791
    1907       0.8907
    1908       1.0589
    1909       1.1155
    1910       1.1977
    1911       1.1318
    1912       1.1072
    1913       1.0856
    1914       1.0205
    1915       1.0746
    1916       1.2854
    1917       1.2270
    1918       1.1068
    1919       1.1101
    1920       1.0233
    1921       1.0046
    1922       0.9608
    1923       1.0226
    1924       1.1335
    1925       1.1447
    1926       1.1998
    1927       1.3651
    1928       1.4131
    1929       1.1568
    1930       1.0384
    1931       1.1462
    1932       1.1958
    1933       1.0674
    1934       0.9897
    1935       1.0786
    1936       1.1224
    1937       1.1900
    1938       1.0660
    1939       1.1448
    1940       1.2588
    1941       1.1928
    1942       1.2549
    1943       1.2343
    1944       1.2217
    1945       1.2819
    1946       1.2515
    1947       1.2822
    1948       1.4076
    1949       1.4161
    1950       1.4140
    1951       1.3284
    1952       1.3787
    1953       1.2363
    1954       1.3835
    1955       1.2526
    1956       1.1902
    1957       1.0826
    1958       1.2409
    1959       1.2181
    1960       1.0438
    1961       1.0948
    1962       1.0871
    1963       1.0743
    1964       0.9826
    1965       0.9377
    1966       1.0479
    1967       0.9923
    1968       0.8458
    1969       0.9396
    1970       1.0844
    1971       1.2002
    1972       1.2529
    1973       1.2704
    1974       1.2047
    1975       1.0815
    1976       1.1211
    1977       1.0325
    1978       1.0987
    1979       1.1058
    1980       1.0505
    1981       1.0898
    1982       1.0233
    1983       1.0927
    1984       1.2067
    1985       1.2131
    1986       1.2829
    1987       1.1158
    1988       1.2084
    1989       1.2901
    1990       1.3707
    1991       1.5475
    1992       1.5500
    1993       1.5516
    1994       1.5885
    1995       1.5163
    1996       1.3967
    1997       1.3496
    1998       1.2837
    1999       1.1715
    2000       1.1581
    2001       1.0688
    2002       1.1960
    2003       1.2684
    2004       1.4361
    2005       1.3946
    2006       1.2418
    2007       1.1810
    2008       1.2048
    2009       1.1889
    2010       1.2784
    2011       1.2939
    2012       1.0811
    2013       1.1079
    2014       1.2184
    2015       1.2326
    2016       1.1939
    2017       1.0996
    2018       1.1469
    2019       1.1370
    2020       1.2477
    2021       1.3117
    2022       1.2590
    2023       1.1946
    2024       1.1829
    2025       1.2139
    2026       1.0952
    2027       1.2225
    2028       1.1745
    2029       1.0598
    2030       1.0150
    2031       1.1932
    2032       1.2395
    2033       1.2466
    2034       1.1291
    2035       1.0404
    2036       1.0156
    2037       1.0911
    2038       0.9622
    2039       0.9448
    2040       1.1470
    2041       1.1359
    2042       1.3447
    2043       1.2771
    2044       1.2781
    2045       1.2895
    2046       1.2294
    2047       1.3192
    2048       1.1634
    2049       1.1229
    2050       1.0398
    2051       1.0873
    2052       1.0259
    2053       1.0755
    2054       1.0385
    2055       1.0711
    2056       1.0641
    2057       1.0940
    2058       1.0774
    2059       1.1442
    2060       1.0485
    2061       1.0079
    2062       1.0207
    2063       1.1562
    2064       1.1349
    2065       1.1547
    2066       1.0227
    2067       1.2096
    2068       1.0124
    2069       1.1468
    2070       1.2439
    2071       1.3394
    2072       1.2657
    2073       1.2691
    2074       1.2745
    2075       1.1526
    2076       1.2990
    2077       1.2925
    2078       1.3254
    2079       1.3940
    2080       1.4612
    2081       1.3551
    2082       1.2744
    2083       1.2961
    2084       1.3290
    2085       1.4460
    2086       1.4387
    2087       1.4767
    2088       1.3611
    2089       1.2963
    2090       1.1820
    2091       1.2499
    2092       1.0493
    2093       1.0562
    2094       1.1194
    2095       1.1507
    2096       1.1513
    2097       1.1605
    2098       1.1274
    2099       1.3274
    2100       1.1274
    2101       1.1091
    2102       1.0208
    2103       1.0709
    2104       1.0664
    2105       1.1341
    2106       1.1056
    2107       1.0274
    2108       1.0886
    2109       0.9557
    2110       1.0956
    2111       1.1022
    2112       1.1455
    2113       1.1921
    2114       1.1882
    2115       1.2607
    2116       1.3226
    2117       1.4028
    2118       1.5086
    2119       1.4148
    2120       1.4567
    2121       1.4983
    2122       1.3063
    2123       1.3892
    2124       1.3113
    2125       1.3211
    2126       1.2483
    2127       1.2826
    2128       1.2547
    2129       1.2584
    2130       1.2249
    2131       1.3184
    2132       1.3867
    2133       1.4139
    2134       1.2061
    2135       1.1746
    2136       1.1126
    2137       1.2880
    2138       1.2611
    2139       1.2566
    2140       1.2855
    2141       1.3077
    2142       1.2844
    2143       1.1390
    2144       1.4114
    2145       1.4128
    2146       1.3054
    2147       1.3209
    2148       1.3866
    2149       1.3836
    2150       1.3719
    2151       1.4324
    2152       1.3783
    2153       1.2498
    2154       1.3760
    2155       1.2530
    2156       1.3138
    2157       1.1419
    2158       1.1092
    2159       1.1365
    2160       1.1876
    2161       1.2872
    2162       1.2249
    2163       1.2780
    2164       1.4079
    2165       1.4304
    2166       1.4924
    2167       1.4212
    2168       1.4841
    2169       1.3376
    2170       1.2317
    2171       1.3689
    2172       1.1587
    2173       1.1702
    2174       1.1998
    2175       1.0829
    2176       1.0753
    2177       1.0345
    2178       1.0326
    2179       1.0358
    2180       0.9285
    2181       0.9444
    2182       0.9670
    2183       0.9052
    2184       1.0479
    2185       1.1338
    2186       1.0586
    2187       0.9558
    2188       0.8709
    2189       1.0093
    2190       1.0340
    2191       1.0439
    2192       1.1187
    2193       1.1228
    2194       1.1079
    2195       1.0875
    2196       1.0558
    2197       1.0732
    2198       1.0970
    2199       1.1473
    2200       1.1897
    2201       1.0685
    2202       1.0865
    2203       1.0545
    2204       1.2307
    2205       1.2745
    2206       1.0961
    2207       1.1381
    2208       1.1635
    2209       1.1996
    2210       1.0553
    2211       1.1059
    2212       1.0521
    2213       1.0003
    2214       0.9865
    2215       1.1620
    2216       1.1248
    2217       1.1292
    2218       1.1659
    2219       1.0441
    2220       1.0702
    2221       1.1213
    2222       1.1716
    2223       1.1798
    2224       1.1212
    2225       1.1244
    2226       1.1208
    2227       1.0575
    2228       0.9843
    2229       1.0077
    2230       1.0816
    2231       0.9692
    2232       0.9648
    2233       1.0013
    2234       1.0056
    2235       0.9972
    2236       1.0683
    2237       1.0391
    2238       1.0798
    2239       1.2157
    2240       1.1230
    2241       1.0976
    2242       1.1397
    2243       1.0666
    2244       1.0754
    2245       1.1319
    2246       1.0509
    2247       1.0358
    2248       1.1329
    2249       1.2155
    2250       1.1581
    2251       1.2467
    2252       1.2556
    2253       1.2028
    2254       1.2933
    2255       1.1599
    2256       1.2264
    2257       1.2551
    2258       1.1410
    2259       1.2123
    2260       1.1802
    2261       1.1027
    2262       1.1487
    2263       1.2601
    2264       1.2008
    2265       1.0830
    2266       0.9406
    2267       1.0054
    2268       1.1158
    2269       1.0822
    2270       1.1646
    2271       0.9988
    2272       1.0434
    2273       0.9516
    2274       1.0781
    2275       1.1388
    2276       1.1198
    2277       1.2259
    2278       1.3153
    2279       1.2904
    2280       1.1828
    2281       1.2158
    2282       1.0725
    2283       1.0919
    2284       1.0562
    2285       1.0390
    2286       1.0633
    2287       1.0977
    2288       1.1001
    2289       1.0280
    2290       0.9955
    2291       0.9963
    2292       0.9877
    2293       0.9456
    2294       0.9430
    2295       1.0074
    2296       0.9895
    2297       0.9954
    2298       0.9645
    2299       0.9842
    2300       1.0751
    2301       1.0616
    2302       1.0321
    2303       0.9519
    2304       0.9906
    2305       0.9640
    2306       0.9832
    2307       1.0387
    2308       0.9583
    2309       1.0358
    2310       1.0259
    2311       1.0080
    2312       1.0779
    2313       0.9318
    2314       1.0148
    2315       1.0103
    2316       0.9225
    2317       0.9236
    2318       0.9034
    2319       0.9713
    2320       1.0710
    2321       1.0984
    2322       1.0613
    2323       1.0635
    2324       1.0150
    2325       1.0222
    2326       1.0640
    2327       1.0184
    2328       1.1512
    2329       1.1380
    2330       1.0006
    2331       0.8772
    2332       1.0255
    2333       0.9204
    2334       1.0096
    2335       1.0265
    2336       1.1729
    2337       1.3226
    2338       1.4273
    2339       1.4308
    2340       1.2841
    2341       1.1995
    2342       1.0578
    2343       1.2201
    2344       1.1644
    2345       1.0562
    2346       1.1364
    2347       1.2604
    2348       1.2866
    2349       1.2268
    2350       1.2294
    2351       1.3002
    2352       1.1260
    2353       1.2878
    2354       1.1634
    2355       1.2777
    2356       1.1833
    2357       1.1758
    2358       1.0765
    2359       1.1077
    2360       1.1511
    2361       0.9887
    2362       1.0892
    2363       1.0505
    2364       1.1179
    2365       1.0722
    2366       1.2169
    2367       1.1203
    2368       1.0937
    2369       0.9937
    2370       1.1167
    2371       0.9730
    2372       1.0451
    2373       1.1547
    2374       0.9592
    2375       1.1325
    2376       1.0676
    2377       1.0358
    2378       0.9951
    2379       1.0652
    2380       1.1547
    2381       1.2267
    2382       1.1750
    2383       1.1105
    2384       1.2056
    2385       1.2827
    2386       1.1032
    2387       1.1787
    2388       1.1608
    2389       1.2225
    2390       1.3522
    2391       1.3211
    2392       1.4127
    2393       1.3050
    2394       1.4845
    2395       1.2776
    2396       1.2263
    2397       1.1799
    2398       1.3032
    2399       1.0755
    2400       1.0719
    2401       1.0664
    2402       1.1209
    2403       1.1626
    2404       1.1269
    2405       1.2730
    2406       1.2028
    2407       1.1065
    2408       1.1386
    2409       1.0919
    2410       1.2491
    2411       1.4107
    2412       1.1705
    2413       1.1218
    2414       1.1664
    2415       0.9889
    2416       1.0638
    2417       1.1143
    2418       1.0430
    2419       1.0404
    2420       1.0281
    2421       0.9906
    2422       0.8949
    2423       1.0195
    2424       0.9769
    2425       0.9984
    2426       1.0165
    2427       1.1271
    2428       1.2748
    2429       1.1926
    2430       1.1006
    2431       1.0823
    2432       1.0343
    2433       1.0172
    2434       1.1314
    2435       1.1100
    2436       0.9634
    2437       0.9558
    2438       1.0718
    2439       1.1716
    2440       1.1644
    2441       1.0985
    2442       1.2782
    2443       1.3424
    2444       1.3014
    2445       1.2357
    2446       1.2028
    2447       1.1487
    2448       1.1059
    2449       1.0580
    2450       1.0712
    2451       1.0572
    2452       1.0705
    2453       1.1973
    2454       1.2295
    2455       1.3393
    2456       1.3543
    2457       1.3301
    2458       1.2255
    2459       1.2431
    2460       1.2534
    2461       1.0762
    2462       1.1159
    2463       1.0650
    2464       1.0066
    2465       1.0343
    2466       1.0586
    2467       1.0657
    2468       1.0084
    2469       1.1932
    2470       1.2748
    2471       1.2314
    2472       1.0999
    2473       1.0858
    2474       1.1043
    2475       1.0043
    2476       0.9553
    2477       1.0004
    2478       1.0718
    2479       1.0656
    2480       1.0727
    2481       1.0614
    2482       1.1797
    2483       1.0479
    2484       0.8921
    2485       0.9218
    2486       0.8231
    2487       0.9127
    2488       0.9525
    2489       1.0882
    2490       1.1022
    2491       1.0637
    2492       1.0177
    2493       0.9899
    2494       0.9150
    2495       1.0013
    2496       0.8085
    2497       0.9327
    2498       0.8485
    2499       0.7984
    2500       0.9967
    2501       1.0619
    2502       1.0056
    2503       1.0196
    2504       0.9818
    2505       1.1049
    2506       0.9522
    2507       0.8627
    2508       0.9488
    2509       0.9633
    2510       0.7774
    2511       0.9206
    2512       1.0328
    2513       1.0966
    2514       0.9359
    2515       1.0664
    2516       1.0151
    2517       1.1175
    2518       1.1026
    2519       0.9939
    2520       1.0348
    2521       1.0189
    2522       0.8981
    2523       1.0054
    2524       1.0070
    2525       0.9006
    2526       0.9822
    2527       0.9284
    2528       1.0051
    2529       1.0513
    2530       1.0599
    2531       0.9938
    2532       1.0057
    2533       0.9272
    2534       0.9428
    2535       0.9210
    2536       0.9556
    2537       1.0774
    2538       0.9817
    2539       0.9175
    2540       1.0281
    2541       1.0308
    2542       0.9570
    2543       1.0947
    2544       1.0899
    2545       1.1643
    2546       1.1453
    2547       0.8889
    2548       0.9668
    2549       1.0347
    2550       1.1042
    2551       1.0000
    2552       1.2793
    2553       1.2985
    2554       1.1998
    2555       1.2835
    2556       1.1349
    2557       1.1380
    2558       1.1219
    2559       1.1714
    2560       0.9778
    2561       1.0270
    2562       1.0919
    2563       1.0797
    2564       0.9389
    2565       0.9426
    2566       1.0739
    2567       0.9101
    2568       0.9715
    2569       1.0903
    2570       1.0769
    2571       0.9944
    2572       0.9447
    2573       1.0438
    2574       1.0700
    2575       0.9857
    2576       1.0854
    2577       1.0541
    2578       0.9347
    2579       1.0427
    2580       1.1111
    2581       1.0143
    2582       1.0410
    2583       0.9165
    2584       0.9978
    2585       1.0387
    2586       1.1621
    2587       0.9979
    2588       1.1993
    2589       1.1086
    2590       1.1231
    2591       1.1198
    2592       1.0725
    2593       1.1473
    2594       1.0452
    2595       1.1541
    2596       1.1418
    2597       1.1583
    2598       1.2528
    2599       1.1526
    2600       1.1328
    2601       1.0739
    2602       1.1125
    2603       1.0614
    2604       1.0119
    2605       0.9382
    2606       1.0193
    2607       1.0271
    2608       1.1293
    2609       1.2052
    2610       1.0882
    2611       1.1432
    2612       1.1284
    2613       1.0429
    2614       1.0265
    2615       1.0158
    2616       1.0987
    2617       0.9893
    2618       0.9744
    2619       1.0404
    2620       1.0170
    2621       1.0956
    2622       1.0689
    2623       1.1930
    2624       1.1424
    2625       0.9162
    2626       0.9688
    2627       1.0428
    2628       1.0687
    2629       1.1503
    2630       1.0004
    2631       1.1410
    2632       1.1749
    2633       1.0175
    2634       1.0453
    2635       1.0250
    2636       1.0747
    2637       1.0208
    2638       1.0295
    2639       1.1426
    2640       0.9672
    2641       1.0168
    2642       1.0178
    2643       1.1108
    2644       1.1749
    2645       1.0798
    2646       1.0830
    2647       1.1453
    2648       1.1192
    2649       1.1017
    2650       1.0159
    2651       1.0585
    2652       1.1025
    2653       1.2621
    2654       1.1618
    2655       1.0834
    2656       1.0790
    2657       1.1672
    2658       1.0666
    2659       1.0237
    2660       0.9486
    2661       0.8615
    2662       0.9619
    2663       0.9348
    2664       0.9788
    2665       0.9935
    2666       0.9886
    2667       1.0751
    2668       1.0714
    2669       1.1990
    2670       1.1930
    2671       1.1383
    2672       1.1468
    2673       1.1544
    2674       1.0983
    2675       1.0684
    2676       1.1092
    2677       1.2647
    2678       0.9695
    2679       0.9547
    2680       1.0211
    2681       0.9563
    2682       0.9706
    2683       0.9723
    2684       0.9507
    2685       1.1061
    2686       0.9093
    2687       0.9675
    2688       0.9022
    2689       0.9606
    2690       0.9728
    2691       0.9338
    2692       1.0009
    2693       1.0002
    2694       1.0666
    2695       1.0452
    2696       1.0463
    2697       1.0659
    2698       0.9759
    2699       0.9571
    2700       1.0868
    2701       1.0696
    2702       0.9454
    2703       0.8033
    2704       0.9563
    2705       0.9544
    2706       0.9547
    2707       1.0978
    2708       0.9616
    2709       1.0248
    2710       0.9323
    2711       1.1281
    2712       1.1766
    2713       1.1243
    2714       1.1119
    2715       1.1298
    2716       1.1166
    2717       1.0447
    2718       1.1130
    2719       1.2045
    2720       1.1861
    2721       1.2374
    2722       1.2492
    2723       1.1706
    2724       0.9987
    2725       1.0606
    2726       1.2714
    2727       1.1447
    2728       1.0556
    2729       0.9789
    2730       1.0251
    2731       0.9733
    2732       1.0034
    2733       0.9733
    2734       1.0248
    2735       1.0864
    2736       0.9469
    2737       0.9760
    2738       1.0010
    2739       1.1797
    2740       1.0568
    2741       0.9622
    2742       0.9402
    2743       0.9089
    2744       0.9387
    2745       0.8493
    2746       0.9411
    2747       0.9284
    2748       0.9175
    2749       0.9215
    2750       0.8628
    2751       0.9245
    2752       0.9466
    2753       0.9526
    2754       0.9036
    2755       1.0243
    2756       0.9224
    2757       0.9822
    2758       0.9332
    2759       0.9378
    2760       0.9669
    2761       0.9517
    2762       1.0565
    2763       0.9682
    2764       0.8973
    2765       0.9327
    2766       0.9677
    2767       0.9895
    2768       0.8732
    2769       0.9555
    2770       0.9819
    2771       0.9156
    2772       0.9622
    2773       0.8798
    2774       0.9511
    2775       0.9497
    2776       0.8938
    2777       1.0078
    2778       0.9468
    2779       0.9720
    2780       0.9821
    2781       0.9334
    2782       1.0116
    2783       1.0571
    2784       1.0166
    2785       1.1391
    2786       1.2508
    2787       1.0984
    2788       0.8873
    2789       0.9471
    2790       0.9849
    2791       0.9682
    2792       0.9377
    2793       0.8410
    2794       0.9204
    2795       0.8814
    2796       0.9243
    2797       1.0570
    2798       0.9978
    2799       0.9252
    2800       1.0118
    2801       0.9542
    2802       0.9426
    2803       0.9325
    2804       0.8538
    2805       0.9215
    2806       0.8940
    2807       0.9776
    2808       0.9196
    2809       1.0759
    2810       1.0102
    2811       1.1389
    2812       1.0209
    2813       0.9630
    2814       0.9729
    2815       0.9407
    2816       0.9385
    2817       0.9470
    2818       0.9391
    2819       0.9231
    2820       0.9706
    2821       0.8970
    2822       0.9576
    2823       0.9121
    2824       0.8594
    2825       0.8498
    2826       0.8792
    2827       0.7988
    2828       0.7863
    2829       0.8734
    2830       0.8017
    2831       0.8736
    2832       0.8058
    2833       0.8376
    2834       0.8579
    2835       0.7396
    2836       0.8108
    2837       0.8273
    2838       0.8014
    2839       0.9673
    2840       0.8388
    2841       0.8721
    2842       0.9063
    2843       0.8795
    2844       0.8278
    2845       0.8484
    2846       0.8672
    2847       0.7976
    2848       0.8574
    2849       0.7955
    2850       0.7604
    2851       0.8126
    2852       0.8486
    2853       0.9597
    2854       0.8288
    2855       0.8280
    2856       0.7993
    2857       0.8466
    2858       0.7766
    2859       0.8694
    2860       0.8665
    2861       0.9735
    2862       0.9366
    2863       0.8927
    2864       1.0008
    2865       0.8970
    2866       0.8570
    2867       0.8858
    2868       0.9931
    2869       0.9511
    2870       0.8896
    2871       0.8560
    2872       0.8852
    2873       0.8375
    2874       0.8345
    2875       0.9288
    2876       0.8310
    2877       0.9621
    2878       0.8159
    2879       0.8650
    2880       0.9230
    2881       0.8856
    2882       0.8853
    2883       1.0092
    2884       1.0184
    2885       1.0482
    2886       0.9493
    2887       0.8608
    2888       0.8780
    2889       0.8445
    2890       0.9155
    2891       0.9487
    2892       0.8690
    2893       0.7879
    2894       0.8025
    2895       0.9464
    2896       0.8832
    2897       0.9002
    2898       0.9352
    2899       0.9856
    2900       1.0192
    2901       1.0699
    2902       1.0052
    2903       1.0177
    2904       0.9806
    2905       1.0522
    2906       0.8657
    2907       0.8155
    2908       0.8612
    2909       0.8949
    2910       0.8659
    2911       0.8903
    2912       0.7251
    2913       0.8598
    2914       0.8909
    2915       0.8643
    2916       0.8451
    2917       0.8513
    2918       0.8841
    2919       0.9433
    2920       0.8727
    2921       0.8557
    2922       0.8996
    2923       0.9718
    2924       1.0163
    2925       1.0363
    2926       0.9107
    2927       0.9368
    2928       0.8864
    2929       0.9153
    2930       1.0133
    2931       1.0289
    2932       1.0349
    2933       0.9026
    2934       1.0268
    2935       0.8944
    2936       0.9724
    2937       0.8612
    2938       0.8505
    2939       0.8607
    2940       0.8815
    2941       0.8733
    2942       0.9283
    2943       0.8823
    2944       1.0494
    2945       0.9790
    2946       0.9157
    2947       0.8907
    2948       0.8256
    2949       0.8418
    2950       0.9172
    2951       0.9967
    2952       0.8913
    2953       0.7405
    2954       0.8613
    2955       0.8412
    2956       0.8314
    2957       0.8162
    2958       0.8487
    2959       0.8531
    2960       0.8205
    2961       0.8395
    2962       0.8615
    2963       0.8614
    2964       0.9014
    2965       0.8953
    2966       0.9821
    2967       1.0261
    2968       0.8416
    2969       0.9148
    2970       0.9280
    2971       0.9885
    2972       1.0583
    2973       1.0101
    2974       0.9486
    2975       0.8865
    2976       0.8697
    2977       0.9933
    2978       0.9568
    2979       0.9111
    2980       0.9640
    2981       0.9199
    2982       0.9859
    2983       0.9439
    2984       0.9629
    2985       0.9895
    2986       1.1131
    2987       1.0298
    2988       0.9304
    2989       0.9079
    2990       1.0011
    2991       1.0298
    2992       0.9386
    2993       0.9906
    2994       1.0648
    2995       0.9665
    2996       1.0385
    2997       1.0330
    2998       0.9518
    2999       0.8897
    3000       0.9641
    3001       0.9213
    3002       0.9967
    3003       0.9959
    3004       1.1981
    3005       1.0418
    3006       1.0912
    3007       1.0687
    3008       0.9732
    3009       0.9183
    3010       0.9437
    3011       0.9330
    3012       0.9567
    3013       0.8677
    3014       0.9668
    3015       0.9681
    3016       1.1008
    3017       1.1214
    3018       1.1344
    3019       1.1059
    3020       1.0706
    3021       1.1080
    3022       1.0538
    3023       1.0403
    3024       1.0133
    3025       0.9171
    3026       1.0832
    3027       0.9795
    3028       1.0179
    3029       1.0883
    3030       1.0286
    3031       1.1091
    3032       1.0081
    3033       1.1036
    3034       1.0885
    3035       1.1156
    3036       1.0447
    3037       1.1042
    3038       0.9740
    3039       0.9512
    3040       1.0203
    3041       1.2124
    3042       1.2376
    3043       1.2712
    3044       1.2581
    3045       1.0000
    3046       1.0707
    3047       1.0683
    3048       1.1436
    3049       1.0289
    3050       1.0195
    3051       0.9843
    3052       1.0344
    3053       1.1093
    3054       1.0216
    3055       0.9710
    3056       1.0824
    3057       1.1623
    3058       1.2354
    3059       1.1401
    3060       1.2702
    3061       1.0422
    3062       1.1332
    3063       1.0648
    3064       1.0720
    3065       1.0572
    3066       1.0408
    3067       1.0467
    3068       1.1287
    3069       1.0502
    3070       1.0713
    3071       1.0284
    3072       1.0227
    3073       1.0112
    3074       1.1819
    3075       1.1703
    3076       1.1234
    3077       1.0742
    3078       0.9672
    3079       1.0145
    3080       1.1063
    3081       1.1234
    3082       1.0391
    3083       1.0061
    3084       1.0404
    3085       1.0026
    3086       0.9852
    3087       0.9862
    3088       0.9795
    3089       1.0664
    3090       1.1202
    3091       1.0355
    3092       0.9794
    3093       1.0378
    3094       0.9593
    3095       0.9177
    3096       0.9706
    3097       0.9360
    3098       0.9235
    3099       0.9114
    3100       0.9497
    3101       1.0076
    3102       0.9993
    3103       1.1279
    3104       1.2332
    3105       1.1258
    3106       1.0774
    3107       1.2104
    3108       1.1889
    3109       1.1131
    3110       0.9786
    3111       0.9005
    3112       0.9355
    3113       0.8768
    3114       0.9169
    3115       0.8632
    3116       0.9422
    3117       0.9173
    3118       0.9464
    3119       0.8597
    3120       0.8258
    3121       0.8461
    3122       0.8497
    3123       0.7764
    3124       0.8973
    3125       1.1253
    3126       1.1260
    3127       1.0770
    3128       1.0585
    3129       1.0408
    3130       1.1320
    3131       1.1254
    3132       1.1174
    3133       1.0219
    3134       1.0639
    3135       1.0699
    3136       0.9995
    3137       0.9794
    3138       0.9598
    3139       0.9848
    3140       0.9815
    3141       0.9716
    3142       1.0607
    3143       0.8625
    3144       0.9069
    3145       0.9860
    3146       0.9694
    3147       0.9271
    3148       0.9515
    3149       0.9194
    3150       1.0170
    3151       1.0285
    3152       1.0329
    3153       0.9773
    3154       1.0974
    3155       1.1149
    3156       1.2665
    3157       1.2225
    3158       1.3499
    3159       1.1071
    3160       1.0994
    3161       1.1728
    3162       1.2284
    3163       1.0316
    3164       1.0315
    3165       1.1030
    3166       1.0712
    3167       0.9290
    3168       1.2110
    3169       1.2159
    3170       1.1907
    3171       1.0545
    3172       1.1137
    3173       1.1548
    3174       1.1189
    3175       1.0878
    3176       0.9684
    3177       1.0985
    3178       1.0335
    3179       1.0795
    3180       1.0340
    3181       1.1628
    3182       1.1836
    3183       1.1460
    3184       1.1110
    3185       1.2271
    3186       1.1058
    3187       1.1858
    3188       1.0878
    3189       1.0432
    3190       1.1575
    3191       1.2431
    3192       1.0926
    3193       1.0941
    3194       0.9995
    3195       0.9978
    3196       1.1111
    3197       1.0837
    3198       0.9776
    3199       1.0801
    3200       1.0488
    3201       1.0804
    3202       0.9855
    3203       0.9536
    3204       1.0288
    3205       0.9122
    3206       1.0743
    3207       1.0457
    3208       1.2332
    3209       1.0657
    3210       1.3008
    3211       1.2984
    3212       1.1415
    3213       1.2593
    3214       1.1221
    3215       0.9277
    3216       1.0111
    3217       1.1287
    3218       1.1911
    3219       1.1385
    3220       1.1077
    3221       1.0442
    3222       1.1009
    3223       0.9602
    3224       0.9488
    3225       0.9881
    3226       1.0328
    3227       1.0459
    3228       1.1064
    3229       1.0085
    3230       0.9429
    3231       0.9820
    3232       1.0263
    3233       1.0704
    3234       1.0253
    3235       1.0184
    3236       0.8290
    3237       0.8781
    3238       0.8716
    3239       0.8448
    3240       0.8267
    3241       0.8607
    3242       0.8657
    3243       0.8867
    3244       0.8690
    3245       0.8120
    3246       0.7576
    3247       0.8618
    3248       0.8458
    3249       0.9986
    3250       0.8694
    3251       1.0096
    3252       0.9959
    3253       1.0064
    3254       1.2253
    3255       1.1135
    3256       1.0898
    3257       1.1858
    3258       1.1418
    3259       0.9294
    3260       0.9429
    3261       1.0934
    3262       1.0401
    3263       1.1563
    3264       1.2191
    3265       1.2431
    3266       1.2027
    3267       1.0051
    3268       0.9955
    3269       0.9899
    3270       1.1111
    3271       1.3099
    3272       1.0909
    3273       1.1183
    3274       0.9826
    3275       1.0432
    3276       1.0240
    3277       1.0219
    3278       1.0205
    3279       1.0525
    3280       0.9306
    3281       0.8915
    3282       0.9215
    3283       0.8744
    3284       0.8825
    3285       0.9081
    3286       0.8568
    3287       0.9624
    3288       1.0128
    3289       0.9699
    3290       0.9272
    3291       1.2445
    3292       1.0918
    3293       1.1922
    3294       1.0810
    3295       1.1249
    3296       1.2424
    3297       1.2394
    3298       1.1963
    3299       1.0175
    3300       1.1665
    3301       1.3603
    3302       1.3115
    3303       1.3584
    3304       1.3213
    3305       1.2020
    3306       0.9994
    3307       1.1018
    3308       0.9957
    3309       0.9777
    3310       0.8487
    3311       0.9945
    3312       0.9091
    3313       0.9389
    3314       0.9302
    3315       0.8582
    3316       0.7889
    3317       0.8581
    3318       0.9296
    3319       1.0116
    3320       1.0835
    3321       1.0929
    3322       1.1373
    3323       1.3326
    3324       1.1920
    3325       1.1682
    3326       1.2120
    3327       1.0801
    3328       1.1364
    3329       1.0423
    3330       0.9295
    3331       1.0265
    3332       1.1122
    3333       0.9947
    3334       0.9676
    3335       1.0353
    3336       1.0992
    3337       0.9166
    3338       0.9638
    3339       0.8376
    3340       0.9685
    3341       0.9572
    3342       1.1101
    3343       1.0754
    3344       1.0036
    3345       0.9928
    3346       0.9173
    3347       0.9422
    3348       0.9663
    3349       0.9175
    3350       0.9253
    3351       0.8587
    3352       0.7676
    3353       0.8589
    3354       0.8842
    3355       0.9907
    3356       0.9929
    3357       0.9473
    3358       0.9492
    3359       1.0936
    3360       0.9829
    3361       0.9810
    3362       0.9456
    3363       0.9790
    3364       1.1042
    3365       1.0125
    3366       0.9175
    3367       0.8419
    3368       0.9920
    3369       0.8918
    3370       0.8910
    3371       0.9174
    3372       0.9903
    3373       0.9918
    3374       1.0430
    3375       1.1498
    3376       1.0318
    3377       0.9852
    3378       0.8815
    3379       1.0038
    3380       1.0735
    3381       1.0299
    3382       1.0965
    3383       1.1356
    3384       1.2583
    3385       1.3354
    3386       1.4063
    3387       1.3152
    3388       1.2059
    3389       1.3326
    3390       1.2309
    3391       1.2776
    3392       1.2912
    3393       1.3137
    3394       1.3401
    3395       1.2348
    3396       1.1828
    3397       1.3374
    3398       1.3861
    3399       1.2290
    3400       1.2699
    3401       1.2841
    3402       1.1731
    3403       1.1742
    3404       1.0616
    3405       1.1556
    3406       1.0574
    3407       1.0697
    3408       0.9912
    3409       0.9374
    3410       0.9335
    3411       0.9056
    3412       0.8809
    3413       0.8696
    3414       0.9551
    3415       1.0530
    3416       1.0302
    3417       1.0794
    3418       1.0537
    3419       1.1995
    3420       1.0673
    3421       0.9994
    3422       1.0900
    3423       1.0965
    3424       1.0421
    3425       1.1316
    3426       1.0590
    3427       1.1206
    3428       1.0708
    3429       1.0521
    3430       0.9798
    3431       1.0738
    3432       1.0768
    3433       0.9922
    3434       1.0192
    3435       0.9616
    3436       1.1401
    3437       0.9857
    3438       0.9658
    3439       1.1101
    3440       0.9817
    3441       0.9482
    3442       0.9445
    3443       1.0264
    3444       1.1064
    3445       0.9139
    3446       1.0398
    3447       0.9913
    3448       0.9515
    3449       0.9924
    3450       0.9718
    3451       0.9369
    3452       1.0848
    3453       1.0297
    3454       1.0002
    3455       0.8898
    3456       0.9574
    3457       0.9849
    3458       0.9424
    3459       0.9577
    3460       0.9574
    3461       1.0059
    3462       1.0275
    3463       1.1165
    3464       1.0417
    3465       1.0439
    3466       1.0730
    3467       1.1639
    3468       1.1018
    3469       0.9126
    3470       1.1517
    3471       1.3340
    3472       1.3767
    3473       1.3324
    3474       1.4035
    3475       1.4362
    3476       1.5084
    3477       1.2962
    3478       1.3259
    3479       1.2787
    3480       1.3555
    3481       1.2242
    3482       1.0173
    3483       1.1216
    3484       1.0880
    3485       1.0095
    3486       1.0640
    3487       1.0979
    3488       0.9806
    3489       0.9394
    3490       0.8291
    3491       0.8750
    3492       0.9118
    3493       1.0386
    3494       1.1783
    3495       1.2275
    3496       1.2046
    3497       1.3614
    3498       1.1311
    3499       1.0568
    3500       1.1127
    3501       1.1476
    3502       1.1384
    3503       1.1220
    3504       1.2202
    3505       1.1416
    3506       1.0318
    3507       1.1412
    3508       1.0433
    3509       1.2601
    3510       1.3165
    3511       1.3148
    3512       1.3445
    3513       1.0997
    3514       1.0841
    3515       1.1636
    3516       0.9996
    3517       0.9933
    3518       0.8818
    3519       0.8374
    3520       0.9534
    3521       0.8460
    3522       0.8387
    3523       0.9464
    3524       0.9998
    3525       0.9857
    3526       1.1000
    3527       1.0494
    3528       1.0518
    3529       0.9414
    3530       1.0779
    3531       1.1189
    3532       1.0734
    3533       1.0746
    3534       1.0293
    3535       0.8864
    3536       0.9396
    3537       1.0196
    3538       1.0214
    3539       1.0800
    3540       1.0194
    3541       1.0618
    3542       1.0300
    3543       1.0259
    3544       0.9095
    3545       1.0083
    3546       0.9969
    3547       1.0420
    3548       0.9902
    3549       0.9380
    3550       0.9266
    3551       0.9252
    3552       0.9962
    3553       1.0208
    3554       1.0446
    3555       1.0578
    3556       1.0044
    3557       0.8936
    3558       1.0696
    3559       1.0138
    3560       1.0827
    3561       1.0840
    3562       1.0047
    3563       0.9349
    3564       1.0048
    3565       0.9715
    3566       1.1561
    3567       1.0274
    3568       1.0938
    3569       1.0576
    3570       1.2217
    3571       1.0637
    3572       0.9881
    3573       1.0589
    3574       1.0814
    3575       1.0518
    3576       1.1184
    3577       1.1453
    3578       1.0168
    3579       1.0854
    3580       1.1355
    3581       1.1146
    3582       0.9822
    3583       1.0426
    3584       1.0466
    3585       0.9134
    3586       0.9395
    3587       0.8413
    3588       1.0188
    3589       0.8899
    3590       0.9167
    3591       0.9183
    3592       0.9857
    3593       1.0142
    3594       0.9446
    3595       0.9305
    3596       0.8872
    3597       0.9275
    3598       0.8375
    3599       0.8894
    3600       0.8349
    3601       1.0403
    3602       0.9142
    3603       0.9890
    3604       0.9191
    3605       0.9384
    3606       0.9288
    3607       0.9464
    3608       0.9016
    3609       1.0105
    3610       0.8802
    3611       0.9598
    3612       1.0773
    3613       1.0625
    3614       1.0840
    3615       1.0680
    3616       0.9583
    3617       0.9799
    3618       0.9338
    3619       1.0663
    3620       1.1782
    3621       1.1610
    3622       1.1169
    3623       1.0100
    3624       0.9354
    3625       1.1268
    3626       1.0329
    3627       0.9430
    3628       0.9788
    3629       0.9200
    3630       0.8312
    3631       0.8258
    3632       0.8376
    3633       1.0098
    3634       0.8874
    3635       0.9181
    3636       0.9228
    3637       0.8942
    3638       1.0407
    3639       0.9160
    3640       1.0225
    3641       0.9430
    3642       1.0323
    3643       1.0054
    3644       0.8785
    3645       1.0145
    3646       1.0339
    3647       1.1444
    3648       1.0891
    3649       1.0612
    3650       1.0518
    3651       1.0664
    3652       1.1589
    3653       1.0043
    3654       1.1415
    3655       1.0803
    3656       1.0318
    3657       1.0422
    3658       1.0687
    3659       1.0221
    3660       1.0356
    3661       1.1245
    3662       1.0884
    3663       1.0100
    3664       0.9945
    3665       0.9941
    3666       0.9903
    3667       1.2827
    3668       1.2153
    3669       1.0235
    3670       0.9366
    3671       0.9806
    3672       1.0595
    3673       1.0236
    3674       0.9765
    3675       1.1208
    3676       1.1890
    3677       1.2775
    3678       1.0210
    3679       1.0366
    3680       0.9894
    3681       1.0553
    3682       1.1548
    3683       1.1442
    3684       1.0805
    3685       1.0209
    3686       1.1235
    3687       1.0397
    3688       1.0251
    3689       0.9836
    3690       0.9599
    3691       0.9174
    3692       1.0473
    3693       1.0786
    3694       1.0340
    3695       1.0670
    3696       1.0553
    3697       0.8801
    3698       0.9009
    3699       1.1110
    3700       1.1521
    3701       1.2617
    3702       1.3776
    3703       1.2759
    3704       1.2178
    3705       1.3239
    3706       1.2978
    3707       1.2963
    3708       1.3454
    3709       1.4181
    3710       1.2063
    3711       1.2423
    3712       1.1461
    3713       1.0857
    3714       1.0876
    3715       0.9472
    3716       0.9026
    3717       0.9956
    3718       0.9973
    3719       1.1629
    3720       1.1694
    3721       1.1052
    3722       1.0365
    3723       1.0190
    3724       1.0256
    3725       0.9519
    3726       1.0920
    3727       1.1008
    3728       0.9820
    3729       0.9459
    3730       0.9420
    3731       1.0352
    3732       0.9938
    3733       0.8046
    3734       0.8768
    3735       0.8742
    3736       0.9056
    3737       0.8229
    3738       0.8474
    3739       0.8555
    3740       0.7962
    3741       0.9273
    3742       0.9545
    3743       0.9427
    3744       0.9016
    3745       1.0507
    3746       0.9553
    3747       0.8784
    3748       0.9140
    3749       0.9294
    3750       0.9275
    3751       0.9275
    3752       1.0789
    3753       1.0479
    3754       1.0621
    3755       1.0249
    3756       1.0102
    3757       1.0157
    3758       1.0100
    3759       0.9572
    3760       1.0334
    3761       0.9822
    3762       1.0778
    3763       1.0179
    3764       1.0125
    3765       1.1457
    3766       0.9854
    3767       1.0871
    3768       1.1022
    3769       0.9571
    3770       0.9999
    3771       0.9855
    3772       1.0386
    3773       1.0721
    3774       1.0982
    3775       1.0897
    3776       1.0883
    3777       0.9518
    3778       0.9888
    3779       0.9661
    3780       0.8599
    3781       0.9657
    3782       0.9190
    3783       0.9947
    3784       0.9785
    3785       1.0142
    3786       0.9947
    3787       0.9065
    3788       1.0081
    3789       1.0703
    3790       1.1953
    3791       1.1250
    3792       1.2081
    3793       1.1358
    3794       1.1471
    3795       1.0008
    3796       1.0057
    3797       0.9721
    3798       1.1609
    3799       1.2035
    3800       1.2303
    3801       1.1042
    3802       1.1543
    3803       1.1459
    3804       1.1568
    3805       1.1263
    3806       1.1051
    3807       1.1248
    3808       1.0611
    3809       0.8741
    3810       0.9047
    3811       0.9365
    3812       0.9101
    3813       0.8422
    3814       1.0054
    3815       0.8690
    3816       0.9361
    3817       0.9809
    3818       0.9967
    3819       1.0639
    3820       1.1613
    3821       0.9799
    3822       1.0938
    3823       0.9873
    3824       1.0057
    3825       0.9839
    3826       1.1013
    3827       1.0216
    3828       1.0886
    3829       0.9066
    3830       1.0762
    3831       0.9946
    3832       1.0143
    3833       1.0235
    3834       0.9747
    3835       1.0460
    3836       1.1198
    3837       1.1642
    3838       1.0347
    3839       0.9812
    3840       1.2133
    3841       1.1536
    3842       1.1520
    3843       1.0130
    3844       1.0244
    3845       1.0814
    3846       1.0347
    3847       1.0752
    3848       1.1227
    3849       1.2256
    3850       1.1766
    3851       1.2050
    3852       1.1186
    3853       1.0265
    3854       1.0982
    3855       1.0422
    3856       1.0784
    3857       1.0113
    3858       0.9477
    3859       0.9252
    3860       0.9501
    3861       0.9042
    3862       1.0477
    3863       1.1050
    3864       0.9443
    3865       1.0544
    3866       1.0770
    3867       1.0017
    3868       1.0363
    3869       0.9746
    3870       0.9122
    3871       0.8973
    3872       0.9050
    3873       1.0482
    3874       0.9989
    3875       0.9323
    3876       0.9426
    3877       0.8871
    3878       1.0402
    3879       1.1411
    3880       1.2676
    3881       1.2843
    3882       1.2809
    3883       1.3097
    3884       1.1502
    3885       1.1425
    3886       1.0549
    3887       1.1042
    3888       1.0810
    3889       1.1283
    3890       1.1289
    3891       1.1100
    3892       1.0184
    3893       1.0831
    3894       1.0210
    3895       0.9962
    3896       1.0481
    3897       0.9656
    3898       0.8870
    3899       1.0989
    3900       1.1495
    3901       1.1240
    3902       1.2193
    3903       1.2385
    3904       1.1692
    3905       1.1164
    3906       1.2180
    3907       1.1821
    3908       1.0643
    3909       1.0484
    3910       1.0304
    3911       1.0673
    3912       1.2063
    3913       1.1984
    3914       1.1464
    3915       1.0542
    3916       1.1430
    3917       1.1149
    3918       1.1373
    3919       1.0807
    3920       0.9355
    3921       0.9156
    3922       0.9757
    3923       1.0055
    3924       1.0426
    3925       1.0592
    3926       1.0824
    3927       1.1590
    3928       1.1908
    3929       1.1917
    3930       1.0390
    3931       0.9769
    3932       0.9415
    3933       0.9205
    3934       1.0379
    3935       0.9751
    3936       1.1046
    3937       1.0951
    3938       0.9777
    3939       1.0627
    3940       1.0016
    3941       1.0879
    3942       1.2398
    3943       1.1955
    3944       0.9987
    3945       0.9147
    3946       0.9236
    3947       0.9664
    3948       0.9489
    3949       0.9402
    3950       1.0918
    3951       1.0979
    3952       0.9053
    3953       0.9488
    3954       1.1210
    3955       1.0847
    3956       0.9411
    3957       1.0404
    3958       1.0289
    3959       1.1098
    3960       1.0893
    3961       1.1368
    3962       1.0980
    3963       1.2676
    3964       1.1355
    3965       1.1341
    3966       1.2700
    3967       1.2785
    3968       1.1798
    3969       1.2766
    3970       1.1412
    3971       1.2493
    3972       1.2990
    3973       1.1445
    3974       1.3023
    3975       1.1224
    3976       1.1241
    3977       1.1348
    3978       1.1058
    3979       1.0885
    3980       1.1913
    3981       1.2151
    3982       1.0583
    3983       1.1159
    3984       1.1946
    3985       1.1840
    3986       1.1226
    3987       1.0691
    3988       1.0709
    3989       0.9898
    3990       0.8591
    3991       0.9021
    3992       0.8838
    3993       0.9651
    3994       0.9924
    3995       1.1020
    3996       0.9929
    3997       0.9967
    3998       1.0980
    3999       1.2535
    4000       1.3455
    4001       1.0810
    4002       1.1345
    4003       1.0572
    4004       1.0779
    4005       1.2295
    4006       1.0594
    4007       1.0583
    4008       1.0327
    4009       1.0687
    4010       1.0473
    4011       1.1904
    4012       1.2009
    4013       1.1610
    4014       1.1902
    4015       1.0280
    4016       1.1317
    4017       1.4491
    4018       1.2000
    4019       1.0344
    4020       1.1467
    4021       0.9713
    4022       1.1207
    4023       1.0991
    4024       0.9644
    4025       1.0020
    4026       1.0712
    4027       1.0400
    4028       1.0340
    4029       1.0653
    4030       1.0693
    4031       1.1318
    4032       1.1557
    4033       1.1350
    4034       0.9316
    4035       0.9218
    4036       0.9835
    4037       1.0445
    4038       1.0821
    4039       1.1255
    4040       1.1101
    4041       0.9952
    4042       1.0346
    4043       1.0905
    4044       1.0405
    4045       1.1720
    4046       1.1099
    4047       1.1565
    4048       1.0910
    4049       1.0586
    4050       1.0349
    4051       1.2078
    4052       1.0106
    4053       0.9207
    4054       0.8943
    4055       0.9588
    4056       0.9376
    4057       1.0148
    4058       1.1248
    4059       1.2097
    4060       1.1963
    4061       1.2418
    4062       1.3109
    4063       1.2813
    4064       1.2391
    4065       1.4219
    4066       1.4978
    4067       1.3777
    4068       1.3110
    4069       1.3200
    4070       1.2444
    4071       1.2605
    4072       1.1510
    4073       1.2023
    4074       1.2277
    4075       1.2179
    4076       1.2083
    4077       1.2935
    4078       1.2729
    4079       1.3262
    4080       1.4084
    4081       1.4735
    4082       1.3483
    4083       1.3415
    4084       1.2425
    4085       1.2244
    4086       1.1835
    4087       1.2700
    4088       1.2762
    4089       1.2857
    4090       1.2057
    4091       1.3855
    4092       1.2728
    4093       1.1999
    4094       1.1885
    4095       1.1303
    4096       1.1208
    4097       1.0820
    4098       1.0408
    4099       0.9738
    4100       1.0278
    4101       1.1499
    4102       1.1068
    4103       1.1359
    4104       1.2080
    4105       1.0495
    4106       1.0154
    4107       1.0814
    4108       1.1028
    4109       1.1717
    4110       1.1204
    4111       1.1447
    4112       1.0946
    4113       1.1502
    4114       1.1433
    4115       1.1796
    4116       1.1698
    4117       1.1549
    4118       1.2000
    4119       1.1223
    4120       1.1793
    4121       1.0063
    4122       1.1084
    4123       1.0338
    4124       1.0238
    4125       1.0453
    4126       0.9869
    4127       1.0065
    4128       0.9241
    4129       0.9486
    4130       1.0773
    4131       0.9789
    4132       1.0076
    4133       0.9830
    4134       1.0774
    4135       0.9693
    4136       0.9974
    4137       1.0095
    4138       0.8775
    4139       1.0499
    4140       0.9844
    4141       1.0866
    4142       0.9988
    4143       1.0419
    4144       1.0202
    4145       0.9342
    4146       1.0708
    4147       1.0419
    4148       1.0267
    4149       1.0019
    4150       0.9887
    4151       1.0270
    4152       1.1229
    4153       1.0244
    4154       1.1364
    4155       1.3038
    4156       1.2605
    4157       1.3339
    4158       1.3810
    4159       1.2464
    4160       1.2551
    4161       1.2312
    4162       1.2266
    4163       1.1865
    4164       1.1440
    4165       1.0904
    4166       1.1328
    4167       1.2182
    4168       1.1938
    4169       1.2176
    4170       1.2203
    4171       1.2409
    4172       1.2611
    4173       1.2906
    4174       1.2182
    4175       1.2203
    4176       1.1791
    4177       1.3233
    4178       1.2552
    4179       1.2284
    4180       1.1375
    4181       1.1054
    4182       1.0677
    4183       1.2424
    4184       1.1766
    4185       1.1508
    4186       1.2852
    4187       1.2639
    4188       1.1997
    4189       1.1865
    4190       1.1947
    4191       1.1444
    4192       1.2621
    4193       1.1118
    4194       1.0748
    4195       1.1339
    4196       1.0302
    4197       1.0681
    4198       1.1187
    4199       0.9613
    4200       0.9807
    4201       0.9569
    4202       0.9482
    4203       0.9317
    4204       0.9816
    4205       0.9036
    4206       0.9746
    4207       0.9619
    4208       0.9584
    4209       0.9818
    4210       1.0738
    4211       1.0377
    4212       0.9434
    4213       1.0530
    4214       1.1070
    4215       1.4212
    4216       1.2618
    4217       1.3435
    4218       1.2476
    4219       1.0755
    4220       1.0626
    4221       1.1420
    4222       1.0720
    4223       1.1335
    4224       1.1756
    4225       1.1252
    4226       1.1689
    4227       1.2277
    4228       1.1232
    4229       1.1710
    4230       1.1106
    4231       1.0275
    4232       1.0073
    4233       0.9597
    4234       1.0226
    4235       1.0200
    4236       1.0643
    4237       1.2385
    4238       1.1208
    4239       1.1537
    4240       1.1750
    4241       1.2594
    4242       1.3503
    4243       1.2693
    4244       1.1102
    4245       1.1875
    4246       1.3163
    4247       1.2263
    4248       1.1609
    4249       1.1724
    4250       1.1871
    4251       1.0822
    4252       1.1221
    4253       1.1592
    4254       1.2723
    4255       1.2561
    4256       1.2966
    4257       1.3107
    4258       1.1552
    4259       1.2323
    4260       1.2599
    4261       1.2334
    4262       1.3080
    4263       1.4615
    4264       1.4708
    4265       1.3557
    4266       1.2500
    4267       1.2146
    4268       1.2781
    4269       1.0880
    4270       1.2515
    4271       1.1545
    4272       1.1088
    4273       1.1072
    4274       1.0378
    4275       1.1389
    4276       0.9678
    4277       1.0636
    4278       1.0822
    4279       1.0475
    4280       1.0974
    4281       1.0684
    4282       1.0460
    4283       1.0742
    4284       1.1287
    4285       1.0269
    4286       1.0271
    4287       1.2162
    4288       1.1855
    4289       1.2046
    4290       1.3330
    4291       1.3343
    4292       1.2742
    4293       1.2034
    4294       1.0976
    4295       1.2029
    4296       1.1867
    4297       1.2802
    4298       1.1483
    4299       1.0197
    4300       0.9476
    4301       1.0066
    4302       1.0068
    4303       1.1190
    4304       1.0580
    4305       1.1634
    4306       1.1680
    4307       1.3074
    4308       1.3078
    4309       1.3493
    4310       1.2119
    4311       1.2070
    4312       1.2929
    4313       1.1816
    4314       1.0811
    4315       1.1400
    4316       0.9855
    4317       1.0932
    4318       0.8894
    4319       0.8985
    4320       0.9878
    4321       0.8793
    4322       0.9900
    4323       1.1198
    4324       1.0406
    4325       1.0313
    4326       0.9545
    4327       1.0516
    4328       0.9393
    4329       0.9656
    4330       0.9662
    4331       0.9382
    4332       0.8966
    4333       1.1725
    4334       1.2396
    4335       1.0874
    4336       1.0224
    4337       1.1363
    4338       1.2991
    4339       1.2851
    4340       1.3334
    4341       1.2410
    4342       1.2707
    4343       1.1850
    4344       1.0973
    4345       1.0110
    4346       1.0077
    4347       1.1608
    4348       1.1168
    4349       1.1103
    4350       1.2221
    4351       1.1288
    4352       1.1095
    4353       1.1520
    4354       1.1113
    4355       1.1168
    4356       1.1897
    4357       1.2474
    4358       1.2675
    4359       1.0948
    4360       1.2328
    4361       1.3220
    4362       1.3308
    4363       1.4003
    4364       1.2606
    4365       1.2625
    4366       1.2834
    4367       1.1766
    4368       1.0859
    4369       1.1718
    4370       1.2146
    4371       1.0920
    4372       1.2952
    4373       1.2049
    4374       1.2529
    4375       1.3793
    4376       1.2614
    4377       1.2253
    4378       1.2162
    4379       1.3488
    4380       1.5355
    4381       1.4623
    4382       1.4988
    4383       1.3476
    4384       1.2786
    4385       1.2815
    4386       1.3497
    4387       1.2346
    4388       1.1764
    4389       1.0987
    4390       1.1186
    4391       1.1501
    4392       1.1756
    4393       1.2179
    4394       1.3563
    4395       1.2787
    4396       1.1794
    4397       1.2216
    4398       1.0979
    4399       1.0584
    4400       0.9903
    4401       1.0591
    4402       1.0873
    4403       1.2159
    4404       1.1675
    4405       1.2942
    4406       1.1205
    4407       1.1723
    4408       1.1668
    4409       1.3530
    4410       1.3268
    4411       1.3589
    4412       1.3624
    4413       1.3765
    4414       1.3114
    4415       1.3708
    4416       1.3052
    4417       1.2129
    4418       1.1158
    4419       1.1981
    4420       1.0162
    4421       1.1474
    4422       1.1312
    4423       1.0103
    4424       1.0712
    4425       1.1271
    4426       1.1473
    4427       1.1640
    4428       1.1913
    4429       1.2589
    4430       1.3162
    4431       1.3137
    4432       1.3455
    4433       1.1496
    4434       1.1475
    4435       1.0763
    4436       1.0125
    4437       0.9675
    4438       1.0072
    4439       1.0522
    4440       1.0279
    4441       1.0307
    4442       1.0834
    4443       1.1347
    4444       1.0702
    4445       1.1459
    4446       1.1411
    4447       1.1079
    4448       1.1505
    4449       1.2223
    4450       1.2928
    4451       1.1786
    4452       1.1609
    4453       1.2655
    4454       1.3056
    4455       1.1960
    4456       1.1842
    4457       1.1549
    4458       1.1414
    4459       1.1582
    4460       1.2770
    4461       1.3024
    4462       1.2444
    4463       1.2657
    4464       1.1807
    4465       1.2192
    4466       1.2931
    4467       1.4121
    4468       1.3068
    4469       1.3032
    4470       1.4570
    4471       1.3663
    4472       1.3620
    4473       1.1294
    4474       1.0615
    4475       1.1892
    4476       1.2923
    4477       1.2340
    4478       1.2572
    4479       1.1894
    4480       1.1830
    4481       1.1531
    4482       1.2837
    4483       1.3787
    4484       1.4112
    4485       1.2627
    4486       1.1597
    4487       1.1052
    4488       1.1394
    4489       1.2488
    4490       1.2520
    4491       1.1422
    4492       1.1918
    4493       1.1927
    4494       1.3014
    4495       1.2441
    4496       1.3745
    4497       1.3120
    4498       1.2561
    4499       1.1103
    4500       1.1853
    4501       1.1079
    4502       1.0651
    4503       1.1681
    4504       1.3344
    4505       1.3086
    4506       1.1869
    4507       1.1860
    4508       1.2403
    4509       1.0687
    4510       1.1816
    4511       1.1688
    4512       1.1753
    4513       1.1381
    4514       1.0861
    4515       1.1144
    4516       1.2244
    4517       1.2513
    4518       1.2872
    4519       1.1485
    4520       1.2207
    4521       1.2101
    4522       1.2275
    4523       1.1631
    4524       1.1497
    4525       1.1986
    4526       1.1347
    4527       1.0190
    4528       1.0507
    4529       1.1066
    4530       1.2205
    4531       1.1271
    4532       1.1035
    4533       1.1495
    4534       1.1089
    4535       1.0641
    4536       0.9454
    4537       1.0957
    4538       1.0254
    4539       1.0551
    4540       0.9887
    4541       0.9513
    4542       1.0660
    4543       1.1331
    4544       1.1226
    4545       1.0782
    4546       0.9347
    4547       0.8962
    4548       0.9254
    4549       0.8636
    4550       0.9257
    4551       1.0516
    4552       1.0420
    4553       1.0769
    4554       1.0724
    4555       1.0094
    4556       0.9716
    4557       0.9908
    4558       1.0334
    4559       1.1141
    4560       1.0270
    4561       1.0557
    4562       1.0303
    4563       0.9797
    4564       0.8905
    4565       0.9569
    4566       0.9865
    4567       1.0019
    4568       0.8922
    4569       0.9683
    4570       1.0759
    4571       1.0335
    4572       1.0134
    4573       1.0074
    4574       1.0504
    4575       0.9526
    4576       0.9383
    4577       1.0974
    4578       0.9855
    4579       1.0381
    4580       1.0753
    4581       1.0533
    4582       1.0779
    4583       1.0546
    4584       1.2971
    4585       1.0686
    4586       1.0452
    4587       1.0159
    4588       0.9647
    4589       1.0865
    4590       1.0442
    4591       0.9993
    4592       1.0331
    4593       1.0999
    4594       1.1356
    4595       1.1877
    4596       1.1680
    4597       1.2712
    4598       1.1649
    4599       1.1109
    4600       1.2404
    4601       1.1206
    4602       1.1205
    4603       1.1820
    4604       1.3065
    4605       1.2453
    4606       1.3230
    4607       1.3669
    4608       1.1796
    4609       1.2563
    4610       1.2245
    4611       1.2088
    4612       1.2518
    4613       1.1558
    4614       1.1919
    4615       1.2052
    4616       1.2449
    4617       1.1761
    4618       1.2133
    4619       1.1075
    4620       1.1399
    4621       1.1687
    4622       1.1973
    4623       1.1266
    4624       1.1133
    4625       1.2066
    4626       1.0693
    4627       1.0976
    4628       1.1552
    4629       1.2202
    4630       1.1586
    4631       1.1029
    4632       1.2521
    4633       1.1932
    4634       1.0933
    4635       1.0965
    4636       1.0050
    4637       1.0061
    4638       1.1630
    4639       1.0440
    4640       1.2008
    4641       1.2066
    4642       1.0992
    4643       1.1354
    4644       1.1285
    4645       1.0843
    4646       1.0570
    4647       1.0823
    4648       1.0196
    4649       1.0823
    4650       1.0624
    4651       1.0773
    4652       1.0890
    4653       1.0873
    4654       1.1351
    4655       1.1981
    4656       1.0664
    4657       1.1606
    4658       1.2375
    4659       1.4708
    4660       1.5309
    4661       1.5188
    4662       1.2271
    4663       1.3685
    4664       1.4122
    4665       1.5503
    4666       1.4097
    4667       1.3358
    4668       1.3140
    4669       1.2836
    4670       1.1779
    4671       1.2363
    4672       1.2100
    4673       1.2989
    4674       1.2737
    4675       1.3684
    4676       1.3945
    4677       1.2108
    4678       1.1095
    4679       1.1348
    4680       1.2242
    4681       1.4141
    4682       1.4541
    4683       1.3056
    4684       1.5767
    4685       1.4218
    4686       1.4300
    4687       1.4079
    4688       1.4145
    4689       1.2422
    4690       1.4010
    4691       1.4486
    4692       1.3510
    4693       1.3503
    4694       1.2088
    4695       1.2927
    4696       1.3140
    4697       1.2457
    4698       1.2667
    4699       1.2949
    4700       1.1973
    4701       1.2396
    4702       1.0505
    4703       1.0318
    4704       1.0230
    4705       1.0751
    4706       1.1029
    4707       1.1508
    4708       1.1344
    4709       1.0853
    4710       1.1323
    4711       1.1727
    4712       1.1250
    4713       1.1850
    4714       1.1678
    4715       1.2411
    4716       1.1122
    4717       1.0649
    4718       1.0815
    4719       1.2173
    4720       1.1972
    4721       1.1430
    4722       1.1910
    4723       1.2896
    4724       1.3161
    4725       1.2721
    4726       1.3667
    4727       1.2175
    4728       1.2918
    4729       1.2586
    4730       1.1788
    4731       1.1562
    4732       1.1877
    4733       1.1418
    4734       1.1620
    4735       1.1566
    4736       1.1753
    4737       1.1291
    4738       1.1362
    4739       1.1194
    4740       1.1926
    4741       1.2704
    4742       1.1075
    4743       1.0329
    4744       1.0124
    4745       1.0569
    4746       1.0600
    4747       0.9835
    4748       1.1797
    4749       1.0293
    4750       1.0827
    4751       1.1567
    4752       1.0402
    4753       1.0198
    4754       1.2641
    4755       1.1777
    4756       1.1976
    4757       1.1496
    4758       1.2019
    4759       1.0957
    4760       1.1585
    4761       1.1216
    4762       1.1650
    4763       1.0968
    4764       1.1492
    4765       1.3251
    4766       1.1692
    4767       1.1929
    4768       1.2786
    4769       1.0729
    4770       1.1156
    4771       1.2139
    4772       1.2786
    4773       1.2063
    4774       1.0625
    4775       1.1463
    4776       1.1352
    4777       1.1314
    4778       1.1026
    4779       1.1404
    4780       1.0821
    4781       1.2027
    4782       1.1022
    4783       1.1489
    4784       1.1273
    4785       1.1359
    4786       1.2447
    4787       1.1964
    4788       1.1445
    4789       1.1549
    4790       1.1209
    4791       1.3870
    4792       1.3605
    4793       1.2897
    4794       1.2650
    4795       1.2312
    4796       1.1851
    4797       1.1766
    4798       1.0750
    4799       1.0998
    4800       1.0376
    4801       0.9190
    4802       0.9981
    4803       1.0292
    4804       1.0135
    4805       0.9923
    4806       0.9974
    4807       1.1233
    4808       1.1151
    4809       1.1236
    4810       1.1694
    4811       1.1025
    4812       1.1061
    4813       1.0508
    4814       0.9855
    4815       1.0605
    4816       1.0534
    4817       1.0872
    4818       1.0414
    4819       0.9894
    4820       1.0051
    4821       1.0464
    4822       0.9484
    4823       1.0555
    4824       1.0514
    4825       1.0216
    4826       0.9572
    4827       1.0298
    4828       0.9519
    4829       1.0162
    4830       1.0143
    4831       1.0299
    4832       1.0644
    4833       1.0953
    4834       1.0238
    4835       0.9778
    4836       1.2223
    4837       1.1265
    4838       1.0508
    4839       0.9842
    4840       0.9966
    4841       1.0081
    4842       0.9887
    4843       0.9644
    4844       1.0607
    4845       1.1479
    4846       1.2110
    4847       1.1222
    4848       1.2014
    4849       1.1201
    4850       1.0568
    4851       1.1400
    4852       1.1369
    4853       1.1841
    4854       1.1998
    4855       1.1098
    4856       1.1127
    4857       1.2517
    4858       1.2287
    4859       1.1017
    4860       0.9893
    4861       1.0385
    4862       1.0553
    4863       1.1175
    4864       1.1529
    4865       1.2305
    4866       1.0426
    4867       1.0845
    4868       1.1064
    4869       1.0710
    4870       1.2667
    4871       1.1942
    4872       1.3096
    4873       1.2359
    4874       1.2267
    4875       1.2591
    4876       1.2161
    4877       1.2490
    4878       1.1510
    4879       1.2332
    4880       1.2218
    4881       1.1326
    4882       1.1674
    4883       1.1721
    4884       1.0191
    4885       1.0083
    4886       1.0403
    4887       1.0443
    4888       1.0501
    4889       1.0683
    4890       1.0349
    4891       1.1953
    4892       1.2234
    4893       1.0336
    4894       1.1404
    4895       1.0843
    4896       1.0456
    4897       1.1348
    4898       1.0912
    4899       1.0651
    4900       1.0275
    4901       1.1154
    4902       1.0659
    4903       1.1315
    4904       1.0298
    4905       1.1970
    4906       1.1651
    4907       1.1417
    4908       1.0400
    4909       1.0105
    4910       1.1972
    4911       1.0550
    4912       1.1081
    4913       1.0845
    4914       1.0687
    4915       0.9417
    4916       1.0470
    4917       0.9583
    4918       1.1213
    4919       1.0463
    4920       1.0213
    4921       1.0870
    4922       1.1030
    4923       1.1112
    4924       1.2013
    4925       1.2103
    4926       1.0614
    4927       1.0643
    4928       1.0227
    4929       1.1414
    4930       1.0827
    4931       1.0437
    4932       1.0814
    4933       1.0538
    4934       1.1150
    4935       1.0543
    4936       1.2404
    4937       1.1666
    4938       1.1725
    4939       1.1319
    4940       0.9635
    4941       0.9162
    4942       0.9973
    4943       0.9406
    4944       0.9636
    4945       0.9026
    4946       0.9391
    4947       0.8887
    4948       0.9256
    4949       0.8370
    4950       0.8392
    4951       0.9975
    4952       0.9286
    4953       0.9302
    4954       0.8953
    4955       0.9310
    4956       0.9682
    4957       0.8866
    4958       0.9135
    4959       0.9371
    4960       0.8247
    4961       0.8817
    4962       0.9541
    4963       0.9325
    4964       0.8891
    4965       0.8110
    4966       0.9808
    4967       1.0198
    4968       1.0632
    4969       1.1010
    4970       1.0778
    4971       1.0470
    4972       1.0934
    4973       1.0693
    4974       1.0157
    4975       1.1502
    4976       1.0556
    4977       1.0285
    4978       1.0147
    4979       1.1588
    4980       1.1744
    4981       1.2804
    4982       0.9937
    4983       1.1133
    4984       1.0765
    4985       1.0118
    4986       1.0236
    4987       0.9016
    4988       0.9493
    4989       0.8369
    4990       1.0077
    4991       0.9752
    4992       0.9517
    4993       0.9439
    4994       0.9898
    4995       0.9870
    4996       1.0853
    4997       1.0200
    4998       1.1931
    4999       1.0683
    5000       0.8997
    5001       0.7923
    5002       0.8745
    5003       0.9280
    5004       0.9247
    5005       0.9062
    5006       0.9133
    5007       0.8802
    5008       0.9005
    5009       0.8451
    5010       0.9650
    5011       0.9124
    5012       0.9606
    5013       0.9462
    5014       0.9220
    5015       0.9476
    5016       0.8924
    5017       0.8820
    5018       1.0143
    5019       1.1316
    5020       0.9420
    5021       1.0580
    5022       0.9816
    5023       0.8925
    5024       0.9822
    5025       0.9558
    5026       0.8573
    5027       0.9057
    5028       0.9209
    5029       0.8510
    5030       0.8363
    5031       0.8654
    5032       0.7639
    5033       0.7866
    5034       0.7975
    5035       0.8523
    5036       0.8237
    5037       0.8237
    5038       0.8045
    5039       0.7922
    5040       0.7973
    5041       0.8861
    5042       0.8781
    5043       0.8534
    5044       0.8375
    5045       0.8090
    5046       0.8524
    5047       0.9512
    5048       0.8204
    5049       0.9307
    5050       0.9368
    5051       1.0113
    5052       0.8622
    5053       0.9247
    5054       1.0145
    5055       0.9851
    5056       0.9818
    5057       1.1033
    5058       0.9379
    5059       1.0672
    5060       0.9315
    5061       0.8796
    5062       0.9746
    5063       1.0313
    5064       1.0563
    5065       1.0348
    5066       0.8899
    5067       1.0331
    5068       1.1006
    5069       1.2384
    5070       1.0869
    5071       1.0182
    5072       0.9482
    5073       0.8906
    5074       0.8798
    5075       0.8997
    5076       0.8395
    5077       0.8596
    5078       0.8677
    5079       0.9156
    5080       0.9150
    5081       0.9859
    5082       0.9339
    5083       1.0462
    5084       0.9881
    5085       0.9899
    5086       0.9476
    5087       0.9194
    5088       0.9084
    5089       0.8336
    5090       0.9695
    5091       0.8979
    5092       1.1112
    5093       1.0058
    5094       0.9786
    5095       0.9634
    5096       0.9754
    5097       0.9340
    5098       0.9571
    5099       0.9028
    5100       0.8772
    5101       0.9771
    5102       0.9819
    5103       0.9249
    5104       0.9393
    5105       0.9460
    5106       1.0073
    5107       1.0745
    5108       0.9481
    5109       0.9687
    5110       0.9051
    5111       0.8711
    5112       0.8926
    5113       1.0333
    5114       1.0701
    5115       1.0642
    5116       0.9454
    5117       1.0082
    5118       0.9966
    5119       1.1246
    5120       1.1525
    5121       1.1480
    5122       0.9991
    5123       0.8416
    5124       0.9112
    5125       0.8063
    5126       1.0368
    5127       1.0558
    5128       0.9662
    5129       0.9562
    5130       1.0725
    5131       1.2501
    5132       1.1813
    5133       1.1948
    5134       1.1747
    5135       1.1332
    5136       1.0713
    5137       1.0855
    5138       0.8873
    5139       0.9915
    5140       1.0250
    5141       0.9622
    5142       0.8657
    5143       1.0788
    5144       1.1399
    5145       1.1212
    5146       1.1823
    5147       1.2034
    5148       1.2580
    5149       0.9488
    5150       1.0618
    5151       1.0008
    5152       1.0978
    5153       0.9940
    5154       1.0976
    5155       1.0826
    5156       1.0467
    5157       1.0315
    5158       1.2474
    5159       1.1591
    5160       1.1355
    5161       1.1849
    5162       1.1142
    5163       1.0917
    5164       1.0729
    5165       1.0851
    5166       1.0717
    5167       1.0004
    5168       0.9860
    5169       1.0369
    5170       1.0795
    5171       1.0777
    5172       1.0950
    5173       0.9994
    5174       1.1313
    5175       0.9881
    5176       1.0155
    5177       1.0284
    5178       0.9574
    5179       0.9821
    5180       0.9184
    5181       0.9948
    5182       0.9842
    5183       0.9891
    5184       0.9329
    5185       1.0056
    5186       0.9457
    5187       0.9675
    5188       1.0128
    5189       1.0719
    5190       1.1426
    5191       1.0925
    5192       1.1398
    5193       1.1523
    5194       1.3347
    5195       1.3564
    5196       1.3386
    5197       1.2445
    5198       1.3136
    5199       1.1200
    5200       1.0735
    5201       1.0698
    5202       1.0434
    5203       1.0461
    5204       1.1371
    5205       1.3170
    5206       1.2585
    5207       1.1870
    5208       1.1047
    5209       1.1081
    5210       1.0931
    5211       1.1740
    5212       1.2974
    5213       1.4905
    5214       1.4765
    5215       1.3911
    5216       1.2465
    5217       1.2053
    5218       1.2889
    5219       1.4853
    5220       1.4392
    5221       1.3466
    5222       1.3070
    5223       1.1371
    5224       1.1910
    5225       1.0747
    5226       1.0215
    5227       1.0610
    5228       1.2154
    5229       1.1947
    5230       1.0264
    5231       1.1051
    5232       1.0515
    5233       0.9788
    5234       0.9100
    5235       0.9221
    5236       1.0323
    5237       1.0506
    5238       1.0403
    5239       1.2397
    5240       1.1120
    5241       1.2514
    5242       1.2070
    5243       1.1504
    5244       1.1910
    5245       1.2393
    5246       1.2247
    5247       1.1724
    5248       1.2693
    5249       1.3166
    5250       1.0622
    5251       0.9831
    5252       1.0250
    5253       1.1636
    5254       1.1210
    5255       1.0739
    5256       0.9246
    5257       1.1275
    5258       0.9533
    5259       0.8938
    5260       0.8319
    5261       0.9820
    5262       1.0272
    5263       0.9417
    5264       1.0127
    5265       1.0357
    5266       1.2169
    5267       1.0550
    5268       1.0066
    5269       1.0088
    5270       0.9886
    5271       1.0701
    5272       1.1144
    5273       1.0254
    5274       1.0143
    5275       0.9910
    5276       1.0138
    5277       1.0890
    5278       0.9739
    5279       1.0180
    5280       1.0011
    5281       0.9744
    5282       0.9181
    5283       0.9666
    5284       0.9728
    5285       0.9684
    5286       0.9709
    5287       1.0008
    5288       0.9999
    5289       0.9860
    5290       0.9181
    5291       0.9818
    5292       0.9550
    5293       0.9826
    5294       1.0273
    5295       1.0425
    5296       1.1984
    5297       1.0505
    5298       1.0343
    5299       0.9316
    5300       1.0235
    5301       1.0082
    5302       0.8838
    5303       0.8757
    5304       0.9363
    5305       1.0083
    5306       0.9763
    5307       1.0586
    5308       0.9631
    5309       0.9484
    5310       0.9264
    5311       0.9809
    5312       0.9548
    5313       0.9319
    5314       0.8684
    5315       0.8969
    5316       0.9329
    5317       0.8873
    5318       0.9811
    5319       0.9611
    5320       0.9873
    5321       0.9768
    5322       0.8902
    5323       0.9189
    5324       0.9318
    5325       0.9161
    5326       0.8808
    5327       0.8765
    5328       1.0175
    5329       0.9314
    5330       0.8964
    5331       0.8778
    5332       0.7850
    5333       0.8981
    5334       0.9687
    5335       0.9965
    5336       0.9693
    5337       0.9236
    5338       0.9671
    5339       0.9794
    5340       0.9807
    5341       1.1245
    5342       1.1358
    5343       1.1999
    5344       1.0919
    5345       1.1210
    5346       1.1251
    5347       1.0821
    5348       1.1604
    5349       1.0691
    5350       1.0872
    5351       1.0811
    5352       1.1394
    5353       1.0035
    5354       1.1701
    5355       1.2186
    5356       1.1064
    5357       1.1292
    5358       1.1834
    5359       1.2078
    5360       1.2451
    5361       1.2985
    5362       1.4092
    5363       1.2167
    5364       1.1142
    5365       1.3748
    5366       1.2813
    5367       1.3761
    5368       1.2454
    5369       1.2794
    5370       1.6230
    5371       1.3525
    5372       1.3510
    5373       1.2593
    5374       1.1941
    5375       1.1385
    5376       1.3526
    5377       1.3318
    5378       1.2591
    5379       1.3304
    5380       1.3169
    5381       1.1947
    5382       1.1587
    5383       1.2024
    5384       1.1940
    5385       1.2149
    5386       1.2104
    5387       1.0915
    5388       1.1091
    5389       1.1455
    5390       1.1828
    5391       1.2557
    5392       1.3788
    5393       1.2900
    5394       1.1808
    5395       1.2466
    5396       1.5542
    5397       1.5788
    5398       1.4834
    5399       1.2608
    5400       1.4744
    5401       1.3874
    5402       1.2978
    5403       1.2315
    5404       1.3502
    5405       1.1900
    5406       1.1868
    5407       1.3204
    5408       1.0613
    5409       0.9702
    5410       1.1483
    5411       1.2124
    5412       1.2909
    5413       1.3060
    5414       1.3436
    5415       1.1291
    5416       1.1353
    5417       1.1057
    5418       1.1590
    5419       1.1794
    5420       1.0683
    5421       1.1521
    5422       1.0871
    5423       1.0552
    5424       1.1267
    5425       1.1309
    5426       1.1287
    5427       1.1340
    5428       0.9600
    5429       0.9336
    5430       0.9037
    5431       1.0246
    5432       1.0990
    5433       1.1159
    5434       1.1686
    5435       1.2017
    5436       1.0585
    5437       1.1165
    5438       1.1583
    5439       1.1461
    5440       1.1696
    5441       1.2700
    5442       1.1797
    5443       1.1743
    5444       1.1826
    5445       1.0655
    5446       1.1059
    5447       1.2210
    5448       1.2410
    5449       1.1464
    5450       1.0672
    5451       0.9510
    5452       1.0911
    5453       0.8274
    5454       0.8636
    5455       0.8769
    5456       0.9787
    5457       1.0079
    5458       1.0076
    5459       0.9901
    5460       0.8993
    5461       1.0331
    5462       1.0539
    5463       1.1382
    5464       1.1390
    5465       1.0081
    5466       1.0161
    5467       0.9591
    5468       0.8586
    5469       0.7828
    5470       0.8333
    5471       0.8152
    5472       0.8030
    5473       0.9179
    5474       0.8612
    5475       0.9152
    5476       0.9137
    5477       0.9239
    5478       0.8632
    5479       0.9244
    5480       0.9091
    5481       1.0178
    5482       1.0833
    5483       0.8917
    5484       0.9501
    5485       0.9641
    5486       0.9088
    5487       1.0173
    5488       1.0582
    5489       0.9861
    5490       1.0398
    5491       0.9444
    5492       0.9235
    5493       0.8882
    5494       0.8915
    5495       0.8703
    5496       0.9926
    5497       0.8636
    5498       0.9169
    5499       0.8750
    5500       0.8509
    5501       0.8468
    5502       1.0022
    5503       1.0144
    5504       1.1564
    5505       1.0676
    5506       1.0691
    5507       1.0668
    5508       0.9701
    5509       0.9194
    5510       1.1462
    5511       1.0741
    5512       1.0969
    5513       1.0756
    5514       1.1944
    5515       1.1875
    5516       1.0320
    5517       0.9567
    5518       1.0852
    5519       1.0312
    5520       0.9655
    5521       0.9336
    5522       0.9218
    5523       0.9927
    5524       0.9399
    5525       1.0497
    5526       0.9604
    5527       0.9150
    5528       0.9269
    5529       0.8679
    5530       1.0466
    5531       0.9470
    5532       1.1347
    5533       1.1184
    5534       1.0028
    5535       1.0331
    5536       0.9958
    5537       0.9451
    5538       0.9434
    5539       1.0095
    5540       0.8866
    5541       0.8742
    5542       0.9780
    5543       1.0401
    5544       1.0603
    5545       1.1651
    5546       1.1669
    5547       0.9684
    5548       0.9345
    5549       0.9915
    5550       0.9689
    5551       1.0488
    5552       0.8446
    5553       0.9893
    5554       1.0342
    5555       1.0198
    5556       0.9151
    5557       0.8663
    5558       0.7974
    5559       0.8361
    5560       0.9103
    5561       0.9363
    5562       0.9049
    5563       0.9404
    5564       0.8693
    5565       0.9335
    5566       0.9091
    5567       0.9197
    5568       0.8544
    5569       0.9844
    5570       0.9175
    5571       1.0500
    5572       1.0109
    5573       0.9611
    5574       0.9979
    5575       0.9107
    5576       1.0708
    5577       1.0331
    5578       0.9507
    5579       1.0579
    5580       1.0519
    5581       0.9887
    5582       0.9130
    5583       0.8746
    5584       1.0141
    5585       0.9402
    5586       0.8743
    5587       0.8671
    5588       0.8999
    5589       0.9275
    5590       1.0026
    5591       0.8511
    5592       0.9052
    5593       0.9517
    5594       1.0341
    5595       1.1384
    5596       1.0535
    5597       0.9236
    5598       0.9492
    5599       1.1236
    5600       0.9495
    5601       0.8465
    5602       0.9191
    5603       1.0536
    5604       0.8045
    5605       0.8993
    5606       0.8308
    5607       0.9276
    5608       0.8581
    5609       0.8437
    5610       0.9083
    5611       0.8265
    5612       0.8011
    5613       0.9335
    5614       1.0901
    5615       1.0323
    5616       0.9355
    5617       1.0182
    5618       1.1254
    5619       1.1311
    5620       1.0837
    5621       1.0244
    5622       1.0542
    5623       1.1599
    5624       1.3314
    5625       1.1463
    5626       1.1056
    5627       1.0219
    5628       1.0790
    5629       1.0700
    5630       0.8813
    5631       0.9103
    5632       0.9518
    5633       0.9404
    5634       0.9429
    5635       0.8699
    5636       0.9877
    5637       1.0428
    5638       1.0619
    5639       0.9600
    5640       0.9879
    5641       1.0411
    5642       1.0619
    5643       1.0841
    5644       1.1692
    5645       1.2431
    5646       1.1667
    5647       1.1932
    5648       1.1914
    5649       1.0758
    5650       1.1240
    5651       1.2185
    5652       1.2945
    5653       1.3388
    5654       1.2478
    5655       1.3048
    5656       1.2817
    5657       1.2189
    5658       1.2607
    5659       1.2046
    5660       1.3278
    5661       1.2855
    5662       1.2429
    5663       1.2115
    5664       1.0389
    5665       1.2484
    5666       1.1701
    5667       1.1659
    5668       1.0055
    5669       1.1139
    5670       1.1990
    5671       1.1402
    5672       1.0693
    5673       1.0806
    5674       1.0234
    5675       1.0462
    5676       1.2050
    5677       1.1474
    5678       1.1872
    5679       1.0545
    5680       1.0339
    5681       0.9707
    5682       1.0754
    5683       0.9657
    5684       0.9807
    5685       1.0001
    5686       1.0251
    5687       0.9347
    5688       1.0225
    5689       0.9886
    5690       0.9983
    5691       1.1596
    5692       1.0832
    5693       1.1737
    5694       0.9799
    5695       1.0791
    5696       1.0283
    5697       1.0201
    5698       1.0499
    5699       1.2182
    5700       1.2067
    5701       0.9664
    5702       1.0715
    5703       1.1162
    5704       1.0142
    5705       1.1481
    5706       1.0079
    5707       1.1046
    5708       0.9047
    5709       1.0437
    5710       0.9933
    5711       0.9972
    5712       1.0065
    5713       0.9453
    5714       0.9648
    5715       0.9854
    5716       0.9981
    5717       1.0172
    5718       0.9608
    5719       0.9049
    5720       0.9744
    5721       1.0552
    5722       1.0355
    5723       1.0364
    5724       1.1064
    5725       1.1366
    5726       0.9819
    5727       1.0867
    5728       1.0676
    5729       1.1243
    5730       0.9416
    5731       0.9709
    5732       1.0246
    5733       0.9787
    5734       0.9993
    5735       0.9819
    5736       1.0322
    5737       1.0020
    5738       1.0169
    5739       1.0928
    5740       1.0956
    5741       1.1878
    5742       1.0310
    5743       1.1549
    5744       1.0121
    5745       0.9719
    5746       0.9439
    5747       0.9317
    5748       0.9958
    5749       0.9967
    5750       0.9902
    5751       1.0841
    5752       1.0831
    5753       0.9819
    5754       1.0006
    5755       0.9680
    5756       1.1155
    5757       1.0487
    5758       0.9897
    5759       0.9584
    5760       1.0369
    5761       1.1088
    5762       1.1247
    5763       1.1773
    5764       1.0017
    5765       1.1020
    5766       1.1201
    5767       1.1086
    5768       1.0842
    5769       1.2158
    5770       1.0722
    5771       1.1967
    5772       1.1077
    5773       1.1126
    5774       1.1499
    5775       0.9943
    5776       1.1063
    5777       1.0976
    5778       1.0796
    5779       1.0054
    5780       1.0193
    5781       1.0495
    5782       1.0798
    5783       1.0249
    5784       1.0312
    5785       1.1168
    5786       1.0257
    5787       1.0020
    5788       1.1139
    5789       1.0748
    5790       0.9917
    5791       0.9210
    5792       1.0991
    5793       0.9854
    5794       1.0163
    5795       0.9593
    5796       0.9659
    5797       0.9508
    5798       0.9984
    5799       1.0461
    5800       0.9004
    5801       0.8923
    5802       1.0290
    5803       1.0697
    5804       1.0368
    5805       1.0406
    5806       0.9172
    5807       0.9143
    5808       0.9096
    5809       0.8886
    5810       0.8905
    5811       0.9004
    5812       0.8599
    5813       0.9477
    5814       0.9740
    5815       1.0072
    5816       1.0335
    5817       0.8450
    5818       0.8779
    5819       0.8491
    5820       0.8653
    5821       0.8028
    5822       0.8583
    5823       0.9079
    5824       0.8904
    5825       0.8849
    5826       0.9137
    5827       0.8640
    5828       0.8702
    5829       0.8536
    5830       0.9493
    5831       0.9809
    5832       0.8084
    5833       0.8790
    5834       0.8484
    5835       0.8776
    5836       0.9860
    5837       0.8575
    5838       0.8734
    5839       0.9126
    5840       0.9636
    5841       0.9549
    5842       0.9135
    5843       0.9468
    5844       0.7714
    5845       0.9032
    5846       0.9302
    5847       0.9781
    5848       0.9046
    5849       0.9794
    5850       1.0825
    5851       1.0318
    5852       1.1626
    5853       1.1785
    5854       1.1431
    5855       1.1314
    5856       1.2653
    5857       1.2641
    5858       1.2411
    5859       1.1929
    5860       1.2294
    5861       1.1647
    5862       1.0815
    5863       1.0520
    5864       1.0275
    5865       1.1416
    5866       1.1016
    5867       1.1270
    5868       1.1645
    5869       1.0585
    5870       1.2786
    5871       1.2818
    5872       1.2923
    5873       1.2362
    5874       1.1892
    5875       1.0874
    5876       1.0434
    5877       1.1560
    5878       1.2945
    5879       1.1658
    5880       1.2062
    5881       1.2239
    5882       1.2592
    5883       1.2570
    5884       1.2933
    5885       1.2104
    5886       1.1260
    5887       1.0995
    5888       1.1077
    5889       1.1125
    5890       1.0943
    5891       1.0783
    5892       1.0197
    5893       0.9546
    5894       1.0782
    5895       1.0940
    5896       1.1656
    5897       1.1183
    5898       1.1484
    5899       1.0020
    5900       1.1135
    5901       1.0714
    5902       1.0040
    5903       1.0155
    5904       1.0999
    5905       1.1564
    5906       1.0915
    5907       1.2708
    5908       1.1643
    5909       1.2169
    5910       1.1015
    5911       1.2573
    5912       1.1577
    5913       1.1516
    5914       1.0380
    5915       1.1377
    5916       1.1018
    5917       1.0600
    5918       1.1479
    5919       1.1520
    5920       1.0501
    5921       1.0928
    5922       1.0179
    5923       1.1044
    5924       1.1578
    5925       1.2865
    5926       1.2317
    5927       1.1218
    5928       1.0996
    5929       1.1479
    5930       1.1664
    5931       1.1005
    5932       1.1160
    5933       1.1884
    5934       1.3226
    5935       1.2420
    5936       1.1239
    5937       1.0567
    5938       1.1288
    5939       1.1107
    5940       1.0270
    5941       1.0831
    5942       1.0672
    5943       1.0855
    5944       0.9351
    5945       1.0682
    5946       1.0732
    5947       1.0850
    5948       1.0789
    5949       1.0063
    5950       1.0666
    5951       0.9660
    5952       1.0473
    5953       1.0965
    5954       1.1490
    5955       1.1592
    5956       1.1157
    5957       0.9927
    5958       1.1067
    5959       1.0203
    5960       1.0155
    5961       1.1677
    5962       1.0360
    5963       1.1059
    5964       1.0704
    5965       1.0582
    5966       1.0415
    5967       0.9804
    5968       0.9928
    5969       0.9857
    5970       1.0268
    5971       0.9551
    5972       1.0049
    5973       1.0425
    5974       1.1115
    5975       1.1155
    5976       1.0689
    5977       1.1295
    5978       1.2533
    5979       1.0921
    5980       1.1418
    5981       1.0872
    5982       0.9652
    5983       0.9906
    5984       1.0605
    5985       0.9897
    5986       1.0253
    5987       1.0420
    5988       0.9969
    5989       1.0653
    5990       1.0381
    5991       1.0800
    5992       1.0471
    5993       1.0295
    5994       1.0000
    5995       1.0478
    5996       0.9769
    5997       1.0384
    5998       0.9559
    5999       0.9274
    6000       0.9552
    6001       0.9549
    6002       1.0921
    6003       1.1106
    6004       1.0052
    6005       1.0497
    6006       1.0087
    6007       0.9428
    6008       0.9843
    6009       1.0214
    6010       1.0233
    6011       0.9593
    6012       0.8673
    6013       0.9325
    6014       0.9661
    6015       0.9760
    6016       0.9014
    6017       0.9587
    6018       0.9611
    6019       0.9549
    6020       1.1459
    6021       1.1624
    6022       1.1942
    6023       1.0368
    6024       1.1909
    6025       1.0829
    6026       1.0950
    6027       1.0714
    6028       0.9259
    6029       0.9957
    6030       0.9105
    6031       1.0128
    6032       0.9993
    6033       0.9034
    6034       0.9533
    6035       1.0137
    6036       0.9368
    6037       1.0440
    6038       1.0501
    6039       1.0627
    6040       1.0826
    6041       1.1106
    6042       1.0733
    6043       1.1049
    6044       1.1546
    6045       1.0254
    6046       0.9265
    6047       0.9946
    6048       1.0648
    6049       1.0780
    6050       1.0700
    6051       1.0908
    6052       1.0931
    6053       1.0795
    6054       1.0149
    6055       0.9768
    6056       1.0187
    6057       1.1446
    6058       1.1335
    6059       0.8905
    6060       0.8883
    6061       0.9377
    6062       0.8665
    6063       0.9204
    6064       0.8146
    6065       0.9207
    6066       0.8912
    6067       0.9993
    6068       0.9502
    6069       0.9425
    6070       0.8489
    6071       0.9562
    6072       0.8946
    6073       0.9599
    6074       0.9102
    6075       1.0099
    6076       0.9697
    6077       1.0384
    6078       1.1609
    6079       1.1430
    6080       1.1846
    6081       1.1090
    6082       1.0499
    6083       1.0148
    6084       1.1773
    6085       1.1886
    6086       1.1604
    6087       1.1758
    6088       0.9250
    6089       0.9954
    6090       1.0048
    6091       1.0421
    6092       1.1052
    6093       1.1413
    6094       1.0968
    6095       1.1765
    6096       1.0238
    6097       1.1033
    6098       1.0034
    6099       0.9877
    6100       1.0794
    6101       1.0847
    6102       1.0960
    6103       1.0987
    6104       0.9616
    6105       1.1233
    6106       1.1337
    6107       1.1839
    6108       1.2479
    6109       1.1208
    6110       1.0824
    6111       1.1551
    6112       1.1958
    6113       1.1746
    6114       1.1046
    6115       1.1381
    6116       1.0778
    6117       1.0633
    6118       1.1568
    6119       1.1788
    6120       1.1290
    6121       1.1398
    6122       1.0538
    6123       1.0576
    6124       1.2046
    6125       0.9849
    6126       0.9749
    6127       0.9828
    6128       0.9054
    6129       0.9173
    6130       0.9151
    6131       0.9755
    6132       0.9680
    6133       1.0260
    6134       0.9964
    6135       1.0279
    6136       1.0120
    6137       0.9052
    6138       1.0019
    6139       0.9950
    6140       1.0087
    6141       0.9563
    6142       0.9777
    6143       0.9734
    6144       1.0405
    6145       1.0926
    6146       1.1174
    6147       0.8783
    6148       0.9122
    6149       0.9978
    6150       0.9994
    6151       0.9407
    6152       1.0321
    6153       0.9895
    6154       1.0815
    6155       0.9905
    6156       1.0751
    6157       0.9623
    6158       1.0430
    6159       0.9967
    6160       1.0817
    6161       1.0763
    6162       1.1626
    6163       1.1211
    6164       1.1538
    6165       1.0165
    6166       1.1067
    6167       1.1578
    6168       1.1187
    6169       0.9226
    6170       1.0238
    6171       1.0288
    6172       0.9618
    6173       0.8706
    6174       0.9864
    6175       1.1799
    6176       0.9410
    6177       0.9875
    6178       0.9878
    6179       0.8462
    6180       0.9271
    6181       0.9451
    6182       1.0201
    6183       0.9877
    6184       0.9307
    6185       0.9427
    6186       0.9807
    6187       0.9056
    6188       0.9104
    6189       0.9366
    6190       0.8495
    6191       0.8269
    6192       0.8508
    6193       0.9217
    6194       0.8036
    6195       0.7918
    6196       0.7779
    6197       0.9076
    6198       0.8819
    6199       0.9035
    6200       0.8578
    6201       0.8292
    6202       0.9947
    6203       1.0183
    6204       0.8061
    6205       0.8654
    6206       0.9357
    6207       0.8532
    6208       0.8303
    6209       0.8710
    6210       0.8455
    6211       0.8755
    6212       0.9804
    6213       0.9779
    6214       0.9771
    6215       0.9663
    6216       1.0982
    6217       1.0919
    6218       1.2066
    6219       1.1593
    6220       1.1054
    6221       1.0286
    6222       0.9732
    6223       0.9240
    6224       0.9809
    6225       0.9198
    6226       0.9419
    6227       1.0252
    6228       1.0770
    6229       0.9319
    6230       0.9588
    6231       1.0561
    6232       0.8714
    6233       0.9294
    6234       0.9484
    6235       1.0376
    6236       0.8696
    6237       0.8964
    6238       0.9777
    6239       1.0006
    6240       0.9019
    6241       1.0165
    6242       1.0020
    6243       0.9804
    6244       1.0009
    6245       0.9269
    6246       0.9764
    6247       0.8899
    6248       0.8536
    6249       0.8901
    6250       0.8921
    6251       0.8758
    6252       0.8682
    6253       0.9064
    6254       0.8299
    6255       0.8818
    6256       0.9221
    6257       1.0313
    6258       0.9893
    6259       1.0250
    6260       0.9464
    6261       0.9215
    6262       0.9328
    6263       0.9970
    6264       0.9392
    6265       0.9152
    6266       0.8527
    6267       0.7467
    6268       0.9378
    6269       0.8829
    6270       0.9492
    6271       0.9007
    6272       0.9071
    6273       0.8695
    6274       0.9558
    6275       0.9456
    6276       0.9077
    6277       0.9405
    6278       0.9959
    6279       0.9861
    6280       1.0148
    6281       0.9152
    6282       0.8687
    6283       0.9007
    6284       0.9265
    6285       1.1108
    6286       1.1387
    6287       1.0272
    6288       1.0173
    6289       1.0835
    6290       1.0446
    6291       0.8903
    6292       0.9644
    6293       0.9146
    6294       1.0003
    6295       0.9217
    6296       0.9193
    6297       0.9877
    6298       0.9788
    6299       1.0209
    6300       1.0583
    6301       1.1486
    6302       1.0533
    6303       1.0321
    6304       0.9262
    6305       0.9677
    6306       0.9939
    6307       0.8843
    6308       0.8711
    6309       0.7716
    6310       0.8083
    6311       0.9048
    6312       0.8680
    6313       0.8524
    6314       0.8439
    6315       0.8456
    6316       0.8617
    6317       0.9624
    6318       0.8730
    6319       0.9574
    6320       0.9009
    6321       0.8998
    6322       0.9335
    6323       0.9438
    6324       0.9496
    6325       1.0855
    6326       1.0002
    6327       0.9936
    6328       0.9602
    6329       0.8771
    6330       0.8616
    6331       0.9799
    6332       0.9629
    6333       0.8771
    6334       0.9246
    6335       0.9107
    6336       0.9028
    6337       0.9209
    6338       0.7991
    6339       0.9635
    6340       0.9856
    6341       1.0322
    6342       0.9679
    6343       0.9260
    6344       0.9132
    6345       1.0316
    6346       1.0189
    6347       0.9619
    6348       1.0271
    6349       1.1172
    6350       1.1742
    6351       1.1257
    6352       1.2222
    6353       1.1134
    6354       1.0490
    6355       1.0448
    6356       1.0173
    6357       0.9511
    6358       1.0220
    6359       1.0071
    6360       0.9622
    6361       0.8781
    6362       0.9370
    6363       0.8926
    6364       0.9171
    6365       0.9364
    6366       1.0172
    6367       0.9346
    6368       0.9987
    6369       1.0060
    6370       0.9825
    6371       0.9651
    6372       0.9221
    6373       0.8734
    6374       0.8833
    6375       0.8589
    6376       0.9381
    6377       0.8968
    6378       1.0010
    6379       0.8280
    6380       0.9150
    6381       0.9889
    6382       1.0373
    6383       0.8929
    6384       1.0244
    6385       1.0313
    6386       1.1575
    6387       1.0576
    6388       0.9344
    6389       1.0481
    6390       1.0091
    6391       0.8714
    6392       1.0221
    6393       1.1274
    6394       1.0620
    6395       1.0684
    6396       0.9510
    6397       0.9766
    6398       0.9729
    6399       1.0238
    6400       1.0415
    6401       0.8992
    6402       0.8927
    6403       0.8868
    6404       1.0006
    6405       0.8962
    6406       1.0028
    6407       0.9624
    6408       1.0779
    6409       1.0139
    6410       0.9764
    6411       1.0184
    6412       0.9568
    6413       1.0295
    6414       0.9379
    6415       0.9279
    6416       0.9251
    6417       0.8534
    6418       0.8961
    6419       0.9917
    6420       0.9160
    6421       0.9366
    6422       0.9238
    6423       0.8399
    6424       0.8712
    6425       0.8501
    6426       0.8871
    6427       0.9584
    6428       0.8913
    6429       0.9041
    6430       0.9227
    6431       1.0706
    6432       0.9540
    6433       0.9619
    6434       1.0056
    6435       0.9918
    6436       1.0506
    6437       1.0529
    6438       0.9675
    6439       1.0632
    6440       1.1251
    6441       1.1207
    6442       1.0292
    6443       1.0460
    6444       0.8794
    6445       0.8753
    6446       0.8950
    6447       0.9778
    6448       0.9928
    6449       0.8524
    6450       0.8611
    6451       0.9305
    6452       0.8237
    6453       0.8616
    6454       0.9899
    6455       0.8371
    6456       0.9212
    6457       1.0447
    6458       1.0936
    6459       1.1152
    6460       1.0285
    6461       0.9129
    6462       0.9601
    6463       1.0923
    6464       1.0970
    6465       1.2817
    6466       1.1516
    6467       1.0814
    6468       1.0593
    6469       1.2644
    6470       1.3233
    6471       1.0764
    6472       1.1245
    6473       1.1017
    6474       1.0883
    6475       1.0689
    6476       1.0333
    6477       0.8541
    6478       1.0560
    6479       1.1475
    6480       1.2102
    6481       1.0920
    6482       1.0628
    6483       0.9867
    6484       1.0117
    6485       0.9353
    6486       1.0279
    6487       0.9832
    6488       0.9424
    6489       1.0289
    6490       1.0135
    6491       1.0301
    6492       1.0270
    6493       1.0457
    6494       1.1193
    6495       1.0553
    6496       1.0653
    6497       1.0166
    6498       1.0321
    6499       1.0560
    6500       0.9404
    6501       1.0049
    6502       1.0070
    6503       1.0578
    6504       1.1397
    6505       0.9430
    6506       0.9536
    6507       1.1074
    6508       0.9901
    6509       1.0905
    6510       1.2245
    6511       1.0498
    6512       0.9829
    6513       0.8625
    6514       1.0316
    6515       0.9776
    6516       1.0954
    6517       1.1147
    6518       1.0264
    6519       1.0165
    6520       0.9505
    6521       1.0529
    6522       0.8409
    6523       0.8311
    6524       0.9963
    6525       1.0783
    6526       1.1426
    6527       1.0726
    6528       1.1154
    6529       1.0359
    6530       1.0752
    6531       1.0401
    6532       1.1060
    6533       0.9830
    6534       1.0703
    6535       0.9641
    6536       1.1255
    6537       1.0990
    6538       1.1258
    6539       1.0380
    6540       1.1506
    6541       1.2747
    6542       1.2318
    6543       1.1594
    6544       1.1205
    6545       1.3278
    6546       1.2460
    6547       1.1120
    6548       1.2526
    6549       1.1385
    6550       1.0323
    6551       1.1242
    6552       1.0803
    6553       0.9530
    6554       0.7916
    6555       0.9486
    6556       0.8340
    6557       1.0447
    6558       0.8717
    6559       0.9140
    6560       1.0160
    6561       0.9057
    6562       0.9803
    6563       0.9726
    6564       0.9523
    6565       1.0093
    6566       1.0486
    6567       1.0121
    6568       1.0994
    6569       1.0355
    6570       1.0837
    6571       0.8263
    6572       0.9960
    6573       0.9097
    6574       1.0013
    6575       1.0081
    6576       0.9331
    6577       0.8717
    6578       0.8761
    6579       0.9303
    6580       0.8171
    6581       0.8948
    6582       0.8607
    6583       0.8123
    6584       0.8854
    6585       0.9845
    6586       0.9279
    6587       0.8583
    6588       0.7487
    6589       0.7421
    6590       0.8624
    6591       0.9220
    6592       0.9236
    6593       0.9208
    6594       0.8884
    6595       0.9287
    6596       0.8358
    6597       0.9370
    6598       0.9471
    6599       1.0199
    6600       0.9126
    6601       0.9409
    6602       0.8992
    6603       0.7791
    6604       0.7842
    6605       0.8708
    6606       0.8686
    6607       0.8847
    6608       0.8569
    6609       0.9255
    6610       0.9529
    6611       0.9808
    6612       1.1329
    6613       1.0393
    6614       1.0061
    6615       0.9439
    6616       0.9716
    6617       0.9020
    6618       0.8432
    6619       0.9634
    6620       0.8183
    6621       0.8047
    6622       0.9662
    6623       1.0378
    6624       1.1072
    6625       1.0886
    6626       1.0271
    6627       0.9199
    6628       0.9037
    6629       0.9410
    6630       0.8096
    6631       0.7600
    6632       0.7812
    6633       0.8711
    6634       0.8628
    6635       0.8795
    6636       0.8866
    6637       0.7786
    6638       0.7747
    6639       0.7777
    6640       0.7905
    6641       0.7643
    6642       0.7946
    6643       0.7787
    6644       0.8079
    6645       0.7287
    6646       0.8778
    6647       0.9820
    6648       0.9011
    6649       0.7861
    6650       0.8520
    6651       0.9392
    6652       0.9153
    6653       0.8695
    6654       0.9248
    6655       0.8898
    6656       0.9172
    6657       0.7985
    6658       0.8466
    6659       0.9384
    6660       0.9141
    6661       0.8595
    6662       1.0222
    6663       0.8460
    6664       0.9428
    6665       0.8018
    6666       0.8349
    6667       0.8804
    6668       0.8437
    6669       0.9278
    6670       0.9788
    6671       0.8240
    6672       0.9421
    6673       0.9456
    6674       0.9686
    6675       1.0010
    6676       0.9709
    6677       1.0323
    6678       0.9387
    6679       0.8371
    6680       0.9831
    6681       1.0500
    6682       0.9947
    6683       0.9075
    6684       0.8388
    6685       0.9640
    6686       0.9934
    6687       0.9158
    6688       1.0229
    6689       1.1297
    6690       1.0065
    6691       0.8158
    6692       0.8543
    6693       0.8790
    6694       0.8621
    6695       0.9201
    6696       0.8778
    6697       0.8953
    6698       0.8638
    6699       0.8238
    6700       0.9415
    6701       0.9167
    6702       0.8917
    6703       1.0483
    6704       0.8808
    6705       0.9058
    6706       0.8663
    6707       1.0360
    6708       0.9320
    6709       1.0395
    6710       1.0190
    6711       0.9038
    6712       0.9234
    6713       0.8574
    6714       0.8540
    6715       0.9806
    6716       0.9932
    6717       1.0836
    6718       1.0334
    6719       1.1132
    6720       0.9807
    6721       0.9602
    6722       0.9816
    6723       0.9609
    6724       0.9924
    6725       0.9480
    6726       1.0945
    6727       1.1172
    6728       0.8954
    6729       0.9282
    6730       1.0117
    6731       0.8864
    6732       0.8566
    6733       0.9258
    6734       0.8601
    6735       0.8922
    6736       0.8632
    6737       0.9267
    6738       0.8867
    6739       0.8608
    6740       0.8093
    6741       0.7740
    6742       0.9098
    6743       0.8547
    6744       0.9595
    6745       0.9354
    6746       0.7785
    6747       0.7695
    6748       0.7591
    6749       0.7683
    6750       0.8762
    6751       0.8517
    6752       0.8993
    6753       0.8366
    6754       0.7719
    6755       0.7924
    6756       0.8154
    6757       0.8604
    6758       0.9599
    6759       0.8818
    6760       0.8720
    6761       0.7891
    6762       0.8434
    6763       0.8354
    6764       0.8886
    6765       0.8309
    6766       0.8037
    6767       0.8454
    6768       0.7697
    6769       0.8865
    6770       0.8372
    6771       0.8181
    6772       0.9025
    6773       0.8490
    6774       0.8759
    6775       0.9225
    6776       0.8833
    6777       0.9113
    6778       0.8970
    6779       1.0034
    6780       0.9733
    6781       0.9103
    6782       1.1218
    6783       0.9757
    6784       1.0487
    6785       1.0841
    6786       1.0759
    6787       0.9114
    6788       0.8331
    6789       0.8419
    6790       0.8344
    6791       0.8892
    6792       0.7549
    6793       0.7278
    6794       0.8412
    6795       0.8431
    6796       0.8294
    6797       0.8426
    6798       0.8374
    6799       0.8457
    6800       0.7880
    6801       0.9736
    6802       1.0647
    6803       0.8722
    6804       0.8470
    6805       0.7766
    6806       0.8266
    6807       0.7675
    6808       0.8511
    6809       0.8487
    6810       0.9051
    6811       0.9201
    6812       0.9185
    6813       0.8986
    6814       0.8306
    6815       0.8099
    6816       0.8448
    6817       0.7305
    6818       0.7728
    6819       0.8062
    6820       0.7499
    6821       0.8960
    6822       0.9266
    6823       0.8195
    6824       0.8253
    6825       0.8013
    6826       0.7860
    6827       0.9015
    6828       0.8743
    6829       0.8396
    6830       0.8567
    6831       0.7966
    6832       1.0221
    6833       0.8706
    6834       0.9678
    6835       1.0715
    6836       1.1129
    6837       1.1623
    6838       1.0752
    6839       0.9402
    6840       0.9110
    6841       0.9223
    6842       1.0202
    6843       0.8913
    6844       0.9314
    6845       0.8466
    6846       0.8657
    6847       0.8702
    6848       0.9824
    6849       0.9408
    6850       0.8827
    6851       1.0586
    6852       0.9661
    6853       0.9471
    6854       0.8343
    6855       0.8976
    6856       0.9412
    6857       0.8880
    6858       0.8696
    6859       0.8845
    6860       0.8946
    6861       0.9887
    6862       1.0329
    6863       0.8682
    6864       0.9713
    6865       0.9895
    6866       0.9754
    6867       0.8992
    6868       0.9825
    6869       1.0193
    6870       0.9879
    6871       0.9796
    6872       0.9772
    6873       0.9859
    6874       0.9499
    6875       0.8441
    6876       0.9671
    6877       1.0108
    6878       0.8759
    6879       0.8222
    6880       0.7604
    6881       0.8467
    6882       0.9117
    6883       0.9280
    6884       0.9134
    6885       0.8542
    6886       1.0012
    6887       1.0111
    6888       1.0103
    6889       1.1257
    6890       1.0932
    6891       1.1802
    6892       1.2488
    6893       1.2019
    6894       0.9788
    6895       1.0051
    6896       1.0736
    6897       1.0151
    6898       1.0960
    6899       1.0869
    6900       1.1635
    6901       1.1267
    6902       1.1451
    6903       1.0542
    6904       0.8647
    6905       0.9892
    6906       0.8841
    6907       1.0252
    6908       1.0486
    6909       0.9027
    6910       1.0602
    6911       1.0292
    6912       0.9801
    6913       1.0381
    6914       1.1108
    6915       1.1562
    6916       1.1445
    6917       1.2003
    6918       1.0820
    6919       0.9458
    6920       1.0515
    6921       1.1753
    6922       1.0386
    6923       1.1250
    6924       0.9832
    6925       1.1422
    6926       1.1123
    6927       1.0744
    6928       1.1391
    6929       1.1706
    6930       0.9549
    6931       0.9601
    6932       0.8863
    6933       0.9937
    6934       1.0645
    6935       1.0501
    6936       0.9821
    6937       0.9737
    6938       0.8947
    6939       0.9508
    6940       1.0077
    6941       0.9843
    6942       0.8588
    6943       0.7771
    6944       0.8595
    6945       0.9931
    6946       1.0401
    6947       0.9427
    6948       0.8446
    6949       0.7904
    6950       0.8894
    6951       0.9014
    6952       0.9131
    6953       0.8372
    6954       0.8835
    6955       0.8671
    6956       0.8308
    6957       0.8376
    6958       0.8240
    6959       0.8362
    6960       0.8194
    6961       0.8709
    6962       0.7442
    6963       0.8612
    6964       0.8045
    6965       0.8993
    6966       0.9727
    6967       0.9903
    6968       0.7910
    6969       0.8954
    6970       0.8219
    6971       0.8528
    6972       0.7881
    6973       0.8564
    6974       0.8683
    6975       0.8816
    6976       0.7782
    6977       1.0142
    6978       0.9348
    6979       0.9797
    6980       0.8702
    6981       0.7442
    6982       0.9577
    6983       0.8841
    6984       0.9801
    6985       0.9252
    6986       0.8742
    6987       0.9587
    6988       0.9399
    6989       0.9073
    6990       0.8975
    6991       0.9505
    6992       0.9325
    6993       0.9562
    6994       1.0453
    6995       0.9574
    6996       0.8887
    6997       0.8998
    6998       0.9974
    6999       0.9086
    7000       0.8937
    7001       0.8169
    7002       0.8243
    7003       0.8803
    7004       0.8007
    7005       0.7733
    7006       0.9521
    7007       0.8721
    7008       0.9110
    7009       0.9568
    7010       1.0435
    7011       0.8573
    7012       0.8903
    7013       0.9666
    7014       0.9218
    7015       0.8358
    7016       0.8522
    7017       0.7718
    7018       0.7903
    7019       0.8520
    7020       0.8681
    7021       0.9966
    7022       0.8994
    7023       0.9814
    7024       1.0350
    7025       0.9313
    7026       0.8860
    7027       0.9477
    7028       1.1083
    7029       1.0248
    7030       0.8958
    7031       0.9185
    7032       0.8819
    7033       0.9082
    7034       0.9649
    7035       0.9127
    7036       0.8792
    7037       0.8617
    7038       0.8723
    7039       0.8287
    7040       0.8297
    7041       0.8953
    7042       0.9947
    7043       1.0285
    7044       0.8658
    7045       0.9420
    7046       1.0053
    7047       1.2252
    7048       1.1260
    7049       1.1412
    7050       1.0291
    7051       1.0451
    7052       0.9429
    7053       0.9990
    7054       1.0507
    7055       0.8554
    7056       0.9216
    7057       0.9534
    7058       0.9106
    7059       0.8376
    7060       0.8723
    7061       0.8953
    7062       0.8489
    7063       0.8737
    7064       0.7715
    7065       0.9567
    7066       0.8294
    7067       0.8662
    7068       0.9011
    7069       0.8482
    7070       0.8351
    7071       0.8923
    7072       0.9319
    7073       0.8896
    7074       0.8329
    7075       0.9056
    7076       0.9197
    7077       0.9098
    7078       0.9268
    7079       1.0359
    7080       0.8957
    7081       0.9635
    7082       0.8432
    7083       0.8779
    7084       0.9649
    7085       0.9920
    7086       0.9917
    7087       0.9624
    7088       0.9246
    7089       0.9383
    7090       0.9104
    7091       0.8475
    7092       0.8916
    7093       0.8418
    7094       0.8467
    7095       0.9005
    7096       0.8418
    7097       0.8718
    7098       0.7827
    7099       0.8166
    7100       0.8880
    7101       0.8024
    7102       1.0159
    7103       1.0267
    7104       0.8745
    7105       1.0009
    7106       1.0525
    7107       0.9365
    7108       0.8858
    7109       0.8778
    7110       1.0039
    7111       1.0768
    7112       1.2238
    7113       0.8993
    7114       0.9671
    7115       0.9213
    7116       0.9480
    7117       1.0737
    7118       1.1141
    7119       1.0105
    7120       0.8823
    7121       0.8662
    7122       0.8208
    7123       0.8120
    7124       0.9640
    7125       0.8279
    7126       0.8559
    7127       0.8879
    7128       0.9028
    7129       0.8684
    7130       0.8455
    7131       0.9189
    7132       0.7764
    7133       0.7764
    7134       0.8950
    7135       0.8754
    7136       0.7968
    7137       0.9982
    7138       1.0375
    7139       1.0578
    7140       1.0211
    7141       1.0762
    7142       0.8977
    7143       1.0095
    7144       0.8618
    7145       0.8980
    7146       0.9005
    7147       0.9682
    7148       0.9193
    7149       1.0260
    7150       0.9891
    7151       0.8691
    7152       0.8315
    7153       0.8426
    7154       0.8157
    7155       0.8789
    7156       0.9338
    7157       0.8951
    7158       0.8675
    7159       1.1155
    7160       0.9503
    7161       0.9812
    7162       0.9577
    7163       1.0206
    7164       0.8037
    7165       0.8662
    7166       0.8768
    7167       0.7845
    7168       0.8134
    7169       0.8965
    7170       0.9953
    7171       1.0140
    7172       0.8046
    7173       0.8614
    7174       0.8109
    7175       0.9498
    7176       1.0261
    7177       0.9948
    7178       0.9684
    7179       0.9440
    7180       0.9734
    7181       1.0051
    7182       0.9833
    7183       1.0726
    7184       0.9549
    7185       1.0533
    7186       1.1179
    7187       1.0454
    7188       0.9490
    7189       1.0130
    7190       0.8278
    7191       0.7965
    7192       0.8339
    7193       0.8088
    7194       0.7788
    7195       0.8225
    7196       0.7788
    7197       1.0346
    7198       0.8519
    7199       0.8588
    7200       0.7878
    7201       0.8468
    7202       0.8775
    7203       1.0361
    7204       0.9279
    7205       0.9460
    7206       0.7823
    7207       0.8670
    7208       0.8941
    7209       0.8851
    7210       0.9672
    7211       0.9874
    7212       0.9935
    7213       1.0850
    7214       1.1386
    7215       1.1348
    7216       1.1158
    7217       0.8494
    7218       0.9451
    7219       0.9367
    7220       0.9225
    7221       0.9883
    7222       0.9447
    7223       0.9825
    7224       0.9916
    7225       0.8817
    7226       0.9836
    7227       0.8635
    7228       0.9610
    7229       0.8947
    7230       0.9078
    7231       0.8704
    7232       0.8949
    7233       1.0389
    7234       1.0520
    7235       0.8893
    7236       0.8481
    7237       1.0280
    7238       1.0813
    7239       1.1405
    7240       1.1152
    7241       1.0391
    7242       0.9664
    7243       1.0088
    7244       1.0366
    7245       0.8624
    7246       1.0444
    7247       0.9729
    7248       0.9325
    7249       0.8677
    7250       1.0086
    7251       0.9384
    7252       1.0720
    7253       1.1225
    7254       1.0830
    7255       1.0406
    7256       1.0800
    7257       1.0459
    7258       1.0520
    7259       0.9906
    7260       0.8517
    7261       0.8657
    7262       0.8625
    7263       0.9551
    7264       0.9340
    7265       0.9098
    7266       0.8884
    7267       0.9647
    7268       0.8262
    7269       0.9567
    7270       0.9077
    7271       0.9185
    7272       0.9213
    7273       0.7294
    7274       0.8581
    7275       0.9075
    7276       0.9334
    7277       0.8482
    7278       0.8694
    7279       0.8865
    7280       0.9753
    7281       1.0502
    7282       0.9587
    7283       0.8566
    7284       0.8552
    7285       0.8894
    7286       0.9042
    7287       0.9105
    7288       0.9692
    7289       1.0934
    7290       1.1212
    7291       0.9987
    7292       0.9762
    7293       1.0969
    7294       1.1313
    7295       1.0121
    7296       1.0166
    7297       0.8979
    7298       0.8355
    7299       0.8369
    7300       0.8011
    7301       0.8852
    7302       0.8781
    7303       0.8822
    7304       0.9169
    7305       1.0105
    7306       0.8583
    7307       1.0206
    7308       0.9951
    7309       1.0903
    7310       1.0656
    7311       1.2425
    7312       1.0618
    7313       1.1480
    7314       1.1598
    7315       1.2177
    7316       1.4389
    7317       1.0976
    7318       1.0330
    7319       1.0136
    7320       0.9880
    7321       1.0419
    7322       0.9048
    7323       0.9640
    7324       0.8775
    7325       0.8125
    7326       0.9078
    7327       0.7742
    7328       0.7408
    7329       0.7644
    7330       0.8607
    7331       0.7950
    7332       0.7578
    7333       0.8102
    7334       0.9134
    7335       0.9002
    7336       0.8957
    7337       0.8562
    7338       0.9539
    7339       1.0203
    7340       1.2498
    7341       1.2041
    7342       1.0522
    7343       0.9927
    7344       1.0375
    7345       1.0687
    7346       1.0634
    7347       1.0219
    7348       0.9653
    7349       0.9903
    7350       0.8567
    7351       0.9722
    7352       0.9189
    7353       0.9599
    7354       1.0173
    7355       1.1065
    7356       1.1488
    7357       1.1351
    7358       1.0790
    7359       1.0691
    7360       0.9149
    7361       0.9293
    7362       0.8547
    7363       0.9169
    7364       1.0751
    7365       1.0285
    7366       1.0185
    7367       0.9560
    7368       0.9448
    7369       0.9160
    7370       1.0053
    7371       0.9833
    7372       1.1058
    7373       1.1330
    7374       1.2232
    7375       1.2171
    7376       1.2636
    7377       1.1734
    7378       1.0525
    7379       1.0678
    7380       0.9672
    7381       0.8972
    7382       0.8230
    7383       0.9358
    7384       1.0432
    7385       0.9317
    7386       1.1361
    7387       0.9425
    7388       1.0405
    7389       0.9240
    7390       1.0666
    7391       0.9823
    7392       1.0861
    7393       1.0106
    7394       1.0334
    7395       0.9914
    7396       1.1154
    7397       1.0858
    7398       1.0172
    7399       1.0559
    7400       1.0537
    7401       1.0001
    7402       0.9193
    7403       1.0309
    7404       1.0377
    7405       1.0376
    7406       1.1072
    7407       1.1609
    7408       1.2189
    7409       1.1130
    7410       1.1446
    7411       1.2338
    7412       1.1392
    7413       1.1607
    7414       1.1345
    7415       1.1225
    7416       1.1191
    7417       1.0622
    7418       1.0808
    7419       1.1292
    7420       1.0799
    7421       1.0954
    7422       1.0977
    7423       1.1332
    7424       1.1944
    7425       1.0850
    7426       1.0208
    7427       0.9802
    7428       1.0939
    7429       1.0833
    7430       1.0582
    7431       1.1101
    7432       0.9717
    7433       0.9124
    7434       0.9028
    7435       0.8968
    7436       0.9725
    7437       0.9771
    7438       0.9137
    7439       1.0301
    7440       1.1597
    7441       1.1308
    7442       1.2088
    7443       1.1781
    7444       1.2285
    7445       1.2926
    7446       1.4000
    7447       1.2398
    7448       1.1736
    7449       1.0381
    7450       1.1157
    7451       0.9996
    7452       1.0675
    7453       1.0379
    7454       1.0892
    7455       1.0224
    7456       0.9946
    7457       1.0276
    7458       0.9738
    7459       0.9389
    7460       0.9906
    7461       0.9752
    7462       1.0047
    7463       1.0104
    7464       1.0109
    7465       1.1426
    7466       1.2344
    7467       1.1613
    7468       1.0271
    7469       1.0352
    7470       0.8297
    7471       0.8732
    7472       0.8943
    7473       0.8032
    7474       0.7726
    7475       0.8090
    7476       0.8246
    7477       0.7449
    7478       0.7588
    7479       0.7936
    7480       0.8496
    7481       0.8066
    7482       0.8331
    7483       0.6941
    7484       0.7864
    7485       0.7923
    7486       0.7954
    7487       0.8035
    7488       0.8301
    7489       0.8123
    7490       0.8042
    7491       0.8571
    7492       0.7819
    7493       0.8565
    7494       0.8650
    7495       0.9649
    7496       0.8516
    7497       0.8212
    7498       0.8097
    7499       0.8758
    7500       0.9027
    7501       0.8485
    7502       0.8519
    7503       0.8791
    7504       0.7813
    7505       0.7065
    7506       0.8368
    7507       0.8122
    7508       0.8569
    7509       0.8070
    7510       0.7956
    7511       0.8239
    7512       0.8703
    7513       0.8121
    7514       0.7715
    7515       0.7933
    7516       0.8310
    7517       0.8291
    7518       0.8041
    7519       0.8700
    7520       0.9500
    7521       0.8320
    7522       0.7986
    7523       0.7947
    7524       0.8311
    7525       0.7787
    7526       0.8195
    7527       0.7602
    7528       0.8612
    7529       0.8333
    7530       0.8029
    7531       0.8265
    7532       0.8654
    7533       0.9045
    7534       0.9048
    7535       0.8652
    7536       0.7862
    7537       0.7231
    7538       0.8708
    7539       0.8837
    7540       0.8213
    7541       0.7689
    7542       0.7819
    7543       0.8759
    7544       0.9115
    7545       0.7673
    7546       0.8181
    7547       0.8213
    7548       0.8646
    7549       0.9296
    7550       0.9233
    7551       0.8557
    7552       0.8835
    7553       0.9476
    7554       0.8939
    7555       0.8177
    7556       0.7851
    7557       0.8158
    7558       0.8468
    7559       0.7745
    7560       0.7452
    7561       0.8147
    7562       0.8680
    7563       0.7965
    7564       0.7372
    7565       0.7617
    7566       0.8453
    7567       0.7438
    7568       0.9181
    7569       0.8387
    7570       0.8411
    7571       0.9093
    7572       0.8068
    7573       0.8664
    7574       0.8764
    7575       0.9708
    7576       0.8765
    7577       0.8587
    7578       0.8270
    7579       1.0418
    7580       0.8776
    7581       0.8518
    7582       0.8132
    7583       0.7727
    7584       0.7554
    7585       0.7775
    7586       0.7965
    7587       0.9341
    7588       0.8959
    7589       0.9537
    7590       1.0696
    7591       0.9972
    7592       1.0309
    7593       0.8934
    7594       0.8223
    7595       0.8578
    7596       0.8597
    7597       0.8385
    7598       0.8276
    7599       0.8274
    7600       0.9628
    7601       0.8523
    7602       0.7940
    7603       0.8294
    7604       0.7501
    7605       0.8787
    7606       0.9031
    7607       0.9330
    7608       0.9369
    7609       0.8617
    7610       0.9534
    7611       0.8493
    7612       0.9485
    7613       0.8956
    7614       1.1247
    7615       1.1344
    7616       1.0902
    7617       0.9805
    7618       0.8968
    7619       0.9051
    7620       0.8445
    7621       0.7754
    7622       0.9566
    7623       0.9259
    7624       0.9169
    7625       0.8603
    7626       0.8966
    7627       0.9445
    7628       0.8614
    7629       0.8522
    7630       0.8539
    7631       0.8603
    7632       0.9259
    7633       1.0050
    7634       0.9048
    7635       0.9826
    7636       0.8705
    7637       0.9774
    7638       0.8510
    7639       0.9748
    7640       0.8429
    7641       1.0263
    7642       0.8576
    7643       0.9564
    7644       0.9320
    7645       0.9478
    7646       0.8794
    7647       0.9275
    7648       0.9035
    7649       0.8989
    7650       0.9161
    7651       0.8449
    7652       0.8345
    7653       0.9130
    7654       0.8507
    7655       0.9467
    7656       0.8744
    7657       0.9002
    7658       0.9374
    7659       0.9551
    7660       0.9256
    7661       1.0662
    7662       0.8175
    7663       0.7915
    7664       0.8486
    7665       0.8301
    7666       0.8946
    7667       0.9147
    7668       0.9193
    7669       0.8213
    7670       0.8416
    7671       0.9344
    7672       0.9682
    7673       0.9599
    7674       0.9104
    7675       0.8946
    7676       0.9024
    7677       0.8514
    7678       0.8276
    7679       0.9591
    7680       0.9576
    7681       0.8978
    7682       0.8671
    7683       0.9357
    7684       0.9391
    7685       0.9885
    7686       0.9745
    7687       0.8645
    7688       0.9076
    7689       0.8838
    7690       0.8113
    7691       0.8180
    7692       0.8621
    7693       0.9293
    7694       0.9835
    7695       0.9216
    7696       0.9493
    7697       1.0111
    7698       0.9333
    7699       0.8850
    7700       0.9697
    7701       0.9789
    7702       1.0121
    7703       1.0439
    7704       0.9336
    7705       1.0110
    7706       1.0481
    7707       1.2952
    7708       1.2453
    7709       1.0778
    7710       1.0295
    7711       0.9445
    7712       0.8358
    7713       0.8450
    7714       0.7944
    7715       0.7905
    7716       0.8779
    7717       0.9188
    7718       0.9410
    7719       1.0064
    7720       0.9716
    7721       1.0772
    7722       0.9799
    7723       0.9995
    7724       0.8915
    7725       1.1196
    7726       0.9627
    7727       1.0067
    7728       0.9541
    7729       1.0575
    7730       1.1973
    7731       1.0434
    7732       1.0270
    7733       0.9865
    7734       1.0166
    7735       1.0777
    7736       1.0674
    7737       1.0861
    7738       1.0874
    7739       1.0948
    7740       1.1145
    7741       1.0967
    7742       0.8944
    7743       1.0987
    7744       1.0613
    7745       0.8805
    7746       0.8853
    7747       0.8508
    7748       0.9602
    7749       0.9130
    7750       0.8287
    7751       0.8183
    7752       0.9678
    7753       0.9572
    7754       0.9857
    7755       0.9104
    7756       0.9116
    7757       0.9087
    7758       0.8328
    7759       0.8203
    7760       0.9066
    7761       0.7902
    7762       0.7967
    7763       0.9567
    7764       0.8328
    7765       0.9129
    7766       1.0084
    7767       1.0787
    7768       1.0378
    7769       1.0393
    7770       0.8481
    7771       1.0352
    7772       0.9714
    7773       1.0060
    7774       1.1354
    7775       1.0847
    7776       1.0751
    7777       1.0248
    7778       1.0550
    7779       0.9411
    7780       0.9003
    7781       0.8898
    7782       0.8957
    7783       0.8045
    7784       0.8923
    7785       0.9378
    7786       0.8731
    7787       0.8147
    7788       0.8553
    7789       0.8294
    7790       0.7977
    7791       0.8949
    7792       1.0153
    7793       1.0081
    7794       1.0424
    7795       0.9744
    7796       0.9643
    7797       0.9214
    7798       0.8558
    7799       0.8551
    7800       0.8313
    7801       0.8078
    7802       0.8279
    7803       0.8354
    7804       0.8743
    7805       0.9006
    7806       0.9073
    7807       1.0272
    7808       0.9062
    7809       0.9192
    7810       0.9502
    7811       0.9598
    7812       0.8858
    7813       0.9077
    7814       0.8610
    7815       0.8557
    7816       0.9229
    7817       0.9124
    7818       0.7791
    7819       0.8736
    7820       0.9191
    7821       0.8162
    7822       0.8995
    7823       0.9293
    7824       1.0325
    7825       0.9395
    7826       0.9050
    7827       0.9073
    7828       0.9594
    7829       0.9252
    7830       0.9663
    7831       1.0537
    7832       1.0366
    7833       0.9604
    7834       0.9837
    7835       0.9331
    7836       0.9913
    7837       0.8349
    7838       0.8369
    7839       0.8589
    7840       0.9045
    7841       0.9309
    7842       1.0665
    7843       1.0757
    7844       1.0415
    7845       1.0686
    7846       0.9360
    7847       0.9065
    7848       0.9822
    7849       0.8892
    7850       0.9478
    7851       0.9703
    7852       0.9752
    7853       0.9575
    7854       0.9112
    7855       0.8985
    7856       0.9562
    7857       0.8459
    7858       0.9795
    7859       1.0075
    7860       1.0445
    7861       1.0566
    7862       1.0323
    7863       1.0471
    7864       1.0360
    7865       0.9235
    7866       0.9454
    7867       1.0078
    7868       0.9280
    7869       0.9900
    7870       0.9568
    7871       0.9495
    7872       0.9835
    7873       0.9072
    7874       0.8341
    7875       0.8082
    7876       0.9547
    7877       0.8748
    7878       0.8178
    7879       0.8740
    7880       0.8421
    7881       0.9310
    7882       0.9414
    7883       0.8085
    7884       0.9454
    7885       1.0048
    7886       0.9451
    7887       0.8767
    7888       0.9837
    7889       0.8381
    7890       0.8193
    7891       0.9862
    7892       0.9100
    7893       0.8438
    7894       0.9160
    7895       0.9188
    7896       0.9154
    7897       0.8442
    7898       0.8585
    7899       0.8664
    7900       0.8877
    7901       0.9362
    7902       1.0763
    7903       0.9382
    7904       0.9091
    7905       0.8542
    7906       0.8951
    7907       0.8200
    7908       0.8407
    7909       0.8428
    7910       0.8544
    7911       0.7557
    7912       0.8954
    7913       0.8086
    7914       0.8124
    7915       0.9301
    7916       0.9939
    7917       0.9432
    7918       0.8893
    7919       0.8876
    7920       0.9989
    7921       0.9290
    7922       0.9650
    7923       0.9319
    7924       1.0233
    7925       1.0707
    7926       1.0282
    7927       0.9896
    7928       0.9024
    7929       1.0320
    7930       0.9982
    7931       1.0506
    7932       1.0018
    7933       0.9144
    7934       0.9963
    7935       0.9956
    7936       0.8834
    7937       0.8820
    7938       0.8310
    7939       0.9532
    7940       0.9475
    7941       1.0511
    7942       1.0496
    7943       0.9872
    7944       0.9542
    7945       1.0082
    7946       0.9440
    7947       1.0284
    7948       1.0534
    7949       0.9983
    7950       0.9318
    7951       1.1019
    7952       1.1503
    7953       1.0821
    7954       1.2325
    7955       1.1599
    7956       1.1014
    7957       1.0888
    7958       1.1552
    7959       1.1065
    7960       1.1935
    7961       1.2451
    7962       1.2095
    7963       1.2238
    7964       1.2522
    7965       1.2547
    7966       1.1863
    7967       1.2712
    7968       1.3487
    7969       1.3880
    7970       1.3539
    7971       1.1987
    7972       1.3001
    7973       1.2821
    7974       1.1109
    7975       1.3168
    7976       1.3535
    7977       1.3078
    7978       1.3549
    7979       1.2265
    7980       1.0301
    7981       1.0637
    7982       1.1417
    7983       1.1363
    7984       1.0191
    7985       1.0839
    7986       1.0988
    7987       1.1669
    7988       1.1950
    7989       1.3370
    7990       1.4145
    7991       1.2751
    7992       1.2285
    7993       1.1614
    7994       0.9950
    7995       1.0641
    7996       1.0900
    7997       1.1307
    7998       1.2682
    7999       1.2010
    8000       1.1293
    8001       1.1612
    8002       1.1938
    8003       1.1141
    8004       1.1846
    8005       1.0209
    8006       1.0852
    8007       1.1577
    8008       1.0924
    8009       1.0581
    8010       1.0918
    8011       1.0501
    8012       0.9847
    8013       0.9388
    8014       0.9886
    8015       0.9956
    8016       1.1267
    8017       1.0561
    8018       1.0250
    8019       0.9943
    8020       0.9431
    8021       1.0215
    8022       0.9545
    8023       0.9597
    8024       0.9472
    8025       0.9364
    8026       0.9428
    8027       0.8885
    8028       0.9902
    8029       1.0154
    8030       0.9906
    8031       1.1092
    8032       1.0468
    8033       0.9815
    8034       1.0633
    8035       1.1689
    8036       1.0954
    8037       1.1120
    8038       1.0722
    8039       1.1518
    8040       1.0962
    8041       0.9989
    8042       1.0302
    8043       1.0451
    8044       0.9216
    8045       0.9272
    8046       0.9830
    8047       0.9619
    8048       1.1121
    8049       1.1505
    8050       1.1632
    8051       1.0961
    8052       0.9734
    8053       0.9934
    8054       0.9665
    8055       0.9884
    8056       1.0262
    8057       1.0293
    8058       1.0235
    8059       0.9863
    8060       0.9520
    8061       1.0369
    8062       1.0196
    8063       1.0048
    8064       0.9921
    8065       0.9042
    8066       1.1077
    8067       1.0644
    8068       0.9639
    8069       1.0786
    8070       0.9263
    8071       1.0272
    8072       0.9639
    8073       1.0665
    8074       0.9645
    8075       1.0214
    8076       0.9677
    8077       0.9853
    8078       1.2101
    8079       1.1741
    8080       1.1951
    8081       1.0981
    8082       1.2040
    8083       1.0454
    8084       1.1432
    8085       1.0494
    8086       1.1050
    8087       1.1367
    8088       1.1318
    8089       1.0453
    8090       0.8559
    8091       0.9212
    8092       1.0049
    8093       0.9840
    8094       0.9558
    8095       0.9243
    8096       0.9262
    8097       0.9587
    8098       0.9303
    8099       1.0339
    8100       0.9092
    8101       0.8384
    8102       0.8526
    8103       0.8638
    8104       1.0166
    8105       0.9322
    8106       0.9550
    8107       0.9320
    8108       0.9748
    8109       0.9664
    8110       1.0220
    8111       0.9395
    8112       1.0124
    8113       0.8631
    8114       0.8968
    8115       0.9226
    8116       1.0226
    8117       0.9659
    8118       0.9278
    8119       0.8706
    8120       0.9047
    8121       0.8377
    8122       0.8787
    8123       0.8585
    8124       0.9220
    8125       0.8215
    8126       0.8573
    8127       0.8310
    8128       0.7970
    8129       0.9115
    8130       0.8586
    8131       0.8062
    8132       0.9510
    8133       1.0632
    8134       1.0081
    8135       0.9524
    8136       0.8607
    8137       0.9984
    8138       1.0524
    8139       0.9867
    8140       1.0400
    8141       0.9864
    8142       1.0339
    8143       1.1957
    8144       1.2370
    8145       1.1359
    8146       1.1665
    8147       1.3268
    8148       1.2791
    8149       1.2591
    8150       1.1236
    8151       1.1130
    8152       1.1907
    8153       1.3069
    8154       1.3126
    8155       1.2355
    8156       1.1775
    8157       1.2984
    8158       1.1828
    8159       1.3226
    8160       1.2337
    8161       1.1561
    8162       1.1993
    8163       1.2775
    8164       1.2872
    8165       1.3181
    8166       1.2191
    8167       1.3829
    8168       1.2643
    8169       1.2796
    8170       1.1550
    8171       1.1988
    8172       1.3022
    8173       1.1970
    8174       1.0844
    8175       1.0324
    8176       1.0138
    8177       0.9817
    8178       0.9651
    8179       1.0259
    8180       1.0090
    8181       0.9328
    8182       0.9366
    8183       0.9832
    8184       0.9664
    8185       1.0260
    8186       0.9215
    8187       0.8649
    8188       1.0532
    8189       0.8608
    8190       0.9423
    8191       0.9546
    8192       0.9126
    8193       0.9759
    8194       1.0851
    8195       1.0778
    8196       0.9628
    8197       0.9998
    8198       1.0174
    8199       1.0766
    8200       1.1706
    8201       0.9952
    8202       1.0081
    8203       1.0228
    8204       1.0435
    8205       0.9321
    8206       0.9090
    8207       0.9611
    8208       0.8673
    8209       0.9745
    8210       0.9971
    8211       1.0501
    8212       0.9836
    8213       0.9948
    8214       0.9975
    8215       1.0290
    8216       1.0981
    8217       1.0564
    8218       0.9929
    8219       0.8950
    8220       0.8481
    8221       0.9053
    8222       0.8902
    8223       0.9267
    8224       0.9757
    8225       0.8786
    8226       0.8405
    8227       0.8700
    8228       0.8232
    8229       0.8489
    8230       0.9343
    8231       0.8527
    8232       1.0260
    8233       0.9091
    8234       0.9110
    8235       1.0730
    8236       1.0144
    8237       1.0565
    8238       1.0313
    8239       1.0784
    8240       1.0542
    8241       0.9297
    8242       0.8851
    8243       1.1193
    8244       1.0679
    8245       1.1798
    8246       1.0944
    8247       1.0643
    8248       1.2158
    8249       1.1455
    8250       1.1055
    8251       1.0616
    8252       1.1220
    8253       1.1150
    8254       1.2506
    8255       1.1252
    8256       1.0650
    8257       1.1102
    8258       1.1164
    8259       1.0827
    8260       1.1216
    8261       1.0596
    8262       1.0034
    8263       0.8665
    8264       0.8917
    8265       1.0429
    8266       0.9722
    8267       1.0070
    8268       1.1308
    8269       1.0824
    8270       1.1752
    8271       1.0811
    8272       1.1323
    8273       1.1292
    8274       1.1219
    8275       1.1428
    8276       1.1952
    8277       1.2523
    8278       1.2531
    8279       1.2754
    8280       1.2598
    8281       1.3450
    8282       1.1360
    8283       1.1673
    8284       1.1252
    8285       1.1435
    8286       1.1951
    8287       1.1999
    8288       1.3484
    8289       1.3048
    8290       1.2592
    8291       1.2050
    8292       1.1631
    8293       1.2185
    8294       1.1588
    8295       1.1886
    8296       1.3207
    8297       1.3702
    8298       1.4406
    8299       1.3820
    8300       1.3269
    8301       1.1894
    8302       1.2391
    8303       1.5122
    8304       1.2998
    8305       1.3431
    8306       1.3643
    8307       1.3083
    8308       1.2440
    8309       1.2231
    8310       1.1678
    8311       1.2278
    8312       1.1293
    8313       1.1684
    8314       1.2281
    8315       1.3091
    8316       1.3368
    8317       1.3712
    8318       1.3442
    8319       1.3174
    8320       1.1792
    8321       1.1270
    8322       1.1972
    8323       1.2231
    8324       1.2601
    8325       1.2527
    8326       1.1883
    8327       1.3179
    8328       1.3260
    8329       1.2755
    8330       1.2986
    8331       1.1930
    8332       1.2889
    8333       1.4090
    8334       1.3787
    8335       1.3204
    8336       1.2908
    8337       1.2750
    8338       1.2473
    8339       1.1514
    8340       1.2140
    8341       1.2283
    8342       1.2618
    8343       1.1552
    8344       1.1562
    8345       1.0688
    8346       1.1927
    8347       1.2091
    8348       1.2663
    8349       1.3178
    8350       1.2915
    8351       1.2521
    8352       1.2346
    8353       1.2095
    8354       1.2438
    8355       1.3090
    8356       1.3237
    8357       1.4396
    8358       1.3512
    8359       1.2880
    8360       1.2720
    8361       1.2004
    8362       1.0780
    8363       1.0583
    8364       1.1888
    8365       1.1661
    8366       1.0780
    8367       1.2481
    8368       1.2175
    8369       1.1949
    8370       1.1068
    8371       1.1118
    8372       1.0749
    8373       1.2267
    8374       1.1451
    8375       1.1535
    8376       1.0509
    8377       1.2555
    8378       1.0920
    8379       1.1863
    8380       1.1216
    8381       1.1901
    8382       1.3543
    8383       1.3736
    8384       1.3505
    8385       1.2710
    8386       1.2534
    8387       1.3650
    8388       1.2900
    8389       1.2310
    8390       1.2102
    8391       1.1214
    8392       1.2664
    8393       1.3027
    8394       1.3165
    8395       1.2019
    8396       1.1564
    8397       1.1993
    8398       1.2793
    8399       1.2375
    8400       1.1654
    8401       1.1462
    8402       1.2141
    8403       1.1575
    8404       1.2316
    8405       1.2688
    8406       1.3174
    8407       1.3454
    8408       1.3471
    8409       1.3327
    8410       1.2721
    8411       1.3025
    8412       1.3805
    8413       1.4735
    8414       1.3584
    8415       1.2762
    8416       1.3434
    8417       1.2988
    8418       1.4272
    8419       1.3226
    8420       1.3575
    8421       1.4371
    8422       1.3672
    8423       1.2633
    8424       1.2152
    8425       1.1832
    8426       1.0630
    8427       1.1663
    8428       1.1480
    8429       1.2109
    8430       1.1404
    8431       1.1460
    8432       1.0824
    8433       1.1424
    8434       1.1654
    8435       1.2292
    8436       1.1515
    8437       1.3865
    8438       1.2855
    8439       1.2440
    8440       1.1689
    8441       1.1337
    8442       1.2353
    8443       1.3277
    8444       1.1473
    8445       1.1884
    8446       1.1512
    8447       1.0791
    8448       1.0136
    8449       1.0855
    8450       1.0224
    8451       0.9765
    8452       0.9349
    8453       0.8303
    8454       0.8602
    8455       0.9334
    8456       0.9249
    8457       1.0269
    8458       0.9643
    8459       0.9623
    8460       0.9159
    8461       0.9554
    8462       0.9263
    8463       0.9672
    8464       0.8561
    8465       0.8311
    8466       0.8261
    8467       0.7844
    8468       0.8905
    8469       0.9371
    8470       0.8943
    8471       0.9405
    8472       0.7763
    8473       0.7588
    8474       0.9981
    8475       0.9445
    8476       0.8506
    8477       0.8976
    8478       0.9130
    8479       0.9168
    8480       0.9291
    8481       0.9825
    8482       1.0979
    8483       1.1393
    8484       1.0410
    8485       1.0012
    8486       0.9893
    8487       0.9803
    8488       1.0085
    8489       0.8740
    8490       0.9308
    8491       0.9921
    8492       0.9809
    8493       0.8930
    8494       0.8671
    8495       0.9457
    8496       0.8833
    8497       0.9324
    8498       1.0896
    8499       1.1011
    8500       0.9780
    8501       0.8450
    8502       0.9440
    8503       1.0175
    8504       0.7553
    8505       0.8637
    8506       0.8507
    8507       0.9861
    8508       0.9325
    8509       0.9065
    8510       0.8968
    8511       0.8556
    8512       0.8567
    8513       0.8309
    8514       0.8499
    8515       0.8622
    8516       0.8777
    8517       0.8237
    8518       0.7995
    8519       0.9020
    8520       0.8112
    8521       0.8627
    8522       0.7267
    8523       0.8072
    8524       0.7564
    8525       0.8269
    8526       0.8328
    8527       0.7172
    8528       0.9016
    8529       0.7658
    8530       0.7921
    8531       0.8235
    8532       0.7452
    8533       0.8232
    8534       0.7698
    8535       0.7882
    8536       0.8027
    8537       0.9322
    8538       0.8576
    8539       0.9403
    8540       0.8766
    8541       0.9021
    8542       0.8879
    8543       0.8629
    8544       0.8615
    8545       0.9373
    8546       0.9332
    8547       0.8088
    8548       0.8661
    8549       0.8989
    8550       0.8159
    8551       0.9050
    8552       0.8850
    8553       0.8966
    8554       0.9180
    8555       0.8930
    8556       0.8498
    8557       0.8681
    8558       0.8924
    8559       0.7614
    8560       0.9594
    8561       0.8514
    8562       0.8641
    8563       0.9407
    8564       0.8767
    8565       0.8906
    8566       0.8940
    8567       0.9211
    8568       1.0005
    8569       0.9624
    8570       0.9482
    8571       1.0361
    8572       1.0967
    8573       1.0778
    8574       1.0298
    8575       0.8665
    8576       0.9259
    8577       0.8948
    8578       0.9589
    8579       0.9701
    8580       1.0844
    8581       0.9945
    8582       1.0628
    8583       0.9549
    8584       1.0719
    8585       0.9710
    8586       0.9845
    8587       1.1111
    8588       0.9843
    8589       1.0778
    8590       1.0280
    8591       1.0912
    8592       1.0748
    8593       0.9771
    8594       1.0263
    8595       0.9744
    8596       0.9670
    8597       1.0122
    8598       0.9878
    8599       0.9503
    8600       0.9777
    8601       1.0122
    8602       1.0370
    8603       1.1200
    8604       0.9410
    8605       1.0219
    8606       1.0951
    8607       0.9391
    8608       0.9298
    8609       0.9146
    8610       0.9061
    8611       0.9878
    8612       0.9953
    8613       1.0342
    8614       0.9804
    8615       0.8873
    8616       0.8596
    8617       0.9665
    8618       0.9275
    8619       0.9673
    8620       0.9768
    8621       0.9641
    8622       0.9315
    8623       0.9769
    8624       1.0392
    8625       1.1110
    8626       1.1053
    8627       1.1470
    8628       1.1408
    8629       1.0929
    8630       1.1728
    8631       1.3037
    8632       1.2704
    8633       1.2879
    8634       1.2645
    8635       1.2589
    8636       1.0768
    8637       1.0151
    8638       1.0600
    8639       1.0461
    8640       1.0113
    8641       1.1154
    8642       0.9805
    8643       0.8663
    8644       0.8583
    8645       0.8866
    8646       0.8627
    8647       0.9669
    8648       1.1024
    8649       0.9608
    8650       0.9626
    8651       1.0169
    8652       1.0786
    8653       1.0228
    8654       0.9667
    8655       1.1925
    8656       0.9248
    8657       0.9543
    8658       0.9881
    8659       0.9500
    8660       0.9606
    8661       0.9185
    8662       0.8683
    8663       0.9461
    8664       0.8760
    8665       0.8377
    8666       0.7851
    8667       0.8478
    8668       0.7707
    8669       0.8722
    8670       0.8557
    8671       0.8432
    8672       0.8149
    8673       0.8193
    8674       0.8722
    8675       0.8321
    8676       0.9385
    8677       0.8555
    8678       0.9249
    8679       0.9445
    8680       0.8553
    8681       0.9740
    8682       0.8767
    8683       0.8737
    8684       0.8900
    8685       0.8705
    8686       0.9115
    8687       0.8203
    8688       0.8006
    8689       0.8276
    8690       0.9254
    8691       0.9771
    8692       0.9087
    8693       1.0064
    8694       0.9748
    8695       0.8639
    8696       0.9009
    8697       0.9399
    8698       0.9720
    8699       1.0283
    8700       0.9250
    8701       1.0051
    8702       0.9508
    8703       0.8381
    8704       0.9266
    8705       0.9023
    8706       0.8440
    8707       0.8067
    8708       0.8819
    8709       0.9208
    8710       0.8397
    8711       0.9174
    8712       0.9837
    8713       0.9243
    8714       1.0283
    8715       0.8863
    8716       0.9873
    8717       0.9511
    8718       0.9450
    8719       0.9479
    8720       0.8808
    8721       0.8695
    8722       0.9086
    8723       0.9736
    8724       0.8455
    8725       0.8192
    8726       0.8705
    8727       0.8266
    8728       0.8637
    8729       0.8689
    8730       0.8940
    8731       0.8123
    8732       0.7729
    8733       0.7103
    8734       0.8255
    8735       0.9311
    8736       1.0583
    8737       1.0496
    8738       1.0698
    8739       0.9252
    8740       0.8572
    8741       0.9725
    8742       0.8334
    8743       0.8679
    8744       0.8473
    8745       0.8820
    8746       0.8430
    8747       0.7956
    8748       0.8671
    8749       0.9429
    8750       0.8632
    8751       0.9060
    8752       0.9328
    8753       0.9110
    8754       0.9506
    8755       0.9896
    8756       1.0327
    8757       0.9572
    8758       0.9688
    8759       0.9671
    8760       0.8670
    8761       0.9273
    8762       0.9140
    8763       0.7786
    8764       0.9175
    8765       0.8599
    8766       0.8949
    8767       0.7984
    8768       0.9312
    8769       0.9462
    8770       0.8393
    8771       0.9029
    8772       0.8470
    8773       1.0368
    8774       0.9633
    8775       0.9769
    8776       1.0468
    8777       1.1080
    8778       0.8960
    8779       0.8759
    8780       1.0106
    8781       1.0300
    8782       0.9871
    8783       0.9765
    8784       0.8395
    8785       0.9915
    8786       0.7862
    8787       0.8504
    8788       0.7859
    8789       0.8064
    8790       0.8435
    8791       0.9073
    8792       0.9487
    8793       1.0576
    8794       0.9520
    8795       0.8658
    8796       0.8651
    8797       0.9579
    8798       1.0633
    8799       0.9092
    8800       0.8656
    8801       0.8891
    8802       0.8314
    8803       1.0113
    8804       1.0382
    8805       1.0069
    8806       1.1151
    8807       0.9608
    8808       0.8499
    8809       0.8766
    8810       0.9479
    8811       0.8889
    8812       0.8713
    8813       0.8816
    8814       0.8280
    8815       1.0087
    8816       1.0591
    8817       0.9494
    8818       0.8950
    8819       0.7935
    8820       0.8857
    8821       0.9162
    8822       0.8662
    8823       0.8470
    8824       0.9176
    8825       0.8855
    8826       0.8924
    8827       0.8830
    8828       0.9612
    8829       0.9634
    8830       0.7276
    8831       0.8067
    8832       0.8655
    8833       0.8512
    8834       0.8793
    8835       0.9069
    8836       0.8023
    8837       0.8263
    8838       0.8428
    8839       0.7856
    8840       0.9858
    8841       0.8046
    8842       0.8398
    8843       0.8105
    8844       0.7997
    8845       0.8233
    8846       0.8937
    8847       0.8550
    8848       0.7779
    8849       0.8744
    8850       0.8116
    8851       0.8803
    8852       0.8106
    8853       0.7793
    8854       0.8611
    8855       0.7909
    8856       0.8576
    8857       0.9791
    8858       0.8091
    8859       0.8903
    8860       0.8558
    8861       0.7952
    8862       0.8589
    8863       0.7819
    8864       0.8842
    8865       1.0037
    8866       1.0540
    8867       0.8538
    8868       0.9095
    8869       0.9115
    8870       1.0282
    8871       0.8616
    8872       0.9325
    8873       0.9926
    8874       0.9743
    8875       0.8211
    8876       0.8738
    8877       0.8458
    8878       0.9281
    8879       0.9053
    8880       0.8960
    8881       0.8370
    8882       0.8769
    8883       0.8810
    8884       0.8207
    8885       0.7951
    8886       0.8207
    8887       0.8073
    8888       0.8351
    8889       0.8450
    8890       0.7703
    8891       0.8496
    8892       0.8033
    8893       0.7946
    8894       0.8861
    8895       0.7970
    8896       0.9409
    8897       1.1117
    8898       0.8774
    8899       0.8436
    8900       0.8476
    8901       0.9088
    8902       0.8524
    8903       0.8985
    8904       1.0070
    8905       0.9467
    8906       0.9645
    8907       0.8289
    8908       0.7905
    8909       0.7596
    8910       0.7233
    8911       0.8756
    8912       0.8142
    8913       0.8533
    8914       0.9992
    8915       0.9467
    8916       0.9438
    8917       0.8341
    8918       0.8686
    8919       0.8972
    8920       0.8331
    8921       0.8428
    8922       0.9470
    8923       1.0437
    8924       1.0507
    8925       1.0498
    8926       0.9068
    8927       0.7681
    8928       0.8296
    8929       0.8311
    8930       0.8645
    8931       0.7826
    8932       0.8162
    8933       1.0004
    8934       0.8868
    8935       0.9540
    8936       0.8716
    8937       0.8855
    8938       0.8872
    8939       0.9319
    8940       0.9092
    8941       0.9295
    8942       0.9616
    8943       0.8296
    8944       0.8063
    8945       0.9291
    8946       0.8820
    8947       1.0178
    8948       0.8769
    8949       0.9098
    8950       0.9096
    8951       0.8112
    8952       0.9047
    8953       0.8131
    8954       0.7814
    8955       0.9274
    8956       0.9632
    8957       0.9805
    8958       0.8681
    8959       0.9011
    8960       0.7554
    8961       0.8081
    8962       0.7206
    8963       0.7935
    8964       0.8272
    8965       0.8574
    8966       0.8918
    8967       0.9366
    8968       0.9155
    8969       0.9074
    8970       1.0372
    8971       1.0277
    8972       0.8752
    8973       0.9338
    8974       0.8316
    8975       0.8391
    8976       0.7675
    8977       0.9151
    8978       0.9399
    8979       0.9137
    8980       0.9625
    8981       0.8826
    8982       0.8925
    8983       0.9175
    8984       0.9367
    8985       0.7861
    8986       0.8428
    8987       0.7957
    8988       0.8659
    8989       0.8834
    8990       0.9008
    8991       0.7882
    8992       0.8840
    8993       0.9061
    8994       0.9340
    8995       0.8935
    8996       0.8358
    8997       0.8642
    8998       0.8246
    8999       0.8365
    9000       0.8248
    9001       0.8448
    9002       0.9005
    9003       0.8772
    9004       0.9244
    9005       0.8698
    9006       0.9898
    9007       0.8852
    9008       0.9178
    9009       0.8311
    9010       0.9616
    9011       1.1232
    9012       1.1068
    9013       1.1513
    9014       1.0318
    9015       1.1177
    9016       1.0537
    9017       0.9138
    9018       1.1117
    9019       0.9818
    9020       0.9997
    9021       1.1236
    9022       1.0144
    9023       1.0838
    9024       1.0430
    9025       1.0154
    9026       0.9664
    9027       0.9470
    9028       1.0096
    9029       0.8698
    9030       0.9557
    9031       1.1533
    9032       1.0748
    9033       1.1323
    9034       1.0995
    9035       1.0044
    9036       1.0572
    9037       1.0421
    9038       0.9720
    9039       1.0052
    9040       0.9010
    9041       0.8394
    9042       0.9082
    9043       0.9391
    9044       1.0302
    9045       0.9256
    9046       0.8929
    9047       0.9495
    9048       0.9724
    9049       0.8435
    9050       0.7954
    9051       0.7439
    9052       0.8199
    9053       0.8688
    9054       1.1927
    9055       1.1529
    9056       1.1337
    9057       1.0309
    9058       1.0844
    9059       0.8834
    9060       0.8541
    9061       0.9028
    9062       0.9883
    9063       0.8776
    9064       0.8406
    9065       0.9586
    9066       0.9440
    9067       0.8791
    9068       0.9312
    9069       1.0291
    9070       1.1273
    9071       1.0065
    9072       1.0136
    9073       1.1122
    9074       1.1330
    9075       1.1258
    9076       1.0598
    9077       1.1048
    9078       1.1788
    9079       1.0299
    9080       1.2483
    9081       1.1354
    9082       1.1455
    9083       1.1541
    9084       1.0946
    9085       0.9658
    9086       1.2540
    9087       1.0432
    9088       1.0800
    9089       0.9660
    9090       0.8363
    9091       1.0163
    9092       1.0074
    9093       1.1408
    9094       1.0297
    9095       0.9663
    9096       1.0542
    9097       1.2029
    9098       1.1365
    9099       1.0105
    9100       0.9838
    9101       1.0275
    9102       1.0611
    9103       0.9569
    9104       0.9753
    9105       0.9223
    9106       0.8849
    9107       0.8959
    9108       0.8363
    9109       0.9082
    9110       0.8579
    9111       0.8635
    9112       0.8817
    9113       0.8478
    9114       0.9092
    9115       0.9899
    9116       0.9163
    9117       0.9320
    9118       0.8779
    9119       0.9017
    9120       0.8590
    9121       0.8468
    9122       0.8549
    9123       1.0343
    9124       0.9806
    9125       0.9576
    9126       0.9151
    9127       0.9379
    9128       1.0693
    9129       0.9180
    9130       0.9837
    9131       0.9094
    9132       0.9298
    9133       0.8825
    9134       1.0102
    9135       0.9944
    9136       0.9490
    9137       1.0221
    9138       1.1254
    9139       1.0854
    9140       1.0998
    9141       1.3312
    9142       1.2772
    9143       1.1553
    9144       0.8748
    9145       1.0530
    9146       0.9647
    9147       1.0043
    9148       0.9371
    9149       1.1458
    9150       1.1827
    9151       1.1947
    9152       1.1263
    9153       1.2573
    9154       1.1529
    9155       1.0155
    9156       0.9878
    9157       1.0733
    9158       0.8970
    9159       1.0502
    9160       0.9356
    9161       1.0520
    9162       1.0549
    9163       1.0575
    9164       1.0870
    9165       1.0834
    9166       0.9297
    9167       0.9940
    9168       1.0136
    9169       0.9767
    9170       0.8971
    9171       0.9277
    9172       0.9224
    9173       0.9884
    9174       1.0207
    9175       1.1623
    9176       1.1591
    9177       1.1651
    9178       1.0420
    9179       0.9738
    9180       0.9325
    9181       0.9070
    9182       0.9871
    9183       0.9641
    9184       0.9955
    9185       1.0338
    9186       0.9481
    9187       0.9847
    9188       1.0992
    9189       1.0006
    9190       1.0386
    9191       0.8785
    9192       0.9204
    9193       0.8532
    9194       0.8240
    9195       1.0657
    9196       1.0129
    9197       0.9718
    9198       0.9762
    9199       0.9478
    9200       0.9245
    9201       0.9053
    9202       0.9440
    9203       1.1415
    9204       1.1659
    9205       1.0449
    9206       0.9736
    9207       0.9010
    9208       0.9704
    9209       1.0174
    9210       1.0050
    9211       1.0577
    9212       0.9515
    9213       1.0457
    9214       1.0100
    9215       1.1346
    9216       1.0965
    9217       1.2041
    9218       1.1612
    9219       1.1729
    9220       1.1747
    9221       1.0762
    9222       0.9504
    9223       1.0391
    9224       0.9290
    9225       1.0036
    9226       0.9756
    9227       0.9947
    9228       1.1316
    9229       1.0968
    9230       1.0523
    9231       0.9808
    9232       1.1455
    9233       1.2457
    9234       1.2853
    9235       1.1354
    9236       1.2380
    9237       1.2406
    9238       1.1857
    9239       1.0667
    9240       1.0812
    9241       1.0172
    9242       1.1987
    9243       1.2123
    9244       1.3349
    9245       1.3194
    9246       1.2777
    9247       1.1593
    9248       1.1254
    9249       1.2473
    9250       1.2931
    9251       1.2979
    9252       1.1826
    9253       1.1369
    9254       1.1293
    9255       1.0489
    9256       1.0363
    9257       0.9512
    9258       1.0038
    9259       1.0062
    9260       1.1738
    9261       1.1085
    9262       1.0833
    9263       1.0648
    9264       1.1511
    9265       1.0650
    9266       1.1903
    9267       1.1867
    9268       1.0520
    9269       1.1309
    9270       1.1557
    9271       1.0708
    9272       1.1711
    9273       1.1679
    9274       1.1583
    9275       1.1964
    9276       1.1951
    9277       1.1206
    9278       1.1466
    9279       1.1116
    9280       1.0531
    9281       1.1350
    9282       1.0937
    9283       1.1315
    9284       1.1262
    9285       1.2009
    9286       1.1500
    9287       1.1695
    9288       1.1637
    9289       1.1473
    9290       1.0276
    9291       1.1066
    9292       1.0575
    9293       1.0877
    9294       1.0910
    9295       1.1414
    9296       1.1386
    9297       1.1136
    9298       1.0670
    9299       1.1091
    9300       1.1522
    9301       1.1057
    9302       1.0761
    9303       1.0428
    9304       0.9456
    9305       0.9334
    9306       1.0282
    9307       1.0488
    9308       1.0085
    9309       1.0170
    9310       1.1690
    9311       1.1191
    9312       1.0694
    9313       1.0605
    9314       0.9536
    9315       0.9974
    9316       1.0865
    9317       1.1601
    9318       1.2812
    9319       1.1513
    9320       1.1555
    9321       1.1056
    9322       1.2292
    9323       1.0913
    9324       1.1439
    9325       1.0776
    9326       0.9930
    9327       1.0136
    9328       1.0791
    9329       1.0971
    9330       1.0727
    9331       1.0302
    9332       0.9515
    9333       1.0720
    9334       1.0493
    9335       0.9801
    9336       1.0107
    9337       1.0736
    9338       1.0982
    9339       1.0818
    9340       1.2328
    9341       1.0910
    9342       1.0631
    9343       1.1114
    9344       1.0562
    9345       1.0795
    9346       1.0615
    9347       1.1518
    9348       1.2496
    9349       1.1611
    9350       1.1789
    9351       1.1088
    9352       1.0840
    9353       0.9902
    9354       1.0201
    9355       1.0058
    9356       1.1903
    9357       1.1841
    9358       1.0198
    9359       1.0699
    9360       1.1025
    9361       1.0526
    9362       1.0093
    9363       1.0636
    9364       1.0410
    9365       1.1362
    9366       0.9685
    9367       0.9038
    9368       0.9348
    9369       0.9432
    9370       0.8771
    9371       0.9974
    9372       1.0123
    9373       1.0167
    9374       0.9123
    9375       0.9765
    9376       0.8808
    9377       1.1124
    9378       0.9223
    9379       0.9781
    9380       0.8772
    9381       0.9129
    9382       0.9662
    9383       0.8639
    9384       1.0256
    9385       0.9791
    9386       1.1241
    9387       0.9976
    9388       1.0547
    9389       1.0369
    9390       1.1027
    9391       0.9484
    9392       0.9179
    9393       0.9871
    9394       0.9315
    9395       0.9632
    9396       1.0317
    9397       1.0252
    9398       1.1535
    9399       0.9521
    9400       1.0098
    9401       0.9676
    9402       0.9808
    9403       0.9785
    9404       1.0553
    9405       1.1232
    9406       1.1335
    9407       1.0796
    9408       1.1111
    9409       1.1416
    9410       1.1779
    9411       1.0999
    9412       1.1336
    9413       1.1416
    9414       1.0944
    9415       1.1821
    9416       1.0387
    9417       0.9773
    9418       1.0070
    9419       1.0007
    9420       0.9973
    9421       0.9490
    9422       1.0861
    9423       1.0618
    9424       0.9801
    9425       1.0519
    9426       1.1559
    9427       0.9923
    9428       1.1262
    9429       0.9913
    9430       0.9774
    9431       1.0074
    9432       1.1102
    9433       1.0402
    9434       0.9571
    9435       1.0104
    9436       1.0540
    9437       0.9146
    9438       1.1069
    9439       0.9920
    9440       1.0677
    9441       0.9605
    9442       1.1003
    9443       1.1067
    9444       1.1333
    9445       1.0663
    9446       1.0979
    9447       0.9569
    9448       0.8544
    9449       1.0737
    9450       1.0079
    9451       1.0359
    9452       0.9377
    9453       1.0122
    9454       1.1093
    9455       1.1807
    9456       1.0090
    9457       0.9438
    9458       1.1197
    9459       1.1842
    9460       1.1181
    9461       1.1502
    9462       1.0693
    9463       0.9814
    9464       0.9926
    9465       0.9037
    9466       0.9538
    9467       1.0971
    9468       0.9529
    9469       0.9753
    9470       1.0031
    9471       0.9396
    9472       0.8696
    9473       0.9542
    9474       0.9755
    9475       1.0092
    9476       1.0066
    9477       1.1040
    9478       0.9676
    9479       1.1042
    9480       1.0121
    9481       1.0412
    9482       1.0729
    9483       1.1998
    9484       1.1115
    9485       1.0706
    9486       1.1342
    9487       1.0462
    9488       0.9665
    9489       1.0529
    9490       1.0519
    9491       1.1811
    9492       1.1643
    9493       1.1767
    9494       1.1829
    9495       1.1330
    9496       1.1677
    9497       1.1425
    9498       1.0869
    9499       1.0177
    9500       1.0811
    9501       1.0331
    9502       1.0488
    9503       1.1098
    9504       1.0277
    9505       1.1086
    9506       1.2596
    9507       1.1307
    9508       1.0602
    9509       1.0407
    9510       0.9282
    9511       0.9795
    9512       1.0173
    9513       1.0276
    9514       1.0038
    9515       0.9600
    9516       0.9630
    9517       1.0206
    9518       0.9153
    9519       0.9498
    9520       0.9801
    9521       0.9461
    9522       0.9845
    9523       0.9628
    9524       0.9362
    9525       1.1055
    9526       1.1667
    9527       1.0528
    9528       1.0407
    9529       1.0384
    9530       1.0659
    9531       1.0379
    9532       1.1413
    9533       1.2362
    9534       1.0811
    9535       1.0957
    9536       0.9993
    9537       1.0555
    9538       1.0734
    9539       1.0753
    9540       1.0343
    9541       0.9466
    9542       1.1204
    9543       1.0385
    9544       1.0675
    9545       1.1710
    9546       1.1845
    9547       1.1582
    9548       1.0810
    9549       0.9802
    9550       0.9315
    9551       1.0910
    9552       1.1039
    9553       1.0906
    9554       1.2032
    9555       1.1370
    9556       1.0090
    9557       0.9605
    9558       0.9858
    9559       0.9418
    9560       0.8387
    9561       0.9447
    9562       1.2171
    9563       1.0193
    9564       1.0219
    9565       1.0477
    9566       0.9042
    9567       0.9286
    9568       1.0156
    9569       0.9569
    9570       1.0520
    9571       0.9323
    9572       0.9375
    9573       1.0406
    9574       0.9761
    9575       0.9248
    9576       0.8304
    9577       0.8179
    9578       1.0224
    9579       0.9847
    9580       1.1050
    9581       0.8801
    9582       0.8766
    9583       0.9127
    9584       0.9546
    9585       0.8704
    9586       1.0252
    9587       1.0072
    9588       1.0880
    9589       1.0378
    9590       1.0465
    9591       0.9683
    9592       1.0310
    9593       0.8680
    9594       1.0078
    9595       1.0178
    9596       0.9947
    9597       1.0291
    9598       1.0214
    9599       0.9832
    9600       0.9811
    9601       1.0467
    9602       0.9973
    9603       0.9866
    9604       1.0285
    9605       1.0697
    9606       1.1727
    9607       1.1380
    9608       1.1499
    9609       1.1262
    9610       1.0696
    9611       1.1271
    9612       1.1182
    9613       0.9860
    9614       1.0135
    9615       1.0042
    9616       0.9377
    9617       1.0617
    9618       1.2136
    9619       1.2662
    9620       1.3218
    9621       1.3351
    9622       1.2136
    9623       1.2020
    9624       1.0466
    9625       1.0365
    9626       1.1961
    9627       0.9263
    9628       1.0504
    9629       1.0369
    9630       1.0730
    9631       1.0816
    9632       1.2786
    9633       1.2070
    9634       1.1751
    9635       1.0165
    9636       1.0821
    9637       1.0437
    9638       1.0911
    9639       1.0684
    9640       1.1369
    9641       0.9559
    9642       0.9646
    9643       1.0556
    9644       1.1158
    9645       1.1359
    9646       1.0097
    9647       0.9033
    9648       1.0210
    9649       0.9860
    9650       0.8828
    9651       0.9366
    9652       0.8775
    9653       0.9723
    9654       1.0426
    9655       1.0966
    9656       1.0046
    9657       0.9976
    9658       1.0676
    9659       0.9908
    9660       0.9409
    9661       0.9923
    9662       1.0444
    9663       1.1090
    9664       1.0868
    9665       0.9910
    9666       1.0011
    9667       1.0726
    9668       1.0300
    9669       1.1169
    9670       0.9764
    9671       0.9751
    9672       0.9838
    9673       1.0279
    9674       1.0478
    9675       1.0206
    9676       1.0187
    9677       0.9447
    9678       1.0362
    9679       1.0220
    9680       1.0775
    9681       1.0326
    9682       0.9983
    9683       1.0577
    9684       1.1897
    9685       1.0974
    9686       1.1387
    9687       1.1633
    9688       1.1024
    9689       1.0147
    9690       1.0421
    9691       1.0353
    9692       0.9982
    9693       1.0179
    9694       1.0917
    9695       1.1547
    9696       1.0527
    9697       1.0181
    9698       1.1903
    9699       1.0422
    9700       1.0248
    9701       0.9230
    9702       1.0480
    9703       0.9992
    9704       1.0451
    9705       1.0656
    9706       0.9583
    9707       1.1088
    9708       1.1965
    9709       1.3553
    9710       1.2091
    9711       1.1866
    9712       1.2093
    9713       1.0828
    9714       1.2151
    9715       1.1876
    9716       1.1312
    9717       1.1371
    9718       1.1294
    9719       1.0747
    9720       1.0194
    9721       1.0323
    9722       1.0927
    9723       1.0603
    9724       0.9931
    9725       0.9351
    9726       0.9559
    9727       1.0588
    9728       1.0572
    9729       1.0836
    9730       1.0831
    9731       1.0084
    9732       1.0820
    9733       1.0833
    9734       1.1434
    9735       1.2173
    9736       1.2794
    9737       1.0580
    9738       1.1251
    9739       1.1325
    9740       1.0651
    9741       1.0677
    9742       1.1327
    9743       1.1717
    9744       1.1846
    9745       1.0988
    9746       1.1692
    9747       1.2061
    9748       1.0335
    9749       1.0750
    9750       1.1207
    9751       1.0556
    9752       1.1576
    9753       1.0196
    9754       1.0427
    9755       1.0770
    9756       1.0014
    9757       1.0461
    9758       1.0435
    9759       1.0246
    9760       0.9900
    9761       0.8899
    9762       0.9803
    9763       0.9901
    9764       0.9776
    9765       1.0292
    9766       1.0420
    9767       1.0580
    9768       1.0964
    9769       1.2519
    9770       1.2174
    9771       1.1047
    9772       1.0136
    9773       0.9809
    9774       0.9977
    9775       0.9170
    9776       0.8895
    9777       0.9087
    9778       0.9482
    9779       0.9486
    9780       0.9748
    9781       0.9522
    9782       0.9517
    9783       0.9441
    9784       0.9460
    9785       0.9421
    9786       0.8870
    9787       0.9037
    9788       0.8945
    9789       0.9695
    9790       1.0353
    9791       0.9701
    9792       0.8951
    9793       0.8883
    9794       0.8819
    9795       1.0047
    9796       1.0352
    9797       1.0129
    9798       0.9553
    9799       0.9501
    9800       0.9386
    9801       1.0282
    9802       0.9409
    9803       0.8684
    9804       1.0750
    9805       0.9664
    9806       0.9394
    9807       0.9399
    9808       0.9885
    9809       1.0061
    9810       0.9877
    9811       1.0469
    9812       0.9665
    9813       1.0570
    9814       1.0624
    9815       1.1139
    9816       1.2194
    9817       1.0966
    9818       1.0741
    9819       1.0086
    9820       0.9363
    9821       0.9311
    9822       1.0211
    9823       1.1053
    9824       1.1680
    9825       1.0700
    9826       1.0248
    9827       1.0152
    9828       0.9322
    9829       0.9621
    9830       0.9664
    9831       0.9828
    9832       1.1370
    9833       1.1597
    9834       1.3989
    9835       1.4729
    9836       1.4699
    9837       1.3436
    9838       1.2743
    9839       1.3376
    9840       1.2895
    9841       1.1921
    9842       1.1596
    9843       1.2299
    9844       1.3035
    9845       1.3130
    9846       1.2505
    9847       1.3978
    9848       1.3785
    9849       1.5001
    9850       1.3061
    9851       1.1755
    9852       1.3024
    9853       1.3017
    9854       1.1637
    9855       1.2125
    9856       1.3896
    9857       1.3851
    9858       1.4336
    9859       1.3345
    9860       1.2382
    9861       1.1873
    9862       1.1973
    9863       1.1820
    9864       1.2273
    9865       1.2677
    9866       1.2001
    9867       1.2218
    9868       1.1693
    9869       1.4089
    9870       1.4007
    9871       1.3791
    9872       1.3280
    9873       1.1870
    9874       1.2332
    9875       1.2216
    9876       1.2573
    9877       1.2276
    9878       1.1248
    9879       1.1693
    9880       1.0221
    9881       1.0334
    9882       0.9611
    9883       1.0265
    9884       0.9947
    9885       0.9464
    9886       0.8780
    9887       1.0473
    9888       0.9421
    9889       0.8689
    9890       0.8804
    9891       0.9306
    9892       0.9125
    9893       0.9311
    9894       0.9433
    9895       0.9513
    9896       1.0498
    9897       1.0603
    9898       1.0506
    9899       1.0171
    9900       1.1306
    9901       1.0740
    9902       1.1280
    9903       1.0777
    9904       1.1884
    9905       1.2205
    9906       1.2812
    9907       1.2245
    9908       1.0823
    9909       0.9879
    9910       0.9804
    9911       0.9413
    9912       0.9302
    9913       0.9874
    9914       0.9397
    9915       0.9363
    9916       0.8662
    9917       0.8558
    9918       0.8566
    9919       0.8395
    9920       0.9101
    9921       0.9918
    9922       0.9466
    9923       0.8347
    9924       0.7798
    9925       0.8714
    9926       0.9383
    9927       1.0019
    9928       0.9691
    9929       0.9285
    9930       0.8997
    9931       0.9534
    9932       0.9590
    9933       0.9851
    9934       1.0463
    9935       0.9282
    9936       0.9792
    9937       0.9622
    9938       0.9125
    9939       0.9180
    9940       1.0015
    9941       1.0069
    9942       1.1028
    9943       0.9840
    9944       0.9039
    9945       1.0071
    9946       1.0229
    9947       1.0363
    9948       0.9255
    9949       0.9942
    9950       1.0565
    9951       1.1826
    9952       1.0870
    9953       1.0833
    9954       1.1068
    9955       1.0579
    9956       1.1834
    9957       1.1456
    9958       1.1599
    9959       1.1494
    9960       1.1649
    9961       1.0660
    9962       1.1466
    9963       1.0967
    9964       0.9651
    9965       0.9134
    9966       1.1026
    9967       1.1028
    9968       1.0083
    9969       1.0755
    9970       1.0368
    9971       1.0933
    9972       1.0056
    9973       1.0118
    9974       1.0583
    9975       1.0234
    9976       0.9094
    9977       0.9958
    9978       1.0242
    9979       0.9886
    9980       0.9785
    9981       1.0296
    9982       0.9359
    9983       0.8477
    9984       0.7739
    9985       1.0011
    9986       1.0497
    9987       1.1037
    9988       1.1275
    9989       0.9168
    9990       0.8841
    9991       0.9590
    9992       0.9433
    9993       0.9463
    9994       0.9264
    9995       0.9603
    9996       0.9768
    9997       0.9324
    9998       0.9141
    9999       1.0418
   10000       1.0525
   10001       1.0485
   10002       1.0073
   10003       0.8968
   10004       1.0153
   10005       0.9703
   10006       1.0327
   10007       0.9831
   10008       1.1280
   10009       0.9919
   10010       0.9083
   10011       0.8967
   10012       0.9030
   10013       0.9372
   10014       1.0049
   10015       0.9913
   10016       1.0185
   10017       1.1211
   10018       1.0983
   10019       1.1012
   10020       1.0226
   10021       1.0429
   10022       1.0055
   10023       0.9295
   10024       0.7895
   10025       0.9047
   10026       0.9174
   10027       0.8682
   10028       0.8513
   10029       0.8861
   10030       0.8752
   10031       0.8452
   10032       0.9927
   10033       1.0879
   10034       0.9463
   10035       0.9225
   10036       0.9096
   10037       0.8091
   10038       0.9216
   10039       0.8666
   10040       0.9356
   10041       0.9989
   10042       1.0830
   10043       1.0791
   10044       1.0600
   10045       0.9184
   10046       0.9060
   10047       1.1047
   10048       1.1340
   10049       1.1500
   10050       1.0682
   10051       1.0883
   10052       1.1856
   10053       1.1067
   10054       0.9029
   10055       0.9706
   10056       1.0197
   10057       0.9703
   10058       0.9065
   10059       1.0738
   10060       1.1290
   10061       1.0936
   10062       1.1268
   10063       1.0992
   10064       0.9920
   10065       1.0012
   10066       1.1452
   10067       1.0652
   10068       1.0525
   10069       1.0942
   10070       1.3101
   10071       1.1742
   10072       1.2001
   10073       0.9943
   10074       1.0860
   10075       1.0299
   10076       1.1018
   10077       1.1492
   10078       1.2057
   10079       1.0585
   10080       1.0095
   10081       0.9515
   10082       0.9153
   10083       1.0081
   10084       0.8714
   10085       0.9040
   10086       0.8030
   10087       0.8368
   10088       0.9338
   10089       0.7826
   10090       0.8358
   10091       0.8890
   10092       0.9379
   10093       0.8681
   10094       0.8785
   10095       0.8622
   10096       0.8409
   10097       0.7962
   10098       0.8422
   10099       0.9007
   10100       0.8936
   10101       0.8798
   10102       0.7887
   10103       0.7634
   10104       0.8296
   10105       0.8984
   10106       0.8394
   10107       0.8318
   10108       0.7413
   10109       0.9412
   10110       0.8800
   10111       0.8163
   10112       0.8886
   10113       0.9759
   10114       0.9895
   10115       1.0613
   10116       0.9959
   10117       0.9117
   10118       0.9016
   10119       0.9807
   10120       1.0666
   10121       0.9689
   10122       0.8963
   10123       0.9284
   10124       0.9927
   10125       0.8898
   10126       0.7688
   10127       0.7868
   10128       0.7943
   10129       0.9135
   10130       0.9318
   10131       0.8880
   10132       0.9075
   10133       1.0164
   10134       0.9767
   10135       1.0203
   10136       0.9705
   10137       1.0074
   10138       1.0074
   10139       1.1238
   10140       1.0056
   10141       1.0744
   10142       0.9785
   10143       0.9471
   10144       1.0039
   10145       0.8855
   10146       1.0025
   10147       0.9083
   10148       0.8876
   10149       0.9265
   10150       0.8795
   10151       0.9568
   10152       0.8263
   10153       0.9134
   10154       0.9077
   10155       0.9258
   10156       1.0122
   10157       0.8730
   10158       0.9641
   10159       0.9761
   10160       0.9720
   10161       1.0050
   10162       0.8576
   10163       1.0774
   10164       0.9546
   10165       0.9334
   10166       0.9658
   10167       0.9143
   10168       0.8292
   10169       0.8135
   10170       0.8900
   10171       0.8793
   10172       0.9522
   10173       0.9723
   10174       0.8967
   10175       0.9859
   10176       1.0250
   10177       0.9258
   10178       0.9866
   10179       0.8775
   10180       0.9598
   10181       1.0023
   10182       1.0546
   10183       1.0237
   10184       1.0824
   10185       1.0763
   10186       0.9409
   10187       0.8272
   10188       0.8825
   10189       0.8402
   10190       0.9378
   10191       0.8363
   10192       0.9524
   10193       0.8573
   10194       1.0541
   10195       0.9424
   10196       0.9701
   10197       0.9558
   10198       0.8880
   10199       0.9157
   10200       0.9278
   10201       0.9839
   10202       1.0267
   10203       0.8597
   10204       0.9243
   10205       0.9362
   10206       0.9620
   10207       0.9360
   10208       0.8973
   10209       0.9701
   10210       0.8176
   10211       0.9319
   10212       1.1346
   10213       1.0028
   10214       1.1406
   10215       1.1077
   10216       1.2329
   10217       1.1762
   10218       1.0462
   10219       1.0290
   10220       1.0468
   10221       1.0148
   10222       0.8929
   10223       0.9315
   10224       0.9209
   10225       0.9159
   10226       0.9944
   10227       1.0073
   10228       0.9594
   10229       0.9218
   10230       1.0188
   10231       0.9496
   10232       1.1109
   10233       1.0856
   10234       1.0533
   10235       0.9514
   10236       0.9369
   10237       0.8994
   10238       0.8913
   10239       0.8526
   10240       0.8707
   10241       0.8701
   10242       0.9139
   10243       0.7838
   10244       0.8510
   10245       0.8553
   10246       0.8677
   10247       0.8292
   10248       0.8793
   10249       0.8377
   10250       0.8648
   10251       0.9078
   10252       0.9046
   10253       0.8560
   10254       0.9203
   10255       0.9955
   10256       1.0235
   10257       0.8934
   10258       0.8933
   10259       1.0533
   10260       0.9339
   10261       0.8783
   10262       0.9299
   10263       0.9168
   10264       0.8326
   10265       0.8423
   10266       0.7997
   10267       0.8529
   10268       0.7929
   10269       0.9469
   10270       0.9935
   10271       0.9203
   10272       0.9629
   10273       0.9106
   10274       0.9970
   10275       0.9113
   10276       0.8969
   10277       0.9870
   10278       1.0417
   10279       0.8926
   10280       0.9632
   10281       0.9625
   10282       0.9244
   10283       0.9843
   10284       0.9860
   10285       0.9386
   10286       0.9274
   10287       0.9046
   10288       0.8101
   10289       0.8440
   10290       0.8042
   10291       0.9242
   10292       0.9437
   10293       1.0245
   10294       1.0218
   10295       0.9659
   10296       0.9446
   10297       1.0017
   10298       0.9347
   10299       0.9416
   10300       1.1082
   10301       0.8931
   10302       0.8781
   10303       0.7963
   10304       0.9056
   10305       0.8575
   10306       0.8751
   10307       0.8505
   10308       0.7758
   10309       0.7741
   10310       0.8827
   10311       0.8036
   10312       0.9513
   10313       0.8204
   10314       0.9234
   10315       0.9987
   10316       1.0904
   10317       1.1320
   10318       1.1587
   10319       1.1181
   10320       1.1556
   10321       1.1019
   10322       1.1216
   10323       1.0083
   10324       0.9927
   10325       1.0461
   10326       0.9531
   10327       0.9021
   10328       0.9772
   10329       0.9185
   10330       0.9441
   10331       1.0376
   10332       0.9321
   10333       0.9436
   10334       0.9922
   10335       0.9887
   10336       1.0270
   10337       1.1277
   10338       0.9734
   10339       1.0917
   10340       0.9874
   10341       0.9120
   10342       0.7923
   10343       0.9254
   10344       0.9295
   10345       0.9454
   10346       1.0049
   10347       0.9620
   10348       0.9011
   10349       1.0231
   10350       0.8976
   10351       0.8832
   10352       0.8695
   10353       0.8163
   10354       0.7822
   10355       0.8035
   10356       0.7364
   10357       0.8185
   10358       0.7735
   10359       0.8871
   10360       0.8443
   10361       0.8803
   10362       0.9403
   10363       0.9367
   10364       0.9016
   10365       0.7981
   10366       0.8064
   10367       0.8230
   10368       0.8590
   10369       0.8857
   10370       0.8419
   10371       0.8554
   10372       0.8067
   10373       0.9526
   10374       0.8493
   10375       0.8177
   10376       0.9324
   10377       0.9961
   10378       1.0102
   10379       0.9943
   10380       0.8973
   10381       0.8062
   10382       0.7713
   10383       0.8816
   10384       0.8460
   10385       1.0202
   10386       0.9502
   10387       0.8612
   10388       0.9486
   10389       1.0043
   10390       0.9936
   10391       1.0036
   10392       1.0635
   10393       0.9507
   10394       1.1181
   10395       1.0819
   10396       1.1636
   10397       0.9073
   10398       0.9580
   10399       0.9608
   10400       0.8782
   10401       0.8785
   10402       0.9052
   10403       0.9015
   10404       0.8792
   10405       0.8814
   10406       0.8376
   10407       0.8802
   10408       0.8622
   10409       0.9622
   10410       1.0094
   10411       0.9929
   10412       1.1428
   10413       0.9752
   10414       0.9265
   10415       0.9130
   10416       0.9995
   10417       0.9896
   10418       0.9059
   10419       0.9696
   10420       0.8399
   10421       0.8445
   10422       0.8741
   10423       0.9201
   10424       1.0523
   10425       0.9463
   10426       0.8310
   10427       0.8228
   10428       0.7955
   10429       0.8269
   10430       0.8449
   10431       0.9699
   10432       0.8780
   10433       0.7919
   10434       0.7579
   10435       0.8565
   10436       0.8341
   10437       0.8772
   10438       0.8043
   10439       0.8056
   10440       0.8010
   10441       0.8452
   10442       0.8252
   10443       0.7922
   10444       0.8150
   10445       0.8670
   10446       0.8439
   10447       0.8422
   10448       0.8608
   10449       0.8798
   10450       0.8504
   10451       0.8859
   10452       0.8770
   10453       0.9356
   10454       0.9474
   10455       0.8983
   10456       0.8993
   10457       0.9088
   10458       0.8735
   10459       0.9136
   10460       0.9150
   10461       0.8599
   10462       0.8450
   10463       0.8080
   10464       0.8123
   10465       0.7725
   10466       0.8305
   10467       0.8285
   10468       0.9046
   10469       0.8082
   10470       0.8599
   10471       0.9059
   10472       0.9196
   10473       0.9935
   10474       1.0746
   10475       1.0282
   10476       1.0839
   10477       1.0125
   10478       0.8830
   10479       0.8786
   10480       1.0345
   10481       0.9054
   10482       0.8963
   10483       0.7564
   10484       0.9021
   10485       0.8620
   10486       0.7684
   10487       0.8452
   10488       0.8401
   10489       0.7979
   10490       0.8361
   10491       0.8495
   10492       1.0526
   10493       0.8333
   10494       0.9440
   10495       1.0291
   10496       0.8762
   10497       0.7793
   10498       0.8303
   10499       0.8118
   10500       0.8942
   10501       0.9250
   10502       0.8497
   10503       0.9281
   10504       0.9232
   10505       0.9202
   10506       0.9048
   10507       0.8744
   10508       0.8094
   10509       0.7741
   10510       0.8174
   10511       0.8447
   10512       0.8350
   10513       0.8449
   10514       0.8644
   10515       0.9735
   10516       0.9819
   10517       0.9443
   10518       0.8669
   10519       0.8089
   10520       0.8208
   10521       0.8448
   10522       0.8389
   10523       0.9182
   10524       0.8396
   10525       0.8929
   10526       0.7523
   10527       0.9250
   10528       0.8870
   10529       0.8094
   10530       0.9227
   10531       0.8787
   10532       0.9178
   10533       0.9764
   10534       0.9069
   10535       0.8649
   10536       0.7906
   10537       0.9197
   10538       0.9703
   10539       0.9542
   10540       0.9031
   10541       0.8571
   10542       0.9311
   10543       0.9856
   10544       0.8953
   10545       0.8996
   10546       0.8979
   10547       0.9155
   10548       0.8333
   10549       0.8060
   10550       0.7222
   10551       0.7995
   10552       0.8548
   10553       0.8458
   10554       0.9790
   10555       0.9881
   10556       0.9423
   10557       0.9581
   10558       0.9144
   10559       1.0423
   10560       0.9639
   10561       0.9512
   10562       0.9383
   10563       0.9694
   10564       0.9164
   10565       0.9173
   10566       0.9775
   10567       0.9244
   10568       0.8321
   10569       0.7664
   10570       0.7902
   10571       0.7368
   10572       0.8562
   10573       0.8396
   10574       0.8641
   10575       0.8791
   10576       0.7727
   10577       0.8279
   10578       1.0075
   10579       0.9621
   10580       0.9975
   10581       1.1082
   10582       0.9532
   10583       0.8659
   10584       0.8438
   10585       0.9081
   10586       0.8988
   10587       0.8620
   10588       0.8707
   10589       1.0314
   10590       0.8918
   10591       0.8382
   10592       0.9022
   10593       1.0105
   10594       0.8677
   10595       0.9408
   10596       0.8488
   10597       0.9536
   10598       0.9380
   10599       0.8341
   10600       0.9047
   10601       0.8852
   10602       0.8997
   10603       0.8432
   10604       0.7994
   10605       0.8630
   10606       0.9733
   10607       0.9383
   10608       0.7442
   10609       0.8234
   10610       0.7844
   10611       0.8018
   10612       0.8726
   10613       0.7743
   10614       0.8244
   10615       0.7988
   10616       0.7905
   10617       0.7853
   10618       0.7239
   10619       0.8594
   10620       0.7678
   10621       0.8031
   10622       0.7500
   10623       0.7669
   10624       0.7540
   10625       0.8917
   10626       0.9179
   10627       0.8180
   10628       0.9149
   10629       0.9831
   10630       1.0053
   10631       0.8581
   10632       0.8369
   10633       0.8207
   10634       0.8448
   10635       0.7820
   10636       0.8239
   10637       0.8550
   10638       0.8336
   10639       0.8506
   10640       0.8635
   10641       0.8331
   10642       0.8720
   10643       0.8588
   10644       0.8439
   10645       0.8349
   10646       0.9141
   10647       0.8730
   10648       0.9079
   10649       0.8796
   10650       0.8446
   10651       0.8083
   10652       0.7903
   10653       0.8575
   10654       0.8274
   10655       0.7492
   10656       0.7804
   10657       0.7348
   10658       0.7808
   10659       0.7940
   10660       0.7404
   10661       0.8296
   10662       0.8573
   10663       0.8111
   10664       0.8454
   10665       0.9014
   10666       0.7964
   10667       0.8379
   10668       0.8110
   10669       0.7492
   10670       0.7416
   10671       0.7808
   10672       0.7369
   10673       0.8408
   10674       0.8491
   10675       0.8444
   10676       0.8962
   10677       0.8627
   10678       0.8209
   10679       0.9235
   10680       1.0746
   10681       0.9561
   10682       1.0628
   10683       0.9258
   10684       0.9592
   10685       0.8962
   10686       0.9270
   10687       0.8609
   10688       1.0088
   10689       0.9828
   10690       0.9403
   10691       0.9885
   10692       0.9365
   10693       1.0093
   10694       1.0253
   10695       1.0230
   10696       0.9410
   10697       0.9387
   10698       1.0387
   10699       0.9897
   10700       0.9367
   10701       0.8172
   10702       0.7548
   10703       0.8605
   10704       0.9233
   10705       0.8334
   10706       0.9406
   10707       0.9585
   10708       0.9057
   10709       0.9668
   10710       0.8318
   10711       0.8820
   10712       0.9478
   10713       0.9289
   10714       1.0139
   10715       0.9258
   10716       0.8687
   10717       0.9977
   10718       0.8685
   10719       0.9291
   10720       0.9562
   10721       0.9923
   10722       0.9730
   10723       0.9338
   10724       1.0090
   10725       0.9894
   10726       1.0251
   10727       0.9507
   10728       0.9417
   10729       1.0528
   10730       1.0709
   10731       1.0583
   10732       0.9564
   10733       0.9086
   10734       0.9190
   10735       1.0521
   10736       0.9145
   10737       0.8109
   10738       0.8525
   10739       0.8831
   10740       0.7673
   10741       0.8652
   10742       0.8713
   10743       0.8949
   10744       0.8705
   10745       0.8785
   10746       0.9604
   10747       0.9286
   10748       0.9013
   10749       0.8821
   10750       1.0028
   10751       0.9091
   10752       0.8728
   10753       0.8236
   10754       0.9771
   10755       0.8910
   10756       0.9105
   10757       0.8763
   10758       0.8321
   10759       0.9828
   10760       0.9623
   10761       0.9437
   10762       1.0510
   10763       0.9176
   10764       0.8469
   10765       0.8913
   10766       0.9716
   10767       0.9445
   10768       1.0618
   10769       0.9104
   10770       0.9280
   10771       0.9304
   10772       1.0589
   10773       0.8719
   10774       0.8318
   10775       0.9590
   10776       0.8860
   10777       0.9366
   10778       0.9529
   10779       1.0030
   10780       0.8922
   10781       0.8708
   10782       1.0496
   10783       1.0289
   10784       1.0788
   10785       0.9928
   10786       0.8485
   10787       0.8842
   10788       0.8142
   10789       0.7855
   10790       0.7972
   10791       0.7699
   10792       0.8167
   10793       0.8530
   10794       0.9003
   10795       1.0444
   10796       1.0537
   10797       1.0907
   10798       0.9447
   10799       0.8812
   10800       0.8024
   10801       0.8409
   10802       1.0127
   10803       1.0801
   10804       1.1042
   10805       1.1018
   10806       1.0455
   10807       1.1121
   10808       1.0835
   10809       1.0883
   10810       0.9400
   10811       1.0711
   10812       1.1290
   10813       1.1547
   10814       0.9287
   10815       0.8472
   10816       0.9120
   10817       0.9337
   10818       0.9298
   10819       0.8342
   10820       0.8912
   10821       1.0806
   10822       1.0498
   10823       1.0292
   10824       1.0164
   10825       1.0595
   10826       0.9915
   10827       1.0143
   10828       1.1261
   10829       0.9225
   10830       0.9484
   10831       0.9664
   10832       0.9710
   10833       0.9792
   10834       0.9871
   10835       1.0318
   10836       0.8904
   10837       0.9589
   10838       0.9594
   10839       1.0238
   10840       1.0355
   10841       0.9755
   10842       0.9062
   10843       0.9118
   10844       0.9579
   10845       0.8947
   10846       0.8780
   10847       0.8483
   10848       0.9053
   10849       0.9562
   10850       0.8651
   10851       0.8751
   10852       0.9361
   10853       0.9357
   10854       0.8443
   10855       0.9045
   10856       0.8392
   10857       0.9248
   10858       0.7865
   10859       0.8721
   10860       0.9716
   10861       0.9721
   10862       0.8947
   10863       0.8542
   10864       0.8410
   10865       0.8781
   10866       0.9280
   10867       0.8818
   10868       0.8979
   10869       0.8804
   10870       0.9201
   10871       0.8762
   10872       0.8884
   10873       0.8802
   10874       0.8861
   10875       1.0366
   10876       1.0842
   10877       1.0654
   10878       1.0791
   10879       1.1540
   10880       1.0575
   10881       1.0820
   10882       1.1414
   10883       1.1548
   10884       1.1573
   10885       1.1492
   10886       1.0741
   10887       1.1482
   10888       1.0244
   10889       1.0401
   10890       0.9014
   10891       0.9642
   10892       0.8480
   10893       0.9525
   10894       0.9024
   10895       0.9331
   10896       0.8957
   10897       0.8942
   10898       0.9886
   10899       0.9541
   10900       1.0111
   10901       0.8690
   10902       0.8890
   10903       0.7757
   10904       0.8811
   10905       0.8482
   10906       0.8624
   10907       0.8965
   10908       0.8348
   10909       0.8627
   10910       0.8448
   10911       0.8589
   10912       0.8609
   10913       0.9525
   10914       0.9002
   10915       0.9184
   10916       0.8998
   10917       0.8317
   10918       0.8274
   10919       1.0157
   10920       0.9059
   10921       0.8649
   10922       0.9037
   10923       0.8732
   10924       0.8987
   10925       0.9388
   10926       0.8313
   10927       0.8583
   10928       0.9232
   10929       0.9121
   10930       0.9247
   10931       0.8471
   10932       0.8810
   10933       0.8849
   10934       0.8605
   10935       0.7674
   10936       0.9542
   10937       0.9805
   10938       1.0532
   10939       1.0601
   10940       0.9948
   10941       0.8919
   10942       0.8935
   10943       0.8526
   10944       0.8914
   10945       0.9400
   10946       0.9438
   10947       0.9880
   10948       1.0589
   10949       1.0197
   10950       0.8970
   10951       0.8918
   10952       0.9124
   10953       0.9918
   10954       1.0391
   10955       1.0457
   10956       1.0670
   10957       1.1039
   10958       0.9538
   10959       0.9580
   10960       0.9331
   10961       0.9186
   10962       0.9605
   10963       0.9015
   10964       0.8790
   10965       1.0409
   10966       0.9865
   10967       1.0400
   10968       1.0552
   10969       1.0596
   10970       1.0192
   10971       1.0138
   10972       1.0866
   10973       1.0567
   10974       1.0013
   10975       0.9825
   10976       0.8967
   10977       0.8957
   10978       0.9262
   10979       0.9923
   10980       1.0250
   10981       1.1583
   10982       1.1608
   10983       1.1545
   10984       1.0993
   10985       1.0667
   10986       0.9241
   10987       0.9682
   10988       0.9871
   10989       0.9645
   10990       1.0020
   10991       0.8859
   10992       1.1004
   10993       0.9758
   10994       1.1232
   10995       1.0633
   10996       1.1205
   10997       1.1177
   10998       1.0651
   10999       1.0763
   11000       0.9476
   11001       0.9325
   11002       0.9025
   11003       0.9041
   11004       0.9387
   11005       0.9643
   11006       0.9097
   11007       0.9375
   11008       0.8881
   11009       0.9693
   11010       0.9556
   11011       0.9444
   11012       0.9595
   11013       1.0537
   11014       1.1153
   11015       1.1544
   11016       1.1028
   11017       1.0337
   11018       1.0458
   11019       1.0442
   11020       1.0504
   11021       1.0901
   11022       1.0459
   11023       1.0907
   11024       0.8842
   11025       0.8966
   11026       0.9710
   11027       0.8958
   11028       0.9951
   11029       1.0052
   11030       1.0195
   11031       0.9624
   11032       0.9434
   11033       1.0101
   11034       1.0064
   11035       0.9746
   11036       0.9684
   11037       1.0162
   11038       0.9482
   11039       1.0153
   11040       1.0317
   11041       1.1174
   11042       1.0999
   11043       1.1651
   11044       1.1103
   11045       1.1014
   11046       1.0520
   11047       1.0101
   11048       0.9912
   11049       0.9345
   11050       0.9397
   11051       0.9984
   11052       1.0232
   11053       1.0759
   11054       0.9654
   11055       0.9315
   11056       0.8827
   11057       0.9257
   11058       0.8801
   11059       0.9502
   11060       0.8683
   11061       0.8864
   11062       0.8675
   11063       0.7717
   11064       0.9427
   11065       0.9334
   11066       1.0255
   11067       1.1086
   11068       0.9774
   11069       1.0439
   11070       1.0383
   11071       1.0392
   11072       0.9936
   11073       1.0420
   11074       0.9805
   11075       1.0573
   11076       1.0480
   11077       0.9450
   11078       1.0304
   11079       1.0819
   11080       1.1426
   11081       1.0892
   11082       1.0596
   11083       1.0640
   11084       0.9884
   11085       0.8947
   11086       0.9448
   11087       0.9664
   11088       0.9926
   11089       1.0217
   11090       0.9074
   11091       0.8374
   11092       0.9367
   11093       0.9746
   11094       0.9735
   11095       1.0022
   11096       0.9337
   11097       1.1020
   11098       1.1014
   11099       0.9981
   11100       1.1934
   11101       1.0193
   11102       1.1103
   11103       1.0829
   11104       1.2008
   11105       1.1107
   11106       1.1483
   11107       1.0417
   11108       0.9457
   11109       1.0596
   11110       0.9990
   11111       1.1587
   11112       0.9311
   11113       0.9887
   11114       1.0238
   11115       1.0176
   11116       1.0004
   11117       1.0073
   11118       0.9794
   11119       0.9713
   11120       1.0355
   11121       0.9310
   11122       0.9559
   11123       0.8598
   11124       0.8884
   11125       0.9368
   11126       1.0370
   11127       0.9991
   11128       0.9734
   11129       0.9267
   11130       0.8609
   11131       0.8596
   11132       0.9438
   11133       0.8745
   11134       0.8602
   11135       0.8354
   11136       0.7979
   11137       0.7751
   11138       0.7804
   11139       0.8924
   11140       0.9920
   11141       0.9642
   11142       0.8828
   11143       0.9072
   11144       0.9805
   11145       1.0575
   11146       0.9002
   11147       0.8184
   11148       0.7725
   11149       0.7649
   11150       0.7877
   11151       0.7530
   11152       0.8247
   11153       0.8806
   11154       0.8870
   11155       0.8127
   11156       0.8028
   11157       0.8009
   11158       0.7592
   11159       0.8685
   11160       0.8334
   11161       0.7965
   11162       0.8669
   11163       0.8224
   11164       0.7908
   11165       0.8769
   11166       0.9956
   11167       0.9312
   11168       0.9102
   11169       0.9391
   11170       0.8976
   11171       0.7788
   11172       0.8083
   11173       0.7588
   11174       0.7461
   11175       0.8350
   11176       0.7695
   11177       0.8111
   11178       0.8740
   11179       0.7916
   11180       0.8764
   11181       0.8928
   11182       0.7784
   11183       0.7785
   11184       0.9303
   11185       0.8866
   11186       0.8934
   11187       0.8973
   11188       0.8202
   11189       0.9065
   11190       0.9640
   11191       0.9261
   11192       0.8553
   11193       0.9129
   11194       0.6969
   11195       0.7641
   11196       0.8663
   11197       0.8920
   11198       0.8444
   11199       0.8786
   11200       0.9340
   11201       0.9396
   11202       0.9797
   11203       0.9459
   11204       0.9048
   11205       0.9420
   11206       0.8998
   11207       0.8755
   11208       0.9402
   11209       0.9113
   11210       0.8270
   11211       0.8856
   11212       0.7353
   11213       0.8566
   11214       0.8643
   11215       0.7933
   11216       0.8096
   11217       0.7844
   11218       0.8872
   11219       0.9575
   11220       0.9763
   11221       0.9391
   11222       0.8554
   11223       0.8023
   11224       0.8195
   11225       0.9154
   11226       0.8386
   11227       0.7884
   11228       0.7829
   11229       0.7658
   11230       0.8604
   11231       0.7934
   11232       0.7578
   11233       0.8140
   11234       0.7828
   11235       0.7705
   11236       0.8976
   11237       0.9317
   11238       1.0128
   11239       0.8371
   11240       0.8946
   11241       0.8907
   11242       0.8290
   11243       0.8202
   11244       0.7472
   11245       0.8197
   11246       0.8399
   11247       0.8780
   11248       0.8995
   11249       0.8873
   11250       0.8767
   11251       0.9031
   11252       0.8909
   11253       0.7958
   11254       0.8499
   11255       0.7562
   11256       0.8382
   11257       0.9249
   11258       0.9039
   11259       0.9009
   11260       0.8510
   11261       0.8742
   11262       0.8031
   11263       0.8380
   11264       0.9278
   11265       0.9610
   11266       0.9503
   11267       0.9861
   11268       0.9886
   11269       1.0188
   11270       0.9475
   11271       0.9211
   11272       0.9717
   11273       0.9620
   11274       1.0982
   11275       0.9998
   11276       0.9376
   11277       0.9868
   11278       0.9417
   11279       0.9522
   11280       0.8830
   11281       0.8754
   11282       0.9093
   11283       0.8589
   11284       0.7183
   11285       0.9140
   11286       0.9398
   11287       0.9260
   11288       0.8720
   11289       0.9287
   11290       0.9849
   11291       0.7646
   11292       0.8393
   11293       0.8715
   11294       0.9206
   11295       0.7993
   11296       0.8792
   11297       0.9061
   11298       0.9645
   11299       0.8852
   11300       0.9620
   11301       0.9561
   11302       0.8935
   11303       0.9464
   11304       0.9702
   11305       0.9710
   11306       0.9175
   11307       0.9442
   11308       0.9759
   11309       0.9518
   11310       0.9070
   11311       0.9342
   11312       0.9311
   11313       0.8784
   11314       0.9641
   11315       0.9729
   11316       0.9237
   11317       0.9412
   11318       0.8498
   11319       0.9590
   11320       0.9107
   11321       0.8950
   11322       0.8808
   11323       0.9538
   11324       0.9435
   11325       0.9575
   11326       0.9412
   11327       0.8844
   11328       0.8611
   11329       0.9337
   11330       0.9481
   11331       0.9545
   11332       0.9514
   11333       0.8873
   11334       0.9241
   11335       0.8761
   11336       0.8132
   11337       0.8114
   11338       0.8632
   11339       1.0048
   11340       0.9592
   11341       1.0478
   11342       1.0846
   11343       1.1422
   11344       1.1054
   11345       1.2018
   11346       1.1205
   11347       1.0655
   11348       1.1035
   11349       1.0372
   11350       0.8881
   11351       0.8838
   11352       0.8397
   11353       0.8301
   11354       0.8426
   11355       1.0116
   11356       0.9328
   11357       0.9313
   11358       0.9316
   11359       0.7965
   11360       0.9313
   11361       0.8758
   11362       0.8731
   11363       0.9788
   11364       0.8836
   11365       0.8633
   11366       0.9008
   11367       0.8928
   11368       0.8855
   11369       0.8696
   11370       0.8571
   11371       0.8149
   11372       0.7986
   11373       0.7998
   11374       0.9083
   11375       0.9469
   11376       0.8586
   11377       0.8608
   11378       0.8611
   11379       0.9158
   11380       0.8342
   11381       0.9444
   11382       0.9176
   11383       1.0061
   11384       0.9070
   11385       0.8421
   11386       0.9552
   11387       0.8305
   11388       0.8724
   11389       0.9350
   11390       0.8320
   11391       0.8746
   11392       0.9279
   11393       1.0039
   11394       1.0700
   11395       1.0372
   11396       0.9777
   11397       0.9833
   11398       0.9417
   11399       0.9180
   11400       1.0045
   11401       1.0418
   11402       0.9736
   11403       0.9974
   11404       1.0005
   11405       1.0341
   11406       1.0903
   11407       1.0163
   11408       0.9913
   11409       1.0345
   11410       1.1135
   11411       1.1417
   11412       1.0814
   11413       1.0269
   11414       0.9914
   11415       0.9214
   11416       1.0493
   11417       0.9856
   11418       1.0445
   11419       1.0215
   11420       0.9222
   11421       1.0311
   11422       0.9770
   11423       1.0508
   11424       1.0345
   11425       0.8512
   11426       0.9999
   11427       0.9498
   11428       1.1289
   11429       1.0630
   11430       1.0047
   11431       1.0466
   11432       1.0918
   11433       1.1079
   11434       1.0341
   11435       1.0828
   11436       1.0593
   11437       1.0604
   11438       1.0818
   11439       1.1020
   11440       1.0813
   11441       1.0458
   11442       1.0303
   11443       1.0062
   11444       1.0203
   11445       0.9946
   11446       0.9911
   11447       1.0367
   11448       0.9628
   11449       1.0089
   11450       1.0675
   11451       1.1531
   11452       1.2471
   11453       1.0506
   11454       1.0097
   11455       1.0858
   11456       1.1911
   11457       1.2125
   11458       1.1072
   11459       1.2039
   11460       1.3468
   11461       1.3336
   11462       1.2712
   11463       1.3101
   11464       1.3737
   11465       1.3467
   11466       1.3131
   11467       1.3447
   11468       1.3403
   11469       1.2910
   11470       1.3228
   11471       1.2703
   11472       1.1681
   11473       1.2040
   11474       1.2474
   11475       1.3347
   11476       1.2899
   11477       1.4446
   11478       1.4214
   11479       1.2420
   11480       1.3255
   11481       1.2616
   11482       1.2545
   11483       1.3174
   11484       1.3332
   11485       1.2711
   11486       1.3255
   11487       1.3858
   11488       1.3358
   11489       1.3595
   11490       1.3490
   11491       1.4523
   11492       1.5689
   11493       1.3596
   11494       1.2941
   11495       1.3635
   11496       1.4502
   11497       1.3012
   11498       1.3341
   11499       1.4249
   11500       1.4026
   11501       1.4411
   11502       1.3837
   11503       1.4357
   11504       1.3598
   11505       1.4512
   11506       1.4729
   11507       1.3527
   11508       1.3848
   11509       1.3094
   11510       1.4162
   11511       1.4617
   11512       1.3588
   11513       1.5190
   11514       1.4564
   11515       1.5738
   11516       1.4787
   11517       1.5561
   11518       1.5472
   11519       1.4202
   11520       1.4756
   11521       1.3421
   11522       1.3895
   11523       1.4506
   11524       1.3185
   11525       1.3995
   11526       1.3499
   11527       1.2859
   11528       1.3553
   11529       1.3936
   11530       1.3789
   11531       1.3972
   11532       1.3580
   11533       1.4196
   11534       1.3354
   11535       1.3106
   11536       1.2828
   11537       1.2859
   11538       1.1942
   11539       1.1654
   11540       1.1847
   11541       1.1620
   11542       1.2022
   11543       1.3353
   11544       1.3280
   11545       1.3028
   11546       1.3333
   11547       1.2694
   11548       1.2982
   11549       1.2602
   11550       1.2513
   11551       1.0932
   11552       1.2322
   11553       1.3044
   11554       1.1618
   11555       1.1354
   11556       1.1413
   11557       1.2590
   11558       1.2412
   11559       1.1824
   11560       1.1999
   11561       1.0924
   11562       1.0619
   11563       1.0796
   11564       1.1683
   11565       1.2385
   11566       1.2267
   11567       1.1940
   11568       1.1622
   11569       1.2233
   11570       1.0824
   11571       1.1736
   11572       1.1302
   11573       1.1086
   11574       1.1477
   11575       1.1825
   11576       1.1482
   11577       1.2450
   11578       1.2321
   11579       1.1567
   11580       1.0944
   11581       1.1809
   11582       1.0191
   11583       1.1708
   11584       1.2504
   11585       1.2165
   11586       1.3056
   11587       1.2788
   11588       1.1906
   11589       1.1731
   11590       1.1811
   11591       1.0940
   11592       1.0359
   11593       0.9521
   11594       1.0555
   11595       0.9616
   11596       0.9985
   11597       0.9016
   11598       0.7983
   11599       0.8731
   11600       0.8944
   11601       0.8779
   11602       0.7719
   11603       0.9432
   11604       0.9426
   11605       0.9716
   11606       0.8783
   11607       1.0240
   11608       1.0571
   11609       1.0295
   11610       1.0568
   11611       0.9925
   11612       1.0397
   11613       1.0292
   11614       0.8445
   11615       0.8880
   11616       0.9508
   11617       0.9764
   11618       0.9398
   11619       0.8793
   11620       0.8516
   11621       0.9056
   11622       0.8538
   11623       0.8124
   11624       0.8597
   11625       0.8071
   11626       0.8482
   11627       1.0343
   11628       0.8885
   11629       1.0210
   11630       0.9869
   11631       0.8930
   11632       0.8477
   11633       0.8410
   11634       0.8769
   11635       0.9919
   11636       0.9360
   11637       0.9569
   11638       1.0426
   11639       0.9833
   11640       1.0569
   11641       1.0515
   11642       1.0541
   11643       1.1851
   11644       1.0861
   11645       1.0860
   11646       1.2115
   11647       1.2458
   11648       1.1617
   11649       1.0310
   11650       1.0256
   11651       1.1121
   11652       1.2014
   11653       1.1565
   11654       1.1487
   11655       1.1884
   11656       1.0447
   11657       1.1209
   11658       1.0084
   11659       1.0407
   11660       1.0144
   11661       1.1065
   11662       1.1199
   11663       0.9524
   11664       1.0201
   11665       1.1156
   11666       1.1921
   11667       1.1678
   11668       1.0318
   11669       1.0504
   11670       1.0292
   11671       1.0378
   11672       0.9744
   11673       0.9130
   11674       1.0143
   11675       0.9395
   11676       0.9847
   11677       0.9626
   11678       0.9222
   11679       0.9976
   11680       1.0753
   11681       1.2151
   11682       1.1393
   11683       1.2283
   11684       1.1739
   11685       1.1001
   11686       1.1092
   11687       1.1014
   11688       1.1508
   11689       1.0770
   11690       1.0037
   11691       1.0648
   11692       0.9927
   11693       0.9507
   11694       1.0240
   11695       1.1557
   11696       1.2610
   11697       1.1563
   11698       1.0639
   11699       0.8975
   11700       0.9433
   11701       0.9229
   11702       0.9450
   11703       0.9623
   11704       1.0561
   11705       1.1655
   11706       1.1254
   11707       1.1225
   11708       1.0081
   11709       1.0510
   11710       1.0006
   11711       1.0184
   11712       1.0211
   11713       1.0609
   11714       1.0758
   11715       0.9757
   11716       1.0680
   11717       0.9737
   11718       1.0522
   11719       1.0488
   11720       0.9934
   11721       1.1053
   11722       1.1378
   11723       1.0967
   11724       1.0757
   11725       1.0894
   11726       0.9805
   11727       0.9180
   11728       0.9202
   11729       0.9446
   11730       0.9063
   11731       1.0032
   11732       0.9259
   11733       1.0492
   11734       1.1524
   11735       1.1757
   11736       1.0896
   11737       0.9043
   11738       1.0477
   11739       1.1048
   11740       0.9685
   11741       0.9145
   11742       0.9006
   11743       0.9080
   11744       0.9537
   11745       0.9255
   11746       0.9566
   11747       0.9365
   11748       0.9370
   11749       0.9334
   11750       1.0584
   11751       1.0110
   11752       1.0474
   11753       1.0032
   11754       0.9516
   11755       1.0185
   11756       0.9448
   11757       0.9234
   11758       0.9764
   11759       0.8881
   11760       0.8842
   11761       0.9156
   11762       0.9212
   11763       0.9151
   11764       0.9056
   11765       0.9803
   11766       0.9569
   11767       0.8604
   11768       0.9860
   11769       1.0749
   11770       1.0627
   11771       1.1950
   11772       1.2169
   11773       1.1991
   11774       1.0676
   11775       1.1317
   11776       1.1384
   11777       1.0334
   11778       1.0790
   11779       1.0076
   11780       0.9866
   11781       0.9990
   11782       0.9815
   11783       0.9757
   11784       1.0899
   11785       1.1706
   11786       1.1125
   11787       0.9803
   11788       1.0325
   11789       1.1785
   11790       1.1970
   11791       1.2175
   11792       1.2045
   11793       1.0707
   11794       1.0528
   11795       1.0484
   11796       1.1042
   11797       1.1228
   11798       1.1002
   11799       1.0509
   11800       0.9920
   11801       1.0308
   11802       1.0140
   11803       1.0086
   11804       0.9895
   11805       1.0158
   11806       0.9506
   11807       1.0133
   11808       1.2365
   11809       1.1814
   11810       1.1551
   11811       1.1796
   11812       1.0580
   11813       1.1661
   11814       1.1657
   11815       1.0782
   11816       1.0358
   11817       0.9396
   11818       0.9882
   11819       0.9596
   11820       0.9024
   11821       1.0610
   11822       1.0664
   11823       1.0526
   11824       1.0681
   11825       0.9635
   11826       0.9621
   11827       1.0141
   11828       1.0381
   11829       0.9200
   11830       1.0431
   11831       0.9252
   11832       0.8755
   11833       0.9795
   11834       0.9356
   11835       1.0185
   11836       0.9941
   11837       1.0247
   11838       1.0942
   11839       1.0750
   11840       1.1362
   11841       1.0031
   11842       0.9645
   11843       0.9490
   11844       0.9573
   11845       0.9488
   11846       0.9611
   11847       1.0358
   11848       1.0587
   11849       1.0312
   11850       0.9658
   11851       1.0635
   11852       1.1597
   11853       1.1484
   11854       1.3217
   11855       1.2151
   11856       1.1212
   11857       1.1495
   11858       1.0169
   11859       1.0290
   11860       1.1055
   11861       1.0709
   11862       1.0822
   11863       1.0157
   11864       0.9878
   11865       0.9866
   11866       0.9365
   11867       0.9622
   11868       1.0647
   11869       0.9420
   11870       1.1154
   11871       0.9862
   11872       1.0721
   11873       1.1669
   11874       1.1241
   11875       1.0951
   11876       1.1072
   11877       1.1095
   11878       0.9370
   11879       1.0636
   11880       0.9353
   11881       0.9503
   11882       0.8341
   11883       0.9462
   11884       0.9276
   11885       1.0610
   11886       0.9822
   11887       0.9143
   11888       1.0595
   11889       1.0811
   11890       1.0402
   11891       0.9526
   11892       0.9404
   11893       0.9387
   11894       0.8699
   11895       0.9073
   11896       0.9973
   11897       0.9317
   11898       0.9941
   11899       0.9948
   11900       1.0719
   11901       1.0678
   11902       0.9853
   11903       0.9714
   11904       1.0126
   11905       1.0404
   11906       0.9836
   11907       1.0279
   11908       1.1508
   11909       1.1048
   11910       1.2183
   11911       1.2776
   11912       1.1626
   11913       1.1147
   11914       0.9905
   11915       1.0590
   11916       1.1192
   11917       0.8975
   11918       1.0218
   11919       0.9722
   11920       1.1845
   11921       1.0705
   11922       1.1250
   11923       1.0664
   11924       1.0372
   11925       1.1190
   11926       1.1816
   11927       1.1161
   11928       1.1328
   11929       1.0453
   11930       0.9829
   11931       0.9298
   11932       0.9626
   11933       1.0088
   11934       0.9032
   11935       1.0564
   11936       1.0050
   11937       1.1127
   11938       1.0295
   11939       1.0627
   11940       1.0091
   11941       1.0779
   11942       1.0685
   11943       0.9673
   11944       0.9716
   11945       0.9060
   11946       0.9445
   11947       0.9178
   11948       0.9776
   11949       0.9454
   11950       0.8767
   11951       0.8253
   11952       0.9680
   11953       0.8310
   11954       0.8736
   11955       0.8876
   11956       0.9083
   11957       0.8692
   11958       0.8803
   11959       0.9266
   11960       0.9581
   11961       1.0017
   11962       0.9555
   11963       1.0025
   11964       0.9838
   11965       1.0083
   11966       1.0759
   11967       0.9931
   11968       1.0606
   11969       1.0853
   11970       0.9890
   11971       0.9227
   11972       1.0543
   11973       0.9048
   11974       0.9081
   11975       0.9356
   11976       0.8640
   11977       0.9041
   11978       0.8870
   11979       0.9498
   11980       1.0081
   11981       1.0738
   11982       1.0768
   11983       1.0885
   11984       0.9924
   11985       0.9907
   11986       1.0419
   11987       0.9835
   11988       1.1261
   11989       1.0712
   11990       1.0547
   11991       1.0231
   11992       1.0244
   11993       1.0674
   11994       0.9995
   11995       1.0107
   11996       0.9361
   11997       1.0281
   11998       1.0896
   11999       1.0367
   12000       1.1185
   12001       1.0678
   12002       1.0434
   12003       1.0142
   12004       1.0494
   12005       0.9255
   12006       1.0160
   12007       0.9720
   12008       0.9604
   12009       0.9806
   12010       0.9204
   12011       1.0376
   12012       1.0193
   12013       0.9695
   12014       0.9684
   12015       1.0117
   12016       0.8942
   12017       0.9500
   12018       0.9735
   12019       0.9859
   12020       0.9897
   12021       1.0495
   12022       1.0346
   12023       1.0504
   12024       1.0549
   12025       1.0392
   12026       1.1217
   12027       1.0309
   12028       1.1305
   12029       1.1004
   12030       0.9804
   12031       0.9456
   12032       1.1189
   12033       1.2237
   12034       1.2520
   12035       1.2343
   12036       1.2532
   12037       1.2817
   12038       1.0378
   12039       1.1824
   12040       1.1734
   12041       1.0913
   12042       1.0883
   12043       1.0526
   12044       1.0091
   12045       1.0109
   12046       1.0122
   12047       0.9487
   12048       0.9255
   12049       1.0988
   12050       1.1680
   12051       1.0898
   12052       1.1275
   12053       1.1876
   12054       1.0879
   12055       1.2098
   12056       1.2682
   12057       1.1987
   12058       1.1284
   12059       1.0278
   12060       1.0788
   12061       1.0509
   12062       1.1886
   12063       1.2506
   12064       1.1398
   12065       1.0716
   12066       0.9928
   12067       0.9950
   12068       1.0214
   12069       1.1234
   12070       1.0386
   12071       1.1661
   12072       1.1921
   12073       1.1641
   12074       1.1429
   12075       1.0386
   12076       1.0924
   12077       1.1771
   12078       1.1082
   12079       1.0643
   12080       1.0622
   12081       1.0780
   12082       1.0854
   12083       1.1059
   12084       1.1172
   12085       0.9378
   12086       0.9637
   12087       0.9574
   12088       1.0683
   12089       1.0568
   12090       1.2495
   12091       1.2524
   12092       1.1767
   12093       1.2578
   12094       1.3061
   12095       1.2902
   12096       1.1906
   12097       1.2573
   12098       1.1173
   12099       1.1074
   12100       1.1061
   12101       0.9801
   12102       1.0209
   12103       1.0549
   12104       0.9554
   12105       0.9780
   12106       1.0648
   12107       1.0669
   12108       1.0782
   12109       1.2260
   12110       1.3367
   12111       1.2781
   12112       1.3292
   12113       1.2389
   12114       1.2913
   12115       1.2511
   12116       1.3845
   12117       1.3007
   12118       1.4247
   12119       1.2886
   12120       1.3086
   12121       1.1985
   12122       1.2563
   12123       1.2488
   12124       1.2982
   12125       1.1862
   12126       1.2313
   12127       1.2288
   12128       1.2882
   12129       1.2957
   12130       1.2474
   12131       1.2514
   12132       1.2969
   12133       1.3509
   12134       1.2948
   12135       1.2618
   12136       1.3421
   12137       1.3066
   12138       1.2972
   12139       1.2835
   12140       1.3042
   12141       1.2752
   12142       1.2653
   12143       1.2191
   12144       1.3429
   12145       1.1786
   12146       1.1759
   12147       1.1755
   12148       1.0820
   12149       1.0373
   12150       0.9592
   12151       1.0017
   12152       1.0139
   12153       0.9218
   12154       0.9422
   12155       1.0464
   12156       1.0335
   12157       1.0098
   12158       0.9709
   12159       0.9733
   12160       1.0262
   12161       1.0445
   12162       1.0219
   12163       0.9074
   12164       0.9993
   12165       0.8910
   12166       0.8797
   12167       0.9278
   12168       0.9620
   12169       0.8958
   12170       1.0107
   12171       1.0382
   12172       0.9420
   12173       1.0110
   12174       1.0406
   12175       0.8669
   12176       0.8529
   12177       0.9475
   12178       1.1084
   12179       1.0002
   12180       1.0463
   12181       0.9489
   12182       0.9412
   12183       0.9291
   12184       0.9254
   12185       0.9275
   12186       0.9198
   12187       0.9042
   12188       1.0565
   12189       1.0186
   12190       0.9797
   12191       0.9336
   12192       0.8679
   12193       0.9311
   12194       0.8814
   12195       0.9075
   12196       0.8636
   12197       0.9028
   12198       0.9892
   12199       0.9819
   12200       0.9644
   12201       1.0158
   12202       1.0917
   12203       1.2728
   12204       1.2076
   12205       1.0755
   12206       1.0860
   12207       1.0232
   12208       0.9899
   12209       1.0925
   12210       1.1182
   12211       1.0141
   12212       1.0547
   12213       1.0565
   12214       1.0307
   12215       1.0267
   12216       1.1010
   12217       1.0453
   12218       1.1008
   12219       1.2421
   12220       1.0505
   12221       1.1150
   12222       1.1389
   12223       1.1999
   12224       1.1556
   12225       1.2229
   12226       1.3000
   12227       1.2690
   12228       1.1638
   12229       1.1311
   12230       1.1333
   12231       1.1286
   12232       1.1045
   12233       1.0604
   12234       1.0604
   12235       1.1400
   12236       1.0277
   12237       1.1016
   12238       1.0961
   12239       1.1529
   12240       0.9998
   12241       1.0694
   12242       1.1209
   12243       1.0245
   12244       0.9877
   12245       0.9559
   12246       0.9280
   12247       0.9993
   12248       0.9310
   12249       1.0273
   12250       1.0483
   12251       0.9018
   12252       1.0618
   12253       1.0118
   12254       0.9715
   12255       0.9820
   12256       0.9430
   12257       1.1036
   12258       1.0894
   12259       1.0771
   12260       1.0344
   12261       0.9412
   12262       0.9327
   12263       1.1294
   12264       0.9554
   12265       0.9597
   12266       0.9301
   12267       0.9496
   12268       0.9219
   12269       0.9410
   12270       0.9104
   12271       1.1058
   12272       1.0375
   12273       1.0990
   12274       0.8752
   12275       0.8641
   12276       0.8615
   12277       0.9482
   12278       1.0273
   12279       0.9599
   12280       1.0692
   12281       1.1275
   12282       0.9522
   12283       0.9230
   12284       0.9424
   12285       1.0896
   12286       0.9231
   12287       1.0747
   12288       0.9141
   12289       0.9454
   12290       0.9411
   12291       0.9617
   12292       0.9041
   12293       0.9155
   12294       0.9785
   12295       1.0684
   12296       1.1812
   12297       1.0043
   12298       0.8790
   12299       0.9997
   12300       0.9986
   12301       0.9230
   12302       0.8557
   12303       1.0305
   12304       1.0374
   12305       1.1677
   12306       0.9981
   12307       0.9192
   12308       0.8694
   12309       0.9473
   12310       0.9721
   12311       0.8979
   12312       0.8369
   12313       1.0015
   12314       0.9022
   12315       0.8814
   12316       0.7892
   12317       0.8430
   12318       0.9374
   12319       0.8961
   12320       0.8578
   12321       0.9440
   12322       0.9362
   12323       0.8740
   12324       0.9001
   12325       0.8322
   12326       0.8624
   12327       0.8921
   12328       0.8604
   12329       0.8830
   12330       0.9945
   12331       0.7552
   12332       0.9431
   12333       0.8882
   12334       1.0333
   12335       1.0674
   12336       1.1417
   12337       1.0578
   12338       1.1561
   12339       1.1854
   12340       1.1569
   12341       1.0301
   12342       0.8686
   12343       0.8979
   12344       0.9638
   12345       0.9731
   12346       1.0131
   12347       1.0727
   12348       0.9346
   12349       0.9873
   12350       0.9519
   12351       0.8136
   12352       0.9561
   12353       0.8765
   12354       0.9278
   12355       0.7921
   12356       0.9171
   12357       0.8498
   12358       0.7951
   12359       0.8480
   12360       0.8455
   12361       0.8035
   12362       0.9190
   12363       0.8807
   12364       0.8084
   12365       0.8744
   12366       0.8228
   12367       0.8326
   12368       0.8327
   12369       0.9112
   12370       0.8609
   12371       0.8696
   12372       0.8573
   12373       0.8411
   12374       0.8558
   12375       0.7773
   12376       0.8266
   12377       0.8198
   12378       0.8258
   12379       0.8480
   12380       0.9839
   12381       0.9909
   12382       1.0448
   12383       1.0418
   12384       0.9292
   12385       0.9168
   12386       0.8463
   12387       0.8973
   12388       0.9848
   12389       0.9770
   12390       0.9097
   12391       0.9047
   12392       0.9196
   12393       0.9810
   12394       0.9217
   12395       0.8544
   12396       0.9312
   12397       0.8144
   12398       0.9389
   12399       0.9032
   12400       0.9212
   12401       1.0655
   12402       1.1068
   12403       0.9833
   12404       0.9546
   12405       0.9827
   12406       0.8474
   12407       0.8601
   12408       0.8574
   12409       0.8879
   12410       0.8615
   12411       0.8807
   12412       1.0009
   12413       0.9454
   12414       0.8430
   12415       0.8924
   12416       0.8486
   12417       0.9437
   12418       0.8973
   12419       0.8765
   12420       0.8860
   12421       0.8343
   12422       0.8304
   12423       0.8332
   12424       0.8865
   12425       0.9286
   12426       0.8935
   12427       0.9063
   12428       0.8500
   12429       0.9223
   12430       0.8841
   12431       0.9386
   12432       0.9444
   12433       1.0321
   12434       1.0407
   12435       1.0466
   12436       1.0192
   12437       0.9319
   12438       0.9760
   12439       1.0442
   12440       0.9801
   12441       1.0510
   12442       1.0990
   12443       1.0324
   12444       1.1364
   12445       1.1465
   12446       1.1547
   12447       1.1091
   12448       1.0360
   12449       1.1746
   12450       1.0416
   12451       1.1084
   12452       1.0771
   12453       0.9402
   12454       0.9686
   12455       1.0607
   12456       1.0761
   12457       1.1569
   12458       1.2313
   12459       1.2483
   12460       1.1038
   12461       1.0874
   12462       1.0931
   12463       1.1452
   12464       1.1717
   12465       1.1825
   12466       1.1926
   12467       1.2622
   12468       1.0697
   12469       1.1514
   12470       1.1948
   12471       1.2277
   12472       1.1508
   12473       1.0956
   12474       1.0693
   12475       1.1456
   12476       1.1221
   12477       1.1246
   12478       1.0293
   12479       1.0217
   12480       1.1199
   12481       1.0161
   12482       1.0834
   12483       1.1363
   12484       1.2292
   12485       0.9341
   12486       0.9370
   12487       1.0521
   12488       0.9626
   12489       0.8875
   12490       1.0438
   12491       0.9933
   12492       1.0108
   12493       1.0826
   12494       0.9807
   12495       1.0876
   12496       1.0458
   12497       1.0608
   12498       1.0265
   12499       1.1074
   12500       1.1528
   12501       1.0942
   12502       1.1782
   12503       1.0879
   12504       1.2505
   12505       1.0085
   12506       0.8916
   12507       1.0628
   12508       1.1454
   12509       1.0861
   12510       1.1701
   12511       1.3365
   12512       1.2544
   12513       1.2140
   12514       1.4079
   12515       1.4270
   12516       1.1997
   12517       1.1539
   12518       1.1830
   12519       1.2020
   12520       1.2680
   12521       1.0399
   12522       1.1257
   12523       1.0710
   12524       1.1385
   12525       1.1333
   12526       1.1549
   12527       1.2362
   12528       1.1741
   12529       1.1641
   12530       0.9456
   12531       0.9666
   12532       1.1121
   12533       0.9912
   12534       1.0015
   12535       1.0498
   12536       0.9638
   12537       0.9908
   12538       1.0387
   12539       0.9929
   12540       1.1029
   12541       1.1921
   12542       1.1539
   12543       1.1838
   12544       1.1169
   12545       1.1091
   12546       1.1571
   12547       1.2010
   12548       1.1532
   12549       1.1941
   12550       1.1561
   12551       1.2046
   12552       1.1896
   12553       1.1735
   12554       1.0486
   12555       1.0280
   12556       1.0947
   12557       1.0620
   12558       1.0769
   12559       1.0584
   12560       1.0874
   12561       1.0186
   12562       0.9087
   12563       0.9292
   12564       0.9429
   12565       1.0003
   12566       1.1432
   12567       1.0092
   12568       0.8902
   12569       0.9632
   12570       0.9904
   12571       0.9817
   12572       1.1075
   12573       0.9497
   12574       0.9404
   12575       0.9663
   12576       0.9825
   12577       1.0774
   12578       1.0914
   12579       1.2158
   12580       1.1368
   12581       1.0276
   12582       1.0755
   12583       1.1575
   12584       1.1398
   12585       1.0725
   12586       1.0937
   12587       1.1102
   12588       1.0464
   12589       0.9933
   12590       0.9776
   12591       0.9699
   12592       1.0594
   12593       1.1335
   12594       1.0147
   12595       0.9244
   12596       0.9338
   12597       1.1105
   12598       1.0857
   12599       1.0953
   12600       1.0814
   12601       1.0160
   12602       1.0783
   12603       1.1524
   12604       1.1615
   12605       1.0702
   12606       1.0176
   12607       1.0318
   12608       1.0541
   12609       1.0635
   12610       1.0454
   12611       1.0377
   12612       1.0905
   12613       1.0650
   12614       1.0058
   12615       0.9271
   12616       0.9668
   12617       0.9643
   12618       0.9513
   12619       0.8965
   12620       0.9331
   12621       1.0466
   12622       0.9782
   12623       0.9613
   12624       0.9390
   12625       0.9656
   12626       0.9223
   12627       1.0700
   12628       1.0149
   12629       1.0871
   12630       1.0421
   12631       1.1095
   12632       1.0727
   12633       1.0192
   12634       0.9405
   12635       1.0497
   12636       1.1180
   12637       1.0594
   12638       0.9657
   12639       0.9959
   12640       0.9504
   12641       0.9062
   12642       1.0185
   12643       1.0214
   12644       1.0322
   12645       1.0905
   12646       1.1282
   12647       1.1627
   12648       1.0618
   12649       1.1266
   12650       1.1208
   12651       0.9843
   12652       0.9941
   12653       0.9384
   12654       1.0561
   12655       1.0934
   12656       0.9903
   12657       1.0845
   12658       1.0004
   12659       0.9914
   12660       1.1256
   12661       1.0279
   12662       1.0937
   12663       1.1927
   12664       1.2523
   12665       1.2289
   12666       1.2416
   12667       1.0288
   12668       1.0524
   12669       1.0525
   12670       1.0338
   12671       1.1333
   12672       0.9535
   12673       1.0186
   12674       1.0114
   12675       0.9663
   12676       0.9830
   12677       1.1463
   12678       1.0484
   12679       0.9748
   12680       0.9783
   12681       1.1023
   12682       1.1540
   12683       1.2035
   12684       1.2487
   12685       1.1584
   12686       1.1682
   12687       1.2345
   12688       1.1614
   12689       1.1532
   12690       1.1213
   12691       1.1619
   12692       1.1520
   12693       1.1895
   12694       1.2585
   12695       1.1582
   12696       1.1024
   12697       1.1475
   12698       1.1545
   12699       1.1316
   12700       1.0908
   12701       1.1722
   12702       1.0239
   12703       1.1159
   12704       1.0801
   12705       1.0808
   12706       1.0482
   12707       1.0277
   12708       1.2052
   12709       1.1637
   12710       1.0745
   12711       1.1167
   12712       1.0866
   12713       1.0476
   12714       1.0495
   12715       1.0971
   12716       1.1853
   12717       1.1355
   12718       1.1116
   12719       1.0706
   12720       1.0345
   12721       0.9694
   12722       1.0976
   12723       1.0713
   12724       1.0398
   12725       1.0147
   12726       1.0446
   12727       1.1248
   12728       1.1222
   12729       1.1519
   12730       1.0641
   12731       1.0048
   12732       0.9035
   12733       1.0190
   12734       1.0366
   12735       1.0755
   12736       1.1079
   12737       1.0619
   12738       1.0908
   12739       1.0923
   12740       1.1041
   12741       1.1127
   12742       1.1581
   12743       1.0772
   12744       1.2199
   12745       1.1203
   12746       1.2263
   12747       1.2161
   12748       1.0972
   12749       1.1637
   12750       1.1168
   12751       1.0912
   12752       1.1332
   12753       1.1657
   12754       1.1730
   12755       1.1105
   12756       1.0820
   12757       1.1546
   12758       1.0648
   12759       1.0197
   12760       0.9865
   12761       1.0089
   12762       0.9920
   12763       1.1299
   12764       0.9955
   12765       1.1666
   12766       1.1530
   12767       1.1335
   12768       0.9670
   12769       1.1430
   12770       1.0337
   12771       1.0827
   12772       1.0206
   12773       0.9614
   12774       0.9743
   12775       1.0664
   12776       0.9621
   12777       0.9353
   12778       1.1028
   12779       1.0197
   12780       0.9916
   12781       0.9329
   12782       0.9842
   12783       0.9999
   12784       1.0214
   12785       0.9175
   12786       0.9496
   12787       0.8657
   12788       0.9165
   12789       0.8752
   12790       0.9679
   12791       0.9764
   12792       0.8718
   12793       1.0505
   12794       0.8154
   12795       0.8798
   12796       0.8577
   12797       0.9430
   12798       0.9163
   12799       1.0577
   12800       1.0213
   12801       1.0107
   12802       0.8958
   12803       0.8857
   12804       0.8567
   12805       0.9548
   12806       0.9377
   12807       0.9848
   12808       0.9979
   12809       0.8727
   12810       0.9201
   12811       1.0033
   12812       0.9600
   12813       0.9918
   12814       1.1746
   12815       1.1264
   12816       1.1009
   12817       1.0948
   12818       1.0135
   12819       1.1606
   12820       1.1138
   12821       1.1404
   12822       1.2835
   12823       1.3943
   12824       1.4572
   12825       1.3941
   12826       1.2537
   12827       1.2901
   12828       1.3009
   12829       1.3683
   12830       1.1649
   12831       1.2362
   12832       1.0799
   12833       1.2776
   12834       1.0990
   12835       1.0655
   12836       1.0116
   12837       0.9888
   12838       1.0088
   12839       1.1438
   12840       1.1158
   12841       1.0746
   12842       1.2267
   12843       1.0741
   12844       1.0663
   12845       1.1410
   12846       1.1924
   12847       1.3085
   12848       1.3218
   12849       1.3560
   12850       1.1942
   12851       1.2250
   12852       1.1910
   12853       1.2252
   12854       1.0761
   12855       1.1951
   12856       1.1957
   12857       1.1912
   12858       1.1265
   12859       1.1334
   12860       1.2828
   12861       1.3092
   12862       1.4695
   12863       1.3960
   12864       1.4543
   12865       1.5357
   12866       1.5682
   12867       1.4481
   12868       1.5818
   12869       1.7156
   12870       1.6205
   12871       1.6404
   12872       1.4537
   12873       1.5134
   12874       1.5889
   12875       1.5912
   12876       1.4556
   12877       1.4168
   12878       1.3676
   12879       1.3793
   12880       1.6069
   12881       1.5152
   12882       1.4777
   12883       1.4219
   12884       1.4269
   12885       1.3630
   12886       1.1561
   12887       1.1838
   12888       1.2940
   12889       1.3105
   12890       1.2060
   12891       1.3225
   12892       1.2691
   12893       1.3024
   12894       1.4363
   12895       1.2119
   12896       1.1219
   12897       1.1079
   12898       1.0379
   12899       1.0371
   12900       1.0651
   12901       0.9437
   12902       1.0426
   12903       1.0500
   12904       0.9586
   12905       0.9625
   12906       0.9478
   12907       1.0795
   12908       1.0884
   12909       1.1238
   12910       1.0873
   12911       1.0703
   12912       1.1303
   12913       1.0713
   12914       0.9072
   12915       1.0351
   12916       1.1399
   12917       1.0212
   12918       0.9140
   12919       0.9405
   12920       1.0796
   12921       0.8899
   12922       0.9010
   12923       0.8745
   12924       0.8866
   12925       0.8227
   12926       0.8182
   12927       0.8808
   12928       0.9428
   12929       0.9656
   12930       0.8713
   12931       0.8374
   12932       1.0048
   12933       0.9339
   12934       0.8844
   12935       0.8560
   12936       0.9780
   12937       0.8314
   12938       0.8410
   12939       0.8453
   12940       0.9376
   12941       0.9390
   12942       0.9247
   12943       1.0756
   12944       1.0169
   12945       1.0441
   12946       1.0092
   12947       0.9872
   12948       0.9445
   12949       0.9814
   12950       1.0069
   12951       1.0323
   12952       0.9673
   12953       1.0489
   12954       1.0662
   12955       1.0140
   12956       1.0601
   12957       1.2217
   12958       1.1741
   12959       1.1865
   12960       1.1498
   12961       1.1023
   12962       1.0661
   12963       0.9382
   12964       0.9816
   12965       1.0332
   12966       1.0950
   12967       1.1815
   12968       1.0387
   12969       0.9017
   12970       0.9465
   12971       0.9119
   12972       0.8900
   12973       0.9949
   12974       0.9104
   12975       0.9754
   12976       0.7972
   12977       0.8703
   12978       0.8695
   12979       0.9032
   12980       0.8464
   12981       0.9707
   12982       0.9468
   12983       0.9694
   12984       0.8886
   12985       0.9474
   12986       0.8410
   12987       0.7673
   12988       0.7989
   12989       0.8523
   12990       0.9122
   12991       0.8922
   12992       0.8794
   12993       0.8155
   12994       0.8442
   12995       0.9988
   12996       0.9100
   12997       1.0434
   12998       1.0269
   12999       0.9234
   13000       0.8924
   13001       0.8132
   13002       0.8496
   13003       0.8976
   13004       0.9330
   13005       0.9842
   13006       0.9968
   13007       0.9555
   13008       1.0217
   13009       1.0418
   13010       0.8724
   13011       0.9259
   13012       0.7751
   13013       0.8392
   13014       0.7828
   13015       0.9044
   13016       0.8830
   13017       0.8900
   13018       0.8817
   13019       0.8010
   13020       0.8714
   13021       0.8599
   13022       0.8497
   13023       0.8334
   13024       0.8920
   13025       0.8057
   13026       0.9456
   13027       0.8894
   13028       0.9629
   13029       0.8869
   13030       0.8785
   13031       0.9104
   13032       0.9206
   13033       0.8848
   13034       0.9848
   13035       0.9003
   13036       0.9715
   13037       0.8880
   13038       0.8671
   13039       0.8744
   13040       0.9035
   13041       1.0596
   13042       1.1069
   13043       1.0949
   13044       1.0504
   13045       1.1068
   13046       1.0382
   13047       1.0220
   13048       1.0201
   13049       1.0451
   13050       0.9752
   13051       1.0572
   13052       1.0525
   13053       1.1776
   13054       1.1300
   13055       1.0459
   13056       1.0721
   13057       1.0537
   13058       1.0639
   13059       1.0923
   13060       1.0686
   13061       1.0100
   13062       1.0110
   13063       0.9997
   13064       1.0211
   13065       0.9935
   13066       0.9872
   13067       0.9201
   13068       0.9755
   13069       1.0366
   13070       1.0773
   13071       1.0907
   13072       0.9030
   13073       0.8911
   13074       1.0004
   13075       0.9723
   13076       0.9286
   13077       0.9630
   13078       1.0585
   13079       1.0000
   13080       0.9501
   13081       0.9760
   13082       1.0255
   13083       0.9103
   13084       0.9613
   13085       0.9919
   13086       1.0214
   13087       1.0208
   13088       1.0640
   13089       1.0779
   13090       1.0610
   13091       1.0317
   13092       1.0692
   13093       1.0040
   13094       1.1063
   13095       1.1709
   13096       1.2953
   13097       1.0263
   13098       0.8857
   13099       0.8801
   13100       0.8632
   13101       1.0040
   13102       0.8979
   13103       0.9177
   13104       1.0119
   13105       1.0756
   13106       0.9879
   13107       1.0873
   13108       0.9635
   13109       1.0484
   13110       1.0519
   13111       1.1651
   13112       1.0313
   13113       0.9306
   13114       1.0065
   13115       1.0000
   13116       1.1205
   13117       1.0269
   13118       1.0487
   13119       1.0963
   13120       1.0135
   13121       0.9683
   13122       0.9667
   13123       0.9789
   13124       0.9339
   13125       0.8957
   13126       1.0831
   13127       1.0483
   13128       0.9203
   13129       0.9024
   13130       0.9752
   13131       1.1409
   13132       0.9568
   13133       0.9542
   13134       1.0847
   13135       0.9817
   13136       0.8199
   13137       0.8310
   13138       0.8622
   13139       0.8466
   13140       0.9815
   13141       1.0543
   13142       0.9543
   13143       1.0112
   13144       0.9742
   13145       1.0092
   13146       0.9780
   13147       0.9275
   13148       1.0595
   13149       0.9197
   13150       0.8059
   13151       0.8035
   13152       0.9631
   13153       1.0065
   13154       1.0722
   13155       1.0516
   13156       1.1394
   13157       1.0591
   13158       1.0268
   13159       0.9063
   13160       0.9102
   13161       0.9002
   13162       0.8892
   13163       1.0463
   13164       1.0172
   13165       1.0988
   13166       0.9870
   13167       1.1783
   13168       1.2703
   13169       1.2576
   13170       1.1291
   13171       1.0313
   13172       1.1013
   13173       1.0919
   13174       1.1406
   13175       1.0360
   13176       0.8972
   13177       0.9517
   13178       0.9886
   13179       1.0236
   13180       0.8832
   13181       0.8844
   13182       0.8358
   13183       0.9370
   13184       0.9000
   13185       0.9779
   13186       1.0042
   13187       1.0648
   13188       1.1035
   13189       1.0139
   13190       1.0706
   13191       1.0511
   13192       0.9996
   13193       0.9885
   13194       1.0048
   13195       0.8405
   13196       1.0165
   13197       0.8936
   13198       0.9046
   13199       0.8951
   13200       0.8904
   13201       0.8567
   13202       0.8669
   13203       0.8866
   13204       0.8870
   13205       0.8483
   13206       0.8081
   13207       0.8523
   13208       0.9136
   13209       0.8843
   13210       1.0195
   13211       1.0867
   13212       1.0092
   13213       1.0112
   13214       0.9013
   13215       1.0124
   13216       1.0478
   13217       0.9917
   13218       1.0899
   13219       1.0641
   13220       1.0787
   13221       0.9749
   13222       1.0747
   13223       1.1960
   13224       1.1875
   13225       1.0849
   13226       1.1358
   13227       1.2240
   13228       1.2051
   13229       1.1442
   13230       0.9932
   13231       1.0893
   13232       1.2114
   13233       1.1914
   13234       1.2311
   13235       1.1290
   13236       1.1492
   13237       1.2227
   13238       1.1358
   13239       1.0106
   13240       1.0220
   13241       0.9199
   13242       1.0494
   13243       1.0846
   13244       0.9796
   13245       1.0422
   13246       1.0746
   13247       0.9505
   13248       1.0648
   13249       1.0687
   13250       1.0505
   13251       1.2270
   13252       1.1588
   13253       1.0736
   13254       1.1467
   13255       1.0587
   13256       1.1889
   13257       1.1229
   13258       1.1625
   13259       1.2691
   13260       1.3834
   13261       1.4074
   13262       1.3410
   13263       1.1659
   13264       1.1106
   13265       1.1229
   13266       1.1877
   13267       1.2678
   13268       1.1567
   13269       1.1777
   13270       1.1278
   13271       1.0729
   13272       1.1542
   13273       1.0314
   13274       1.0453
   13275       0.9191
   13276       0.9808
   13277       0.9905
   13278       1.0608
   13279       0.9946
   13280       1.1704
   13281       1.1458
   13282       1.1340
   13283       1.1468
   13284       0.9967
   13285       0.9760
   13286       1.0150
   13287       0.9660
   13288       1.0610
   13289       1.1601
   13290       1.0517
   13291       0.9026
   13292       0.8908
   13293       0.9579
   13294       0.8247
   13295       0.8587
   13296       0.8783
   13297       0.9551
   13298       0.8570
   13299       0.8140
   13300       0.8428
   13301       0.8769
   13302       0.9210
   13303       0.8728
   13304       0.8382
   13305       0.9134
   13306       0.8927
   13307       1.0491
   13308       0.9191
   13309       0.8289
   13310       0.8316
   13311       0.7849
   13312       0.8780
   13313       0.9022
   13314       0.8942
   13315       1.0506
   13316       0.8291
   13317       0.8045
   13318       0.9561
   13319       0.9745
   13320       0.9453
   13321       1.0431
   13322       1.0622
   13323       1.0278
   13324       0.8048
   13325       0.8698
   13326       0.9191
   13327       1.0127
   13328       0.8631
   13329       0.8861
   13330       0.8030
   13331       0.8531
   13332       0.8669
   13333       0.8518
   13334       0.8713
   13335       0.9768
   13336       0.9641
   13337       0.9192
   13338       0.9281
   13339       0.8758
   13340       0.8801
   13341       0.7944
   13342       0.9260
   13343       1.0016
   13344       1.1554
   13345       0.9768
   13346       1.0795
   13347       0.9236
   13348       0.9680
   13349       1.0042
   13350       0.9458
   13351       0.9654
   13352       0.9291
   13353       0.9585
   13354       0.9083
   13355       0.8918
   13356       1.0268
   13357       1.0136
   13358       0.9882
   13359       1.0901
   13360       0.8320
   13361       0.8290
   13362       0.8437
   13363       0.8974
   13364       0.9458
   13365       0.9807
   13366       0.9414
   13367       1.0167
   13368       0.8870
   13369       0.8869
   13370       1.0229
   13371       1.0921
   13372       0.8483
   13373       0.9859
   13374       0.9863
   13375       0.9592
   13376       1.0158
   13377       0.8953
   13378       0.9961
   13379       0.9097
   13380       0.9900
   13381       1.0157
   13382       1.0094
   13383       1.0439
   13384       1.0444
   13385       1.0008
   13386       0.9626
   13387       1.0060
   13388       0.8543
   13389       0.8670
   13390       0.8724
   13391       0.8820
   13392       0.8946
   13393       0.8453
   13394       0.9069
   13395       0.8502
   13396       0.8001
   13397       0.8915
   13398       0.9533
   13399       0.9693
   13400       0.8942
   13401       0.9413
   13402       1.0719
   13403       1.0056
   13404       0.9952
   13405       1.0396
   13406       1.1101
   13407       1.1486
   13408       0.9881
   13409       0.9338
   13410       0.9159
   13411       0.8589
   13412       0.9673
   13413       0.8871
   13414       1.0168
   13415       1.0146
   13416       0.8930
   13417       0.7998
   13418       0.6981
   13419       0.7574
   13420       0.7570
   13421       0.7558
   13422       0.9968
   13423       0.8308
   13424       0.8688
   13425       0.9851
   13426       0.9281
   13427       0.8735
   13428       0.8582
   13429       0.9771
   13430       1.0311
   13431       0.9607
   13432       0.8796
   13433       0.9502
   13434       0.9938
   13435       0.9070
   13436       1.0072
   13437       0.9716
   13438       1.0481
   13439       1.0565
   13440       0.9166
   13441       1.0034
   13442       1.0503
   13443       0.9333
   13444       0.9630
   13445       0.9879
   13446       1.1276
   13447       1.0880
   13448       1.0446
   13449       0.9246
   13450       0.9324
   13451       0.9765
   13452       0.8707
   13453       0.9403
   13454       1.0425
   13455       0.8647
   13456       0.9001
   13457       0.8174
   13458       0.8958
   13459       0.9936
   13460       0.9859
   13461       0.9352
   13462       0.8745
   13463       0.8964
   13464       0.9822
   13465       1.1001
   13466       1.0365
   13467       0.9099
   13468       1.0211
   13469       1.0061
   13470       1.1038
   13471       1.0406
   13472       1.2392
   13473       1.3085
   13474       1.0558
   13475       1.0614
   13476       1.1554
   13477       1.0440
   13478       0.9257
   13479       0.9359
   13480       1.0404
   13481       1.0185
   13482       1.1118
   13483       0.9841
   13484       0.9608
   13485       0.9062
   13486       0.8531
   13487       0.9314
   13488       0.8438
   13489       0.8372
   13490       0.8989
   13491       0.9484
   13492       0.8433
   13493       0.9008
   13494       0.8646
   13495       0.9214
   13496       0.8490
   13497       0.9567
   13498       0.8190
   13499       0.8917
   13500       0.7678
   13501       0.9753
   13502       0.9337
   13503       0.8493
   13504       0.8891
   13505       0.9413
   13506       0.8449
   13507       0.8346
   13508       0.8857
   13509       0.9015
   13510       0.8387
   13511       0.8602
   13512       0.8549
   13513       0.9661
   13514       0.9229
   13515       1.0029
   13516       0.9629
   13517       0.9039
   13518       1.0543
   13519       0.9702
   13520       0.9654
   13521       0.9733
   13522       0.8577
   13523       0.8380
   13524       1.0371
   13525       0.8819
   13526       0.9382
   13527       0.8546
   13528       0.9881
   13529       1.0751
   13530       0.9615
   13531       1.0260
   13532       1.1602
   13533       1.1332
   13534       1.1571
   13535       1.0753
   13536       1.1069
   13537       1.0385
   13538       1.0012
   13539       0.9808
   13540       1.0338
   13541       0.9671
   13542       0.9232
   13543       1.0416
   13544       0.9187
   13545       0.8326
   13546       0.8194
   13547       0.7861
   13548       0.8258
   13549       0.9141
   13550       0.8251
   13551       0.8843
   13552       1.0305
   13553       1.1272
   13554       1.0450
   13555       1.0131
   13556       0.8767
   13557       0.8985
   13558       0.9008
   13559       0.9289
   13560       0.9228
   13561       0.8203
   13562       0.8298
   13563       0.9247
   13564       0.8928
   13565       0.9352
   13566       1.0234
   13567       0.9213
   13568       0.9580
   13569       0.8803
   13570       0.9206
   13571       0.9201
   13572       0.9930
   13573       0.9492
   13574       0.8981
   13575       0.8650
   13576       0.9192
   13577       0.8788
   13578       1.0607
   13579       1.0768
   13580       1.0967
   13581       1.1567
   13582       1.0894
   13583       1.0573
   13584       0.9722
   13585       1.0450
   13586       1.0768
   13587       0.9723
   13588       0.9483
   13589       0.9749
   13590       0.9068
   13591       0.8960
   13592       0.9195
   13593       0.9064
   13594       0.8917
   13595       0.8936
   13596       0.9143
   13597       0.8219
   13598       0.8677
   13599       0.8483
   13600       0.8326
   13601       0.7965
   13602       0.7446
   13603       0.9805
   13604       0.8408
   13605       0.7799
   13606       0.8467
   13607       0.8328
   13608       0.8562
   13609       0.9553
   13610       0.9664
   13611       1.0150
   13612       0.9813
   13613       0.9702
   13614       1.0018
   13615       0.8588
   13616       0.8755
   13617       0.8078
   13618       0.9222
   13619       0.9963
   13620       1.0255
   13621       1.0847
   13622       1.0113
   13623       0.9923
   13624       0.9281
   13625       0.9295
   13626       0.9591
   13627       1.0010
   13628       1.0445
   13629       1.0974
   13630       1.0241
   13631       1.0091
   13632       1.0654
   13633       1.1173
   13634       1.0018
   13635       0.9958
   13636       0.9154
   13637       0.9572
   13638       0.9347
   13639       0.9316
   13640       0.9708
   13641       0.9386
   13642       0.9370
   13643       0.9844
   13644       1.0350
   13645       1.1456
   13646       1.1545
   13647       1.2713
   13648       1.2267
   13649       1.3275
   13650       1.2681
   13651       1.1585
   13652       1.1361
   13653       1.1266
   13654       1.3529
   13655       1.4119
   13656       1.1885
   13657       1.2250
   13658       1.2409
   13659       1.1210
   13660       1.1897
   13661       1.1343
   13662       1.1336
   13663       1.0586
   13664       1.1194
   13665       1.0963
   13666       1.0533
   13667       1.0934
   13668       1.1027
   13669       1.0974
   13670       1.1377
   13671       1.0215
   13672       1.0359
   13673       0.9979
   13674       1.1216
   13675       1.0479
   13676       1.1179
   13677       1.0498
   13678       1.0392
   13679       1.1772
   13680       1.1121
   13681       0.9525
   13682       1.0970
   13683       0.9466
   13684       0.9048
   13685       1.0567
   13686       1.0164
   13687       0.9258
   13688       1.0845
   13689       1.0892
   13690       1.0953
   13691       1.1520
   13692       1.0405
   13693       1.1393
   13694       1.2426
   13695       1.2978
   13696       1.2986
   13697       1.1990
   13698       1.2618
   13699       1.2923
   13700       1.2681
   13701       1.2397
   13702       1.3485
   13703       1.2091
   13704       1.1490
   13705       1.2077
   13706       1.0616
   13707       0.9719
   13708       1.0981
   13709       1.0788
   13710       1.1303
   13711       0.9735
   13712       0.8813
   13713       1.0965
   13714       1.0782
   13715       1.1047
   13716       1.1499
   13717       0.9330
   13718       0.9219
   13719       0.9414
   13720       0.9443
   13721       0.9506
   13722       0.9032
   13723       1.0003
   13724       1.0289
   13725       0.9216
   13726       0.8692
   13727       0.9252
   13728       0.8834
   13729       0.9840
   13730       1.0399
   13731       0.9927
   13732       1.0341
   13733       0.9836
   13734       1.0572
   13735       0.9619
   13736       0.8357
   13737       0.9997
   13738       0.9777
   13739       1.0106
   13740       0.9793
   13741       0.9907
   13742       1.0338
   13743       1.0050
   13744       1.0375
   13745       1.0388
   13746       1.1148
   13747       1.0797
   13748       0.9829
   13749       1.0141
   13750       0.8716
   13751       1.0264
   13752       0.9555
   13753       0.9248
   13754       1.0157
   13755       0.9907
   13756       0.9511
   13757       0.9978
   13758       0.9130
   13759       1.0638
   13760       1.0021
   13761       1.0564
   13762       0.9612
   13763       1.0139
   13764       0.9920
   13765       0.9545
   13766       0.9327
   13767       0.9620
   13768       0.9480
   13769       1.0316
   13770       1.0297
   13771       1.0281
   13772       1.0309
   13773       1.1601
   13774       1.1271
   13775       1.1351
   13776       1.0766
   13777       1.0872
   13778       1.0559
   13779       1.1046
   13780       0.9819
   13781       1.0224
   13782       0.9909
   13783       1.0265
   13784       1.0143
   13785       1.0456
   13786       1.0437
   13787       1.1286
   13788       1.1166
   13789       1.1753
   13790       1.1575
   13791       1.0749
   13792       1.0233
   13793       1.0811
   13794       0.9694
   13795       1.0025
   13796       1.0533
   13797       1.0218
   13798       0.9603
   13799       0.9949
   13800       1.1092
   13801       1.2318
   13802       1.0571
   13803       1.0933
   13804       1.0332
   13805       1.1380
   13806       1.2202
   13807       1.1515
   13808       1.0276
   13809       1.0081
   13810       0.9189
   13811       0.9325
   13812       0.9270
   13813       0.9253
   13814       0.9308
   13815       1.0977
   13816       1.0102
   13817       1.0726
   13818       0.9878
   13819       0.9312
   13820       0.9178
   13821       0.8888
   13822       0.9114
   13823       0.9778
   13824       0.8927
   13825       0.9520
   13826       0.9802
   13827       0.9987
   13828       1.1064
   13829       0.9800
   13830       1.0453
   13831       1.0267
   13832       1.1076
   13833       0.9712
   13834       0.9822
   13835       0.9641
   13836       1.1374
   13837       0.9381
   13838       0.9948
   13839       1.0423
   13840       1.0617
   13841       0.9981
   13842       1.0260
   13843       0.9976
   13844       0.9925
   13845       0.9914
   13846       1.0004
   13847       0.9694
   13848       0.9029
   13849       0.9436
   13850       1.0722
   13851       0.9890
   13852       0.8980
   13853       0.8807
   13854       0.9195
   13855       0.9958
   13856       1.0004
   13857       1.0291
   13858       1.0716
   13859       1.0354
   13860       0.9954
   13861       0.9750
   13862       1.0213
   13863       0.9765
   13864       0.8983
   13865       1.0239
   13866       0.9258
   13867       0.9535
   13868       0.9284
   13869       0.9460
   13870       1.1245
   13871       1.0067
   13872       0.9295
   13873       0.8871
   13874       0.8540
   13875       0.8643
   13876       0.8053
   13877       0.8495
   13878       0.8617
   13879       0.8371
   13880       0.9373
   13881       0.9346
   13882       1.0118
   13883       1.0331
   13884       0.9262
   13885       0.8502
   13886       0.9686
   13887       0.9516
   13888       0.9267
   13889       1.0096
   13890       1.1413
   13891       0.9779
   13892       0.9521
   13893       0.9791
   13894       1.0027
   13895       1.0736
   13896       1.0261
   13897       1.0510
   13898       0.8842
   13899       1.0292
   13900       0.8970
   13901       1.0249
   13902       1.0029
   13903       1.0268
   13904       1.1156
   13905       1.2424
   13906       1.2278
   13907       1.2152
   13908       1.3309
   13909       1.2690
   13910       1.2940
   13911       1.1702
   13912       1.1804
   13913       1.2058
   13914       1.1888
   13915       1.0797
   13916       1.1482
   13917       1.0671
   13918       1.0879
   13919       1.1136
   13920       1.0707
   13921       0.9759
   13922       1.0634
   13923       1.0335
   13924       1.0510
   13925       1.2463
   13926       1.1288
   13927       1.1660
   13928       1.1579
   13929       1.1148
   13930       1.1269
   13931       1.0050
   13932       1.0983
   13933       1.0663
   13934       1.0929
   13935       1.1655
   13936       1.1213
   13937       1.3605
   13938       1.2766
   13939       1.0818
   13940       1.1032
   13941       1.0986
   13942       1.0353
   13943       0.9950
   13944       1.0319
   13945       0.8875
   13946       0.8889
   13947       0.9183
   13948       0.9569
   13949       0.8783
   13950       0.9422
   13951       0.8378
   13952       0.8087
   13953       0.8528
   13954       0.8360
   13955       0.8433
   13956       0.7721
   13957       0.7264
   13958       0.8043
   13959       0.7011
   13960       0.8132
   13961       0.9523
   13962       0.9542
   13963       0.8763
   13964       0.8589
   13965       0.8327
   13966       1.0540
   13967       0.9197
   13968       0.9351
   13969       0.9909
   13970       1.0292
   13971       0.8402
   13972       0.8638
   13973       0.9021
   13974       0.8727
   13975       0.8604
   13976       1.0012
   13977       0.7825
   13978       0.8181
   13979       1.0122
   13980       0.8229
   13981       0.8993
   13982       0.9386
   13983       0.8645
   13984       0.8713
   13985       0.8913
   13986       0.9096
   13987       0.8176
   13988       0.9377
   13989       0.9089
   13990       0.9439
   13991       0.9325
   13992       1.0103
   13993       0.9865
   13994       0.9306
   13995       0.8816
   13996       1.1798
   13997       1.2352
   13998       1.1183
   13999       1.0540
   14000       1.1538
   14001       0.9674
   14002       1.0234
   14003       1.0666
   14004       0.9595
   14005       0.9237
   14006       0.9689
   14007       1.0651
   14008       1.0639
   14009       0.9847
   14010       1.0345
   14011       1.0174
   14012       0.8906
   14013       0.9826
   14014       0.9120
   14015       1.0696
   14016       1.1614
   14017       1.0675
   14018       1.0987
   14019       1.1215
   14020       1.1020
   14021       0.9079
   14022       0.9574
   14023       1.0959
   14024       1.1815
   14025       1.0534
   14026       1.1875
   14027       1.2605
   14028       1.1507
   14029       1.1641
   14030       1.1008
   14031       1.1522
   14032       1.0137
   14033       1.0849
   14034       1.1914
   14035       0.9749
   14036       0.8625
   14037       0.9453
   14038       0.8287
   14039       0.7977
   14040       0.8609
   14041       0.9519
   14042       0.8876
   14043       0.9385
   14044       0.8324
   14045       0.9544
   14046       1.0460
   14047       1.0012
   14048       1.0109
   14049       1.0754
   14050       1.0127
   14051       1.1023
   14052       1.0514
   14053       0.8911
   14054       1.0452
   14055       0.9700
   14056       0.8826
   14057       0.8901
   14058       0.8937
   14059       0.9489
   14060       1.0801
   14061       0.8771
   14062       0.9877
   14063       0.8849
   14064       0.8364
   14065       0.8771
   14066       0.8500
   14067       0.9168
   14068       1.0426
   14069       1.1606
   14070       1.0792
   14071       1.0740
   14072       0.9893
   14073       0.9443
   14074       0.9900
   14075       0.9464
   14076       0.8545
   14077       0.9898
   14078       1.0092
   14079       1.0243
   14080       1.1085
   14081       1.1661
   14082       1.1711
   14083       1.1712
   14084       1.1274
   14085       1.1713
   14086       1.0497
   14087       1.0060
   14088       1.0479
   14089       1.0725
   14090       0.9705
   14091       1.0468
   14092       1.0571
   14093       0.8259
   14094       0.8962
   14095       0.9667
   14096       0.8676
   14097       0.8699
   14098       0.8810
   14099       0.8323
   14100       0.9337
   14101       0.9072
   14102       0.8720
   14103       0.8441
   14104       0.8689
   14105       0.8725
   14106       0.9070
   14107       0.9477
   14108       0.9206
   14109       0.8687
   14110       0.8402
   14111       0.9000
   14112       0.9693
   14113       1.0092
   14114       0.9128
   14115       0.9236
   14116       0.9192
   14117       1.0304
   14118       1.0224
   14119       0.9034
   14120       0.9570
   14121       0.9932
   14122       1.0577
   14123       1.1408
   14124       0.9957
   14125       0.9927
   14126       0.9906
   14127       0.9840
   14128       0.9934
   14129       1.0190
   14130       0.9692
   14131       1.0325
   14132       0.9377
   14133       0.9076
   14134       0.9689
   14135       0.9851
   14136       0.9890
   14137       1.0705
   14138       1.0466
   14139       1.0428
   14140       1.0614
   14141       1.0451
   14142       1.0812
   14143       1.0329
   14144       1.0784
   14145       0.9632
   14146       0.9624
   14147       0.9153
   14148       0.9764
   14149       0.9555
   14150       0.9434
   14151       0.9915
   14152       0.9702
   14153       0.9654
   14154       0.9136
   14155       0.9764
   14156       0.8916
   14157       0.9967
   14158       1.0518
   14159       0.9440
   14160       0.8564
   14161       0.9011
   14162       0.8923
   14163       0.9465
   14164       0.8429
   14165       1.0240
   14166       1.0174
   14167       1.0748
   14168       1.0381
   14169       1.0077
   14170       1.0318
   14171       1.1213
   14172       1.0810
   14173       0.9741
   14174       1.0399
   14175       0.9877
   14176       0.9279
   14177       0.9481
   14178       0.9626
   14179       0.9206
   14180       0.9573
   14181       0.9341
   14182       0.9971
   14183       0.9739
   14184       0.9310
   14185       0.9070
   14186       0.8841
   14187       0.9177
   14188       0.9476
   14189       0.9500
   14190       1.0105
   14191       0.8774
   14192       0.9340
   14193       1.0117
   14194       1.1888
   14195       1.0066
   14196       1.1804
   14197       1.0795
   14198       1.1152
   14199       1.0200
   14200       1.0105
   14201       0.9373
   14202       0.9233
   14203       1.0729
   14204       1.0284
   14205       0.9405
   14206       1.0291
   14207       1.0273
   14208       0.8837
   14209       0.9636
   14210       0.8883
   14211       0.8950
   14212       0.9364
   14213       0.9517
   14214       0.9467
   14215       0.8493
   14216       0.9203
   14217       0.9727
   14218       0.9751
   14219       0.9058
   14220       0.8819
   14221       0.9451
   14222       0.9339
   14223       0.8915
   14224       0.9703
   14225       0.9685
   14226       1.0206
   14227       0.9017
   14228       0.8187
   14229       0.9288
   14230       0.8582
   14231       0.8854
   14232       0.8975
   14233       0.7869
   14234       0.9822
   14235       1.0126
   14236       0.9455
   14237       0.9774
   14238       0.8868
   14239       0.7824
   14240       0.8199
   14241       0.9995
   14242       0.9295
   14243       0.9790
   14244       1.0036
   14245       0.9356
   14246       1.0365
   14247       0.9411
   14248       1.0240
   14249       1.0635
   14250       0.9982
   14251       0.9194
   14252       0.9930
   14253       1.0320
   14254       0.9476
   14255       1.0332
   14256       1.0544
   14257       1.0202
   14258       1.0945
   14259       1.1110
   14260       0.9663
   14261       0.9903
   14262       1.0769
   14263       1.0805
   14264       0.9871
   14265       1.1575
   14266       0.9916
   14267       1.0750
   14268       1.0182
   14269       0.9449
   14270       0.8190
   14271       0.9775
   14272       1.0123
   14273       1.0384
   14274       1.0468
   14275       0.9863
   14276       0.9023
   14277       0.9677
   14278       0.9901
   14279       0.9817
   14280       0.9937
   14281       1.0326
   14282       1.1582
   14283       1.1296
   14284       0.9773
   14285       0.9997
   14286       0.9504
   14287       0.9243
   14288       0.9918
   14289       0.9977
   14290       1.0221
   14291       0.9951
   14292       1.0392
   14293       0.9629
   14294       0.9015
   14295       0.9917
   14296       0.9455
   14297       0.8662
   14298       0.8584
   14299       0.8908
   14300       0.9475
   14301       0.9080
   14302       1.0016
   14303       1.0223
   14304       1.0310
   14305       1.1157
   14306       1.1054
   14307       1.0152
   14308       1.0690
   14309       1.1351
   14310       0.9927
   14311       1.0431
   14312       1.0708
   14313       1.0686
   14314       0.9390
   14315       0.9453
   14316       0.9469
   14317       0.8327
   14318       0.9876
   14319       0.8916
   14320       0.9181
   14321       0.9518
   14322       0.9437
   14323       0.8703
   14324       0.9232
   14325       0.8905
   14326       0.9581
   14327       1.1555
   14328       0.8699
   14329       0.9272
   14330       0.9320
   14331       0.9272
   14332       0.8978
   14333       0.9423
   14334       0.8577
   14335       0.8060
   14336       0.8364
   14337       0.9282
   14338       0.8377
   14339       1.0132
   14340       1.0031
   14341       1.0213
   14342       0.9933
   14343       1.0327
   14344       0.9334
   14345       0.9276
   14346       1.0852
   14347       0.9496
   14348       1.0439
   14349       0.9219
   14350       0.9657
   14351       0.9318
   14352       0.9442
   14353       0.8833
   14354       0.8679
   14355       0.9306
   14356       1.0245
   14357       0.9018
   14358       0.9067
   14359       0.9708
   14360       0.9405
   14361       1.0441
   14362       0.9987
   14363       0.9936
   14364       0.8200
   14365       0.8662
   14366       1.0049
   14367       0.9620
   14368       1.0106
   14369       0.9276
   14370       0.7851
   14371       0.8918
   14372       0.7970
   14373       0.9720
   14374       0.9665
   14375       1.0411
   14376       1.0208
   14377       1.0956
   14378       1.0711
   14379       0.9854
   14380       1.1644
   14381       1.1714
   14382       1.1797
   14383       1.1089
   14384       1.1510
   14385       1.1337
   14386       1.0989
   14387       1.0128
   14388       1.0205
   14389       1.0222
   14390       1.0232
   14391       0.9871
   14392       1.0171
   14393       1.0433
   14394       1.0251
   14395       1.0263
   14396       1.0321
   14397       1.0684
   14398       1.0147
   14399       1.1097
   14400       1.1556
   14401       0.9444
   14402       0.9547
   14403       1.0215
   14404       1.0037
   14405       1.1061
   14406       1.1047
   14407       1.1552
   14408       1.0424
   14409       1.0367
   14410       0.9114
   14411       0.9766
   14412       0.9327
   14413       0.9792
   14414       0.9495
   14415       0.9268
   14416       1.0483
   14417       1.1970
   14418       1.0306
   14419       1.0918
   14420       0.9220
   14421       0.9462
   14422       0.9001
   14423       1.0257
   14424       0.9481
   14425       0.8903
   14426       0.8556
   14427       0.9542
   14428       0.9497
   14429       0.9637
   14430       0.9477
   14431       0.9057
   14432       0.8496
   14433       0.9347
   14434       0.9943
   14435       1.0148
   14436       1.0336
   14437       1.0148
   14438       1.0472
   14439       0.9926
   14440       1.0771
   14441       0.9714
   14442       1.0416
   14443       0.9502
   14444       0.9605
   14445       1.0109
   14446       1.0358
   14447       0.9861
   14448       0.9339
   14449       0.9820
   14450       0.9179
   14451       1.0138
   14452       1.2262
   14453       1.0712
   14454       1.1115
   14455       1.0348
   14456       0.9651
   14457       0.9668
   14458       0.9894
   14459       0.8772
   14460       0.9254
   14461       1.0191
   14462       1.0476
   14463       1.1169
   14464       1.0503
   14465       0.9431
   14466       1.1523
   14467       1.0365
   14468       1.0794
   14469       1.0120
   14470       1.0019
   14471       0.9274
   14472       0.9943
   14473       1.0683
   14474       1.2119
   14475       1.1860
   14476       1.2378
   14477       1.2163
   14478       1.4483
   14479       1.5499
   14480       1.5105
   14481       1.5153
   14482       1.8903
   14483       1.7025
   14484       1.6493
   14485       1.4368
   14486       1.4184
   14487       1.3895
   14488       1.3788
   14489       1.1976
   14490       1.1686
   14491       1.0862
   14492       1.0769
   14493       1.2009
   14494       1.0127
   14495       1.2246
   14496       1.1765
   14497       1.1377
   14498       1.0370
   14499       1.0638
   14500       1.2801
   14501       1.1219
   14502       1.0737
   14503       1.1371
   14504       1.0224
   14505       0.9729
   14506       0.9935
   14507       1.0691
   14508       0.9922
   14509       1.1269
   14510       1.1719
   14511       1.1992
   14512       1.1272
   14513       1.1071
   14514       1.0903
   14515       1.0480
   14516       1.0989
   14517       1.0618
   14518       1.1929
   14519       1.1123
   14520       1.1844
   14521       1.0906
   14522       1.0735
   14523       0.9983
   14524       1.0197
   14525       1.1078
   14526       1.0398
   14527       1.0399
   14528       1.1435
   14529       1.1844
   14530       1.2590
   14531       1.2436
   14532       1.1460
   14533       1.0080
   14534       0.9638
   14535       1.0657
   14536       0.8693
   14537       0.9307
   14538       0.9629
   14539       1.0943
   14540       1.0245
   14541       0.8852
   14542       0.9403
   14543       0.9430
   14544       0.9287
   14545       0.8826
   14546       0.9499
   14547       0.8270
   14548       0.9153
   14549       0.9492
   14550       0.9301
   14551       0.9144
   14552       1.0714
   14553       0.9527
   14554       0.9640
   14555       1.0135
   14556       0.9192
   14557       1.0356
   14558       1.0396
   14559       0.9800
   14560       1.1407
   14561       1.0028
   14562       0.9819
   14563       0.9051
   14564       0.9058
   14565       0.8642
   14566       0.9110
   14567       0.9167
   14568       0.8251
   14569       0.7958
   14570       0.9008
   14571       0.9189
   14572       0.9233
   14573       0.9025
   14574       0.9218
   14575       0.9225
   14576       0.8778
   14577       0.9271
   14578       0.9090
   14579       0.9106
   14580       0.8729
   14581       0.9793
   14582       0.9788
   14583       0.9397
   14584       0.8399
   14585       0.8164
   14586       0.9468
   14587       0.9406
   14588       0.9009
   14589       0.8814
   14590       0.9109
   14591       0.8842
   14592       0.9075
   14593       0.8610
   14594       0.9507
   14595       0.9694
   14596       0.9964
   14597       1.0531
   14598       1.0351
   14599       1.0244
   14600       0.9956
   14601       1.1020
   14602       1.1317
   14603       1.0406
   14604       1.0204
   14605       1.0477
   14606       1.0778
   14607       1.0391
   14608       0.9778
   14609       0.9555
   14610       0.9726
   14611       0.8941
   14612       1.0164
   14613       1.0038
   14614       1.1374
   14615       1.0560
   14616       1.0184
   14617       1.2216
   14618       1.0654
   14619       0.9838
   14620       1.0568
   14621       1.0347
   14622       1.0541
   14623       0.9719
   14624       0.9097
   14625       1.0999
   14626       0.9304
   14627       0.9916
   14628       0.9985
   14629       0.9770
   14630       0.9594
   14631       0.9610
   14632       0.9628
   14633       0.9224
   14634       0.8332
   14635       0.8402
   14636       0.9415
   14637       1.0013
   14638       0.9980
   14639       1.0019
   14640       0.9633
   14641       0.9913
   14642       1.1295
   14643       1.1373
   14644       1.0104
   14645       1.0546
   14646       1.0255
   14647       0.9835
   14648       0.9481
   14649       0.9901
   14650       1.2131
   14651       1.2388
   14652       1.1673
   14653       1.0596
   14654       1.0917
   14655       1.0078
   14656       1.0262
   14657       1.0352
   14658       1.0234
   14659       0.9172
   14660       0.9203
   14661       0.8973
   14662       0.9709
   14663       1.0684
   14664       0.9223
   14665       0.8900
   14666       0.8369
   14667       0.8952
   14668       0.9191
   14669       0.9410
   14670       0.9870
   14671       0.9431
   14672       0.9080
   14673       0.9402
   14674       0.9462
   14675       1.0359
   14676       0.9407
   14677       0.9030
   14678       0.8741
   14679       0.8585
   14680       0.8627
   14681       0.8728
   14682       0.8318
   14683       0.8496
   14684       0.8484
   14685       0.9502
   14686       0.9483
   14687       0.9363
   14688       0.8216
   14689       0.8056
   14690       0.8425
   14691       0.9501
   14692       0.8522
   14693       0.9026
   14694       0.9287
   14695       0.9530
   14696       0.9326
   14697       0.9979
   14698       0.9693
   14699       1.0078
   14700       1.0174
   14701       1.0323
   14702       0.9986
   14703       1.0155
   14704       1.0682
   14705       1.0084
   14706       0.9688
   14707       1.0521
   14708       1.1495
   14709       1.0077
   14710       0.9816
   14711       1.0239
   14712       1.1171
   14713       1.0800
   14714       1.0363
   14715       1.0895
   14716       1.0327
   14717       1.1165
   14718       1.0728
   14719       1.0508
   14720       1.0600
   14721       1.0676
   14722       1.0842
   14723       1.0719
   14724       1.0229
   14725       0.9732
   14726       1.0993
   14727       1.1188
   14728       1.1153
   14729       1.2456
   14730       0.9759
   14731       0.9980
   14732       1.0325
   14733       1.0264
   14734       0.9989
   14735       1.0121
   14736       1.1506
   14737       1.1213
   14738       0.9528
   14739       0.9383
   14740       1.0159
   14741       1.0129
   14742       1.0413
   14743       1.0638
   14744       1.0807
   14745       0.9844
   14746       1.0278
   14747       1.0648
   14748       0.9810
   14749       0.8798
   14750       1.0341
   14751       1.0241
   14752       1.1628
   14753       1.1898
   14754       1.1454
   14755       1.0213
   14756       1.0122
   14757       1.0318
   14758       1.0354
   14759       1.1085
   14760       1.1049
   14761       0.9537
   14762       0.9289
   14763       1.0533
   14764       0.9714
   14765       1.0134
   14766       1.0442
   14767       0.9509
   14768       0.8544
   14769       0.8365
   14770       0.9568
   14771       0.8673
   14772       0.8086
   14773       0.8399
   14774       0.9113
   14775       0.9371
   14776       0.9492
   14777       1.0022
   14778       1.0329
   14779       0.9877
   14780       0.9377
   14781       0.9312
   14782       0.8930
   14783       1.0514
   14784       1.0338
   14785       1.1975
   14786       1.1243
   14787       1.0319
   14788       1.1239
   14789       1.0898
   14790       1.0326
   14791       1.0741
   14792       1.1303
   14793       1.1335
   14794       1.2563
   14795       1.1146
   14796       1.2028
   14797       1.2473
   14798       1.2365
   14799       1.3286
   14800       1.1467
   14801       1.1190
   14802       1.1558
   14803       1.1771
   14804       1.1683
   14805       1.3158
   14806       1.4680
   14807       1.3577
   14808       1.4907
   14809       1.4184
   14810       1.2415
   14811       1.3291
   14812       1.1525
   14813       1.1929
   14814       1.2292
   14815       1.1899
   14816       1.1155
   14817       1.1721
   14818       1.1382
   14819       1.1343
   14820       1.1436
   14821       1.2057
   14822       1.2240
   14823       1.2024
   14824       1.1848
   14825       1.1198
   14826       1.0844
   14827       1.1859
   14828       1.1497
   14829       1.1265
   14830       1.1534
   14831       1.0310
   14832       1.0188
   14833       1.0517
   14834       1.0785
   14835       1.0230
   14836       1.0992
   14837       1.2030
   14838       1.0836
   14839       1.0170
   14840       1.0442
   14841       1.0984
   14842       1.1921
   14843       1.0962
   14844       0.9755
   14845       0.9873
   14846       1.1570
   14847       1.1690
   14848       1.1584
   14849       1.2250
   14850       1.1264
   14851       1.1391
   14852       1.0239
   14853       0.9981
   14854       1.0244
   14855       1.0091
   14856       1.0078
   14857       1.0749
   14858       1.0987
   14859       1.0144
   14860       1.0952
   14861       1.1364
   14862       1.2413
   14863       1.2773
   14864       1.1386
   14865       1.2648
   14866       1.2564
   14867       1.2203
   14868       1.1816
   14869       1.2194
   14870       1.2357
   14871       1.3005
   14872       1.2204
   14873       1.1897
   14874       1.1960
   14875       1.1919
   14876       1.1707
   14877       1.1939
   14878       1.2244
   14879       1.2308
   14880       1.1803
   14881       1.1685
   14882       1.2324
   14883       1.2465
   14884       1.2264
   14885       1.2549
   14886       1.3033
   14887       1.3020
   14888       1.2567
   14889       1.2717
   14890       1.2241
   14891       1.2828
   14892       1.3546
   14893       1.3737
   14894       1.4000
   14895       1.2320
   14896       1.2288
   14897       1.2792
   14898       1.4293
   14899       1.3443
   14900       1.3199
   14901       1.3527
   14902       1.3833
   14903       1.4347
   14904       1.4570
   14905       1.4992
   14906       1.4256
   14907       1.3686
   14908       1.2778
   14909       1.3404
   14910       1.2368
   14911       1.4146
   14912       1.3916
   14913       1.2672
   14914       1.2371
   14915       1.1328
   14916       1.1118
   14917       1.1550
   14918       1.0390
   14919       1.0822
   14920       1.1049
   14921       1.0514
   14922       1.0790
   14923       1.2687
   14924       1.0779
   14925       1.1125
   14926       1.1923
   14927       1.2663
   14928       1.3895
   14929       1.1364
   14930       1.0849
   14931       1.3230
   14932       1.2192
   14933       1.0723
   14934       1.1253
   14935       1.0487
   14936       1.0698
   14937       1.1996
   14938       1.1148
   14939       1.0863
   14940       1.0771
   14941       1.1781
   14942       1.3084
   14943       1.1329
   14944       0.9486
   14945       0.9602
   14946       1.0769
   14947       1.0684
   14948       1.0091
   14949       1.0141
   14950       1.0876
   14951       1.0733
   14952       1.1306
   14953       1.0571
   14954       1.1469
   14955       1.2398
   14956       1.3162
   14957       1.2959
   14958       1.2218
   14959       1.1343
   14960       1.0896
   14961       0.9723
   14962       0.8933
   14963       0.8531
   14964       0.9985
   14965       1.1259
   14966       0.9824
   14967       1.0506
   14968       1.0784
   14969       1.0092
   14970       0.9619
   14971       0.7997
   14972       0.9058
   14973       0.9174
   14974       1.0096
   14975       0.9117
   14976       0.9969
   14977       1.0997
   14978       0.9637
   14979       1.0533
   14980       1.0897
   14981       1.0159
   14982       0.9600
   14983       0.9659
   14984       1.0189
   14985       0.9906
   14986       0.9987
   14987       1.0719
   14988       1.1113
   14989       1.1237
   14990       1.1141
   14991       1.0834
   14992       1.0236
   14993       1.0870
   14994       1.1098
   14995       0.9766
   14996       0.9553
   14997       0.8955
   14998       0.9881
   14999       0.9334
   15000       0.8813
   15001       0.9891
   15002       1.0677
   15003       0.8992
   15004       0.9731
   15005       0.9711
   15006       0.9880
   15007       1.0312
   15008       0.8474
   15009       0.9078
   15010       0.9307
   15011       0.9874
   15012       0.9543
   15013       0.9312
   15014       1.0133
   15015       0.9545
   15016       1.1312
   15017       1.0421
   15018       1.0136
   15019       0.9985
   15020       1.1787
   15021       1.0505
   15022       1.0297
   15023       1.1549
   15024       1.0484
   15025       1.1153
   15026       1.1365
   15027       1.1763
   15028       1.1446
   15029       1.1628
   15030       1.0177
   15031       1.1194
   15032       1.0545
   15033       0.9904
   15034       1.0073
   15035       1.0378
   15036       1.0521
   15037       0.9973
   15038       1.0824
   15039       0.9905
   15040       1.0891
   15041       1.0836
   15042       0.9298
   15043       0.9812
   15044       0.9650
   15045       0.9980
   15046       0.9726
   15047       1.0933
   15048       0.9767
   15049       1.0818
   15050       1.1778
   15051       1.2354
   15052       1.1113
   15053       1.2895
   15054       1.2902
   15055       1.2831
   15056       1.4980
   15057       1.5069
   15058       1.5532
   15059       1.5870
   15060       1.5209
   15061       1.5930
   15062       1.3488
   15063       1.0521
   15064       1.0628
   15065       1.1200
   15066       1.1197
   15067       1.1354
   15068       1.2393
   15069       1.0669
   15070       1.1935
   15071       1.1710
   15072       1.0724
   15073       1.3009
   15074       1.2284
   15075       1.1920
   15076       1.1983
   15077       1.1549
   15078       1.3014
   15079       1.1826
   15080       1.0597
   15081       1.2200
   15082       1.3017
   15083       1.2732
   15084       1.2110
   15085       1.2339
   15086       1.1110
   15087       1.0536
   15088       1.0148
   15089       1.0979
   15090       1.0099
   15091       0.9830
   15092       0.9926
   15093       1.0035
   15094       1.0565
   15095       1.0580
   15096       0.9627
   15097       1.0507
   15098       1.0086
   15099       0.9846
   15100       1.0755
   15101       1.0049
   15102       1.0084
   15103       0.9086
   15104       0.9203
   15105       0.9133
   15106       0.8793
   15107       0.8316
   15108       0.8379
   15109       0.7655
   15110       0.9172
   15111       0.8504
   15112       0.8650
   15113       0.8774
   15114       0.8366
   15115       0.7667
   15116       0.8822
   15117       0.9358
   15118       0.9078
   15119       0.8149
   15120       0.7509
   15121       0.7597
   15122       0.9039
   15123       0.8789
   15124       0.9134
   15125       0.8457
   15126       0.8742
   15127       0.8328
   15128       0.8217
   15129       0.7771
   15130       0.8266
   15131       0.7398
   15132       0.9030
   15133       0.8967
   15134       0.7599
   15135       0.7344
   15136       0.8913
   15137       0.8891
   15138       0.8479
   15139       0.9758
   15140       0.9404
   15141       1.0150
   15142       1.0427
   15143       0.9246
   15144       0.8404
   15145       0.8134
   15146       0.9300
   15147       0.8449
   15148       0.8617
   15149       0.9415
   15150       0.8724
   15151       0.8517
   15152       1.0513
   15153       1.0499
   15154       1.0251
   15155       1.0960
   15156       1.1447
   15157       1.1115
   15158       1.1537
   15159       1.1430
   15160       1.1099
   15161       1.0489
   15162       1.0666
   15163       1.3161
   15164       1.1954
   15165       1.0075
   15166       1.0769
   15167       0.9179
   15168       0.8860
   15169       0.9541
   15170       1.1025
   15171       0.9490
   15172       0.9302
   15173       1.0115
   15174       1.0051
   15175       1.1358
   15176       1.1972
   15177       1.0508
   15178       1.0764
   15179       1.1267
   15180       1.2758
   15181       1.1462
   15182       0.9880
   15183       0.9702
   15184       1.0204
   15185       0.9767
   15186       0.9638
   15187       1.0260
   15188       1.0102
   15189       1.0724
   15190       1.0435
   15191       0.9785
   15192       0.8496
   15193       0.9159
   15194       0.8436
   15195       0.9056
   15196       1.0613
   15197       0.9625
   15198       0.8776
   15199       0.9479
   15200       0.8547
   15201       0.9826
   15202       1.0220
   15203       1.0838
   15204       0.9581
   15205       1.0266
   15206       0.9902
   15207       1.1626
   15208       1.0279
   15209       0.9468
   15210       1.0169
   15211       0.9215
   15212       0.9822
   15213       0.9859
   15214       0.9442
   15215       0.9969
   15216       0.8701
   15217       0.8281
   15218       0.9232
   15219       0.8914
   15220       0.9630
   15221       0.9257
   15222       1.0696
   15223       1.0360
   15224       1.1342
   15225       1.0221
   15226       1.0417
   15227       0.9957
   15228       1.1566
   15229       1.2176
   15230       1.0551
   15231       1.0378
   15232       1.0088
   15233       0.9999
   15234       0.9923
   15235       1.0115
   15236       1.0528
   15237       1.1258
   15238       1.1534
   15239       1.1248
   15240       1.2158
   15241       1.2685
   15242       1.2437
   15243       1.1691
   15244       1.2719
   15245       1.1990
   15246       1.1863
   15247       1.2128
   15248       1.1772
   15249       1.2671
   15250       1.2455
   15251       1.3544
   15252       1.4524
   15253       1.2446
   15254       1.3016
   15255       1.2522
   15256       1.1657
   15257       1.2755
   15258       1.1111
   15259       1.1043
   15260       1.2769
   15261       1.2639
   15262       1.1197
   15263       1.1778
   15264       1.3224
   15265       1.3029
   15266       1.3707
   15267       1.3310
   15268       1.3627
   15269       1.3341
   15270       1.2433
   15271       1.4022
   15272       1.3581
   15273       1.3898
   15274       1.2871
   15275       1.2635
   15276       1.1381
   15277       1.1371
   15278       1.1449
   15279       1.0456
   15280       1.0273
   15281       1.1366
   15282       1.2118
   15283       1.2447
   15284       1.2845
   15285       1.1544
   15286       1.1029
   15287       1.2346
   15288       1.2840
   15289       1.2140
   15290       1.1384
   15291       1.1349
   15292       1.1708
   15293       1.2271
   15294       1.1252
   15295       1.2107
   15296       1.1590
   15297       1.1843
   15298       1.0872
   15299       1.1824
   15300       1.1704
   15301       1.1018
   15302       1.0639
   15303       1.1902
   15304       1.1721
   15305       1.1486
   15306       1.1705
   15307       1.2340
   15308       1.0934
   15309       1.1140
   15310       1.1785
   15311       1.1801
   15312       1.1619
   15313       1.1900
   15314       1.0944
   15315       1.1631
   15316       1.1410
   15317       1.1558
   15318       1.1836
   15319       1.2598
   15320       1.2175
   15321       1.2600
   15322       1.1398
   15323       1.1820
   15324       1.0084
   15325       0.9967
   15326       1.0291
   15327       1.1153
   15328       1.0771
   15329       1.1575
   15330       1.1899
   15331       1.1817
   15332       1.2057
   15333       1.1656
   15334       1.1632
   15335       1.1346
   15336       1.1836
   15337       1.2008
   15338       1.1446
   15339       1.1652
   15340       1.2522
   15341       1.2564
   15342       1.2395
   15343       1.3479
   15344       1.1416
   15345       1.2603
   15346       1.1570
   15347       1.2005
   15348       1.2910
   15349       1.1557
   15350       1.1090
   15351       1.1920
   15352       1.1314
   15353       1.1718
   15354       1.2512
   15355       1.2000
   15356       1.2540
   15357       1.3032
   15358       1.2489
   15359       1.3048
   15360       1.3638
   15361       1.1331
   15362       1.2319
   15363       1.2124
   15364       1.2401
   15365       1.2296
   15366       1.1987
   15367       1.2671
   15368       1.3182
   15369       1.4176
   15370       1.3009
   15371       1.1971
   15372       1.0553
   15373       1.0673
   15374       1.0346
   15375       0.9569
   15376       1.0626
   15377       1.1043
   15378       1.2304
   15379       1.1749
   15380       1.2076
   15381       1.2019
   15382       1.2142
   15383       1.1519
   15384       1.2601
   15385       1.0797
   15386       1.2126
   15387       1.2637
   15388       1.2491
   15389       1.1637
   15390       1.1560
   15391       1.2024
   15392       1.2497
   15393       1.1578
   15394       1.2317
   15395       1.1440
   15396       1.2002
   15397       1.1941
   15398       1.2625
   15399       1.1652
   15400       1.2669
   15401       1.1872
   15402       1.1471
   15403       1.0913
   15404       1.1748
   15405       1.0161
   15406       0.9877
   15407       0.9599
   15408       0.9453
   15409       1.0839
   15410       0.9568
   15411       1.1060
   15412       1.1112
   15413       1.1333
   15414       1.1078
   15415       1.1375
   15416       1.0690
   15417       1.0894
   15418       0.9666
   15419       0.9938
   15420       0.9755
   15421       1.0748
   15422       1.0223
   15423       1.1405
   15424       1.0678
   15425       1.1269
   15426       1.0225
   15427       0.9120
   15428       1.0408
   15429       1.0206
   15430       1.0477
   15431       1.0589
   15432       1.0109
   15433       0.9425
   15434       0.9926
   15435       0.9733
   15436       0.9041
   15437       0.9360
   15438       0.9001
   15439       0.9573
   15440       0.9294
   15441       0.9962
   15442       0.9092
   15443       0.9005
   15444       0.9362
   15445       0.8772
   15446       0.8352
   15447       0.7840
   15448       0.7817
   15449       0.8643
   15450       0.8662
   15451       0.8255
   15452       0.8180
   15453       0.8783
   15454       0.8508
   15455       0.8727
   15456       0.8590
   15457       0.7388
   15458       0.8152
   15459       0.9685
   15460       0.8937
   15461       0.9807
   15462       1.0274
   15463       0.8885
   15464       0.9503
   15465       1.0523
   15466       1.0643
   15467       1.0856
   15468       1.0407
   15469       1.0416
   15470       1.0211
   15471       0.9892
   15472       0.8445
   15473       0.8486
   15474       0.9857
   15475       0.9867
   15476       0.9984
   15477       1.0592
   15478       1.0193
   15479       1.0752
   15480       1.0350
   15481       0.9140
   15482       0.8799
   15483       0.8734
   15484       0.9300
   15485       1.0623
   15486       1.0202
   15487       1.0041
   15488       1.0072
   15489       0.9828
   15490       1.0276
   15491       1.0721
   15492       1.0046
   15493       0.9316
   15494       1.0410
   15495       0.8921
   15496       0.8839
   15497       0.7971
   15498       0.8456
   15499       0.9006
   15500       0.8503
   15501       0.8453
   15502       0.8055
   15503       0.9230
   15504       0.9664
   15505       0.8947
   15506       0.8892
   15507       0.7962
   15508       0.7956
   15509       0.8034
   15510       0.8704
   15511       0.9226
   15512       0.8918
   15513       0.8686
   15514       0.8421
   15515       0.9094
   15516       0.8707
   15517       0.8854
   15518       0.8651
   15519       0.8623
   15520       0.8122
   15521       0.7788
   15522       0.7573
   15523       0.7886
   15524       0.8113
   15525       0.8624
   15526       0.9117
   15527       0.7876
   15528       0.7619
   15529       0.9772
   15530       0.7912
   15531       0.8258
   15532       0.7221
   15533       0.7656
   15534       0.8856
   15535       0.8322
   15536       0.9116
   15537       0.8928
   15538       0.7987
   15539       0.7747
   15540       0.9538
   15541       0.9629
   15542       0.9028
   15543       0.9910
   15544       0.8209
   15545       1.0184
   15546       0.9495
   15547       0.9314
   15548       0.9907
   15549       1.2286
   15550       1.1445
   15551       1.1437
   15552       1.1210
   15553       1.2529
   15554       1.1840
   15555       0.9769
   15556       0.9254
   15557       0.8558
   15558       0.9764
   15559       0.8041
   15560       0.7640
   15561       0.9202
   15562       0.9488
   15563       0.9960
   15564       1.0119
   15565       1.0340
   15566       1.1248
   15567       1.0065
   15568       0.9686
   15569       0.9632
   15570       0.9617
   15571       0.9053
   15572       0.8516
   15573       0.8965
   15574       0.9567
   15575       0.9882
   15576       0.8529
   15577       0.9018
   15578       1.0016
   15579       1.1079
   15580       1.1343
   15581       1.0355
   15582       0.9135
   15583       0.8506
   15584       0.8729
   15585       0.8776
   15586       0.8165
   15587       0.9888
   15588       0.9417
   15589       0.8637
   15590       1.0460
   15591       0.9717
   15592       1.0424
   15593       0.9213
   15594       0.9236
   15595       0.8847
   15596       0.8530
   15597       1.0509
   15598       0.9709
   15599       1.0734
   15600       1.1919
   15601       0.9198
   15602       0.9630
   15603       1.0461
   15604       0.9437
   15605       1.0014
   15606       0.9793
   15607       0.9979
   15608       1.0556
   15609       0.9730
   15610       0.9020
   15611       0.8846
   15612       0.9942
   15613       1.0440
   15614       0.9540
   15615       0.9191
   15616       0.9781
   15617       0.9366
   15618       1.1350
   15619       1.2464
   15620       1.1165
   15621       1.0265
   15622       1.0168
   15623       1.0233
   15624       0.9395
   15625       0.9694
   15626       1.0814
   15627       1.1124
   15628       1.1082
   15629       1.0308
   15630       0.9844
   15631       1.0363
   15632       1.0193
   15633       1.0318
   15634       0.9134
   15635       0.9744
   15636       0.8780
   15637       0.8666
   15638       0.8990
   15639       0.8567
   15640       0.8281
   15641       1.0050
   15642       1.0136
   15643       0.9454
   15644       0.9538
   15645       1.0710
   15646       0.9686
   15647       0.9234
   15648       0.9868
   15649       0.9605
   15650       1.0001
   15651       0.9986
   15652       0.9645
   15653       0.8942
   15654       1.0201
   15655       1.0011
   15656       1.0479
   15657       1.0037
   15658       0.9308
   15659       0.9628
   15660       0.8970
   15661       0.9847
   15662       1.0253
   15663       1.0287
   15664       0.9476
   15665       0.9596
   15666       0.9469
   15667       0.9910
   15668       1.0156
   15669       1.0238
   15670       1.0722
   15671       0.9653
   15672       0.9599
   15673       0.9530
   15674       0.9794
   15675       0.9610
   15676       0.9632
   15677       1.0873
   15678       1.1910
   15679       1.0692
   15680       1.1346
   15681       1.1304
   15682       1.1239
   15683       1.1114
   15684       1.0014
   15685       1.0252
   15686       0.9635
   15687       1.2015
   15688       1.0751
   15689       1.0913
   15690       0.9880
   15691       0.9520
   15692       0.9260
   15693       1.0002
   15694       1.0223
   15695       0.9397
   15696       0.9997
   15697       0.9867
   15698       0.9982
   15699       1.0918
   15700       0.9784
   15701       1.0230
   15702       0.9399
   15703       0.9301
   15704       0.9299
   15705       0.9546
   15706       0.9152
   15707       0.9721
   15708       0.9722
   15709       1.1336
   15710       1.0775
   15711       1.0334
   15712       0.8987
   15713       1.0087
   15714       0.9505
   15715       0.9547
   15716       0.8380
   15717       0.9812
   15718       0.9701
   15719       0.8714
   15720       0.9432
   15721       0.8921
   15722       0.8214
   15723       0.9833
   15724       0.8978
   15725       0.9689
   15726       0.8188
   15727       0.8661
   15728       0.9294
   15729       0.8713
   15730       0.9834
   15731       0.9368
   15732       0.8891
   15733       0.9062
   15734       0.8620
   15735       0.8385
   15736       0.8247
   15737       0.8815
   15738       0.8309
   15739       0.8798
   15740       0.9725
   15741       0.9466
   15742       1.0326
   15743       1.0190
   15744       0.9828
   15745       0.9004
   15746       0.9093
   15747       0.9003
   15748       0.9591
   15749       0.7875
   15750       0.8587
   15751       0.9076
   15752       0.9327
   15753       0.7998
   15754       0.8578
   15755       0.8095
   15756       0.9133
   15757       0.9892
   15758       0.9315
   15759       0.9980
   15760       1.0595
   15761       0.9669
   15762       0.8926
   15763       0.9632
   15764       0.9213
   15765       1.0512
   15766       0.9976
   15767       0.8977
   15768       0.9975
   15769       1.0308
   15770       1.1484
   15771       0.9956
   15772       0.9425
   15773       0.9881
   15774       1.0292
   15775       0.9455
   15776       0.9053
   15777       1.0981
   15778       1.0350
   15779       1.0234
   15780       1.2408
   15781       0.9737
   15782       1.0692
   15783       1.0354
   15784       0.9644
   15785       1.0326
   15786       1.0534
   15787       1.0982
   15788       1.0629
   15789       1.0127
   15790       1.0152
   15791       1.0011
   15792       1.0608
   15793       1.0365
   15794       0.9617
   15795       1.0375
   15796       1.0049
   15797       1.0965
   15798       1.0958
   15799       0.9951
   15800       1.0127
   15801       1.0591
   15802       1.2636
   15803       1.0746
   15804       1.0265
   15805       1.1043
   15806       1.0676
   15807       1.1026
   15808       1.1158
   15809       1.1542
   15810       1.0503
   15811       1.1140
   15812       1.0163
   15813       0.9321
   15814       1.0160
   15815       0.9449
   15816       1.1139
   15817       1.0307
   15818       0.9460
   15819       1.1270
   15820       0.9957
   15821       1.0015
   15822       1.1651
   15823       1.0287
   15824       1.0527
   15825       1.1013
   15826       0.9715
   15827       1.0526
   15828       1.0579
   15829       1.1655
   15830       1.0721
   15831       1.1646
   15832       1.1331
   15833       1.1574
   15834       1.0512
   15835       0.9891
   15836       1.0297
   15837       1.0612
   15838       1.0163
   15839       1.0401
   15840       1.1355
   15841       1.1064
   15842       1.1911
   15843       1.0960
   15844       1.1946
   15845       1.1669
   15846       1.1157
   15847       1.0284
   15848       1.0116
   15849       1.1033
   15850       1.0094
   15851       1.0426
   15852       1.0528
   15853       0.9254
   15854       0.9067
   15855       0.9540
   15856       1.1473
   15857       1.1460
   15858       1.2220
   15859       1.1248
   15860       1.0982
   15861       1.1477
   15862       1.0659
   15863       0.9808
   15864       1.0616
   15865       0.9983
   15866       0.9969
   15867       0.9736
   15868       1.1181
   15869       1.2013
   15870       1.1677
   15871       1.1338
   15872       1.1668
   15873       1.2712
   15874       1.1083
   15875       1.1581
   15876       1.1002
   15877       1.1164
   15878       1.0454
   15879       1.2357
   15880       1.2338
   15881       1.2629
   15882       1.1390
   15883       1.3134
   15884       1.2817
   15885       1.2373
   15886       1.2738
   15887       1.2249
   15888       1.1152
   15889       1.2691
   15890       1.2710
   15891       1.2396
   15892       1.3028
   15893       1.1916
   15894       1.3700
   15895       1.2368
   15896       1.4204
   15897       1.4617
   15898       1.4977
   15899       1.6756
   15900       1.4755
   15901       1.3420
   15902       1.3532
   15903       1.2959
   15904       1.4125
   15905       1.5732
   15906       1.6384
   15907       1.4873
   15908       1.5064
   15909       1.4410
   15910       1.4768
   15911       1.3617
   15912       1.4178
   15913       1.2874
   15914       1.3342
   15915       1.2838
   15916       1.3482
   15917       1.4207
   15918       1.3198
   15919       1.2776
   15920       1.3222
   15921       1.3445
   15922       1.2737
   15923       1.3143
   15924       1.1679
   15925       1.2722
   15926       1.2125
   15927       1.2606
   15928       1.1766
   15929       1.2057
   15930       1.1633
   15931       1.1321
   15932       1.1411
   15933       1.1035
   15934       1.0513
   15935       1.1426
   15936       1.1330
   15937       1.1772
   15938       1.0818
   15939       1.1603
   15940       1.1242
   15941       1.1381
   15942       1.0994
   15943       1.1971
   15944       1.1622
   15945       1.2161
   15946       1.0668
   15947       1.1941
   15948       1.1384
   15949       1.1032
   15950       1.0645
   15951       1.1904
   15952       1.2222
   15953       1.1755
   15954       1.2186
   15955       1.3120
   15956       1.2074
   15957       1.2831
   15958       1.4313
   15959       1.4122
   15960       1.3283
   15961       1.4491
   15962       1.4613
   15963       1.4301
   15964       1.4049
   15965       1.3098
   15966       1.2855
   15967       1.3389
   15968       1.2831
   15969       1.2253
   15970       1.3061
   15971       1.1843
   15972       1.2672
   15973       1.2287
   15974       1.2273
   15975       1.3195
   15976       1.1809
   15977       1.1416
   15978       1.1049
   15979       1.0840
   15980       1.2122
   15981       1.4486
   15982       1.1495
   15983       1.2150
   15984       1.2346
   15985       1.1134
   15986       1.0816
   15987       1.1564
   15988       1.0811
   15989       1.2483
   15990       1.1774
   15991       1.2815
   15992       1.2742
   15993       1.2611
   15994       1.2142
   15995       1.1980
   15996       1.1604
   15997       1.3298
   15998       1.3452
   15999       1.3660
   16000       1.3727
   16001       1.2668
   16002       1.2253
   16003       1.1148
   16004       1.2032
   16005       1.0967
   16006       1.1833
   16007       1.1206
   16008       1.0177
   16009       1.0914
   16010       1.0287
   16011       1.0609
   16012       1.1480
   16013       1.1605
   16014       1.1603
   16015       1.2467
   16016       1.2166
   16017       1.3086
   16018       1.1922
   16019       1.1350
   16020       1.1585
   16021       1.2150
   16022       1.3258
   16023       1.3876
   16024       1.2297
   16025       1.1849
   16026       1.1709
   16027       1.1529
   16028       1.0147
   16029       1.1854
   16030       1.0724
   16031       1.1767
   16032       1.1033
   16033       1.2234
   16034       1.1310
   16035       1.3109
   16036       1.1377
   16037       1.1644
   16038       1.2595
   16039       1.1147
   16040       1.1452
   16041       1.1033
   16042       1.2985
   16043       1.3070
   16044       1.3437
   16045       1.3564
   16046       1.3783
   16047       1.4380
   16048       1.4347
   16049       1.3986
   16050       1.4384
   16051       1.2235
   16052       1.2443
   16053       1.0901
   16054       1.1997
   16055       1.2740
   16056       1.2255
   16057       1.1078
   16058       1.0024
   16059       1.0172
   16060       1.1663
   16061       1.2205
   16062       1.1219
   16063       1.1328
   16064       1.2048
   16065       1.1712
   16066       1.2820
   16067       1.2719
   16068       1.1836
   16069       1.2083
   16070       1.2290
   16071       1.2601
   16072       1.2219
   16073       1.3010
   16074       1.1568
   16075       1.1425
   16076       1.2537
   16077       1.1292
   16078       1.0586
   16079       1.1351
   16080       1.1610
   16081       1.1080
   16082       1.1746
   16083       1.1093
   16084       1.0975
   16085       0.9949
   16086       1.2170
   16087       1.3094
   16088       1.3064
   16089       1.3553
   16090       1.3401
   16091       1.2656
   16092       1.2868
   16093       1.1554
   16094       1.1498
   16095       1.2192
   16096       1.2280
   16097       1.3183
   16098       1.2426
   16099       1.3255
   16100       1.2763
   16101       1.2806
   16102       1.4700
   16103       1.6065
   16104       1.3805
   16105       1.3377
   16106       1.3657
   16107       1.2909
   16108       1.1928
   16109       1.1789
   16110       1.1244
   16111       1.1878
   16112       1.2470
   16113       1.3331
   16114       1.2235
   16115       1.2063
   16116       1.1681
   16117       1.2704
   16118       1.2733
   16119       1.3759
   16120       1.3928
   16121       1.3214
   16122       1.3884
   16123       1.2713
   16124       1.4725
   16125       1.4644
   16126       1.4249
   16127       1.3574
   16128       1.2818
   16129       1.2080
   16130       1.1686
   16131       1.4830
   16132       1.3884
   16133       1.3688
   16134       1.3988
   16135       1.3076
   16136       1.2644
   16137       1.2159
   16138       1.2605
   16139       1.2156
   16140       1.3294
   16141       1.4062
   16142       1.3810
   16143       1.3337
   16144       1.2122
   16145       1.1988
   16146       1.2366
   16147       1.0496
   16148       1.1565
   16149       1.1803
   16150       1.2392
   16151       1.2557
   16152       1.2365
   16153       1.1658
   16154       1.2226
   16155       1.2791
   16156       1.1922
   16157       1.1914
   16158       1.2839
   16159       1.2136
   16160       1.2320
   16161       1.3168
   16162       1.3454
   16163       1.2327
   16164       1.2178
   16165       1.3161
   16166       1.3249
   16167       1.3014
   16168       1.3029
   16169       1.2611
   16170       1.1556
   16171       1.2615
   16172       1.4686
   16173       1.4284
   16174       1.3833
   16175       1.4757
   16176       1.4287
   16177       1.3685
   16178       1.3123
   16179       1.3381
   16180       1.3554
   16181       1.2935
   16182       1.3561
   16183       1.2080
   16184       1.2791
   16185       1.1590
   16186       1.2329
   16187       1.2782
   16188       1.1692
   16189       1.3611
   16190       1.2156
   16191       1.2553
   16192       1.2506
   16193       1.3119
   16194       1.1501
   16195       1.3408
   16196       1.2058
   16197       1.2597
   16198       1.2638
   16199       1.0600
   16200       1.1289
   16201       1.0903
   16202       1.1083
   16203       1.1623
   16204       1.1676
   16205       1.1958
   16206       1.2464
   16207       1.2758
   16208       1.2755
   16209       1.3180
   16210       1.3031
   16211       1.2816
   16212       1.3321
   16213       1.2675
   16214       1.2960
   16215       1.3537
   16216       1.2001
   16217       1.3316
   16218       1.2838
   16219       1.3958
   16220       1.4093
   16221       1.4836
   16222       1.2578
   16223       1.3052
   16224       1.3317
   16225       1.2829
   16226       1.3311
   16227       1.2578
   16228       1.4160
   16229       1.3241
   16230       1.3906
   16231       1.4572
   16232       1.3547
   16233       1.6671
   16234       1.4630
   16235       1.4820
   16236       1.4260
   16237       1.5634
   16238       1.4122
   16239       1.3638
   16240       1.3024
   16241       1.3444
   16242       1.3321
   16243       1.3491
   16244       1.3792
   16245       1.2638
   16246       1.3362
   16247       1.3181
   16248       1.2440
   16249       1.2472
   16250       1.2373
   16251       1.3091
   16252       1.1217
   16253       1.1900
   16254       1.2905
   16255       1.1744
   16256       1.2016
   16257       1.2243
   16258       1.2993
   16259       1.2532
   16260       1.3109
   16261       1.2921
   16262       1.2123
   16263       1.1835
   16264       1.2265
   16265       1.3394
   16266       1.3081
   16267       1.2067
   16268       1.2274
   16269       1.2476
   16270       1.2289
   16271       1.3065
   16272       1.3451
   16273       1.2298
   16274       1.1797
   16275       1.3551
   16276       1.4310
   16277       1.3479
   16278       1.2178
   16279       1.1803
   16280       1.1881
   16281       1.2789
   16282       1.2590
   16283       1.1729
   16284       1.1881
   16285       1.0973
   16286       1.1691
   16287       1.1957
   16288       1.2729
   16289       1.3031
   16290       1.2149
   16291       1.1943
   16292       1.2918
   16293       1.1757
   16294       1.2340
   16295       1.2226
   16296       1.3161
   16297       1.2280
   16298       1.1814
   16299       1.2704
   16300       1.3010
   16301       1.1985
   16302       1.2219
   16303       1.4186
   16304       1.2745
   16305       1.3280
   16306       1.3833
   16307       1.4586
   16308       1.4171
   16309       1.4394
   16310       1.4498
   16311       1.3593
   16312       1.3854
   16313       1.2910
   16314       1.1621
   16315       1.2362
   16316       1.1981
   16317       1.2086
   16318       1.2183
   16319       1.2316
   16320       1.3493
   16321       1.2523
   16322       1.3168
   16323       1.2956
   16324       1.4413
   16325       1.2604
   16326       1.1634
   16327       1.2026
   16328       1.1883
   16329       1.2828
   16330       1.1835
   16331       1.1983
   16332       1.2487
   16333       1.3249
   16334       1.3729
   16335       1.2811
   16336       1.2108
   16337       1.2995
   16338       1.1902
   16339       1.1156
   16340       1.1786
   16341       1.2266
   16342       1.2522
   16343       1.1394
   16344       1.1626
   16345       1.1847
   16346       1.2236
   16347       1.2827
   16348       1.1678
   16349       1.1039
   16350       1.1655
   16351       1.1420
   16352       1.1750
   16353       1.2178
   16354       1.1804
   16355       1.2353
   16356       1.3955
   16357       1.4075
   16358       1.2657
   16359       1.3600
   16360       1.3543
   16361       1.4277
   16362       1.3988
   16363       1.3581
   16364       1.3457
   16365       1.3070
   16366       1.2422
   16367       1.3098
   16368       1.3378
   16369       1.3393
   16370       1.4693
   16371       1.3527
   16372       1.3592
   16373       1.2076
   16374       1.2003
   16375       1.2781
   16376       1.2879
   16377       1.2708
   16378       1.3295
   16379       1.2567
   16380       1.1979
   16381       1.2132
   16382       1.2004
   16383       1.1698
   16384       1.0956
   16385       1.1329
   16386       1.3015
   16387       1.1536
   16388       1.1797
   16389       1.1398
   16390       1.1035
   16391       1.0803
   16392       1.0571
   16393       1.0280
   16394       1.1620
   16395       1.0471
   16396       0.9941
   16397       0.9184
   16398       1.0578
   16399       1.1429
   16400       1.0635
   16401       1.1502
   16402       1.0654
   16403       1.1756
   16404       1.1516
   16405       1.1911
   16406       1.1376
   16407       1.0303
   16408       1.0313
   16409       1.0329
   16410       1.1000
   16411       1.1050
   16412       1.0237
   16413       1.0425
   16414       1.0506
   16415       1.0188
   16416       1.0779
   16417       1.0298
   16418       1.0717
   16419       1.0832
   16420       0.9975
   16421       0.9171
   16422       0.9926
   16423       0.9446
   16424       0.8479
   16425       0.8616
   16426       0.8782
   16427       0.9366
   16428       0.9561
   16429       0.9784
   16430       1.0177
   16431       1.1274
   16432       0.9844
   16433       0.9825
   16434       1.0602
   16435       1.1645
   16436       1.2109
   16437       1.1377
   16438       1.1317
   16439       0.8770
   16440       0.9991
   16441       1.0678
   16442       1.0397
   16443       1.0160
   16444       0.8578
   16445       0.9693
   16446       0.9662
   16447       0.9168
   16448       1.0376
   16449       1.0184
   16450       1.0899
   16451       0.9827
   16452       1.0306
   16453       1.0551
   16454       1.0747
   16455       1.0503
   16456       0.9755
   16457       1.0094
   16458       1.0866
   16459       1.2544
   16460       1.2691
   16461       1.0737
   16462       1.0417
   16463       1.0244
   16464       1.0140
   16465       1.0163
   16466       1.1095
   16467       1.0364
   16468       0.9781
   16469       0.9718
   16470       1.0382
   16471       1.0533
   16472       1.0120
   16473       0.9642
   16474       1.0564
   16475       1.0558
   16476       1.1514
   16477       1.1066
   16478       1.1227
   16479       1.1872
   16480       1.2229
   16481       1.2909
   16482       1.1716
   16483       1.2546
   16484       1.2057
   16485       1.1386
   16486       1.1412
   16487       1.1147
   16488       1.0640
   16489       1.1028
   16490       1.0713
   16491       1.0202
   16492       1.0805
   16493       1.0625
   16494       0.9716
   16495       0.8723
   16496       0.9255
   16497       0.9114
   16498       0.9131
   16499       1.0190
   16500       0.8793
   16501       0.8842
   16502       0.9786
   16503       1.0282
   16504       1.0194
   16505       0.9516
   16506       0.9554
   16507       0.8999
   16508       0.9986
   16509       0.8844
   16510       0.9300
   16511       0.9396
   16512       0.8568
   16513       0.9780
   16514       1.0231
   16515       1.0533
   16516       1.0687
   16517       1.0351
   16518       0.8992
   16519       0.8974
   16520       0.7944
   16521       0.7915
   16522       0.8519
   16523       0.7836
   16524       0.8483
   16525       0.7881
   16526       0.8473
   16527       0.8391
   16528       0.8848
   16529       0.8716
   16530       0.9452
   16531       0.9536
   16532       0.9390
   16533       0.9281
   16534       0.9367
   16535       0.9266
   16536       1.0773
   16537       0.8691
   16538       0.8485
   16539       0.8656
   16540       0.8487
   16541       1.0592
   16542       0.9653
   16543       0.8943
   16544       0.9373
   16545       0.9812
   16546       1.0292
   16547       0.9501
   16548       0.9869
   16549       0.9648
   16550       0.9373
   16551       0.9574
   16552       1.0167
   16553       1.0375
   16554       1.1129
   16555       1.0536
   16556       1.2725
   16557       1.0106
   16558       0.9594
   16559       1.0289
   16560       1.0234
   16561       1.1609
   16562       1.1166
   16563       1.1007
   16564       1.0166
   16565       1.0235
   16566       1.0185
   16567       1.0656
   16568       1.0567
   16569       1.1297
   16570       1.1426
   16571       1.0692
   16572       0.9997
   16573       1.1432
   16574       1.0618
   16575       1.1355
   16576       1.1437
   16577       1.2569
   16578       1.3384
   16579       1.2855
   16580       1.3020
   16581       1.2739
   16582       1.2110
   16583       1.2183
   16584       1.2011
   16585       1.0588
   16586       0.9757
   16587       1.1129
   16588       1.0416
   16589       1.0604
   16590       1.1164
   16591       0.9845
   16592       1.0531
   16593       1.0218
   16594       0.9598
   16595       1.0527
   16596       0.8787
   16597       0.8529
   16598       0.8565
   16599       0.9153
   16600       0.9408
   16601       0.8670
   16602       0.9463
   16603       0.8497
   16604       1.0471
   16605       0.9759
   16606       1.0151
   16607       1.0615
   16608       1.2024
   16609       1.1489
   16610       1.2505
   16611       1.2428
   16612       1.0765
   16613       1.0814
   16614       1.2077
   16615       1.1931
   16616       1.1119
   16617       1.1977
   16618       1.1310
   16619       1.1583
   16620       1.0389
   16621       1.0131
   16622       0.9077
   16623       1.0515
   16624       1.0821
   16625       1.1061
   16626       1.1133
   16627       1.0779
   16628       1.1180
   16629       1.1433
   16630       1.1925
   16631       1.2215
   16632       1.0655
   16633       1.1318
   16634       1.0709
   16635       1.0359
   16636       1.0878
   16637       1.0923
   16638       1.0633
   16639       1.1067
   16640       1.0956
   16641       1.0145
   16642       0.9407
   16643       0.9277
   16644       0.9780
   16645       1.0106
   16646       0.9237
   16647       0.9561
   16648       0.8945
   16649       0.9042
   16650       0.9749
   16651       0.9970
   16652       0.9674
   16653       1.0073
   16654       0.9229
   16655       0.8618
   16656       0.8819
   16657       1.0502
   16658       0.9018
   16659       0.9119
   16660       0.9562
   16661       0.7629
   16662       0.8830
   16663       0.7636
   16664       0.8145
   16665       0.8973
   16666       0.8704
   16667       0.9423
   16668       0.8460
   16669       0.8937
   16670       0.8672
   16671       0.8397
   16672       0.8236
   16673       0.8447
   16674       0.8773
   16675       0.8105
   16676       0.9605
   16677       1.0215
   16678       1.0049
   16679       0.9435
   16680       0.9743
   16681       0.9896
   16682       0.9593
   16683       0.9384
   16684       0.9060
   16685       0.9098
   16686       0.8340
   16687       1.0633
   16688       1.0145
   16689       0.8076
   16690       0.8202
   16691       0.7865
   16692       0.8888
   16693       0.9207
   16694       0.8790
   16695       0.9309
   16696       0.9127
   16697       0.9192
   16698       0.9541
   16699       0.9443
   16700       0.8511
   16701       0.7848
   16702       0.7810
   16703       0.8916
   16704       0.8852
   16705       0.8606
   16706       0.8975
   16707       0.9322
   16708       0.9256
   16709       0.9253
   16710       0.9092
   16711       0.9629
   16712       0.9928
   16713       0.9648
   16714       0.9307
   16715       0.8830
   16716       0.9067
   16717       1.0299
   16718       0.8714
   16719       0.8825
   16720       0.8366
   16721       0.7997
   16722       0.8929
   16723       0.8570
   16724       0.8745
   16725       0.8165
   16726       0.8338
   16727       0.8753
   16728       0.8050
   16729       0.7831
   16730       0.8558
   16731       0.9213
   16732       0.8739
   16733       0.7641
   16734       0.8942
   16735       0.9556
   16736       0.8537
   16737       0.8672
   16738       0.8836
   16739       0.9130
   16740       1.0039
   16741       0.9120
   16742       0.9857
   16743       0.8919
   16744       0.9352
   16745       0.9979
   16746       0.9167
   16747       0.9079
   16748       0.9763
   16749       0.9306
   16750       1.0094
   16751       0.9821
   16752       0.9912
   16753       1.0620
   16754       1.0133
   16755       0.9569
   16756       1.0241
   16757       0.9960
   16758       0.8774
   16759       0.9436
   16760       0.9192
   16761       0.9917
   16762       1.0018
   16763       1.0744
   16764       1.0204
   16765       0.9821
   16766       1.1143
   16767       1.1202
   16768       0.9949
   16769       0.9524
   16770       0.8858
   16771       0.9688
   16772       0.9595
   16773       0.9039
   16774       0.9617
   16775       0.8791
   16776       0.9408
   16777       0.9153
   16778       1.0058
   16779       0.9640
   16780       1.0843
   16781       1.0603
   16782       1.1848
   16783       0.9870
   16784       1.0124
   16785       1.0855
   16786       1.0209
   16787       0.9893
   16788       1.0172
   16789       1.1665
   16790       1.0854
   16791       0.9970
   16792       1.0139
   16793       1.0574
   16794       0.9139
   16795       0.9848
   16796       1.0747
   16797       1.0196
   16798       1.0112
   16799       0.9137
   16800       0.8821
   16801       0.9595
   16802       0.9189
   16803       0.9352
   16804       1.0519
   16805       1.0045
   16806       1.1062
   16807       1.0618
   16808       1.0798
   16809       0.9961
   16810       1.0038
   16811       1.0194
   16812       0.9182
   16813       0.9583
   16814       0.8811
   16815       1.1004
   16816       1.0746
   16817       1.1313
   16818       0.9892
   16819       0.9310
   16820       0.8290
   16821       0.9387
   16822       0.8405
   16823       0.8465
   16824       0.8207
   16825       0.8584
   16826       0.9153
   16827       0.8511
   16828       0.9426
   16829       0.9876
   16830       0.7983
   16831       0.8100
   16832       0.8831
   16833       0.9369
   16834       1.1150
   16835       0.8574
   16836       0.8185
   16837       1.0071
   16838       0.9338
   16839       0.8631
   16840       0.8886
   16841       0.9035
   16842       0.9213
   16843       0.8574
   16844       0.8226
   16845       0.9009
   16846       0.9009
   16847       0.8853
   16848       0.8834
   16849       0.8450
   16850       0.8651
   16851       0.9535
   16852       0.8877
   16853       0.9622
   16854       0.8804
   16855       0.9394
   16856       0.9846
   16857       0.9110
   16858       0.8628
   16859       0.8929
   16860       0.8951
   16861       1.0222
   16862       1.0682
   16863       0.9555
   16864       0.9858
   16865       0.9276
   16866       0.8980
   16867       0.9776
   16868       0.9646
   16869       0.9269
   16870       0.9514
   16871       0.9900
   16872       0.9878
   16873       0.9168
   16874       0.9054
   16875       0.9474
   16876       0.9060
   16877       0.9352
   16878       0.9949
   16879       0.8337
   16880       0.9573
   16881       0.9418
   16882       1.0149
   16883       0.9561
   16884       0.9112
   16885       1.1216
   16886       1.0231
   16887       0.8710
   16888       0.9465
   16889       0.9140
   16890       0.9282
   16891       0.7887
   16892       0.8017
   16893       0.8302
   16894       0.8800
   16895       1.0093
   16896       1.1320
   16897       1.0855
   16898       1.0295
   16899       1.0933
   16900       1.0340
   16901       1.0768
   16902       1.0432
   16903       1.0007
   16904       0.9905
   16905       0.9815
   16906       0.9310
   16907       1.0814
   16908       1.0695
   16909       1.0544
   16910       0.9206
   16911       0.9942
   16912       1.1575
   16913       1.0655
   16914       1.0865
   16915       0.9659
   16916       1.1091
   16917       1.0724
   16918       1.0756
   16919       1.0938
   16920       0.9768
   16921       0.9628
   16922       0.9101
   16923       0.7971
   16924       0.8406
   16925       1.1127
   16926       1.0551
   16927       1.1307
   16928       0.9225
   16929       0.9417
   16930       1.0394
   16931       1.0372
   16932       1.0527
   16933       0.9437
   16934       1.0444
   16935       1.1064
   16936       1.1305
   16937       1.0046
   16938       0.9424
   16939       0.9442
   16940       0.9419
   16941       0.9356
   16942       1.0139
   16943       1.0611
   16944       1.0046
   16945       0.9473
   16946       0.9768
   16947       1.0028
   16948       1.0949
   16949       1.2386
   16950       1.0628
   16951       1.0880
   16952       1.0236
   16953       1.1342
   16954       1.1393
   16955       1.1848
   16956       1.0180
   16957       1.0502
   16958       1.0275
   16959       1.0257
   16960       0.9928
   16961       1.1576
   16962       1.0798
   16963       1.0824
   16964       0.9807
   16965       1.0475
   16966       1.1925
   16967       1.1460
   16968       1.0386
   16969       1.0601
   16970       1.0518
   16971       1.2438
   16972       1.0470
   16973       0.9946
   16974       1.1007
   16975       1.1316
   16976       1.0235
   16977       0.9961
   16978       1.1151
   16979       1.1216
   16980       1.1787
   16981       1.2435
   16982       1.0807
   16983       1.0512
   16984       1.0516
   16985       1.2016
   16986       1.1213
   16987       1.3065
   16988       1.2153
   16989       1.1688
   16990       1.1541
   16991       1.0808
   16992       1.1534
   16993       1.2449
   16994       1.3347
   16995       1.3076
   16996       1.3298
   16997       1.3711
   16998       1.1865
   16999       0.9993
   17000       1.0114
   17001       1.1476
   17002       1.0478
   17003       1.1177
   17004       1.1092
   17005       1.1332
   17006       1.1201
   17007       1.0908
   17008       1.0567
   17009       0.8720
   17010       0.8551
   17011       0.8507
   17012       0.9695
   17013       1.0115
   17014       0.9722
   17015       0.9717
   17016       1.1170
   17017       1.0890
   17018       1.0797
   17019       1.0528
   17020       0.9480
   17021       1.0388
   17022       1.1071
   17023       1.1663
   17024       0.9790
   17025       1.0838
   17026       1.0224
   17027       0.9875
   17028       1.0813
   17029       0.9861
   17030       1.0251
   17031       1.1199
   17032       1.0373
   17033       1.0384
   17034       1.0062
   17035       1.1369
   17036       1.0472
   17037       1.0924
   17038       1.0745
   17039       1.1379
   17040       1.1582
   17041       1.2313
   17042       1.1832
   17043       1.0298
   17044       1.1009
   17045       1.0571
   17046       1.0181
   17047       1.1061
   17048       1.0222
   17049       1.0132
   17050       1.1887
   17051       1.0491
   17052       1.0606
   17053       1.0262
   17054       0.9596
   17055       0.9832
   17056       1.0081
   17057       0.9002
   17058       1.0410
   17059       0.9579
   17060       1.0793
   17061       0.9628
   17062       0.9448
   17063       0.9476
   17064       0.8914
   17065       0.8979
   17066       0.9763
   17067       0.9227
   17068       0.9876
   17069       0.9157
   17070       0.8775
   17071       0.9039
   17072       0.8286
   17073       0.7855
   17074       0.8130
   17075       0.8159
   17076       0.8190
   17077       0.8487
   17078       0.9600
   17079       0.9116
   17080       0.9642
   17081       0.8935
   17082       0.8646
   17083       0.8965
   17084       0.8640
   17085       0.9798
   17086       0.9719
   17087       1.0445
   17088       1.0271
   17089       0.9878
   17090       0.9483
   17091       0.9979
   17092       1.0547
   17093       0.9927
   17094       1.0589
   17095       1.0263
   17096       0.9331
   17097       1.0110
   17098       0.9101
   17099       0.8507
   17100       0.9879
   17101       0.9438
   17102       0.9320
   17103       0.8950
   17104       0.9607
   17105       0.9625
   17106       1.0010
   17107       1.0058
   17108       1.0409
   17109       0.9261
   17110       0.8792
   17111       0.8445
   17112       0.9719
   17113       0.9677
   17114       0.9094
   17115       0.9406
   17116       0.9476
   17117       1.0106
   17118       1.0107
   17119       0.9717
   17120       1.0236
   17121       1.1397
   17122       1.0680
   17123       1.1340
   17124       1.0543
   17125       0.9665
   17126       0.9742
   17127       1.0951
   17128       0.9752
   17129       0.9358
   17130       0.8620
   17131       0.9715
   17132       0.9400
   17133       0.9670
   17134       1.1111
   17135       0.9603
   17136       0.9047
   17137       1.0107
   17138       1.0338
   17139       1.0224
   17140       1.0324
   17141       1.0722
   17142       0.9823
   17143       1.0358
   17144       1.0442
   17145       1.0259
   17146       1.0302
   17147       0.9416
   17148       0.9738
   17149       0.9412
   17150       0.9868
   17151       0.9520
   17152       0.9012
   17153       0.9427
   17154       1.0340
   17155       1.0322
   17156       1.0474
   17157       1.0826
   17158       1.0443
   17159       1.0736
   17160       1.0537
   17161       1.0715
   17162       1.0671
   17163       0.9474
   17164       0.9929
   17165       1.0073
   17166       0.9767
   17167       0.9169
   17168       1.1838
   17169       1.2332
   17170       1.0417
   17171       1.1123
   17172       1.0503
   17173       1.1329
   17174       1.2263
   17175       1.0386
   17176       1.0414
   17177       1.0736
   17178       1.2018
   17179       1.1134
   17180       1.1212
   17181       1.1498
   17182       1.0724
   17183       1.1194
   17184       1.3631
   17185       1.2687
   17186       1.3574
   17187       1.1894
   17188       1.1989
   17189       1.2118
   17190       1.3287
   17191       1.4949
   17192       1.4445
   17193       1.2638
   17194       1.2548
   17195       1.3493
   17196       1.2550
   17197       1.2553
   17198       1.2464
   17199       1.1611
   17200       1.1310
   17201       1.3315
   17202       1.2953
   17203       1.2442
   17204       1.2229
   17205       1.1170
   17206       1.2490
   17207       1.1490
   17208       1.2167
   17209       1.3281
   17210       1.2532
   17211       1.3345
   17212       1.2164
   17213       1.0563
   17214       1.0710
   17215       1.1533
   17216       1.0517
   17217       0.9990
   17218       0.9919
   17219       1.0756
   17220       0.9906
   17221       1.1326
   17222       1.1887
   17223       1.2957
   17224       1.2146
   17225       1.1276
   17226       1.1638
   17227       1.1781
   17228       1.1399
   17229       1.0910
   17230       1.1958
   17231       1.2572
   17232       1.1617
   17233       1.3841
   17234       1.2498
   17235       1.3082
   17236       1.4285
   17237       1.3815
   17238       1.3312
   17239       1.3109
   17240       1.1272
   17241       1.2245
   17242       1.2144
   17243       1.0999
   17244       1.1709
   17245       1.1114
   17246       1.0326
   17247       1.1456
   17248       1.1559
   17249       1.2084
   17250       1.0520
   17251       1.0084
   17252       1.0375
   17253       1.0646
   17254       1.1064
   17255       1.0944
   17256       1.1308
   17257       0.9502
   17258       1.1483
   17259       1.1217
   17260       1.2528
   17261       1.1999
   17262       1.1883
   17263       1.1567
   17264       1.0211
   17265       1.1286
   17266       1.2726
   17267       1.2325
   17268       1.0484
   17269       1.0836
   17270       1.1611
   17271       1.0312
   17272       1.1723
   17273       1.1819
   17274       1.1978
   17275       1.2688
   17276       1.1424
   17277       1.1234
   17278       1.0738
   17279       1.1136
   17280       1.1423
   17281       1.1798
   17282       1.2493
   17283       1.2807
   17284       1.1736
   17285       1.0793
   17286       1.1675
   17287       1.1314
   17288       1.1291
   17289       1.1232
   17290       1.0391
   17291       1.1250
   17292       1.1840
   17293       0.9579
   17294       1.1348
   17295       1.2047
   17296       1.2982
   17297       1.3330
   17298       1.3505
   17299       1.2441
   17300       1.2965
   17301       1.1687
   17302       1.1186
   17303       1.1105
   17304       1.2119
   17305       0.9381
   17306       1.0295
   17307       1.0740
   17308       1.1577
   17309       1.1016
   17310       0.9943
   17311       1.0757
   17312       0.9363
   17313       1.1160
   17314       1.1692
   17315       1.0531
   17316       0.9193
   17317       1.0091
   17318       1.0887
   17319       1.1060
   17320       1.0615
   17321       1.0349
   17322       1.0725
   17323       1.0026
   17324       1.0251
   17325       0.9784
   17326       1.0069
   17327       1.0246
   17328       1.0266
   17329       1.1061
   17330       1.0307
   17331       1.0455
   17332       1.1138
   17333       0.9851
   17334       1.0061
   17335       1.0217
   17336       0.9790
   17337       0.9384
   17338       0.9480
   17339       0.9503
   17340       1.1016
   17341       1.1553
   17342       1.0929
   17343       1.1274
   17344       1.1046
   17345       0.9724
   17346       1.1563
   17347       1.0926
   17348       0.9503
   17349       1.0792
   17350       1.1337
   17351       1.1633
   17352       1.1414
   17353       1.2012
   17354       1.2654
   17355       1.1503
   17356       1.1200
   17357       1.0374
   17358       1.1298
   17359       1.1193
   17360       1.0552
   17361       1.1240
   17362       1.2308
   17363       1.1728
   17364       1.0392
   17365       1.0078
   17366       1.0519
   17367       1.1678
   17368       1.0408
   17369       1.0651
   17370       0.8869
   17371       0.9603
   17372       0.9340
   17373       0.9251
   17374       0.9965
   17375       0.9085
   17376       1.1315
   17377       1.0796
   17378       1.0970
   17379       1.1212
   17380       1.0832
   17381       0.9271
   17382       0.8616
   17383       0.9280
   17384       0.8901
   17385       0.8855
   17386       0.9726
   17387       0.9845
   17388       1.0437
   17389       0.9513
   17390       0.9958
   17391       1.0915
   17392       0.9774
   17393       0.9588
   17394       1.0029
   17395       0.9140
   17396       1.0079
   17397       0.8555
   17398       1.0121
   17399       1.0352
   17400       1.0471
   17401       1.0081
   17402       1.0389
   17403       1.0490
   17404       1.0179
   17405       1.0948
   17406       1.0700
   17407       0.8997
   17408       0.9011
   17409       0.9360
   17410       0.8788
   17411       0.9064
   17412       0.9444
   17413       0.8553
   17414       0.9572
   17415       0.9272
   17416       0.8739
   17417       0.9157
   17418       0.8574
   17419       0.9416
   17420       0.9988
   17421       0.9237
   17422       0.9995
   17423       0.8737
   17424       0.9150
   17425       0.9837
   17426       0.8782
   17427       0.8355
   17428       0.8729
   17429       0.8893
   17430       0.9592
   17431       0.8524
   17432       0.8555
   17433       0.8420
   17434       0.9979
   17435       0.9247
   17436       0.8777
   17437       1.0555
   17438       0.8929
   17439       0.9240
   17440       0.9544
   17441       0.9575
   17442       0.9917
   17443       1.1104
   17444       0.9691
   17445       0.9120
   17446       0.9283
   17447       0.9621
   17448       0.8913
   17449       0.9153
   17450       0.9264
   17451       0.9929
   17452       1.0471
   17453       0.9868
   17454       1.0046
   17455       1.0179
   17456       0.9719
   17457       0.9152
   17458       1.0365
   17459       0.9705
   17460       1.0361
   17461       1.1214
   17462       1.0524
   17463       1.1242
   17464       1.0669
   17465       1.0784
   17466       0.9824
   17467       1.1169
   17468       1.1972
   17469       1.0517
   17470       0.9903
   17471       1.0406
   17472       1.1755
   17473       1.1771
   17474       1.0337
   17475       0.9820
   17476       0.9102
   17477       0.9910
   17478       1.0043
   17479       1.0794
   17480       1.0991
   17481       1.0157
   17482       0.9354
   17483       0.9384
   17484       1.0095
   17485       1.0664
   17486       1.0388
   17487       1.1937
   17488       1.1220
   17489       1.0398
   17490       1.0569
   17491       0.9371
   17492       0.9517
   17493       0.9855
   17494       1.0045
   17495       1.0822
   17496       1.1517
   17497       1.0410
   17498       1.0488
   17499       1.1058
   17500       1.1532
   17501       1.1438
   17502       1.1727
   17503       1.0481
   17504       1.1934
   17505       1.0775
   17506       1.1204
   17507       1.1528
   17508       1.1014
   17509       1.2458
   17510       1.3377
   17511       1.1530
   17512       1.0747
   17513       1.1551
   17514       1.0951
   17515       1.0909
   17516       1.1266
   17517       1.0929
   17518       1.0817
   17519       1.1081
   17520       1.2671
   17521       1.1571
   17522       1.1590
   17523       1.1423
   17524       1.2648
   17525       1.2718
   17526       1.2288
   17527       1.1089
   17528       1.1517
   17529       1.1368
   17530       1.0873
   17531       1.0300
   17532       1.0816
   17533       1.0935
   17534       1.1843
   17535       1.1472
   17536       1.1329
   17537       1.1759
   17538       1.2900
   17539       1.3192
   17540       1.3222
   17541       1.2547
   17542       1.2016
   17543       1.1737
   17544       1.2101
   17545       1.3031
   17546       1.2615
   17547       1.2578
   17548       1.1008
   17549       1.0498
   17550       1.0805
   17551       1.2196
   17552       1.1466
   17553       1.2241
   17554       1.2546
   17555       1.2062
   17556       1.2014
   17557       1.2824
   17558       1.2888
   17559       1.2494
   17560       1.3019
   17561       1.3417
   17562       1.3110
   17563       1.3193
   17564       1.2997
   17565       1.1460
   17566       1.1592
   17567       1.1967
   17568       1.2738
   17569       1.2242
   17570       1.2948
   17571       1.1041
   17572       1.1514
   17573       1.2364
   17574       1.2736
   17575       1.2949
   17576       1.1821
   17577       1.2395
   17578       1.2289
   17579       1.2109
   17580       1.2187
   17581       1.2323
   17582       1.1545
   17583       1.2183
   17584       1.1198
   17585       1.1942
   17586       1.1315
   17587       1.2672
   17588       1.1893
   17589       1.3543
   17590       1.3612
   17591       1.3713
   17592       1.2567
   17593       1.3120
   17594       1.3418
   17595       1.2652
   17596       1.3246
   17597       1.2128
   17598       1.2362
   17599       1.1699
   17600       1.3420
   17601       1.2150
   17602       1.2819
   17603       1.4778
   17604       1.4118
   17605       1.3606
   17606       1.2021
   17607       1.1986
   17608       1.2636
   17609       1.1663
   17610       1.1781
   17611       1.1327
   17612       1.1298
   17613       1.0493
   17614       1.1284
   17615       1.0666
   17616       1.1256
   17617       1.1537
   17618       1.2512
   17619       1.1440
   17620       1.1920
   17621       1.1782
   17622       1.2992
   17623       1.2217
   17624       1.2320
   17625       1.1828
   17626       1.2512
   17627       1.3085
   17628       1.2940
   17629       1.1714
   17630       1.1634
   17631       1.1882
   17632       1.2956
   17633       1.1452
   17634       1.3167
   17635       1.2298
   17636       1.3387
   17637       1.3242
   17638       1.2445
   17639       1.3066
   17640       1.1663
   17641       1.3128
   17642       1.3290
   17643       1.2682
   17644       1.2277
   17645       1.4283
   17646       1.1890
   17647       1.2069
   17648       1.0774
   17649       1.0598
   17650       1.2257
   17651       1.1579
   17652       1.1030
   17653       1.1276
   17654       1.2458
   17655       1.1276
   17656       1.1454
   17657       1.0796
   17658       1.1926
   17659       1.1958
   17660       1.2951
   17661       1.2001
   17662       1.1873
   17663       1.0873
   17664       1.2127
   17665       1.2752
   17666       1.1494
   17667       1.3715
   17668       1.1401
   17669       1.3179
   17670       1.2466
   17671       1.2530
   17672       1.1901
   17673       1.2895
   17674       1.1207
   17675       1.0767
   17676       1.0504
   17677       1.0184
   17678       1.1165
   17679       1.2321
   17680       1.1701
   17681       1.0282
   17682       1.0327
   17683       1.1759
   17684       1.0151
   17685       1.0356
   17686       1.1207
   17687       1.0777
   17688       1.1352
   17689       1.1151
   17690       1.0294
   17691       1.0231
   17692       1.1996
   17693       1.0253
   17694       1.0815
   17695       1.1327
   17696       1.0493
   17697       1.0132
   17698       1.0688
   17699       1.0984
   17700       1.1356
   17701       1.2634
   17702       1.1310
   17703       0.9042
   17704       1.0279
   17705       0.8464
   17706       0.9021
   17707       0.9395
   17708       0.8920
   17709       0.9106
   17710       0.9597
   17711       0.8521
   17712       1.0576
   17713       0.9871
   17714       1.0257
   17715       1.0071
   17716       0.8846
   17717       1.0531
   17718       0.9673
   17719       0.9897
   17720       0.9856
   17721       0.8754
   17722       0.9765
   17723       1.0271
   17724       1.0790
   17725       0.9688
   17726       1.0308
   17727       1.1130
   17728       1.2197
   17729       1.0681
   17730       1.0522
   17731       1.1191
   17732       1.1112
   17733       1.0433
   17734       1.0180
   17735       0.9839
   17736       0.9829
   17737       0.9476
   17738       0.9023
   17739       1.0589
   17740       1.0214
   17741       0.9723
   17742       1.1283
   17743       1.0807
   17744       1.0930
   17745       1.0095
   17746       1.0617
   17747       0.9935
   17748       0.9912
   17749       0.9786
   17750       1.0382
   17751       0.9862
   17752       0.9903
   17753       0.9794
   17754       1.0365
   17755       0.9431
   17756       1.0690
   17757       1.1186
   17758       1.1275
   17759       1.0659
   17760       0.9584
   17761       1.0566
   17762       1.0051
   17763       0.9468
   17764       0.8731
   17765       0.9978
   17766       1.1211
   17767       1.1280
   17768       1.0722
   17769       0.9842
   17770       1.1492
   17771       1.1643
   17772       1.1282
   17773       1.0469
   17774       1.1717
   17775       1.1491
   17776       1.0974
   17777       1.0971
   17778       1.1204
   17779       0.9400
   17780       0.9570
   17781       0.8543
   17782       0.9276
   17783       0.9847
   17784       1.0201
   17785       1.0075
   17786       0.9345
   17787       0.9392
   17788       0.9486
   17789       1.0789
   17790       0.9642
   17791       1.0150
   17792       0.9851
   17793       1.0136
   17794       1.0351
   17795       1.0974
   17796       1.0360
   17797       0.8972
   17798       0.8844
   17799       0.9203
   17800       0.9917
   17801       0.8798
   17802       0.9179
   17803       0.9694
   17804       0.9394
   17805       0.9384
   17806       0.9613
   17807       0.8894
   17808       0.9115
   17809       0.9183
   17810       0.9505
   17811       0.9561
   17812       0.9943
   17813       0.9138
   17814       0.8948
   17815       0.9305
   17816       1.0568
   17817       0.9412
   17818       1.0712
   17819       1.0554
   17820       1.0164
   17821       1.0159
   17822       0.8476
   17823       0.9539
   17824       0.9295
   17825       0.8828
   17826       0.8364
   17827       0.8393
   17828       0.7910
   17829       0.7604
   17830       0.8338
   17831       0.8667
   17832       0.7992
   17833       0.8065
   17834       0.7566
   17835       0.8622
   17836       0.9624
   17837       0.8906
   17838       0.9659
   17839       0.9844
   17840       0.9303
   17841       1.0671
   17842       1.0405
   17843       0.8528
   17844       0.9624
   17845       0.8830
   17846       1.0444
   17847       1.0869
   17848       1.0128
   17849       1.0637
   17850       1.0883
   17851       1.0370
   17852       1.0989
   17853       0.9976
   17854       1.0641
   17855       0.9583
   17856       0.9979
   17857       0.9767
   17858       0.9204
   17859       0.8179
   17860       0.8942
   17861       0.8994
   17862       0.9058
   17863       0.9502
   17864       0.8568
   17865       0.9119
   17866       1.0521
   17867       1.0783
   17868       0.9897
   17869       0.9807
   17870       0.9213
   17871       0.9221
   17872       1.0199
   17873       0.8969
   17874       0.9566
   17875       1.0104
   17876       1.0764
   17877       0.9033
   17878       0.8716
   17879       0.8481
   17880       0.9057
   17881       0.8719
   17882       0.9160
   17883       0.8226
   17884       0.8304
   17885       0.8906
   17886       0.7940
   17887       0.8730
   17888       0.9090
   17889       0.8885
   17890       0.8367
   17891       0.8769
   17892       0.8175
   17893       0.9152
   17894       1.0565
   17895       0.9217
   17896       0.9230
   17897       1.0077
   17898       1.0239
   17899       0.9538
   17900       0.9355
   17901       1.0310
   17902       1.0209
   17903       0.8930
   17904       0.8328
   17905       0.8943
   17906       0.8996
   17907       1.0323
   17908       0.9510
   17909       0.9138
   17910       0.8838
   17911       0.9180
   17912       0.9225
   17913       0.9135
   17914       0.9418
   17915       0.9124
   17916       0.9278
   17917       0.9599
   17918       0.9894
   17919       0.8724
   17920       0.9110
   17921       0.8626
   17922       0.9255
   17923       0.9526
   17924       0.8152
   17925       0.8213
   17926       0.8414
   17927       0.8969
   17928       0.9811
   17929       0.9697
   17930       0.9327
   17931       0.8995
   17932       0.9179
   17933       0.9058
   17934       0.9073
   17935       0.9769
   17936       1.0174
   17937       0.9328
   17938       1.0160
   17939       1.0382
   17940       0.9565
   17941       0.8947
   17942       0.9291
   17943       0.9692
   17944       0.9812
   17945       0.9224
   17946       0.8258
   17947       0.8521
   17948       0.9148
   17949       0.9022
   17950       0.8410
   17951       0.9809
   17952       0.9726
   17953       0.8946
   17954       0.9546
   17955       0.9548
   17956       0.8343
   17957       0.8204
   17958       0.9037
   17959       0.8674
   17960       0.8927
   17961       0.8841
   17962       0.8657
   17963       0.8550
   17964       0.9264
   17965       0.8409
   17966       0.9375
   17967       0.8726
   17968       0.9254
   17969       0.9366
   17970       0.9203
   17971       0.8393
   17972       0.9249
   17973       0.9489
   17974       0.8884
   17975       0.8637
   17976       0.7992
   17977       0.8719
   17978       0.8349
   17979       0.8557
   17980       0.8247
   17981       0.9310
   17982       0.8203
   17983       0.9410
   17984       0.9385
   17985       0.8400
   17986       0.8781
   17987       0.8086
   17988       0.8659
   17989       0.9105
   17990       0.9250
   17991       0.8933
   17992       0.8969
   17993       0.9083
   17994       0.9299
   17995       0.9567
   17996       0.9752
   17997       0.9214
   17998       0.9639
   17999       0.9112
   18000       0.8927
   18001       0.9008
   18002       0.8220
   18003       0.8511
   18004       0.8561
   18005       0.8500
   18006       0.9980
   18007       0.9106
   18008       0.8100
   18009       0.8278
   18010       0.8292
   18011       0.8581
   18012       0.8695
   18013       0.8478
   18014       0.8959
   18015       0.9228
   18016       1.0377
   18017       0.9286
   18018       1.0614
   18019       1.0308
   18020       1.0074
   18021       0.8259
   18022       0.9059
   18023       0.9704
   18024       0.9528
   18025       1.0054
   18026       1.1522
   18027       1.0232
   18028       1.0249
   18029       1.0104
   18030       0.8949
   18031       1.0412
   18032       0.9379
   18033       0.8349
   18034       0.8031
   18035       0.8402
   18036       0.8818
   18037       0.8732
   18038       0.8964
   18039       0.8582
   18040       0.8565
   18041       0.9621
   18042       0.8999
   18043       0.8745
   18044       0.8458
   18045       0.8776
   18046       0.9425
   18047       0.8847
   18048       0.8057
   18049       0.8580
   18050       0.8516
   18051       0.8411
   18052       0.9730
   18053       0.8778
   18054       0.8498
   18055       0.7888
   18056       0.9327
   18057       0.8181
   18058       0.8647
   18059       0.8251
   18060       0.9557
   18061       0.9789
   18062       0.9889
   18063       0.9632
   18064       0.9922
   18065       1.0420
   18066       0.8817
   18067       0.8833
   18068       0.8303
   18069       0.9490
   18070       0.8833
   18071       0.8720
   18072       0.9014
   18073       0.9729
   18074       1.0529
   18075       1.0077
   18076       1.1025
   18077       1.0188
   18078       0.8714
   18079       0.9964
   18080       0.9085
   18081       0.8951
   18082       0.8860
   18083       0.9023
   18084       0.7982
   18085       0.8265
   18086       0.8340
   18087       0.8651
   18088       0.7646
   18089       0.8204
   18090       0.9278
   18091       0.8105
   18092       0.8431
   18093       0.7745
   18094       0.8594
   18095       0.7839
   18096       0.8645
   18097       0.8563
   18098       0.8386
   18099       0.8404
   18100       0.8349
   18101       0.7831
   18102       0.7998
   18103       0.7402
   18104       0.8175
   18105       0.7474
   18106       0.8210
   18107       0.7959
   18108       0.7638
   18109       0.8422
   18110       0.8478
   18111       0.9343
   18112       0.9186
   18113       0.8800
   18114       0.9512
   18115       0.9940
   18116       0.8519
   18117       0.9442
   18118       0.9538
   18119       0.8556
   18120       0.7941
   18121       0.7926
   18122       0.8621
   18123       0.7960
   18124       0.8871
   18125       0.9158
   18126       0.8876
   18127       0.8480
   18128       0.8177
   18129       0.9283
   18130       0.8952
   18131       0.8905
   18132       0.8734
   18133       0.9012
   18134       0.9040
   18135       0.9211
   18136       0.8465
   18137       0.7989
   18138       0.8551
   18139       0.8804
   18140       0.8951
   18141       0.8436
   18142       0.9050
   18143       0.9108
   18144       0.8637
   18145       0.8562
   18146       0.8759
   18147       1.0476
   18148       0.9706
   18149       1.0292
   18150       1.0501
   18151       1.0318
   18152       0.9817
   18153       0.8494
   18154       0.7524
   18155       0.8826
   18156       0.9176
   18157       1.0573
   18158       1.0551
   18159       1.0109
   18160       1.0581
   18161       0.8778
   18162       0.9084
   18163       0.8089
   18164       0.9838
   18165       0.8783
   18166       0.8204
   18167       0.7784
   18168       0.7863
   18169       0.8988
   18170       0.8302
   18171       0.8612
   18172       0.8349
   18173       0.9475
   18174       0.8689
   18175       0.8375
   18176       0.9963
   18177       1.0422
   18178       0.9200
   18179       0.9384
   18180       0.8932
   18181       0.9020
   18182       0.9068
   18183       0.9204
   18184       0.9049
   18185       0.9038
   18186       1.0300
   18187       1.2143
   18188       1.1151
   18189       1.0909
   18190       1.0581
   18191       1.1511
   18192       1.1095
   18193       1.0559
   18194       0.9824
   18195       0.9847
   18196       0.9738
   18197       0.9754
   18198       1.0411
   18199       1.0134
   18200       1.1854
   18201       1.0336
   18202       0.9461
   18203       0.9027
   18204       0.8325
   18205       0.9406
   18206       0.9521
   18207       1.0243
   18208       0.9819
   18209       1.0035
   18210       0.9159
   18211       0.8903
   18212       0.9081
   18213       0.8839
   18214       0.7954
   18215       0.8511
   18216       0.8873
   18217       0.8147
   18218       0.8606
   18219       0.7937
   18220       0.8498
   18221       0.9883
   18222       0.9152
   18223       0.9059
   18224       0.9128
   18225       0.8940
   18226       0.9080
   18227       0.8998
   18228       0.9694
   18229       0.8825
   18230       0.9759
   18231       0.8785
   18232       0.8474
   18233       0.8227
   18234       1.0360
   18235       0.9537
   18236       0.8631
   18237       0.9191
   18238       0.9812
   18239       0.9895
   18240       1.0349
   18241       0.9019
   18242       0.9435
   18243       0.8615
   18244       0.9296
   18245       0.9961
   18246       0.9264
   18247       0.9155
   18248       0.9341
   18249       0.8774
   18250       0.9880
   18251       0.9173
   18252       0.9952
   18253       1.0344
   18254       0.9293
   18255       0.9258
   18256       0.9316
   18257       0.8390
   18258       0.7867
   18259       0.9442
   18260       0.8930
   18261       0.9355
   18262       0.8805
   18263       1.0911
   18264       0.9323
   18265       0.9108
   18266       0.9726
   18267       0.8995
   18268       0.9330
   18269       0.9483
   18270       0.9551
   18271       1.0900
   18272       0.9443
   18273       1.0594
   18274       1.0747
   18275       0.9472
   18276       0.9504
   18277       0.9557
   18278       0.9248
   18279       0.9256
   18280       0.8573
   18281       0.9447
   18282       0.9492
   18283       1.0387
   18284       1.0198
   18285       0.8555
   18286       0.8854
   18287       0.9739
   18288       0.9141
   18289       0.9025
   18290       0.9569
   18291       0.9692
   18292       0.9603
   18293       0.9677
   18294       1.0489
   18295       1.0308
   18296       1.0963
   18297       1.0409
   18298       1.0176
   18299       1.1761
   18300       0.9399
   18301       1.0454
   18302       1.0045
   18303       1.0037
   18304       1.0731
   18305       1.0340
   18306       1.1118
   18307       1.0245
   18308       1.0124
   18309       1.1810
   18310       1.0907
   18311       1.0211
   18312       1.0694
   18313       0.9769
   18314       1.0542
   18315       0.9817
   18316       0.9971
   18317       0.8954
   18318       0.9989
   18319       1.0123
   18320       1.0706
   18321       1.2004
   18322       1.1500
   18323       1.0507
   18324       0.9836
   18325       0.8897
   18326       0.9879
   18327       0.9269
   18328       1.0052
   18329       1.0345
   18330       1.0440
   18331       1.0448
   18332       1.1062
   18333       1.0925
   18334       1.0853
   18335       1.0491
   18336       1.0270
   18337       0.9564
   18338       1.0105
   18339       1.2210
   18340       1.1263
   18341       1.1342
   18342       1.1591
   18343       1.3393
   18344       1.3253
   18345       1.2893
   18346       1.1855
   18347       1.0557
   18348       1.0272
   18349       1.0363
   18350       1.0295
   18351       1.0578
   18352       0.9792
   18353       0.9707
   18354       1.0778
   18355       0.9940
   18356       0.9859
   18357       0.9710
   18358       0.9135
   18359       0.8177
   18360       0.8947
   18361       0.8648
   18362       0.8437
   18363       0.8919
   18364       0.8826
   18365       0.9148
   18366       0.9132
   18367       0.8112
   18368       0.8165
   18369       0.7406
   18370       0.7710
   18371       0.8228
   18372       0.9140
   18373       0.8295
   18374       0.8706
   18375       0.7433
   18376       0.8446
   18377       0.7937
   18378       0.8919
   18379       0.8580
   18380       0.9085
   18381       0.9376
   18382       0.9342
   18383       0.9927
   18384       0.9291
   18385       0.9096
   18386       0.9072
   18387       0.9778
   18388       0.8800
   18389       0.8547
   18390       0.7823
   18391       0.8338
   18392       0.7786
   18393       0.7677
   18394       0.8160
   18395       0.7291
   18396       0.8494
   18397       0.8362
   18398       0.8674
   18399       0.9178
   18400       1.0160
   18401       1.0212
   18402       0.9691
   18403       1.0227
   18404       0.9869
   18405       0.8990
   18406       0.9292
   18407       0.9871
   18408       0.9266
   18409       0.8675
   18410       0.9869
   18411       1.0026
   18412       1.1098
   18413       1.0685
   18414       0.9973
   18415       0.8681
   18416       0.9500
   18417       0.9141
   18418       0.8828
   18419       0.8906
   18420       0.9493
   18421       1.0298
   18422       0.9355
   18423       1.0062
   18424       1.0101
   18425       0.9483
   18426       0.8806
   18427       0.9019
   18428       0.8685
   18429       0.9584
   18430       0.8352
   18431       1.0148
   18432       1.0808
   18433       1.1329
   18434       1.2897
   18435       1.0570
   18436       1.0114
   18437       1.0373
   18438       1.0530
   18439       1.1392
   18440       1.2675
   18441       1.1495
   18442       1.0698
   18443       1.0318
   18444       1.1045
   18445       0.9634
   18446       0.9797
   18447       0.9629
   18448       1.0364
   18449       0.9346
   18450       1.0264
   18451       1.1031
   18452       0.9923
   18453       0.9427
   18454       0.8223
   18455       0.9069
   18456       0.8687
   18457       0.9362
   18458       0.9054
   18459       0.8429
   18460       0.9315
   18461       0.8506
   18462       0.8185
   18463       0.9917
   18464       0.9367
   18465       0.9456
   18466       0.8464
   18467       0.9039
   18468       0.9432
   18469       0.9642
   18470       0.9009
   18471       0.8868
   18472       0.8674
   18473       0.8812
   18474       0.9311
   18475       0.7663
   18476       0.8556
   18477       0.9543
   18478       0.8771
   18479       0.8493
   18480       0.9046
   18481       0.8552
   18482       0.8743
   18483       1.0281
   18484       0.9367
   18485       0.9758
   18486       0.9419
   18487       0.8910
   18488       0.9591
   18489       1.0395
   18490       1.0312
   18491       0.8778
   18492       0.9596
   18493       1.0801
   18494       1.0352
   18495       1.0752
   18496       0.9109
   18497       0.9394
   18498       0.9244
   18499       0.8285
   18500       0.9215
   18501       0.9563
   18502       0.8818
   18503       0.9075
   18504       0.8932
   18505       0.9234
   18506       0.8588
   18507       0.8988
   18508       0.9064
   18509       0.9649
   18510       0.8407
   18511       0.8781
   18512       0.8325
   18513       0.9155
   18514       0.9278
   18515       0.9370
   18516       0.8764
   18517       1.0083
   18518       0.8800
   18519       0.8551
   18520       0.9618
   18521       1.0113
   18522       1.0155
   18523       0.9028
   18524       0.9119
   18525       0.9268
   18526       0.9149
   18527       0.8745
   18528       0.8958
   18529       0.9489
   18530       0.7880
   18531       0.8064
   18532       0.7640
   18533       0.8633
   18534       0.8811
   18535       0.7918
   18536       0.8332
   18537       0.8691
   18538       0.7894
   18539       0.8749
   18540       0.8435
   18541       0.7999
   18542       0.8305
   18543       0.9351
   18544       0.9652
   18545       0.9955
   18546       1.0247
   18547       1.1479
   18548       1.0316
   18549       0.9940
   18550       0.9922
   18551       0.8434
   18552       0.9545
   18553       1.0986
   18554       1.0973
   18555       1.0173
   18556       1.0026
   18557       0.9793
   18558       0.9749
   18559       0.9923
   18560       1.0100
   18561       0.9606
   18562       0.8812
   18563       1.0035
   18564       0.9886
   18565       0.9263
   18566       0.9799
   18567       0.9767
   18568       0.9749
   18569       0.9948
   18570       1.0530
   18571       1.0100
   18572       0.9816
   18573       0.9034
   18574       0.9335
   18575       0.8504
   18576       0.9020
   18577       1.0301
   18578       0.8676
   18579       0.9321
   18580       0.8953
   18581       0.8665
   18582       0.8558
   18583       0.9187
   18584       0.9304
   18585       0.8532
   18586       0.7778
   18587       0.7850
   18588       0.7772
   18589       0.7773
   18590       0.8577
   18591       0.8951
   18592       0.8570
   18593       0.7451
   18594       0.9211
   18595       0.8843
   18596       0.8307
   18597       0.8752
   18598       0.9907
   18599       0.8267
   18600       0.8236
   18601       0.8354
   18602       0.8137
   18603       0.7704
   18604       0.8428
   18605       0.9087
   18606       0.9098
   18607       0.8360
   18608       0.8383
   18609       0.8783
   18610       0.8347
   18611       0.8365
   18612       0.8407
   18613       0.8219
   18614       0.8580
   18615       0.8718
   18616       0.9504
   18617       1.0252
   18618       1.0020
   18619       0.8073
   18620       0.7067
   18621       0.7781
   18622       0.7869
   18623       0.8265
   18624       0.8675
   18625       0.8216
   18626       0.7344
   18627       0.7799
   18628       0.7823
   18629       0.8393
   18630       0.9394
   18631       0.9012
   18632       0.7663
   18633       0.7701
   18634       0.7944
   18635       0.7796
   18636       0.8219
   18637       0.7353
   18638       0.8216
   18639       0.7958
   18640       0.9220
   18641       0.7280
   18642       0.8339
   18643       0.7742
   18644       0.8713
   18645       0.8007
   18646       0.8260
   18647       0.8176
   18648       0.7552
   18649       0.7691
   18650       0.8376
   18651       0.9100
   18652       0.8714
   18653       0.9386
   18654       0.9479
   18655       0.9423
   18656       0.9027
   18657       0.9228
   18658       0.9083
   18659       0.9832
   18660       0.9653
   18661       1.0256
   18662       0.8641
   18663       0.8448
   18664       0.8443
   18665       0.8996
   18666       0.9550
   18667       0.8298
   18668       0.9012
   18669       0.8976
   18670       0.9282
   18671       0.9232
   18672       0.9600
   18673       0.8806
   18674       0.9332
   18675       0.9435
   18676       0.9491
   18677       0.8798
   18678       0.9050
   18679       0.8187
   18680       0.8759
   18681       0.8428
   18682       0.8960
   18683       0.8783
   18684       0.8790
   18685       0.9165
   18686       0.9342
   18687       0.9816
   18688       0.9383
   18689       0.8360
   18690       0.8664
   18691       0.9431
   18692       0.9220
   18693       0.9567
   18694       1.0439
   18695       0.9696
   18696       1.0543
   18697       0.9177
   18698       0.9248
   18699       1.0198
   18700       0.9783
   18701       0.9707
   18702       1.0226
   18703       0.9563
   18704       0.9386
   18705       0.9305
   18706       1.0194
   18707       1.0261
   18708       1.0242
   18709       0.9452
   18710       0.8994
   18711       0.9583
   18712       0.8590
   18713       0.9158
   18714       0.8534
   18715       0.9296
   18716       0.9889
   18717       0.8723
   18718       0.8352
   18719       0.8678
   18720       0.9391
   18721       1.0209
   18722       0.9213
   18723       0.9419
   18724       0.9979
   18725       0.9897
   18726       0.9393
   18727       0.8913
   18728       0.8888
   18729       0.8750
   18730       0.9464
   18731       0.9192
   18732       0.9989
   18733       0.8900
   18734       0.9035
   18735       0.8683
   18736       1.0289
   18737       1.0562
   18738       1.0694
   18739       1.2110
   18740       0.9837
   18741       0.9481
   18742       0.8420
   18743       0.8715
   18744       1.0050
   18745       0.9625
   18746       1.0776
   18747       0.8700
   18748       0.8695
   18749       0.8250
   18750       0.8433
   18751       0.8887
   18752       0.8603
   18753       0.9059
   18754       0.8922
   18755       0.9244
   18756       0.8055
   18757       0.7786
   18758       0.7453
   18759       0.7565
   18760       0.7888
   18761       0.8092
   18762       0.8412
   18763       0.9198
   18764       0.9204
   18765       0.9164
   18766       0.9203
   18767       0.8573
   18768       0.8310
   18769       0.9776
   18770       0.9854
   18771       0.9258
   18772       1.1313
   18773       0.9840
   18774       0.9709
   18775       0.9150
   18776       0.9716
   18777       0.8562
   18778       0.8091
   18779       0.8114
   18780       0.8978
   18781       0.9731
   18782       0.9421
   18783       0.8159
   18784       0.8397
   18785       0.9508
   18786       0.9393
   18787       0.9256
   18788       0.8672
   18789       0.8787
   18790       0.8388
   18791       0.8020
   18792       0.9367
   18793       0.9353
   18794       0.9537
   18795       0.8665
   18796       0.8413
   18797       0.7804
   18798       0.8497
   18799       0.9398
   18800       0.9697
   18801       0.8697
   18802       0.8742
   18803       0.9046
   18804       0.9028
   18805       1.0299
   18806       1.0307
   18807       1.1252
   18808       1.0273
   18809       1.0627
   18810       1.0621
   18811       1.0222
   18812       0.9170
   18813       0.9619
   18814       0.9622
   18815       0.9205
   18816       0.9278
   18817       1.1082
   18818       1.0742
   18819       0.9827
   18820       1.1037
   18821       0.9935
   18822       0.9452
   18823       1.0936
   18824       1.0545
   18825       1.0207
   18826       1.0277
   18827       1.1014
   18828       1.0894
   18829       1.0668
   18830       1.0766
   18831       1.0616
   18832       0.9909
   18833       0.9579
   18834       1.0654
   18835       1.1716
   18836       1.2086
   18837       1.1883
   18838       1.1467
   18839       1.0882
   18840       1.0037
   18841       1.1569
   18842       1.0668
   18843       1.1005
   18844       1.0203
   18845       1.1615
   18846       1.0256
   18847       1.0083
   18848       1.0840
   18849       1.0082
   18850       1.0176
   18851       0.8880
   18852       0.8970
   18853       0.9151
   18854       0.8273
   18855       0.9337
   18856       0.9965
   18857       0.9653
   18858       1.0224
   18859       1.0571
   18860       1.0774
   18861       1.1110
   18862       1.0550
   18863       1.0317
   18864       0.9855
   18865       1.0759
   18866       1.1077
   18867       1.1213
   18868       1.0542
   18869       1.0910
   18870       1.1257
   18871       1.2607
   18872       1.1897
   18873       1.0894
   18874       1.0172
   18875       1.1028
   18876       1.1473
   18877       1.1999
   18878       1.1142
   18879       1.0478
   18880       1.0315
   18881       0.8822
   18882       1.0454
   18883       1.1048
   18884       1.2005
   18885       1.1473
   18886       1.1202
   18887       1.0129
   18888       1.0618
   18889       1.0288
   18890       1.0244
   18891       0.9771
   18892       1.0224
   18893       0.9138
   18894       0.9595
   18895       1.0061
   18896       0.9868
   18897       0.9865
   18898       0.9976
   18899       1.0602
   18900       1.0485
   18901       1.0689
   18902       1.0620
   18903       0.9873
   18904       1.0862
   18905       1.0657
   18906       1.0277
   18907       1.0512
   18908       1.2025
   18909       1.0361
   18910       1.1620
   18911       1.0328
   18912       1.0583
   18913       1.1178
   18914       1.0574
   18915       1.1439
   18916       1.0437
   18917       1.1421
   18918       1.1350
   18919       1.1275
   18920       1.1603
   18921       0.9872
   18922       1.0404
   18923       0.9319
   18924       0.9513
   18925       0.9294
   18926       0.9405
   18927       0.9294
   18928       0.8476
   18929       0.9104
   18930       0.9767
   18931       0.9770
   18932       0.9398
   18933       1.0045
   18934       1.1202
   18935       1.0398
   18936       0.9984
   18937       0.9958
   18938       0.9449
   18939       0.9811
   18940       1.0096
   18941       0.9487
   18942       0.9938
   18943       0.9534
   18944       0.8465
   18945       0.8678
   18946       0.9061
   18947       0.9052
   18948       0.9280
   18949       0.8974
   18950       0.9581
   18951       0.9678
   18952       0.9646
   18953       1.0631
   18954       1.0872
   18955       0.9755
   18956       0.9138
   18957       0.8810
   18958       1.0576
   18959       0.9053
   18960       0.8877
   18961       0.9370
   18962       1.0792
   18963       1.0524
   18964       1.0705
   18965       1.1206
   18966       1.1123
   18967       1.1329
   18968       1.1288
   18969       1.0736
   18970       1.0451
   18971       1.1360
   18972       1.1654
   18973       1.2849
   18974       1.2016
   18975       1.0599
   18976       0.9984
   18977       1.0126
   18978       0.8784
   18979       0.9742
   18980       0.9523
   18981       1.0205
   18982       1.1357
   18983       0.9617
   18984       1.0224
   18985       0.9073
   18986       1.0309
   18987       0.9626
   18988       1.0161
   18989       0.9597
   18990       0.9580
   18991       1.0095
   18992       0.9318
   18993       0.9989
   18994       1.0013
   18995       1.0042
   18996       0.9953
   18997       0.9739
   18998       1.0439
   18999       1.1012
   19000       0.9331
   19001       0.9319
   19002       0.8987
   19003       0.9106
   19004       1.0067
   19005       1.0589
   19006       0.9967
   19007       0.8838
   19008       0.8281
   19009       0.9318
   19010       0.9384
   19011       1.0450
   19012       0.9681
   19013       0.9524
   19014       0.9692
   19015       1.0110
   19016       1.0138
   19017       0.9669
   19018       1.0532
   19019       1.0236
   19020       1.0723
   19021       1.1656
   19022       1.0735
   19023       1.0858
   19024       1.1160
   19025       1.1297
   19026       1.2431
   19027       1.2044
   19028       1.2422
   19029       1.0827
   19030       1.1190
   19031       1.2646
   19032       1.1708
   19033       1.0141
   19034       1.1191
   19035       1.2136
   19036       1.2112
   19037       1.2218
   19038       1.2436
   19039       1.4219
   19040       1.2344
   19041       1.2180
   19042       1.2202
   19043       1.0344
   19044       1.1518
   19045       1.1729
   19046       1.2079
   19047       1.0460
   19048       1.0321
   19049       1.2686
   19050       1.2751
   19051       1.3064
   19052       1.2896
   19053       1.1976
   19054       1.1866
   19055       1.1339
   19056       1.0518
   19057       0.9350
   19058       0.9316
   19059       0.8638
   19060       0.9499
   19061       0.9227
   19062       0.9294
   19063       0.9855
   19064       0.9897
   19065       0.9282
   19066       0.9356
   19067       0.9223
   19068       0.9969
   19069       1.0243
   19070       1.0546
   19071       0.9882
   19072       1.0963
   19073       1.0681
   19074       1.0788
   19075       1.1787
   19076       1.1466
   19077       1.0767
   19078       1.1878
   19079       1.0742
   19080       1.1881
   19081       1.2681
   19082       1.4022
   19083       1.3412
   19084       1.2991
   19085       1.2303
   19086       1.1368
   19087       1.2080
   19088       1.2181
   19089       1.1974
   19090       1.1428
   19091       1.1354
   19092       1.1840
   19093       1.1192
   19094       1.1566
   19095       1.0769
   19096       1.1075
   19097       1.0113
   19098       1.0390
   19099       1.1156
   19100       1.0618
   19101       1.0597
   19102       1.0996
   19103       0.9668
   19104       0.9824
   19105       1.0910
   19106       1.2112
   19107       1.0115
   19108       1.0185
   19109       1.0876
   19110       1.0203
   19111       0.9583
   19112       0.9203
   19113       0.8489
   19114       0.9500
   19115       0.9643
   19116       0.9886
   19117       0.9543
   19118       1.0417
   19119       0.9215
   19120       0.8908
   19121       1.0140
   19122       0.9886
   19123       1.0469
   19124       1.0920
   19125       1.1356
   19126       1.0765
   19127       1.1231
   19128       1.0580
   19129       1.0737
   19130       1.1900
   19131       1.1157
   19132       1.0238
   19133       1.0677
   19134       1.1639
   19135       1.1690
   19136       1.0932
   19137       0.9167
   19138       1.0159
   19139       1.0311
   19140       0.9406
   19141       0.9120
   19142       0.9013
   19143       0.9495
   19144       1.0033
   19145       1.0292
   19146       1.0750
   19147       1.0022
   19148       1.0522
   19149       1.1280
   19150       1.0754
   19151       1.0659
   19152       1.1123
   19153       1.2112
   19154       1.1942
   19155       1.0637
   19156       0.9648
   19157       0.9979
   19158       1.0741
   19159       0.9154
   19160       0.8984
   19161       1.0522
   19162       0.9468
   19163       0.9101
   19164       1.1018
   19165       1.0293
   19166       1.0444
   19167       0.9285
   19168       0.9197
   19169       0.9309
   19170       0.9735
   19171       0.9059
   19172       0.9315
   19173       1.0391
   19174       0.9392
   19175       0.8261
   19176       0.9120
   19177       0.9966
   19178       1.0456
   19179       1.0231
   19180       0.9806
   19181       0.9454
   19182       1.0500
   19183       0.9531
   19184       1.0375
   19185       1.0347
   19186       1.1411
   19187       1.1282
   19188       1.1476
   19189       1.1382
   19190       0.9577
   19191       1.0994
   19192       1.2008
   19193       1.0155
   19194       1.1694
   19195       1.0600
   19196       1.2171
   19197       0.9963
   19198       1.0170
   19199       1.1498
   19200       1.0246
   19201       1.2571
   19202       1.2197
   19203       1.0777
   19204       1.1870
   19205       1.1472
   19206       1.3244
   19207       1.2361
   19208       1.1917
   19209       1.2003
   19210       1.0343
   19211       1.1357
   19212       1.0513
   19213       1.0728
   19214       1.0342
   19215       1.0035
   19216       1.0409
   19217       0.9979
   19218       1.0941
   19219       1.1109
   19220       1.0462
   19221       1.1794
   19222       1.1625
   19223       1.1607
   19224       1.0836
   19225       1.1054
   19226       1.1300
   19227       1.0975
   19228       1.2092
   19229       1.0043
   19230       0.9022
   19231       1.0330
   19232       0.9745
   19233       1.1405
   19234       0.9430
   19235       0.9328
   19236       0.9232
   19237       0.9131
   19238       0.9122
   19239       0.9901
   19240       1.0533
   19241       0.9737
   19242       0.9721
   19243       1.0682
   19244       0.9641
   19245       0.8782
   19246       0.8938
   19247       0.9013
   19248       0.9113
   19249       0.8883
   19250       0.8798
   19251       0.9606
   19252       0.9070
   19253       0.8980
   19254       0.8485
   19255       0.8199
   19256       1.0078
   19257       0.8696
   19258       0.9002
   19259       0.9136
   19260       0.9444
   19261       1.0708
   19262       1.1245
   19263       1.1000
   19264       1.0849
   19265       1.0380
   19266       1.0309
   19267       1.0127
   19268       0.9623
   19269       0.9031
   19270       0.8961
   19271       0.9313
   19272       0.9254
   19273       0.8836
   19274       0.9188
   19275       0.8763
   19276       0.8357
   19277       0.9016
   19278       0.8580
   19279       0.8427
   19280       0.8402
   19281       0.8009
   19282       0.9349
   19283       0.9396
   19284       0.9389
   19285       0.8792
   19286       0.8567
   19287       0.9630
   19288       0.9898
   19289       0.8435
   19290       0.9442
   19291       0.8964
   19292       1.0151
   19293       1.1454
   19294       1.0798
   19295       1.1811
   19296       1.0773
   19297       1.0925
   19298       1.2150
   19299       1.1614
   19300       1.0919
   19301       1.0213
   19302       1.0042
   19303       1.0851
   19304       1.0966
   19305       0.9858
   19306       1.1998
   19307       1.2162
   19308       1.1831
   19309       1.0862
   19310       1.0501
   19311       1.1445
   19312       1.0941
   19313       1.0491
   19314       1.1273
   19315       0.9830
   19316       0.9761
   19317       1.0183
   19318       0.9800
   19319       0.9825
   19320       0.9454
   19321       1.0365
   19322       1.0036
   19323       0.9169
   19324       0.9413
   19325       0.8962
   19326       0.8945
   19327       0.9017
   19328       0.8822
   19329       0.9591
   19330       0.9556
   19331       1.1295
   19332       0.9768
   19333       0.9886
   19334       0.9365
   19335       1.0494
   19336       1.0035
   19337       0.9710
   19338       0.9390
   19339       0.9273
   19340       0.9602
   19341       1.0860
   19342       1.0057
   19343       1.1366
   19344       1.2640
   19345       1.0170
   19346       0.9193
   19347       1.0208
   19348       1.0263
   19349       1.0408
   19350       0.8418
   19351       0.9125
   19352       0.9031
   19353       0.8948
   19354       0.8940
   19355       0.8895
   19356       0.9091
   19357       1.0340
   19358       0.9849
   19359       1.0274
   19360       0.9467
   19361       0.9507
   19362       0.9305
   19363       0.9600
   19364       0.8930
   19365       0.8516
   19366       0.8416
   19367       0.9333
   19368       1.0261
   19369       0.8790
   19370       0.9005
   19371       0.8757
   19372       0.8935
   19373       0.8487
   19374       0.7335
   19375       0.8286
   19376       0.8073
   19377       0.8042
   19378       0.8627
   19379       0.8589
   19380       0.8381
   19381       0.9442
   19382       0.8839
   19383       0.9007
   19384       0.8168
   19385       0.7815
   19386       0.8651
   19387       0.7843
   19388       0.8304
   19389       0.8348
   19390       0.8496
   19391       0.7968
   19392       0.8372
   19393       0.8637
   19394       0.8576
   19395       0.8407
   19396       0.9095
   19397       0.8137
   19398       0.8554
   19399       0.8015
   19400       0.8656
   19401       0.8585
   19402       0.8379
   19403       0.9934
   19404       0.8589
   19405       0.9997
   19406       0.8515
   19407       0.9203
   19408       0.8954
   19409       0.9380
   19410       0.8323
   19411       0.7596
   19412       0.8562
   19413       0.9809
   19414       0.8678
   19415       0.8271
   19416       0.8373
   19417       0.8401
   19418       0.7973
   19419       0.7287
   19420       0.7539
   19421       0.8634
   19422       0.8173
   19423       0.8300
   19424       0.8891
   19425       0.9638
   19426       0.8450
   19427       0.8775
   19428       0.8215
   19429       0.8288
   19430       0.8580
   19431       0.9080
   19432       1.0040
   19433       1.0841
   19434       1.2591
   19435       1.0137
   19436       1.0246
   19437       0.9842
   19438       0.9764
   19439       0.9884
   19440       0.7855
   19441       0.7165
   19442       0.7891
   19443       0.9040
   19444       0.8203
   19445       0.8076
   19446       0.9486
   19447       0.9608
   19448       0.8728
   19449       1.0707
   19450       1.1389
   19451       1.0564
   19452       0.8907
   19453       1.0661
   19454       1.0634
   19455       1.0534
   19456       1.0142
   19457       1.0950
   19458       1.0034
   19459       0.9134
   19460       0.8351
   19461       0.8743
   19462       0.8637
   19463       0.7761
   19464       0.9136
   19465       0.8916
   19466       0.8496
   19467       0.7947
   19468       0.8417
   19469       0.8802
   19470       0.8713
   19471       0.9843
   19472       0.9747
   19473       0.9490
   19474       1.0014
   19475       1.0525
   19476       1.0658
   19477       1.0538
   19478       1.1870
   19479       1.2391
   19480       1.2430
   19481       1.1427
   19482       1.1410
   19483       1.0830
   19484       1.0097
   19485       1.1462
   19486       1.0321
   19487       1.0113
   19488       1.0130
   19489       1.0424
   19490       1.0358
   19491       0.9849
   19492       0.9718
   19493       0.9137
   19494       0.8746
   19495       0.8630
   19496       0.7724
   19497       0.9044
   19498       0.8480
   19499       0.8059
   19500       0.8288
   19501       0.8297
   19502       0.8755
   19503       0.8972
   19504       0.9392
   19505       0.8728
   19506       0.7899
   19507       0.8004
   19508       0.8098
   19509       0.8545
   19510       0.9230
   19511       0.9225
   19512       0.7886
   19513       0.8564
   19514       0.9133
   19515       0.9258
   19516       0.9600
   19517       0.8286
   19518       0.8736
   19519       0.8153
   19520       0.7637
   19521       0.8342
   19522       0.8184
   19523       0.7949
   19524       0.9639
   19525       0.8969
   19526       0.8942
   19527       0.9020
   19528       0.8695
   19529       0.8492
   19530       0.8988
   19531       0.8321
   19532       0.8779
   19533       1.0870
   19534       1.0232
   19535       1.0273
   19536       0.9679
   19537       0.9951
   19538       1.0970
   19539       1.1650
   19540       1.1994
   19541       1.1204
   19542       1.0702
   19543       1.0596
   19544       1.1265
   19545       1.2315
   19546       1.0957
   19547       1.2596
   19548       1.1971
   19549       1.1186
   19550       1.0226
   19551       1.0740
   19552       1.0918
   19553       1.1094
   19554       1.0931
   19555       1.0530
   19556       1.0270
   19557       1.0687
   19558       1.0288
   19559       1.0493
   19560       1.1930
   19561       1.1337
   19562       1.0311
   19563       1.0279
   19564       0.9144
   19565       1.0424
   19566       1.0511
   19567       1.0375
   19568       1.0445
   19569       1.0061
   19570       1.1238
   19571       1.0618
   19572       1.0255
   19573       1.0908
   19574       1.1826
   19575       1.1022
   19576       1.0611
   19577       1.2052
   19578       1.1612
   19579       1.1020
   19580       1.1635
   19581       1.1907
   19582       1.0762
   19583       1.0480
   19584       1.1934
   19585       1.2491
   19586       1.2817
   19587       1.1566
   19588       1.1711
   19589       1.1448
   19590       1.2082
   19591       1.2828
   19592       1.1610
   19593       1.2282
   19594       1.2529
   19595       1.3074
   19596       1.2105
   19597       1.3630
   19598       1.2784
   19599       1.2291
   19600       1.1727
   19601       1.1849
   19602       1.0835
   19603       1.1449
   19604       1.0705
   19605       0.9334
   19606       0.9306
   19607       0.9971
   19608       0.9622
   19609       1.1686
   19610       1.0180
   19611       1.2130
   19612       0.9576
   19613       0.9042
   19614       0.9686
   19615       0.9427
   19616       0.9407
   19617       0.9888
   19618       0.9801
   19619       0.9574
   19620       0.9446
   19621       0.9336
   19622       0.8734
   19623       0.9476
   19624       0.9571
   19625       0.9474
   19626       0.9369
   19627       0.8166
   19628       0.8521
   19629       0.9725
   19630       0.8961
   19631       0.9642
   19632       1.0440
   19633       0.9992
   19634       0.9880
   19635       1.0976
   19636       1.0901
   19637       1.2504
   19638       1.1603
   19639       1.1625
   19640       1.0967
   19641       0.9998
   19642       0.9847
   19643       0.8813
   19644       0.9271
   19645       0.9823
   19646       1.0285
   19647       0.9830
   19648       1.0087
   19649       0.8612
   19650       0.8458
   19651       0.9032
   19652       0.9755
   19653       0.9958
   19654       1.0866
   19655       1.0082
   19656       1.0200
   19657       1.0624
   19658       1.1301
   19659       1.0252
   19660       1.0208
   19661       0.9935
   19662       0.9520
   19663       0.9581
   19664       1.0211
   19665       1.0492
   19666       0.9344
   19667       0.9573
   19668       1.0805
   19669       1.0821
   19670       1.1803
   19671       1.1019
   19672       1.1405
   19673       0.9198
   19674       0.8793
   19675       0.8916
   19676       0.9837
   19677       1.0133
   19678       0.8925
   19679       0.9408
   19680       0.9682
   19681       1.0292
   19682       0.9242
   19683       1.0296
   19684       1.0878
   19685       1.0312
   19686       1.1247
   19687       1.0748
   19688       1.2169
   19689       1.1473
   19690       1.0259
   19691       1.0470
   19692       1.1605
   19693       1.1729
   19694       1.2656
   19695       1.2625
   19696       1.0982
   19697       1.2784
   19698       1.3216
   19699       1.3341
   19700       1.3321
   19701       1.3257
   19702       1.2697
   19703       1.2951
   19704       1.1430
   19705       1.1529
   19706       1.1264
   19707       1.0063
   19708       1.1790
   19709       1.0947
   19710       1.0941
   19711       1.2266
   19712       1.1427
   19713       1.0539
   19714       1.2515
   19715       1.2767
   19716       1.2792
   19717       1.2803
   19718       1.2728
   19719       1.1906
   19720       1.0870
   19721       1.1308
   19722       1.1822
   19723       1.2024
   19724       1.2685
   19725       1.2143
   19726       1.3116
   19727       1.2581
   19728       1.2604
   19729       1.2264
   19730       1.2531
   19731       1.1785
   19732       1.1998
   19733       1.2452
   19734       1.1891
   19735       1.1794
   19736       1.1975
   19737       1.3052
   19738       1.2749
   19739       1.3306
   19740       1.2516
   19741       1.2478
   19742       1.3048
   19743       1.2659
   19744       1.2913
   19745       1.1820
   19746       1.2287
   19747       1.3015
   19748       1.2937
   19749       1.3118
   19750       1.2234
   19751       1.4437
   19752       1.1795
   19753       1.4328
   19754       1.3607
   19755       1.3684
   19756       1.2600
   19757       1.3134
   19758       1.4641
   19759       1.3927
   19760       1.4543
   19761       1.2804
   19762       1.3684
   19763       1.3732
   19764       1.3546
   19765       1.3251
   19766       1.2367
   19767       1.4408
   19768       1.3954
   19769       1.2424
   19770       1.1566
   19771       1.2167
   19772       1.2456
   19773       1.2215
   19774       1.2308
   19775       1.2479
   19776       1.2186
   19777       1.1978
   19778       1.2416
   19779       1.2022
   19780       1.1904
   19781       1.2501
   19782       1.3577
   19783       1.2595
   19784       1.1571
   19785       1.2025
   19786       1.2010
   19787       1.2776
   19788       1.2644
   19789       1.3249
   19790       1.2133
   19791       1.1683
   19792       1.2386
   19793       1.0871
   19794       1.0762
   19795       1.0869
   19796       1.2193
   19797       1.2296
   19798       1.1792
   19799       1.2144
   19800       1.2549
   19801       1.1669
   19802       1.1161
   19803       1.1780
   19804       1.2047
   19805       1.1653
   19806       1.2268
   19807       1.1990
   19808       1.1672
   19809       1.1348
   19810       1.1311
   19811       1.0641
   19812       1.0702
   19813       1.1004
   19814       1.1306
   19815       1.2208
   19816       1.1602
   19817       1.2554
   19818       1.1774
   19819       1.1261
   19820       1.2872
   19821       1.2244
   19822       1.2709
   19823       1.2095
   19824       1.2134
   19825       1.1471
   19826       1.1918
   19827       1.1087
   19828       1.1869
   19829       1.1588
   19830       1.1851
   19831       1.1995
   19832       1.2823
   19833       1.2344
   19834       1.2299
   19835       1.1643
   19836       1.3009
   19837       1.2722
   19838       1.3798
   19839       1.3864
   19840       1.3640
   19841       1.2428
   19842       1.2717
   19843       1.4115
   19844       1.4319
   19845       1.4217
   19846       1.3514
   19847       1.5286
   19848       1.4522
   19849       1.3903
   19850       1.4684
   19851       1.3171
   19852       1.2217
   19853       1.1557
   19854       1.2421
   19855       1.2354
   19856       1.2070
   19857       1.2136
   19858       1.2793
   19859       1.2888
   19860       1.1320
   19861       1.1041
   19862       1.1311
   19863       1.2574
   19864       1.2837
   19865       1.5134
   19866       1.4101
   19867       1.4088
   19868       1.3188
   19869       1.2752
   19870       1.3237
   19871       1.3383
   19872       1.3140
   19873       1.3334
   19874       1.1833
   19875       1.1860
   19876       1.2107
   19877       1.3489
   19878       1.3403
   19879       1.3135
   19880       1.3632
   19881       1.3556
   19882       1.1721
   19883       1.1994
   19884       1.3054
   19885       1.3853
   19886       1.2576
   19887       1.3075
   19888       1.2577
   19889       1.4109
   19890       1.3486
   19891       1.2877
   19892       1.3273
   19893       1.2916
   19894       1.3516
   19895       1.3635
   19896       1.4237
   19897       1.2871
   19898       1.4107
   19899       1.4842
   19900       1.3964
   19901       1.3900
   19902       1.3237
   19903       1.4177
   19904       1.3648
   19905       1.4027
   19906       1.4162
   19907       1.4330
   19908       1.3921
   19909       1.2709
   19910       1.3541
   19911       1.3379
   19912       1.3722
   19913       1.4406
   19914       1.4024
   19915       1.4604
   19916       1.5388
   19917       1.5075
   19918       1.4926
   19919       1.5021
   19920       1.4782
   19921       1.5043
   19922       1.4099
   19923       1.5071
   19924       1.5084
   19925       1.4409
   19926       1.2854
   19927       1.3764
   19928       1.2749
   19929       1.3462
   19930       1.2030
   19931       1.2580
   19932       1.2420
   19933       1.2813
   19934       1.4202
   19935       1.4219
   19936       1.3550
   19937       1.3589
   19938       1.2652
   19939       1.3598
   19940       1.3069
   19941       1.3132
   19942       1.4519
   19943       1.2869
   19944       1.3831
   19945       1.4392
   19946       1.4658
   19947       1.6051
   19948       1.4886
   19949       1.5224
   19950       1.3122
   19951       1.3229
   19952       1.4319
   19953       1.4059
   19954       1.4434
   19955       1.4271
   19956       1.5153
   19957       1.4215
   19958       1.4373
   19959       1.3687
   19960       1.5004
   19961       1.5714
   19962       1.4739
   19963       1.3996
   19964       1.4957
   19965       1.4845
   19966       1.4110
   19967       1.3323
   19968       1.3874
   19969       1.3736
   19970       1.2192
   19971       1.4543
   19972       1.3239
   19973       1.3794
   19974       1.4493
   19975       1.4499
   19976       1.4327
   19977       1.4132
   19978       1.4394
   19979       1.4650
   19980       1.4728
   19981       1.3629
   19982       1.3391
   19983       1.3631
   19984       1.3183
   19985       1.4228
   19986       1.3872
   19987       1.4868
   19988       1.4265
   19989       1.3964
   19990       1.2091
   19991       1.3204
   19992       1.3399
   19993       1.3102
   19994       1.4444
   19995       1.2919
   19996       1.2874
   19997       1.1843
   19998       1.2296
   19999       1.2942
   20000       1.2097
   20001       1.2175
   20002       1.2467
   20003       1.1863
   20004       1.2168
   20005       1.1346
   20006       1.2393
   20007       1.1677
   20008       1.1818
   20009       1.2643
   20010       1.2379
   20011       1.2308
   20012       1.2435
   20013       1.2405
   20014       1.2678
   20015       1.2666
   20016       1.3307
   20017       1.2346
   20018       1.1785
   20019       1.1589
   20020       1.0984
   20021       1.0387
   20022       0.9991
   20023       1.1206
   20024       1.1805
   20025       1.1684
   20026       1.1415
   20027       1.2246
   20028       1.2020
   20029       1.1565
   20030       1.1073
   20031       1.0118
   20032       0.9910
   20033       1.0090
   20034       1.1140
   20035       1.1709
   20036       1.1491
   20037       1.0883
   20038       1.0539
   20039       1.1222
   20040       1.2250
   20041       1.1565
   20042       0.9798
   20043       0.9153
   20044       1.0658
   20045       1.2657
   20046       1.2915
   20047       1.4378
   20048       1.3467
   20049       1.2568
   20050       1.3662
   20051       1.4285
   20052       1.3486
   20053       1.2697
   20054       1.2978
   20055       1.2516
   20056       1.3209
   20057       1.3099
   20058       1.3845
   20059       1.3307
   20060       1.1953
   20061       1.1656
   20062       1.1712
   20063       1.1522
   20064       1.1077
   20065       1.1198
   20066       1.1326
   20067       1.1495
   20068       1.1966
   20069       1.2802
   20070       1.1934
   20071       1.2779
   20072       1.2374
   20073       1.3334
   20074       1.3513
   20075       1.3738
   20076       1.3362
   20077       1.2227
   20078       1.1789
   20079       1.1879
   20080       1.2437
   20081       1.3617
   20082       1.2807
   20083       1.2737
   20084       1.2974
   20085       1.3960
   20086       1.4947
   20087       1.3767
   20088       1.2966
   20089       1.2546
   20090       1.2219
   20091       1.3341
   20092       1.3034
   20093       1.2460
   20094       1.1600
   20095       1.2161
   20096       1.2117
   20097       1.3397
   20098       1.3411
   20099       1.2552
   20100       1.3572
   20101       1.2996
   20102       1.3842
   20103       1.3916
   20104       1.4122
   20105       1.4740
   20106       1.4133
   20107       1.5018
   20108       1.5588
   20109       1.6496
   20110       1.4156
   20111       1.3701
   20112       1.4301
   20113       1.3026
   20114       1.3655
   20115       1.3057
   20116       1.4001
   20117       1.4213
   20118       1.3758
   20119       1.5194
   20120       1.5283
   20121       1.6258
   20122       1.5621
   20123       1.4584
   20124       1.2825
   20125       1.3369
   20126       1.3354
   20127       1.4482
   20128       1.4709
   20129       1.5153
   20130       1.3807
   20131       1.3326
   20132       1.3634
   20133       1.3839
   20134       1.3151
   20135       1.2858
   20136       1.2770
   20137       1.4794
   20138       1.3944
   20139       1.3083
   20140       1.3538
   20141       1.1843
   20142       1.1968
   20143       1.0857
   20144       1.1596
   20145       1.2742
   20146       1.1860
   20147       1.2655
   20148       1.1546
   20149       1.0730
   20150       1.1241
   20151       1.1147
   20152       1.0582
   20153       1.2202
   20154       1.2230
   20155       1.0646
   20156       1.2115
   20157       1.1530
   20158       1.2036
   20159       1.1299
   20160       1.0807
   20161       1.0511
   20162       1.0830
   20163       1.0553
   20164       1.0560
   20165       1.0599
   20166       1.0918
   20167       1.1138
   20168       0.9812
   20169       0.9622
   20170       0.9828
   20171       0.9243
   20172       1.0300
   20173       1.0488
   20174       1.0489
   20175       1.0066
   20176       1.0260
   20177       1.0253
   20178       1.1919
   20179       1.0679
   20180       1.2522
   20181       1.4469
   20182       1.1511
   20183       1.0601
   20184       0.9838
   20185       0.8805
   20186       0.9895
   20187       0.9023
   20188       0.9626
   20189       1.0431
   20190       0.9458
   20191       0.7975
   20192       0.7957
   20193       0.8682
   20194       0.9376
   20195       0.9127
   20196       0.9876
   20197       0.9382
   20198       1.0421
   20199       1.1121
   20200       1.1743
   20201       1.1647
   20202       1.1926
   20203       1.2799
   20204       1.2061
   20205       1.2128
   20206       1.2587
   20207       1.1403
   20208       1.2196
   20209       1.1595
   20210       1.1435
   20211       1.0453
   20212       1.1167
   20213       1.0682
   20214       1.2000
   20215       1.0711
   20216       0.9932
   20217       1.0721
   20218       1.0499
   20219       1.0756
   20220       1.2001
   20221       1.2661
   20222       1.2286
   20223       1.2009
   20224       1.1534
   20225       1.1166
   20226       1.1387
   20227       1.1494
   20228       1.2342
   20229       1.2320
   20230       1.2153
   20231       1.1575
   20232       1.0959
   20233       1.1759
   20234       1.1828
   20235       1.1515
   20236       1.0299
   20237       1.0240
   20238       1.0580
   20239       0.9981
   20240       1.1193
   20241       1.2053
   20242       1.2679
   20243       1.3010
   20244       1.1673
   20245       1.0667
   20246       1.0226
   20247       1.1257
   20248       1.1434
   20249       1.0265
   20250       0.9459
   20251       0.9405
   20252       1.0519
   20253       1.0392
   20254       0.9564
   20255       1.0683
   20256       1.2678
   20257       1.1395
   20258       1.1847
   20259       1.1313
   20260       1.2582
   20261       1.2150
   20262       1.2430
   20263       1.2336
   20264       1.2178
   20265       1.1837
   20266       1.1028
   20267       1.0941
   20268       1.0630
   20269       1.0953
   20270       1.0980
   20271       1.0994
   20272       1.0731
   20273       1.0744
   20274       1.0745
   20275       1.1231
   20276       1.1642
   20277       1.1805
   20278       1.0967
   20279       1.1425
   20280       1.1233
   20281       1.0972
   20282       1.0582
   20283       1.1345
   20284       1.0591
   20285       1.0798
   20286       1.0143
   20287       1.1081
   20288       1.1227
   20289       1.1711
   20290       1.0914
   20291       1.1420
   20292       1.1275
   20293       1.0929
   20294       1.0963
   20295       1.2037
   20296       1.2667
   20297       1.2211
   20298       1.1911
   20299       1.2453
   20300       1.2677
   20301       1.2443
   20302       1.2547
   20303       1.1952
   20304       1.1800
   20305       1.2997
   20306       1.1819
   20307       1.4047
   20308       1.3251
   20309       1.2719
   20310       1.3013
   20311       1.3400
   20312       1.4084
   20313       1.4714
   20314       1.3392
   20315       1.2785
   20316       1.2297
   20317       1.1963
   20318       1.2453
   20319       1.1408
   20320       1.2078
   20321       1.1274
   20322       1.0820
   20323       1.0671
   20324       1.0563
   20325       1.0572
   20326       1.1073
   20327       1.1688
   20328       1.1357
   20329       1.2580
   20330       1.1751
   20331       1.1525
   20332       1.1036
   20333       1.1790
   20334       1.1034
   20335       1.1124
   20336       1.2691
   20337       1.2339
   20338       1.4346
   20339       1.3697
   20340       1.2470
   20341       1.2708
   20342       1.2322
   20343       1.3697
   20344       1.3750
   20345       1.3692
   20346       1.3260
   20347       1.3187
   20348       1.3214
   20349       1.3905
   20350       1.2745
   20351       1.1458
   20352       0.9859
   20353       1.0753
   20354       1.0427
   20355       1.1163
   20356       1.1619
   20357       1.1514
   20358       1.1596
   20359       1.1675
   20360       1.1458
   20361       1.0650
   20362       1.1747
   20363       1.0631
   20364       1.1947
   20365       1.1783
   20366       1.2419
   20367       1.1957
   20368       1.2374
   20369       1.1776
   20370       1.2984
   20371       1.2373
   20372       1.1501
   20373       1.1423
   20374       1.1269
   20375       1.1057
   20376       1.2244
   20377       1.3321
   20378       1.1407
   20379       1.2369
   20380       1.2260
   20381       1.1795
   20382       1.2597
   20383       1.2252
   20384       1.2672
   20385       1.4415
   20386       1.4225
   20387       1.2199
   20388       1.2385
   20389       1.1797
   20390       1.3227
   20391       1.2104
   20392       1.3364
   20393       1.2298
   20394       1.2679
   20395       1.3121
   20396       1.0763
   20397       1.1133
   20398       1.1184
   20399       1.1726
   20400       1.1696
   20401       1.2179
   20402       1.1533
   20403       1.1850
   20404       1.0423
   20405       1.1259
   20406       1.0628
   20407       1.0040
   20408       1.0506
   20409       1.1025
   20410       1.2707
   20411       1.1664
   20412       1.0982
   20413       1.0115
   20414       1.0433
   20415       0.9889
   20416       1.0098
   20417       1.0405
   20418       1.0474
   20419       1.1821
   20420       0.9963
   20421       0.9790
   20422       0.9242
   20423       1.0005
   20424       0.9331
   20425       1.0637
   20426       0.9967
   20427       0.9820
   20428       0.9298
   20429       0.9075
   20430       1.0790
   20431       1.2134
   20432       1.1980
   20433       1.1183
   20434       1.1534
   20435       1.3280
   20436       1.1836
   20437       1.0945
   20438       1.1259
   20439       1.0590
   20440       0.9597
   20441       1.0032
   20442       1.0418
   20443       0.8664
   20444       0.9349
   20445       1.0757
   20446       0.9859
   20447       1.0032
   20448       1.0556
   20449       1.0479
   20450       0.9158
   20451       0.9322
   20452       0.8214
   20453       0.9152
   20454       0.8806
   20455       0.9179
   20456       0.8447
   20457       0.7389
   20458       0.8504
   20459       0.8253
   20460       0.9105
   20461       0.9940
   20462       0.9055
   20463       0.9164
   20464       0.9352
   20465       0.9941
   20466       0.8785
   20467       0.8404
   20468       0.8799
   20469       0.8087
   20470       0.9328
   20471       0.8588
   20472       0.7623
   20473       0.8992
   20474       0.8012
   20475       0.8332
   20476       0.8662
   20477       0.9127
   20478       0.9164
   20479       0.8940
   20480       0.8510
   20481       0.9302
   20482       0.8572
   20483       0.7734
   20484       0.8281
   20485       0.9092
   20486       0.8963
   20487       0.8744
   20488       1.0130
   20489       0.8883
   20490       0.8128
   20491       0.8196
   20492       0.8669
   20493       0.9501
   20494       1.0782
   20495       0.9419
   20496       1.0061
   20497       1.1266
   20498       1.1627
   20499       1.0954
   20500       1.0350
   20501       1.0904
   20502       0.8933
   20503       0.9666
   20504       1.0084
   20505       0.8690
   20506       0.9634
   20507       1.0251
   20508       1.0558
   20509       1.1429
   20510       0.9237
   20511       0.9271
   20512       0.8629
   20513       0.8758
   20514       0.9528
   20515       0.8646
   20516       0.9213
   20517       0.9216
   20518       0.7615
   20519       0.7976
   20520       0.7841
   20521       0.8982
   20522       0.7871
   20523       0.9592
   20524       0.9668
   20525       1.0406
   20526       0.9996
   20527       0.9038
   20528       0.9911
   20529       0.9606
   20530       1.0523
   20531       1.1044
   20532       1.2862
   20533       1.1838
   20534       1.1843
   20535       1.0052
   20536       0.9074
   20537       0.9464
   20538       0.9876
   20539       0.9668
   20540       0.9068
   20541       0.8573
   20542       0.8797
   20543       0.8269
   20544       0.8848
   20545       0.8749
   20546       1.0325
   20547       0.9706
   20548       0.7723
   20549       0.7626
   20550       0.8242
   20551       0.9110
   20552       0.9185
   20553       0.8272
   20554       0.8184
   20555       0.8869
   20556       0.8798
   20557       0.8661
   20558       0.9313
   20559       1.1117
   20560       1.0210
   20561       1.1755
   20562       1.1766
   20563       1.1858
   20564       1.1531
   20565       1.0386
   20566       0.9675
   20567       1.1971
   20568       1.0275
   20569       0.9365
   20570       0.8032
   20571       0.9182
   20572       0.8891
   20573       0.8322
   20574       0.8857
   20575       0.8974
   20576       0.8508
   20577       0.9252
   20578       0.9362
   20579       0.8477
   20580       0.8953
   20581       0.9329
   20582       0.9595
   20583       0.9748
   20584       0.9808
   20585       0.9180
   20586       1.1053
   20587       0.9991
   20588       0.9959
   20589       1.1624
   20590       1.1638
   20591       1.1453
   20592       1.2122
   20593       1.1179
   20594       1.0101
   20595       1.0419
   20596       0.9503
   20597       0.9686
   20598       0.9363
   20599       0.9422
   20600       0.9881
   20601       0.9316
   20602       0.9441
   20603       0.9205
   20604       0.8746
   20605       0.9099
   20606       0.8983
   20607       0.7629
   20608       0.6989
   20609       0.7732
   20610       0.9452
   20611       0.9193
   20612       0.8642
   20613       0.9112
   20614       0.9624
   20615       0.8688
   20616       0.9543
   20617       0.9141
   20618       0.9473
   20619       0.9171
   20620       0.9114
   20621       0.9060
   20622       0.9083
   20623       0.8772
   20624       0.8968
   20625       1.0203
   20626       0.8936
   20627       0.8272
   20628       0.8703
   20629       0.9917
   20630       0.9611
   20631       0.9487
   20632       1.1056
   20633       1.0603
   20634       0.9938
   20635       1.0296
   20636       0.8613
   20637       0.8775
   20638       0.8235
   20639       0.8703
   20640       0.8432
   20641       0.8741
   20642       0.9071
   20643       0.9872
   20644       1.0081
   20645       0.9658
   20646       0.8734
   20647       0.9196
   20648       0.9255
   20649       0.8515
   20650       0.8925
   20651       0.8465
   20652       0.7739
   20653       0.7555
   20654       0.8263
   20655       0.7856
   20656       0.8780
   20657       1.0368
   20658       1.0579
   20659       1.0037
   20660       0.9067
   20661       0.9275
   20662       1.0969
   20663       1.1178
   20664       1.2368
   20665       1.2581
   20666       1.3350
   20667       1.2330
   20668       1.1587
   20669       1.1151
   20670       1.1739
   20671       1.1698
   20672       1.2194
   20673       1.1589
   20674       0.9859
   20675       0.8645
   20676       0.8827
   20677       0.8558
   20678       0.8669
   20679       0.8634
   20680       0.9259
   20681       1.0653
   20682       0.9753
   20683       1.0620
   20684       0.9147
   20685       1.0153
   20686       0.8728
   20687       0.8297
   20688       0.9242
   20689       0.8045
   20690       0.9869
   20691       0.8625
   20692       0.8191
   20693       0.9466
   20694       0.8334
   20695       0.7918
   20696       0.9117
   20697       0.9182
   20698       0.8564
   20699       1.0110
   20700       0.9946
   20701       1.0446
   20702       0.9380
   20703       0.9865
   20704       1.0685
   20705       1.1418
   20706       1.0115
   20707       1.1383
   20708       1.0920
   20709       1.1206
   20710       1.0599
   20711       1.0738
   20712       1.0799
   20713       1.1696
   20714       1.1541
   20715       1.1332
   20716       1.0293
   20717       0.9864
   20718       0.9426
   20719       0.8093
   20720       0.8296
   20721       0.8507
   20722       0.9787
   20723       0.9139
   20724       0.9693
   20725       0.9734
   20726       0.9566
   20727       1.0297
   20728       1.0311
   20729       0.9839
   20730       0.9897
   20731       1.0254
   20732       0.9896
   20733       0.9295
   20734       0.8706
   20735       0.9751
   20736       1.0196
   20737       0.9792
   20738       0.8903
   20739       0.9051
   20740       0.9582
   20741       0.9501
   20742       0.9831
   20743       1.0786
   20744       0.9874
   20745       1.1110
   20746       1.0184
   20747       1.0730
   20748       1.0425
   20749       1.0000
   20750       1.0568
   20751       1.0611
   20752       1.2861
   20753       1.0429
   20754       1.0558
   20755       1.2241
   20756       1.3104
   20757       1.3412
   20758       1.1932
   20759       1.0426
   20760       1.0751
   20761       1.2109
   20762       1.2474
   20763       1.1786
   20764       1.1837
   20765       1.2168
   20766       1.1187
   20767       0.9936
   20768       1.0177
   20769       1.2825
   20770       1.2069
   20771       1.3518
   20772       1.2709
   20773       1.3372
   20774       1.3702
   20775       1.4641
   20776       1.4496
   20777       1.3307
   20778       1.3055
   20779       1.1736
   20780       1.1594
   20781       1.1639
   20782       1.1814
   20783       1.2501
   20784       1.3159
   20785       1.1628
   20786       0.9841
   20787       1.0039
   20788       1.0835
   20789       1.1679
   20790       1.1903
   20791       1.0945
   20792       1.0505
   20793       0.9535
   20794       1.0704
   20795       1.0822
   20796       1.1077
   20797       1.2542
   20798       1.3075
   20799       1.2888
   20800       1.1510
   20801       1.1819
   20802       1.2573
   20803       1.1810
   20804       1.1863
   20805       1.1303
   20806       1.0037
   20807       1.0885
   20808       1.0729
   20809       1.1124
   20810       1.1035
   20811       1.2635
   20812       1.2295
   20813       1.2474
   20814       1.2125
   20815       1.3430
   20816       1.1870
   20817       1.3135
   20818       1.2653
   20819       1.3130
   20820       1.1837
   20821       1.1209
   20822       0.9858
   20823       1.1191
   20824       1.3478
   20825       1.4145
   20826       1.3336
   20827       1.2859
   20828       1.2974
   20829       1.3508
   20830       1.4512
   20831       1.4692
   20832       1.4103
   20833       1.5924
   20834       1.5272
   20835       1.4474
   20836       1.3368
   20837       1.2324
   20838       1.2213
   20839       1.1423
   20840       1.2002
   20841       1.2109
   20842       1.0048
   20843       0.9924
   20844       0.9431
   20845       0.9927
   20846       1.1789
   20847       1.0647
   20848       1.2607
   20849       1.4035
   20850       1.5129
   20851       1.5283
   20852       1.3997
   20853       1.2987
   20854       1.3051
   20855       1.2302
   20856       1.1873
   20857       1.1999
   20858       1.2075
   20859       1.3985
   20860       1.3034
   20861       1.3634
   20862       1.3459
   20863       1.4118
   20864       1.4157
   20865       1.2742
   20866       1.2222
   20867       1.2311
   20868       1.2757
   20869       1.4129
   20870       1.4416
   20871       1.3411
   20872       1.4442
   20873       1.1868
   20874       1.1240
   20875       1.1997
   20876       1.0485
   20877       0.9747
   20878       1.0581
   20879       1.0797
   20880       1.0900
   20881       1.0820
   20882       1.1422
   20883       1.1043
   20884       1.0183
   20885       1.0550
   20886       1.0632
   20887       0.9755
   20888       1.1649
   20889       1.0643
   20890       1.1146
   20891       1.1597
   20892       1.0858
   20893       1.0608
   20894       0.9671
   20895       0.8824
   20896       0.9748
   20897       0.9422
   20898       0.9928
   20899       1.0729
   20900       1.0392
   20901       1.0487
   20902       0.9196
   20903       0.9352
   20904       0.9607
   20905       0.9524
   20906       1.0804
   20907       0.9993
   20908       0.9403
   20909       0.9797
   20910       0.8879
   20911       0.9170
   20912       0.9154
   20913       1.0158
   20914       0.9346
   20915       0.9373
   20916       1.0546
   20917       0.9058
   20918       0.8944
   20919       0.8473
   20920       0.9256
   20921       0.9565
   20922       0.9907
   20923       0.9480
   20924       0.9225
   20925       0.9718
   20926       0.9355
   20927       0.9533
   20928       0.9666
   20929       0.8929
   20930       0.9240
   20931       1.0204
   20932       0.9744
   20933       0.8976
   20934       0.9302
   20935       0.9074
   20936       0.8473
   20937       0.8509
   20938       0.9070
   20939       0.8578
   20940       0.9539
   20941       0.9276
   20942       0.9813
   20943       0.9053
   20944       1.0081
   20945       1.0306
   20946       1.0412
   20947       0.8982
   20948       0.8671
   20949       0.8488
   20950       0.7942
   20951       1.0231
   20952       0.8729
   20953       1.0641
   20954       1.0042
   20955       0.9544
   20956       0.8870
   20957       0.9174
   20958       0.8781
   20959       0.8753
   20960       0.9399
   20961       0.9792
   20962       1.0100
   20963       0.9590
   20964       1.0424
   20965       0.9900
   20966       1.1059
   20967       1.0472
   20968       0.9459
   20969       0.8129
   20970       0.8962
   20971       0.9788
   20972       0.9090
   20973       0.9595
   20974       1.0860
   20975       0.9684
   20976       0.9907
   20977       1.0208
   20978       0.9681
   20979       0.9672
   20980       0.9249
   20981       1.0523
   20982       1.0643
   20983       1.0055
   20984       1.0977
   20985       1.0063
   20986       0.8308
   20987       0.9808
   20988       0.9370
   20989       0.8322
   20990       0.8127
   20991       0.8901
   20992       0.8659
   20993       0.9241
   20994       0.8934
   20995       0.9446
   20996       1.0515
   20997       1.0063
   20998       1.0267
   20999       0.9989
   21000       0.9625
   21001       1.0256
   21002       0.9662
   21003       0.9353
   21004       0.9167
   21005       0.9437
   21006       0.9806
   21007       0.8492
   21008       0.9496
   21009       0.9387
   21010       1.0319
   21011       1.1528
   21012       1.0455
   21013       1.1140
   21014       1.1009
   21015       1.1777
   21016       1.1475
   21017       1.0973
   21018       1.2415
   21019       1.2394
   21020       1.1548
   21021       1.2281
   21022       1.2706
   21023       1.0841
   21024       1.0252
   21025       0.9830
   21026       1.0670
   21027       1.0872
   21028       1.0367
   21029       0.9055
   21030       1.0847
   21031       0.8300
   21032       0.8710
   21033       0.8003
   21034       0.8953
   21035       0.9111
   21036       0.9168
   21037       0.8976
   21038       0.9364
   21039       0.9863
   21040       0.9567
   21041       0.9674
   21042       1.0180
   21043       1.0084
   21044       1.1319
   21045       1.0442
   21046       1.0210
   21047       0.8669
   21048       1.0487
   21049       0.9643
   21050       0.9607
   21051       0.9751
   21052       0.8828
   21053       1.0254
   21054       1.0899
   21055       1.0634
   21056       1.0494
   21057       1.1274
   21058       0.9785
   21059       1.0386
   21060       1.0808
   21061       0.9084
   21062       0.8633
   21063       0.9237
   21064       0.8525
   21065       1.0016
   21066       1.0183
   21067       1.0028
   21068       0.9491
   21069       1.0669
   21070       0.9670
   21071       0.9309
   21072       0.7822
   21073       0.9110
   21074       0.8743
   21075       0.8693
   21076       0.9434
   21077       0.8589
   21078       0.9593
   21079       0.9974
   21080       0.8874
   21081       0.9751
   21082       1.0777
   21083       1.0805
   21084       1.0306
   21085       0.9860
   21086       1.0426
   21087       0.9963
   21088       0.9875
   21089       1.0374
   21090       0.9169
   21091       1.0079
   21092       0.9004
   21093       0.9250
   21094       0.8967
   21095       0.8680
   21096       0.8166
   21097       0.9078
   21098       0.9365
   21099       0.9819
   21100       1.0523
   21101       1.1117
   21102       1.1242
   21103       0.9419
   21104       1.0680
   21105       1.0280
   21106       1.0372
   21107       0.8925
   21108       0.9932
   21109       0.9771
   21110       0.9653
   21111       0.9052
   21112       1.0287
   21113       0.8669
   21114       1.0282
   21115       1.1876
   21116       1.1384
   21117       1.1092
   21118       1.0498
   21119       1.2145
   21120       1.3762
   21121       1.4214
   21122       1.1970
   21123       1.1674
   21124       1.2215
   21125       1.1318
   21126       1.1420
   21127       1.1403
   21128       1.1211
   21129       1.1124
   21130       1.0095
   21131       1.0619
   21132       1.2101
   21133       1.0783
   21134       1.0719
   21135       1.0643
   21136       0.9504
   21137       1.0354
   21138       1.0557
   21139       0.9624
   21140       1.0310
   21141       1.1154
   21142       1.0860
   21143       1.2146
   21144       1.2557
   21145       1.0029
   21146       1.0959
   21147       1.0300
   21148       1.2362
   21149       1.2549
   21150       1.3713
   21151       1.3841
   21152       1.2662
   21153       1.2354
   21154       1.2661
   21155       1.1307
   21156       1.0003
   21157       1.1158
   21158       0.9756
   21159       1.0295
   21160       1.0440
   21161       0.9366
   21162       0.9455
   21163       1.1628
   21164       1.1328
   21165       1.1623
   21166       1.1603
   21167       1.1505
   21168       1.1133
   21169       1.1153
   21170       1.0232
   21171       1.0750
   21172       0.9217
   21173       0.9974
   21174       1.0922
   21175       0.9935
   21176       1.0300
   21177       1.0675
   21178       1.0856
   21179       1.0031
   21180       1.0205
   21181       0.9548
   21182       0.9192
   21183       0.9267
   21184       1.0135
   21185       1.0167
   21186       1.0158
   21187       1.0203
   21188       1.0741
   21189       1.0167
   21190       0.9322
   21191       0.8445
   21192       0.9566
   21193       0.9060
   21194       1.1584
   21195       1.0871
   21196       1.2263
   21197       1.1446
   21198       1.0641
   21199       1.0553
   21200       1.0795
   21201       1.1015
   21202       1.0989
   21203       1.0657
   21204       1.0880
   21205       1.0991
   21206       1.0126
   21207       0.9346
   21208       0.8148
   21209       0.8969
   21210       0.9308
   21211       1.0027
   21212       0.9836
   21213       1.0194
   21214       0.9603
   21215       0.8754
   21216       0.9165
   21217       0.9084
   21218       0.9098
   21219       0.8939
   21220       0.9294
   21221       0.8600
   21222       1.0224
   21223       1.0298
   21224       0.9934
   21225       1.0761
   21226       1.0692
   21227       1.0484
   21228       0.9681
   21229       1.1468
   21230       1.0727
   21231       0.9611
   21232       0.9591
   21233       1.0496
   21234       1.2089
   21235       1.1618
   21236       1.1925
   21237       1.1966
   21238       1.2862
   21239       1.2064
   21240       1.1923
   21241       1.1861
   21242       0.9798
   21243       0.9998
   21244       0.9614
   21245       0.8471
   21246       0.8305
   21247       0.8983
   21248       1.0345
   21249       0.9547
   21250       0.9582
   21251       1.0149
   21252       0.9633
   21253       1.0568
   21254       1.0535
   21255       1.0289
   21256       0.9771
   21257       1.1510
   21258       0.9964
   21259       1.0164
   21260       0.9874
   21261       1.0703
   21262       1.1860
   21263       1.0663
   21264       1.0196
   21265       1.1628
   21266       1.0072
   21267       1.0310
   21268       0.9420
   21269       1.0720
   21270       0.9925
   21271       1.0722
   21272       1.1513
   21273       1.0453
   21274       1.0570
   21275       1.0243
   21276       0.8561
   21277       0.7341
   21278       0.8146
   21279       0.7084
   21280       0.7607
   21281       0.8307
   21282       0.8693
   21283       0.7614
   21284       0.7986
   21285       0.9054
   21286       0.8517
   21287       0.7636
   21288       1.0725
   21289       0.8472
   21290       0.9478
   21291       0.9142
   21292       1.0147
   21293       0.9265
   21294       0.9955
   21295       1.0350
   21296       1.1269
   21297       0.9291
   21298       0.9019
   21299       0.8845
   21300       0.9839
   21301       0.9717
   21302       0.9572
   21303       0.8594
   21304       0.9141
   21305       0.9316
   21306       0.9723
   21307       1.1559
   21308       1.0544
   21309       1.0429
   21310       1.1729
   21311       1.1505
   21312       1.1847
   21313       1.2535
   21314       1.3272
   21315       1.1806
   21316       1.4510
   21317       1.3142
   21318       1.2560
   21319       1.1117
   21320       1.1810
   21321       1.2952
   21322       1.2595
   21323       1.4170
   21324       1.5041
   21325       1.6633
   21326       1.5085
   21327       1.3282
   21328       1.3657
   21329       1.4474
   21330       1.4307
   21331       1.2757
   21332       1.2314
   21333       1.4145
   21334       1.1814
   21335       1.2720
   21336       1.0888
   21337       1.0908
   21338       1.2765
   21339       1.3256
   21340       1.2610
   21341       1.1540
   21342       1.3002
   21343       1.3473
   21344       1.3923
   21345       1.3680
   21346       1.4166
   21347       1.3541
   21348       1.2389
   21349       1.2278
   21350       1.1324
   21351       1.1407
   21352       1.0514
   21353       1.1133
   21354       1.2540
   21355       1.0939
   21356       1.1871
   21357       1.2898
   21358       1.2672
   21359       1.3138
   21360       1.2711
   21361       1.3408
   21362       1.2931
   21363       1.3697
   21364       1.2449
   21365       1.3325
   21366       1.1820
   21367       1.3725
   21368       1.4321
   21369       1.4481
   21370       1.5064
   21371       1.4009
   21372       1.3332
   21373       1.3242
   21374       1.2390
   21375       1.3003
   21376       1.3626
   21377       1.4610
   21378       1.3820
   21379       1.1691
   21380       1.0504
   21381       1.2133
   21382       1.0984
   21383       1.1965
   21384       1.0974
   21385       1.0897
   21386       1.0607
   21387       1.0584
   21388       1.1544
   21389       1.1371
   21390       1.1641
   21391       1.1978
   21392       1.1749
   21393       1.2335
   21394       1.0950
   21395       1.2156
   21396       1.0090
   21397       1.0435
   21398       1.2291
   21399       1.1621
   21400       1.0836
   21401       1.0866
   21402       1.0812
   21403       1.0259
   21404       1.0412
   21405       1.1200
   21406       1.0771
   21407       1.0135
   21408       1.0387
   21409       1.0124
   21410       1.0635
   21411       1.0463
   21412       0.9336
   21413       1.0730
   21414       1.0319
   21415       1.0647
   21416       1.0245
   21417       1.0034
   21418       1.2168
   21419       1.2010
   21420       1.2172
   21421       1.2527
   21422       1.3640
   21423       1.5241
   21424       1.6410
   21425       1.5034
   21426       1.5186
   21427       1.6318
   21428       1.6042
   21429       1.6452
   21430       1.6453
   21431       1.6034
   21432       1.5178
   21433       1.3066
   21434       1.3011
   21435       1.3303
   21436       1.3641
   21437       1.3548
   21438       1.2823
   21439       1.1424
   21440       1.4518
   21441       1.2041
   21442       1.0921
   21443       1.1485
   21444       1.1666
   21445       1.1194
   21446       1.3390
   21447       1.3565
   21448       1.4807
   21449       1.4588
   21450       1.1658
   21451       1.2799
   21452       1.1270
   21453       1.2380
   21454       1.1434
   21455       1.2750
   21456       1.3711
   21457       1.5000
   21458       1.5188
   21459       1.2308
   21460       1.1444
   21461       1.3700
   21462       1.5191
   21463       1.5302
   21464       1.4986
   21465       1.3823
   21466       1.5378
   21467       1.4194
   21468       1.3464
   21469       1.2517
   21470       1.1335
   21471       0.9982
   21472       1.1549
   21473       1.3509
   21474       1.4274
   21475       1.4562
   21476       1.4466
   21477       1.5337
   21478       1.4299
   21479       1.3063
   21480       1.3704
   21481       1.3079
   21482       1.4307
   21483       1.4108
   21484       1.3703
   21485       1.3975
   21486       1.2907
   21487       1.2995
   21488       1.3116
   21489       1.3831
   21490       1.4013
   21491       1.2957
   21492       1.3482
   21493       1.4137
   21494       1.3918
   21495       1.4131
   21496       1.4476
   21497       1.4451
   21498       1.4555
   21499       1.5376
   21500       1.5543
   21501       1.5346
   21502       1.2940
   21503       1.5052
   21504       1.3979
   21505       1.4358
   21506       1.4110
   21507       1.3453
   21508       1.4337
   21509       1.3578
   21510       1.4750
   21511       1.4394
   21512       1.5989
   21513       1.4328
   21514       1.4768
   21515       1.4618
   21516       1.3179
   21517       1.1920
   21518       1.1836
   21519       1.1355
   21520       1.1878
   21521       1.1959
   21522       1.0508
   21523       1.1586
   21524       1.3441
   21525       1.4078
   21526       1.2009
   21527       1.3229
   21528       1.1282
   21529       1.1477
   21530       1.2658
   21531       1.3424
   21532       1.3590
   21533       1.3619
   21534       1.4332
   21535       1.1123
   21536       1.1555
   21537       1.1336
   21538       1.1067
   21539       1.0882
   21540       0.9550
   21541       0.9038
   21542       1.0223
   21543       1.1160
   21544       1.1668
   21545       1.2551
   21546       1.2704
   21547       1.2439
   21548       1.2173
   21549       1.2152
   21550       1.2939
   21551       1.3514
   21552       1.3305
   21553       1.3703
   21554       1.3567
   21555       1.2261
   21556       1.2782
   21557       1.3995
   21558       1.1812
   21559       1.0676
   21560       1.0363
   21561       1.1907
   21562       1.1320
   21563       1.1266
   21564       1.1618
   21565       1.1724
   21566       1.0818
   21567       1.0410
   21568       1.0861
   21569       1.1651
   21570       1.1605
   21571       1.1237
   21572       1.1909
   21573       1.1298
   21574       1.0601
   21575       1.1704
   21576       1.2110
   21577       1.1295
   21578       1.2645
   21579       1.0910
   21580       1.2394
   21581       1.1911
   21582       1.2360
   21583       1.2244
   21584       1.1562
   21585       1.0920
   21586       1.1467
   21587       1.2365
   21588       1.1324
   21589       1.2694
   21590       1.2334
   21591       1.1897
   21592       1.4376
   21593       1.4240
   21594       1.5273
   21595       1.4572
   21596       1.4022
   21597       1.3133
   21598       1.1461
   21599       1.1860
   21600       1.2444
   21601       1.2492
   21602       1.2895
   21603       1.3237
   21604       1.1455
   21605       1.1816
   21606       1.2235
   21607       1.1548
   21608       1.2514
   21609       1.2918
   21610       1.3576
   21611       1.2433
   21612       1.2706
   21613       1.1827
   21614       1.1774
   21615       1.2657
   21616       1.1802
   21617       1.2351
   21618       1.4039
   21619       1.2031
   21620       1.1793
   21621       1.2517
   21622       1.2863
   21623       1.3668
   21624       1.3898
   21625       1.4291
   21626       1.4916
   21627       1.6137
   21628       1.4940
   21629       1.5936
   21630       1.6438
   21631       1.5471
   21632       1.5102
   21633       1.4106
   21634       1.2919
   21635       1.4832
   21636       1.3925
   21637       1.3355
   21638       1.5451
   21639       1.4834
   21640       1.4969
   21641       1.5894
   21642       1.5945
   21643       1.6556
   21644       1.5426
   21645       1.3475
   21646       1.6189
   21647       1.6325
   21648       1.6004
   21649       1.4926
   21650       1.4498
   21651       1.4450
   21652       1.5253
   21653       1.5106
   21654       1.4806
   21655       1.5736
   21656       1.5178
   21657       1.3381
   21658       1.3644
   21659       1.3328
   21660       1.3847
   21661       1.5055
   21662       1.4649
   21663       1.5875
   21664       1.5802
   21665       1.5290
   21666       1.6609
   21667       1.7220
   21668       1.6985
   21669       1.6732
   21670       1.7470
   21671       1.9233
   21672       1.9276
   21673       1.9313
   21674       1.8769
   21675       1.8346
   21676       1.7338
   21677       1.9338
   21678       1.9229
   21679       1.8975
   21680       1.8967
   21681       1.8162
   21682       1.8679
   21683       1.8699
   21684       1.9070
   21685       1.8631
   21686       1.9352
   21687       1.9146
   21688       1.8319
   21689       1.8588
   21690       1.7999
   21691       1.7921
   21692       1.7747
   21693       1.7443
   21694       1.9686
   21695       1.6858
   21696       1.7824
   21697       1.8907
   21698       1.8136
   21699       1.8186
   21700       1.7583
   21701       1.6560
   21702       1.6606
   21703       1.7581
   21704       1.5814
   21705       1.5972
   21706       1.6489
   21707       1.5282
   21708       1.7003
   21709       1.7180
   21710       1.6927
   21711       1.5956
   21712       1.5320
   21713       1.4370
   21714       1.2808
   21715       1.3957
   21716       1.3217
   21717       1.3228
   21718       1.2386
   21719       1.4251
   21720       1.5793
   21721       1.4469
   21722       1.5362
   21723       1.5405
   21724       1.3907
   21725       1.3957
   21726       1.5313
   21727       1.5644
   21728       1.6896
   21729       1.5790
   21730       1.3769
   21731       1.2373
   21732       1.2816
   21733       1.2847
   21734       1.3962
   21735       1.4113
   21736       1.5125
   21737       1.7749
   21738       1.6381
   21739       1.5798
   21740       1.6971
   21741       1.5613
   21742       1.4328
   21743       1.3502
   21744       1.4799
   21745       1.4678
   21746       1.4501
   21747       1.5281
   21748       1.3812
   21749       1.3862
   21750       1.1714
   21751       1.2934
   21752       1.2547
   21753       1.3455
   21754       1.2731
   21755       1.3852
   21756       1.4362
   21757       1.4483
   21758       1.5378
   21759       1.4628
   21760       1.4412
   21761       1.4756
   21762       1.5383
   21763       1.5495
   21764       1.5066
   21765       1.3640
   21766       1.3645
   21767       1.2225
   21768       1.2954
   21769       1.1037
   21770       1.1045
   21771       1.1138
   21772       1.1475
   21773       1.0478
   21774       1.0880
   21775       1.0981
   21776       1.0478
   21777       1.1861
   21778       1.3235
   21779       1.0622
   21780       1.0558
   21781       1.1456
   21782       1.3228
   21783       1.2284
   21784       1.3187
   21785       1.4005
   21786       1.4163
   21787       1.4592
   21788       1.2978
   21789       1.4751
   21790       1.4692
   21791       1.5048
   21792       1.2336
   21793       1.2923
   21794       1.2262
   21795       1.2200
   21796       1.1269
   21797       1.2684
   21798       1.1957
   21799       1.2265
   21800       1.2184
   21801       1.2655
   21802       1.2544
   21803       1.2773
   21804       1.3171
   21805       1.2789
   21806       1.1605
   21807       1.2333
   21808       1.2517
   21809       1.2168
   21810       1.2534
   21811       1.2797
   21812       1.2126
   21813       1.2243
   21814       1.2094
   21815       1.2981
   21816       1.4241
   21817       1.5116
   21818       1.2323
   21819       1.3592
   21820       1.2677
   21821       1.2577
   21822       1.2465
   21823       1.2568
   21824       1.4140
   21825       1.3519
   21826       1.3884
   21827       1.4199
   21828       1.2578
   21829       1.2944
   21830       1.3147
   21831       1.3815
   21832       1.3251
   21833       1.2731
   21834       1.2958
   21835       1.2678
   21836       1.1794
   21837       1.2180
   21838       1.2823
   21839       1.2862
   21840       1.4883
   21841       1.4936
   21842       1.5317
   21843       1.6139
   21844       1.4890
   21845       1.4829
   21846       1.4452
   21847       1.5086
   21848       1.4771
   21849       1.3930
   21850       1.3587
   21851       1.3568
   21852       1.5038
   21853       1.4572
   21854       1.5126
   21855       1.4227
   21856       1.4633
   21857       1.3379
   21858       1.3632
   21859       1.3744
   21860       1.3701
   21861       1.4539
   21862       1.4338
   21863       1.3832
   21864       1.4763
   21865       1.3600
   21866       1.3152
   21867       1.1972
   21868       1.2659
   21869       1.2275
   21870       1.1921
   21871       1.0579
   21872       1.2150
   21873       1.2633
   21874       1.2085
   21875       1.2134
   21876       1.1794
   21877       1.4889
   21878       1.4256
   21879       1.4085
   21880       1.4297
   21881       1.3849
   21882       1.3882
   21883       1.3352
   21884       1.3325
   21885       1.3505
   21886       1.2563
   21887       1.3288
   21888       1.3271
   21889       1.2527
   21890       1.1760
   21891       1.3641
   21892       1.3844
   21893       1.3826
   21894       1.4963
   21895       1.4855
   21896       1.4477
   21897       1.5049
   21898       1.4428
   21899       1.5705
   21900       1.5175
   21901       1.3224
   21902       1.2470
   21903       1.1524
   21904       1.2540
   21905       1.2276
   21906       1.3521
   21907       1.4033
   21908       1.3507
   21909       1.5371
   21910       1.6547
   21911       1.7155
   21912       1.6966
   21913       1.5691
   21914       1.4704
   21915       1.5888
   21916       1.5594
   21917       1.6088
   21918       1.4478
   21919       1.4244
   21920       1.3800
   21921       1.4645
   21922       1.5556
   21923       1.4095
   21924       1.5056
   21925       1.5870
   21926       1.5329
   21927       1.4955
   21928       1.4556
   21929       1.4852
   21930       1.5789
   21931       1.7261
   21932       1.7131
   21933       1.6073
   21934       1.5702
   21935       1.5964
   21936       1.7346
   21937       1.7998
   21938       1.6600
   21939       1.8435
   21940       1.7945
   21941       1.6918
   21942       1.6268
   21943       1.7032
   21944       1.6364
   21945       1.6024
   21946       1.5494
   21947       1.4420
   21948       1.3964
   21949       1.4816
   21950       1.4074
   21951       1.5015
   21952       1.3862
   21953       1.4895
   21954       1.6320
   21955       1.5696
   21956       1.7162
   21957       1.7201
   21958       1.8152
   21959       1.8171
   21960       1.9025
   21961       1.8358
   21962       1.6025
   21963       1.6253
   21964       1.8601
   21965       1.7057
   21966       1.5753
   21967       1.6532
   21968       1.4752
   21969       1.6905
   21970       1.7041
   21971       1.8514
   21972       1.7857
   21973       1.6456
   21974       1.7061
   21975       1.6364
   21976       1.6003
   21977       1.4600
   21978       1.4948
   21979       1.4459
   21980       1.5981
   21981       1.4828
   21982       1.5886
   21983       1.5240
   21984       1.5863
   21985       1.7057
   21986       1.5354
   21987       1.5025
   21988       1.4587
   21989       1.5030
   21990       1.7827
   21991       1.6074
   21992       1.6092
   21993       1.4370
   21994       1.4912
   21995       1.5361
   21996       1.3932
   21997       1.3179
   21998       1.3099
   21999       1.4481
   22000       1.4201
   22001       1.4481
   22002       1.4619
   22003       1.5518
   22004       1.5775
   22005       1.7284
   22006       1.6396
   22007       1.6107
   22008       1.6839
   22009       1.7975
   22010       1.8647
   22011       1.7929
   22012       1.8277
   22013       1.7035
   22014       1.5987
   22015       1.6908
   22016       1.5144
   22017       1.3371
   22018       1.4309
   22019       1.3754
   22020       1.3217
   22021       1.3429
   22022       1.3667
   22023       1.6070
   22024       1.6279
   22025       1.6857
   22026       1.7097
   22027       1.8060
   22028       1.8249
   22029       1.7018
   22030       1.6180
   22031       1.7894
   22032       1.7701
   22033       1.6376
   22034       1.5859
   22035       1.4471
   22036       1.3702
   22037       1.4251
   22038       1.2937
   22039       1.4848
   22040       1.4911
   22041       1.4397
   22042       1.4557
   22043       1.6312
   22044       1.5038
   22045       1.5969
   22046       1.6710
   22047       1.6867
   22048       1.7227
   22049       1.7600
   22050       1.7410
   22051       1.8262
   22052       1.8294
   22053       1.7764
   22054       1.5362
   22055       1.2995
   22056       1.2427
   22057       1.2369
   22058       1.2556
   22059       1.3527
   22060       1.5335
   22061       1.5691
   22062       1.5149
   22063       1.5628
   22064       1.4631
   22065       1.4785
   22066       1.5305
   22067       1.3774
   22068       1.6834
   22069       1.6851
   22070       1.7554
   22071       1.6920
   22072       1.5899
   22073       1.5611
   22074       1.6463
   22075       1.6141
   22076       1.7871
   22077       1.7321
   22078       1.7111
   22079       1.5856
   22080       1.5691
   22081       1.6568
   22082       1.4822
   22083       1.4464
   22084       1.5772
   22085       1.7381
   22086       1.7529
   22087       1.7661
   22088       1.6425
   22089       1.7177
   22090       1.7213
   22091       1.7496
   22092       1.6430
   22093       1.4615
   22094       1.4022
   22095       1.3515
   22096       1.4594
   22097       1.5822
   22098       1.4934
   22099       1.3788
   22100       1.5164
   22101       1.4859
   22102       1.5572
   22103       1.4127
   22104       1.6708
   22105       1.7583
   22106       1.7556
   22107       1.7184
   22108       1.8449
   22109       1.8373
   22110       1.9507
   22111       2.0013
   22112       1.9357
   22113       1.9333
   22114       1.7901
   22115       1.9400
   22116       1.8893
   22117       1.7713
   22118       1.6632
   22119       1.8782
   22120       1.8815
   22121       1.9563
   22122       1.8223
   22123       1.8041
   22124       1.9550
   22125       2.0111
   22126       2.0200
   22127       1.9686
   22128       1.8035
   22129       2.0118
   22130       1.9509
   22131       2.0413
   22132       2.1479
   22133       1.9996
   22134       2.2351
   22135       2.3008
   22136       2.3577
   22137       2.2549
   22138       2.2182
   22139       2.1333
   22140       2.1796
   22141       2.2249
   22142       2.2634
   22143       2.2206
   22144       2.1820
   22145       1.9958
   22146       2.1957
   22147       2.2826
   22148       2.3799
   22149       2.3960
   22150       2.3088
   22151       2.2831
   22152       2.0292
   22153       2.0422
   22154       2.0918
   22155       1.9895
   22156       2.0913
   22157       2.1499
   22158       2.0047
   22159       2.1093
   22160       2.1230
   22161       2.2408
   22162       2.2269
   22163       2.0816
   22164       2.1848
   22165       2.2295
   22166       2.1540
   22167       2.3092
   22168       2.2865
   22169       2.1220
   22170       2.2438
   22171       2.1228
   22172       2.0838
   22173       1.9476
   22174       1.9449
   22175       2.0645
   22176       2.0107
   22177       2.0157
   22178       2.0164
   22179       1.9472
   22180       1.9530
   22181       2.2082
   22182       2.2755
   22183       2.1958
   22184       2.4901
   22185       2.3070
   22186       2.2123
   22187       2.2303
   22188       2.0150
   22189       2.0839
   22190       2.1885
   22191       2.1486
   22192       2.1287
   22193       2.1060
   22194       1.9114
   22195       1.9380
   22196       1.9836
   22197       2.0091
   22198       1.7794
   22199       1.8120
   22200       1.9270
   22201       1.7853
   22202       1.8264
   22203       2.1720
   22204       2.2133
   22205       2.0886
   22206       2.1366
   22207       2.0852
   22208       2.1152
   22209       1.9751
   22210       1.9990
   22211       1.7875
   22212       1.7160
   22213       1.6075
   22214       1.8807
   22215       1.7580
   22216       1.7418
   22217       1.7976
   22218       1.7946
   22219       1.5367
   22220       1.5464
   22221       1.6345
   22222       1.4791
   22223       1.4472
   22224       1.5416
   22225       1.6681
   22226       1.5787
   22227       1.4700
   22228       1.4231
   22229       1.3041
   22230       1.3816
   22231       1.5141
   22232       1.5894
   22233       1.8602
   22234       1.8877
   22235       1.6939
   22236       1.6245
   22237       1.5958
   22238       1.4967
   22239       1.6220
   22240       1.6757
   22241       1.7886
   22242       1.8003
   22243       1.8471
   22244       1.5985
   22245       1.6734
   22246       1.7344
   22247       1.9084
   22248       1.9292
   22249       1.9929
   22250       1.9039
   22251       1.9740
   22252       1.7905
   22253       1.7715
   22254       1.6853
   22255       1.6400
   22256       1.6292
   22257       1.6245
   22258       1.6750
   22259       1.6256
   22260       1.6111
   22261       1.7824
   22262       1.6575
   22263       1.5872
   22264       1.6182
   22265       1.6213
   22266       1.5308
   22267       1.7499
   22268       1.9367
   22269       1.8449
   22270       1.8129
   22271       1.7415
   22272       1.7793
   22273       1.6678
   22274       1.5892
   22275       1.5300
   22276       1.5603
   22277       1.5256
   22278       1.5621
   22279       1.7403
   22280       1.7556
   22281       1.6937
   22282       1.5818
   22283       1.5184
   22284       1.4573
   22285       1.3941
   22286       1.3850
   22287       1.3730
   22288       1.5799
   22289       1.5606
   22290       1.5798
   22291       1.3352
   22292       1.4434
   22293       1.6474
   22294       1.6443
   22295       1.6363
   22296       1.8206
   22297       1.7342
   22298       1.9231
   22299       1.7332
   22300       1.7978
   22301       1.8735
   22302       1.9185
   22303       1.9672
   22304       1.6616
   22305       1.5496
   22306       1.5850
   22307       1.6585
   22308       1.6240
   22309       1.6548
   22310       1.6488
   22311       1.7176
   22312       1.6716
   22313       1.4659
   22314       1.4787
   22315       1.2967
   22316       1.1908
   22317       1.2901
   22318       1.2528
   22319       1.4802
   22320       1.4149
   22321       1.3462
   22322       1.3123
   22323       1.2267
   22324       1.2809
   22325       1.3229
   22326       1.5172
   22327       1.3902
   22328       1.2938
   22329       1.4035
   22330       1.3253
   22331       1.2782
   22332       1.3651
   22333       1.5887
   22334       1.4570
   22335       1.5403
   22336       1.4065
   22337       1.5891
   22338       1.4495
   22339       1.4413
   22340       1.4647
   22341       1.3891
   22342       1.3342
   22343       1.4934
   22344       1.3588
   22345       1.2904
   22346       1.1822
   22347       1.0892
   22348       1.3196
   22349       1.4069
   22350       1.3394
   22351       1.3978
   22352       1.4069
   22353       1.4374
   22354       1.5589
   22355       1.6280
   22356       1.5399
   22357       1.6413
   22358       1.5969
   22359       1.5591
   22360       1.6383
   22361       1.4513
   22362       1.3311
   22363       1.2854
   22364       1.3471
   22365       1.4090
   22366       1.5844
   22367       1.6852
   22368       1.6525
   22369       1.7306
   22370       1.8464
   22371       1.7636
   22372       1.5069
   22373       1.5744
   22374       1.5271
   22375       1.4655
   22376       1.4250
   22377       1.4884
   22378       1.5347
   22379       1.5576
   22380       1.6250
   22381       1.5167
   22382       1.5044
   22383       1.7340
   22384       1.5660
   22385       1.4318
   22386       1.6256
   22387       1.5853
   22388       1.6071
   22389       1.6398
   22390       1.6070
   22391       1.9027
   22392       1.9192
   22393       2.0582
   22394       1.9927
   22395       1.7954
   22396       1.9061
   22397       1.7602
   22398       1.8477
   22399       1.7622
   22400       1.8014
   22401       1.5959
   22402       1.6696
   22403       1.7232
   22404       1.6746
   22405       1.5448
   22406       1.6652
   22407       1.6741
   22408       1.6528
   22409       1.6741
   22410       1.6164
   22411       1.4281
   22412       1.3493
   22413       1.2938
   22414       1.4071
   22415       1.4425
   22416       1.4473
   22417       1.6877
   22418       1.6980
   22419       1.5881
   22420       1.7180
   22421       1.7139
   22422       1.9275
   22423       1.8089
   22424       1.8202
   22425       1.7797
   22426       1.7954
   22427       1.7673
   22428       1.7661
   22429       1.6610
   22430       1.4192
   22431       1.5924
   22432       1.7197
   22433       1.6532
   22434       1.6200
   22435       1.5703
   22436       1.6137
   22437       1.8242
   22438       1.9153
   22439       1.9767
   22440       1.8631
   22441       1.7096
   22442       1.6272
   22443       1.7450
   22444       1.7117
   22445       1.6447
   22446       1.6945
   22447       1.5935
   22448       1.6645
   22449       1.4992
   22450       1.4795
   22451       1.4880
   22452       1.6710
   22453       1.7550
   22454       1.6255
   22455       1.8322
   22456       1.7375
   22457       1.7609
   22458       1.5748
   22459       1.6761
   22460       1.7775
   22461       1.6959
   22462       1.6735
   22463       1.6211
   22464       1.6595
   22465       1.7367
   22466       1.5431
   22467       1.6911
   22468       1.7387
   22469       1.6418
   22470       1.6624
   22471       1.8512
   22472       1.8302
   22473       1.4147
   22474       1.4757
   22475       1.4227
   22476       1.4790
   22477       1.5488
   22478       1.5653
   22479       1.6836
   22480       1.5185
   22481       1.6505
   22482       1.6293
   22483       1.7471
   22484       1.6100
   22485       1.6053
   22486       1.5859
   22487       1.6176
   22488       1.6250
   22489       1.4392
   22490       1.5824
   22491       1.7011
   22492       1.6003
   22493       1.7802
   22494       1.8161
   22495       1.7777
   22496       1.6359
   22497       1.6968
   22498       1.7977
   22499       1.6825
   22500       1.8310
   22501       1.6744
   22502       1.5398
   22503       1.6508
   22504       1.4018
   22505       1.6644
   22506       1.6415
   22507       1.6469
   22508       1.7478
   22509       1.9327
   22510       1.8494
   22511       1.6451
   22512       1.7074
   22513       1.7413
   22514       1.5761
   22515       1.5633
   22516       1.6270
   22517       1.5123
   22518       1.6646
   22519       1.6354
   22520       1.7220
   22521       1.6949
   22522       1.6662
   22523       1.6267
   22524       1.6296
   22525       1.6381
   22526       1.7899
   22527       1.6658
   22528       1.6408
   22529       1.6965
   22530       1.6985
   22531       1.6621
   22532       1.7063
   22533       1.7637
   22534       1.6517
   22535       1.6054
   22536       1.6387
   22537       1.5677
   22538       1.4843
   22539       1.4273
   22540       1.4978
   22541       1.6069
   22542       1.5406
   22543       1.7221
   22544       1.8194
   22545       1.8169
   22546       1.6711
   22547       1.7996
   22548       1.8493
   22549       1.7094
   22550       1.6525
   22551       1.6467
   22552       1.6120
   22553       1.7978
   22554       1.8624
   22555       1.7307
   22556       1.7811
   22557       1.7144
   22558       1.6427
   22559       1.6332
   22560       1.5634
   22561       1.7835
   22562       1.8828
   22563       1.8612
   22564       2.0183
   22565       2.0896
   22566       1.7661
   22567       1.9169
   22568       1.8711
   22569       1.8667
   22570       1.9801
   22571       1.9810
   22572       1.9250
   22573       1.8840
   22574       1.9437
   22575       1.9069
   22576       1.7427
   22577       1.9304
   22578       2.0040
   22579       1.8969
   22580       1.8772
   22581       1.7404
   22582       1.9329
   22583       2.0637
   22584       1.8224
   22585       1.6912
   22586       1.7700
   22587       1.6566
   22588       1.5659
   22589       1.4323
   22590       1.4260
   22591       1.3394
   22592       1.5524
   22593       1.4663
   22594       1.5444
   22595       1.6156
   22596       1.4125
   22597       1.5310
   22598       1.5806
   22599       1.8156
   22600       1.8111
   22601       1.8019
   22602       1.6794
   22603       1.5761
   22604       1.7138
   22605       1.4613
   22606       1.6205
   22607       1.5535
   22608       1.7418
   22609       1.6862
   22610       1.7540
   22611       1.8565
   22612       1.6905
   22613       1.7770
   22614       1.6765
   22615       1.5548
   22616       1.7052
   22617       1.8362
   22618       1.8080
   22619       1.8809
   22620       1.6801
   22621       1.7278
   22622       1.7702
   22623       1.9844
   22624       2.0198
   22625       1.8802
   22626       2.0164
   22627       1.7080
   22628       1.7043
   22629       1.6374
   22630       1.6581
   22631       1.5917
   22632       1.7217
   22633       1.5723
   22634       1.5011
   22635       1.4077
   22636       1.4985
   22637       1.7436
   22638       1.7693
   22639       1.6446
   22640       1.5755
   22641       1.6917
   22642       1.7558
   22643       1.6225
   22644       1.6854
   22645       1.7688
   22646       1.6019
   22647       1.6162
   22648       1.5902
   22649       1.6253
   22650       1.4824
   22651       1.6637
   22652       1.6443
   22653       1.5224
   22654       1.7659
   22655       1.8656
   22656       1.6757
   22657       1.7095
   22658       1.7174
   22659       1.6383
   22660       1.7563
   22661       1.7744
   22662       1.9640
   22663       1.8963
   22664       1.7622
   22665       1.9211
   22666       1.6855
   22667       1.8699
   22668       1.8580
   22669       1.8620
   22670       1.6800
   22671       1.7063
   22672       1.9458
   22673       1.7202
   22674       1.7742
   22675       1.9686
   22676       1.9923
   22677       1.8943
   22678       1.6823
   22679       1.7945
   22680       1.7950
   22681       1.6691
   22682       1.7929
   22683       1.7830
   22684       1.7407
   22685       1.7637
   22686       1.9607
   22687       1.6356
   22688       1.7029
   22689       1.5647
   22690       1.5321
   22691       1.4767
   22692       1.6320
   22693       1.6296
   22694       1.6924
   22695       1.5480
   22696       1.6224
   22697       1.6044
   22698       1.4401
   22699       1.5228
   22700       1.3806
   22701       1.5150
   22702       1.3529
   22703       1.4147
   22704       1.5307
   22705       1.7688
   22706       1.7828
   22707       1.6505
   22708       1.5144
   22709       1.4674
   22710       1.4900
   22711       1.6265
   22712       1.5678
   22713       1.6669
   22714       1.5129
   22715       1.4646
   22716       1.4696
   22717       1.6529
   22718       1.6643
   22719       1.5253
   22720       1.4121
   22721       1.4874
   22722       1.6132
   22723       1.6369
   22724       1.6786
   22725       1.5884
   22726       1.4890
   22727       1.5369
   22728       1.4500
   22729       1.5518
   22730       1.3931
   22731       1.4806
   22732       1.5271
   22733       1.5766
   22734       1.5124
   22735       1.7828
   22736       1.8159
   22737       1.7014
   22738       1.6003
   22739       1.4616
   22740       1.7294
   22741       1.7354
   22742       1.7658
   22743       1.5749
   22744       1.7492
   22745       1.7579
   22746       1.6951
   22747       1.7734
   22748       1.8197
   22749       1.6457
   22750       1.7759
   22751       1.7365
   22752       1.7108
   22753       1.6028
   22754       1.6605
   22755       1.4571
   22756       1.6458
   22757       1.6568
   22758       1.6653
   22759       1.5696
   22760       1.5307
   22761       1.5134
   22762       1.5230
   22763       1.3590
   22764       1.3152
   22765       1.4483
   22766       1.5914
   22767       1.4527
   22768       1.4443
   22769       1.4753
   22770       1.3953
   22771       1.5586
   22772       1.5381
   22773       1.6716
   22774       1.6479
   22775       1.6894
   22776       1.7523
   22777       1.7388
   22778       1.8354
   22779       1.7087
   22780       1.6094
   22781       1.7049
   22782       1.7121
   22783       1.7876
   22784       1.7178
   22785       1.6173
   22786       1.6028
   22787       1.5531
   22788       1.6256
   22789       1.5935
   22790       1.6637
   22791       1.6456
   22792       1.7791
   22793       1.6688
   22794       1.8049
   22795       1.7097
   22796       1.7419
   22797       1.7657
   22798       1.6605
   22799       1.7912
   22800       1.8091
   22801       1.6789
   22802       1.7326
   22803       1.7766
   22804       1.8858
   22805       1.8292
   22806       1.6948
   22807       1.4617
   22808       1.4666
   22809       1.5257
   22810       1.6737
   22811       1.6195
   22812       1.7071
   22813       1.7218
   22814       1.6448
   22815       1.5923
   22816       1.6112
   22817       1.5639
   22818       1.6126
   22819       1.4981
   22820       1.6444
   22821       1.7828
   22822       1.7207
   22823       1.7728
   22824       1.8501
   22825       1.7584
   22826       1.6070
   22827       1.6572
   22828       1.7584
   22829       1.8042
   22830       1.6993
   22831       1.6152
   22832       1.6382
   22833       1.7143
   22834       1.7671
   22835       1.6759
   22836       1.4610
   22837       1.7087
   22838       1.6624
   22839       1.5092
   22840       1.5266
   22841       1.4509
   22842       1.4677
   22843       1.5220
   22844       1.5678
   22845       1.4969
   22846       1.5025
   22847       1.5389
   22848       1.4912
   22849       1.4005
   22850       1.6975
   22851       1.6895
   22852       1.7013
   22853       1.7153
   22854       1.7947
   22855       1.6504
   22856       1.7378
   22857       1.7140
   22858       1.6286
   22859       1.5906
   22860       1.5154
   22861       1.4311
   22862       1.5927
   22863       1.6249
   22864       1.4635
   22865       1.4139
   22866       1.5343
   22867       1.5996
   22868       1.5522
   22869       1.8393
   22870       1.8405
   22871       1.6964
   22872       1.7013
   22873       1.8905
   22874       1.7986
   22875       1.8263
   22876       1.7982
   22877       1.8201
   22878       1.7442
   22879       1.7548
   22880       1.7968
   22881       1.8994
   22882       1.8327
   22883       2.1220
   22884       2.0492
   22885       2.1362
   22886       2.0819
   22887       2.0680
   22888       2.0713
   22889       2.1346
   22890       2.2285
   22891       2.3426
   22892       2.2467
   22893       2.3124
   22894       2.4144
   22895       2.2843
   22896       2.2198
   22897       2.0899
   22898       2.0396
   22899       1.8739
   22900       1.7684
   22901       1.6782
   22902       1.7888
   22903       1.8813
   22904       1.8577
   22905       1.7043
   22906       1.5525
   22907       1.6568
   22908       1.5454
   22909       1.7158
   22910       1.6498
   22911       1.6143
   22912       1.7385
   22913       1.9608
   22914       1.9493
   22915       2.0346
   22916       1.9042
   22917       1.6515
   22918       1.5526
   22919       1.5398
   22920       1.6262
   22921       1.5050
   22922       1.5855
   22923       1.6474
   22924       1.6454
   22925       1.6475
   22926       1.6471
   22927       1.7694
   22928       1.8762
   22929       1.9408
   22930       1.7610
   22931       1.8942
   22932       2.0017
   22933       2.1960
   22934       2.1103
   22935       2.1855
   22936       1.9695
   22937       2.0098
   22938       2.0649
   22939       2.0328
   22940       2.0815
   22941       1.8808
   22942       1.7533
   22943       1.7529
   22944       1.6858
   22945       1.8024
   22946       1.9711
   22947       2.0862
   22948       2.0553
   22949       1.8597
   22950       1.9774
   22951       2.1223
   22952       2.1129
   22953       2.2004
   22954       2.1257
   22955       2.0218
   22956       1.9633
   22957       1.9250
   22958       1.9612
   22959       1.9966
   22960       1.6972
   22961       1.9637
   22962       1.8450
   22963       2.0411
   22964       1.7332
   22965       1.6196
   22966       1.5108
   22967       1.6368
   22968       1.7096
   22969       1.7045
   22970       1.6043
   22971       1.8531
   22972       1.7977
   22973       1.8747
   22974       1.6450
   22975       1.5811
   22976       1.6252
   22977       1.7199
   22978       1.7292
   22979       1.7525
   22980       1.7907
   22981       1.7157
   22982       1.7338
   22983       1.7508
   22984       1.7241
   22985       1.8053
   22986       1.6996
   22987       1.5963
   22988       1.5339
   22989       1.6479
   22990       1.7072
   22991       1.6290
   22992       1.6006
   22993       1.5326
   22994       1.6010
   22995       1.4955
   22996       1.4498
   22997       1.5085
   22998       1.5067
   22999       1.3970
   23000       1.4560
   23001       1.6382
   23002       1.6134
   23003       1.6651
   23004       1.5916
   23005       1.4730
   23006       1.4909
   23007       1.4773
   23008       1.4316
   23009       1.7417
   23010       1.6344
   23011       1.5874
   23012       1.6081
   23013       1.6447
   23014       1.6276
   23015       1.7263
   23016       1.8066
   23017       1.7091
   23018       1.5632
   23019       1.4814
   23020       1.6663
   23021       1.6160
   23022       1.5985
   23023       1.6007
   23024       1.5030
   23025       1.7281
   23026       1.7343
   23027       1.7836
   23028       1.7273
   23029       1.7383
   23030       1.6187
   23031       1.6428
   23032       1.6586
   23033       1.5851
   23034       1.6683
   23035       1.9297
   23036       1.8425
   23037       1.7622
   23038       1.7130
   23039       1.8021
   23040       1.8575
   23041       1.8753
   23042       1.7792
   23043       1.7601
   23044       1.6516
   23045       1.6778
   23046       1.6909
   23047       1.8124
   23048       1.6438
   23049       1.6431
   23050       1.6692
   23051       1.6430
   23052       1.7729
   23053       1.5959
   23054       1.6503
   23055       1.5938
   23056       1.7646
   23057       1.6609
   23058       1.6967
   23059       1.6020
   23060       1.6405
   23061       1.7134
   23062       1.5736
   23063       1.7286
   23064       1.7182
   23065       1.7012
   23066       1.7550
   23067       1.6972
   23068       1.9089
   23069       1.7908
   23070       1.9241
   23071       1.9326
   23072       1.9692
   23073       1.7090
   23074       1.7787
   23075       1.8915
   23076       1.7617
   23077       1.5665
   23078       1.5528
   23079       1.5912
   23080       1.6855
   23081       1.7877
   23082       1.6539
   23083       1.5335
   23084       1.5101
   23085       1.5225
   23086       1.6657
   23087       1.5417
   23088       1.4704
   23089       1.4276
   23090       1.3779
   23091       1.3742
   23092       1.3129
   23093       1.3006
   23094       1.3621
   23095       1.2454
   23096       1.1714
   23097       1.3843
   23098       1.3435
   23099       1.1716
   23100       1.1372
   23101       0.9887
   23102       0.9403
   23103       1.0879
   23104       1.0425
   23105       1.1701
   23106       1.1836
   23107       1.2196
   23108       1.3651
   23109       1.2268
   23110       1.4516
   23111       1.3346
   23112       1.4641
   23113       1.4356
   23114       1.3680
   23115       1.2405
   23116       1.4610
   23117       1.3722
   23118       1.5097
   23119       1.3739
   23120       1.6149
   23121       1.8202
   23122       1.7037
   23123       1.8200
   23124       1.8418
   23125       1.7124
   23126       1.6994
   23127       1.9862
   23128       1.8554
   23129       2.0222
   23130       1.9375
   23131       1.9388
   23132       1.8302
   23133       1.9833
   23134       2.0076
   23135       2.0883
   23136       2.1919
   23137       2.1321
   23138       2.3498
   23139       2.1694
   23140       2.3072
   23141       2.1672
   23142       2.1110
   23143       2.0545
   23144       2.0743
   23145       1.9883
   23146       2.1042
   23147       2.0851
   23148       2.2266
   23149       2.0648
   23150       2.0535
   23151       2.1260
   23152       1.9842
   23153       2.0488
   23154       2.0819
   23155       2.1174
   23156       2.0174
   23157       2.1039
   23158       2.1228
   23159       1.9869
   23160       1.9311
   23161       1.7572
   23162       1.7188
   23163       1.9148
   23164       1.8689
   23165       2.1015
   23166       2.0802
   23167       1.9256
   23168       1.9383
   23169       2.0728
   23170       2.1518
   23171       1.9556
   23172       2.0747
   23173       2.0508
   23174       2.1202
   23175       2.1191
   23176       1.7296
   23177       1.7024
   23178       1.6996
   23179       1.9532
   23180       1.9499
   23181       2.0626
   23182       2.0794
   23183       2.2041
   23184       2.1136
   23185       1.9585
   23186       1.9483
   23187       2.1746
   23188       1.9793
   23189       2.0838
   23190       2.1420
   23191       1.7846
   23192       1.7059
   23193       1.7841
   23194       1.7039
   23195       1.5474
   23196       1.6153
   23197       1.6927
   23198       1.6745
   23199       1.8611
   23200       1.9151
   23201       1.6671
   23202       1.8093
   23203       1.9328
   23204       2.0533
   23205       1.9032
   23206       1.6106
   23207       1.5906
   23208       1.7378
   23209       1.8951
   23210       2.0709
   23211       1.9966
   23212       1.9640
   23213       1.8417
   23214       1.9025
   23215       1.7981
   23216       1.9149
   23217       1.9983
   23218       1.8077
   23219       1.7492
   23220       1.7386
   23221       1.9619
   23222       2.0449
   23223       1.9995
   23224       2.0029
   23225       1.8875
   23226       1.8464
   23227       1.8136
   23228       1.9431
   23229       1.8412
   23230       1.7285
   23231       1.6013
   23232       1.7246
   23233       1.8866
   23234       1.8726
   23235       1.9629
   23236       1.9777
   23237       2.1840
   23238       2.2159
   23239       1.9747
   23240       1.7601
   23241       1.7964
   23242       1.9609
   23243       1.8264
   23244       1.7325
   23245       1.8949
   23246       1.7411
   23247       1.8958
   23248       1.6855
   23249       1.7024
   23250       1.6770
   23251       1.6135
   23252       1.5481
   23253       1.7306
   23254       1.7632
   23255       1.7832
   23256       1.7725
   23257       1.6180
   23258       1.7315
   23259       1.7624
   23260       1.8688
   23261       1.6252
   23262       1.6364
   23263       1.4851
   23264       1.6902
   23265       1.6047
   23266       1.6703
   23267       1.7606
   23268       1.5591
   23269       1.6332
   23270       1.5259
   23271       1.4959
   23272       1.6683
   23273       1.6974
   23274       1.7796
   23275       1.6607
   23276       1.7590
   23277       1.6707
   23278       1.7670
   23279       1.8004
   23280       1.7341
   23281       1.7771
   23282       1.8087
   23283       1.8708
   23284       1.9362
   23285       1.8332
   23286       1.8130
   23287       1.7181
   23288       1.7301
   23289       1.7614
   23290       1.8208
   23291       1.8019
   23292       1.9010
   23293       1.9239
   23294       2.0634
   23295       1.8693
   23296       1.8757
   23297       1.7000
   23298       1.8944
   23299       1.6944
   23300       1.8149
   23301       1.6803
   23302       1.7179
   23303       1.7748
   23304       1.7834
   23305       1.9937
   23306       2.1103
   23307       2.2946
   23308       2.3418
   23309       2.2078
   23310       2.2026
   23311       2.2786
   23312       2.1650
   23313       2.3362
   23314       2.3309
   23315       2.3453
   23316       2.3931
   23317       2.1611
   23318       2.1599
   23319       1.9508
   23320       2.1142
   23321       1.8897
   23322       2.2588
   23323       2.0101
   23324       1.8577
   23325       1.9410
   23326       2.0207
   23327       2.0504
   23328       1.9903
   23329       1.7978
   23330       1.6173
   23331       1.9067
   23332       1.9247
   23333       1.8194
   23334       1.7188
   23335       1.6431
   23336       1.6978
   23337       1.6453
   23338       1.4778
   23339       1.5559
   23340       1.5664
   23341       1.4501
   23342       1.3745
   23343       1.2566
   23344       1.1836
   23345       1.2379
   23346       1.2129
   23347       1.2791
   23348       1.3735
   23349       1.4137
   23350       1.3652
   23351       1.3470
   23352       1.2746
   23353       1.1155
   23354       1.2685
   23355       1.2861
   23356       1.3377
   23357       1.2914
   23358       1.2603
   23359       1.4146
   23360       1.3982
   23361       1.4748
   23362       1.3398
   23363       1.3260
   23364       1.4767
   23365       1.3628
   23366       1.2782
   23367       1.2442
   23368       1.4069
   23369       1.2004
   23370       1.2123
   23371       1.3428
   23372       1.2858
   23373       1.1484
   23374       1.1090
   23375       1.2161
   23376       1.3023
   23377       1.2473
   23378       1.3879
   23379       1.3860
   23380       1.2952
   23381       1.2136
   23382       1.3000
   23383       1.3562
   23384       1.2644
   23385       1.3698
   23386       1.3251
   23387       1.3833
   23388       1.3976
   23389       1.5216
   23390       1.4930
   23391       1.4570
   23392       1.4229
   23393       1.3233
   23394       1.4155
   23395       1.4000
   23396       1.3414
   23397       1.5035
   23398       1.2611
   23399       1.3131
   23400       1.4558
   23401       1.3377
   23402       1.4130
   23403       1.3074
   23404       1.2809
   23405       1.3392
   23406       1.4105
   23407       1.2918
   23408       1.2088
   23409       1.3289
   23410       1.3539
   23411       1.1370
   23412       1.2383
   23413       1.1728
   23414       1.0813
   23415       1.0930
   23416       1.2347
   23417       1.1104
   23418       1.1338
   23419       1.3498
   23420       1.2050
   23421       1.1818
   23422       1.2371
   23423       1.1536
   23424       1.0526
   23425       1.0253
   23426       0.9782
   23427       1.1063
   23428       1.0047
   23429       1.0760
   23430       1.0859
   23431       1.0213
   23432       0.9913
   23433       1.0167
   23434       1.1755
   23435       1.0701
   23436       1.0417
   23437       1.0502
   23438       1.0305
   23439       1.0843
   23440       1.1534
   23441       1.1651
   23442       1.1256
   23443       1.0228
   23444       1.0768
   23445       1.0898
   23446       1.1722
   23447       1.4426
   23448       1.4006
   23449       1.3073
   23450       1.3310
   23451       1.2876
   23452       1.1957
   23453       1.3404
   23454       1.3893
   23455       1.4315
   23456       1.2943
   23457       1.1346
   23458       1.4163
   23459       1.4698
   23460       1.6120
   23461       1.6778
   23462       1.5876
   23463       1.3964
   23464       1.5549
   23465       1.4062
   23466       1.3320
   23467       1.4381
   23468       1.4044
   23469       1.4501
   23470       1.3285
   23471       1.5349
   23472       1.6300
   23473       1.6802
   23474       1.6718
   23475       1.7426
   23476       1.5927
   23477       1.5316
   23478       1.5175
   23479       1.2652
   23480       1.3521
   23481       1.5250
   23482       1.5387
   23483       1.4449
   23484       1.2935
   23485       1.2045
   23486       1.3847
   23487       1.3545
   23488       1.3591
   23489       1.3593
   23490       1.4286
   23491       1.4215
   23492       1.4146
   23493       1.3880
   23494       1.4192
   23495       1.4191
   23496       1.5145
   23497       1.5771
   23498       1.5418
   23499       1.6411
   23500       1.3971
   23501       1.3576
   23502       1.5938
   23503       1.4066
   23504       1.2557
   23505       1.3494
   23506       1.4554
   23507       1.3839
   23508       1.3511
   23509       1.2128
   23510       1.0960
   23511       1.1848
   23512       1.0557
   23513       1.1672
   23514       1.1033
   23515       1.0866
   23516       1.0972
   23517       1.1931
   23518       1.2345
   23519       1.2007
   23520       1.3391
   23521       1.1978
   23522       1.2350
   23523       1.2680
   23524       1.2870
   23525       1.1387
   23526       1.2081
   23527       1.3762
   23528       1.4017
   23529       1.2521
   23530       1.1647
   23531       1.3725
   23532       1.2891
   23533       1.3142
   23534       1.3557
   23535       1.4599
   23536       1.3929
   23537       1.3599
   23538       1.3393
   23539       1.3234
   23540       1.2766
   23541       1.2564
   23542       1.2225
   23543       1.2966
   23544       1.3170
   23545       1.3145
   23546       1.4597
   23547       1.6468
   23548       1.5757
   23549       1.5583
   23550       1.5838
   23551       1.5892
   23552       1.5497
   23553       1.6283
   23554       1.5968
   23555       1.5832
   23556       1.3888
   23557       1.2921
   23558       1.3424
   23559       1.4476
   23560       1.5202
   23561       1.4594
   23562       1.5076
   23563       1.4138
   23564       1.4493
   23565       1.4018
   23566       1.4377
   23567       1.5080
   23568       1.3851
   23569       1.4477
   23570       1.4056
   23571       1.5735
   23572       1.4297
   23573       1.6495
   23574       1.6838
   23575       1.6615
   23576       1.6476
   23577       1.7619
   23578       1.7187
   23579       1.6844
   23580       1.7750
   23581       1.6753
   23582       1.5720
   23583       1.4512
   23584       1.6383
   23585       1.5141
   23586       1.5188
   23587       1.5351
   23588       1.4952
   23589       1.4799
   23590       1.4072
   23591       1.4208
   23592       1.4659
   23593       1.4385
   23594       1.6869
   23595       1.4631
   23596       1.6319
   23597       1.7439
   23598       1.5709
   23599       1.5650
   23600       1.6189
   23601       1.5372
   23602       1.5173
   23603       1.6416
   23604       1.5748
   23605       1.5866
   23606       1.6029
   23607       1.6731
   23608       1.6777
   23609       1.5773
   23610       1.5419
   23611       1.4588
   23612       1.4707
   23613       1.4637
   23614       1.2412
   23615       1.2218
   23616       1.2388
   23617       1.2477
   23618       1.3028
   23619       1.2324
   23620       1.3289
   23621       1.3258
   23622       1.2966
   23623       1.4073
   23624       1.3375
   23625       1.2849
   23626       1.2524
   23627       1.0697
   23628       1.2464
   23629       1.3212
   23630       1.3435
   23631       1.2673
   23632       1.3812
   23633       1.4382
   23634       1.3417
   23635       1.5505
   23636       1.6161
   23637       1.5887
   23638       1.5629
   23639       1.5777
   23640       1.5135
   23641       1.6854
   23642       1.5967
   23643       1.4878
   23644       1.5592
   23645       1.4945
   23646       1.7404
   23647       1.7184
   23648       1.7255
   23649       1.5443
   23650       1.5106
   23651       1.5933
   23652       1.5109
   23653       1.5156
   23654       1.3456
   23655       1.3056
   23656       1.4285
   23657       1.3965
   23658       1.4781
   23659       1.4832
   23660       1.6060
   23661       1.5154
   23662       1.4703
   23663       1.4792
   23664       1.5807
   23665       1.6294
   23666       1.6479
   23667       1.5868
   23668       1.5934
   23669       1.6438
   23670       1.4692
   23671       1.4827
   23672       1.5315
   23673       1.7233
   23674       1.6300
   23675       1.6175
   23676       1.4534
   23677       1.6516
   23678       1.4212
   23679       1.4852
   23680       1.4857
   23681       1.4430
   23682       1.3320
   23683       1.4151
   23684       1.3884
   23685       1.3971
   23686       1.4292
   23687       1.4216
   23688       1.5384
   23689       1.4338
   23690       1.5965
   23691       1.7058
   23692       1.5651
   23693       1.5545
   23694       1.3759
   23695       1.5501
   23696       1.5504
   23697       1.5953
   23698       1.4896
   23699       1.5871
   23700       1.5159
   23701       1.4542
   23702       1.2836
   23703       1.3833
   23704       1.3811
   23705       1.3076
   23706       1.4518
   23707       1.1723
   23708       1.2515
   23709       1.2899
   23710       1.2614
   23711       1.2071
   23712       1.1824
   23713       1.2564
   23714       1.2324
   23715       1.4265
   23716       1.2471
   23717       1.2428
   23718       1.4093
   23719       1.4125
   23720       1.3677
   23721       1.2411
   23722       1.2735
   23723       1.1939
   23724       1.3751
   23725       1.5368
   23726       1.5963
   23727       1.3829
   23728       1.2790
   23729       1.2677
   23730       1.2717
   23731       1.3913
   23732       1.3793
   23733       1.4123
   23734       1.4585
   23735       1.3248
   23736       1.3886
   23737       1.4389
   23738       1.5157
   23739       1.4204
   23740       1.5401
   23741       1.4182
   23742       1.3265
   23743       1.1706
   23744       1.2649
   23745       1.3133
   23746       1.5481
   23747       1.4758
   23748       1.4730
   23749       1.4268
   23750       1.3645
   23751       1.3875
   23752       1.4627
   23753       1.4204
   23754       1.3930
   23755       1.3099
   23756       1.2910
   23757       1.2770
   23758       1.1605
   23759       1.3286
   23760       1.4056
   23761       1.4002
   23762       1.6480
   23763       1.7394
   23764       1.6135
   23765       1.5982
   23766       1.5475
   23767       1.4327
   23768       1.4354
   23769       1.5772
   23770       1.4166
   23771       1.3498
   23772       1.2772
   23773       1.2717
   23774       1.3176
   23775       1.1787
   23776       1.2226
   23777       1.2329
   23778       1.3443
   23779       1.2953
   23780       1.2289
   23781       1.2276
   23782       1.2259
   23783       1.2082
   23784       1.1661
   23785       1.2501
   23786       1.3247
   23787       1.3665
   23788       1.3280
   23789       1.2469
   23790       1.3962
   23791       1.5118
   23792       1.6541
   23793       1.5624
   23794       1.5185
   23795       1.5424
   23796       1.5736
   23797       1.5139
   23798       1.4647
   23799       1.4797
   23800       1.4682
   23801       1.4521
   23802       1.5396
   23803       1.5159
   23804       1.4960
   23805       1.6400
   23806       1.6665
   23807       1.7237
   23808       1.6044
   23809       1.6800
   23810       1.7400
   23811       1.6922
   23812       1.6456
   23813       1.6241
   23814       1.6655
   23815       1.7029
   23816       1.6332
   23817       1.7130
   23818       1.6879
   23819       1.6313
   23820       1.6577
   23821       1.7017
   23822       1.7074
   23823       1.4998
   23824       1.4917
   23825       1.3883
   23826       1.4761
   23827       1.5221
   23828       1.4934
   23829       1.4137
   23830       1.3688
   23831       1.1998
   23832       1.1992
   23833       1.2640
   23834       1.4048
   23835       1.5732
   23836       1.6147
   23837       1.5218
   23838       1.6581
   23839       1.7695
   23840       1.6824
   23841       1.7309
   23842       1.8447
   23843       1.7644
   23844       1.6577
   23845       1.8275
   23846       1.9791
   23847       1.6553
   23848       1.7398
   23849       1.6787
   23850       1.5292
   23851       1.6117
   23852       1.6236
   23853       1.5151
   23854       1.6606
   23855       1.6304
   23856       1.5238
   23857       1.6446
   23858       1.5487
   23859       1.5674
   23860       1.5111
   23861       1.6199
   23862       1.6004
   23863       1.7612
   23864       1.7917
   23865       1.6448
   23866       1.6250
   23867       1.6891
   23868       1.4950
   23869       1.6322
   23870       1.4978
   23871       1.6727
   23872       1.5185
   23873       1.5255
   23874       1.8123
   23875       1.8373
   23876       1.8639
   23877       1.6406
   23878       1.5758
   23879       1.4791
   23880       1.5037
   23881       1.5380
   23882       1.3749
   23883       1.3283
   23884       1.2814
   23885       1.2993
   23886       1.3856
   23887       1.6480
   23888       1.5312
   23889       1.5127
   23890       1.6443
   23891       1.5457
   23892       1.6720
   23893       1.6845
   23894       1.7896
   23895       1.8806
   23896       1.7614
   23897       1.9742
   23898       1.8854
   23899       1.7985
   23900       1.9747
   23901       1.9767
   23902       1.9751
   23903       1.9505
   23904       1.6833
   23905       1.5698
   23906       1.6605
   23907       1.5477
   23908       1.4886
   23909       1.5008
   23910       1.6302
   23911       1.6977
   23912       1.6279
   23913       1.7472
   23914       1.7337
   23915       1.8447
   23916       1.7624
   23917       1.8121
   23918       1.7960
   23919       1.7967
   23920       1.6516
   23921       1.8024
   23922       1.7605
   23923       1.8034
   23924       1.5740
   23925       1.6931
   23926       1.7321
   23927       1.5036
   23928       1.8882
   23929       1.9087
   23930       1.8935
   23931       1.9777
   23932       1.9573
   23933       1.7092
   23934       1.6841
   23935       1.5282
   23936       1.4276
   23937       1.5091
   23938       1.8333
   23939       1.7538
   23940       1.6974
   23941       1.8457
   23942       1.9050
   23943       1.9824
   23944       1.9008
   23945       1.7905
   23946       1.9445
   23947       1.8508
   23948       1.8455
   23949       1.8475
   23950       1.7806
   23951       1.7169
   23952       1.8031
   23953       1.8831
   23954       1.9647
   23955       1.9748
   23956       2.0325
   23957       2.1345
   23958       2.0094
   23959       1.7765
   23960       1.8290
   23961       1.8966
   23962       1.9622
   23963       2.0865
   23964       2.3148
   23965       2.1699
   23966       2.1198
   23967       2.1334
   23968       2.1959
   23969       2.0462
   23970       2.1544
   23971       2.0485
   23972       2.0808
   23973       2.1311
   23974       2.2610
   23975       2.2926
   23976       1.9880
   23977       1.9289
   23978       1.9667
   23979       2.1493
   23980       2.1137
   23981       2.2191
   23982       1.9479
   23983       2.0808
   23984       1.8784
   23985       1.7972
   23986       1.7872
   23987       1.8145
   23988       1.6447
   23989       1.6598
   23990       1.7375
   23991       1.6500
   23992       1.8326
   23993       1.9798
   23994       1.9277
   23995       1.6620
   23996       1.7743
   23997       1.7268
   23998       1.8581
   23999       1.6623
   24000       1.8178
   24001       2.0983
   24002       2.0451
   24003       2.0332
   24004       1.9910
   24005       1.7361
   24006       1.7155
   24007       1.6245
   24008       1.6428
   24009       1.6962
   24010       1.5144
   24011       1.5465
   24012       1.7087
   24013       1.8092
   24014       1.9861
   24015       1.7403
   24016       1.7186
   24017       1.5689
   24018       1.7060
   24019       1.8826
   24020       1.8023
   24021       2.0090
   24022       1.9508
   24023       1.6668
   24024       1.6316
   24025       1.7358
   24026       1.6854
   24027       1.6003
   24028       1.4487
   24029       1.5966
   24030       1.4159
   24031       1.5666
   24032       1.4845
   24033       1.5395
   24034       1.3387
   24035       1.4858
   24036       1.6019
   24037       1.5825
   24038       1.5112
   24039       1.7183
   24040       1.7699
   24041       1.7410
   24042       1.9034
   24043       1.9551
   24044       1.9048
   24045       1.8016
   24046       1.8638
   24047       1.9781
   24048       1.9024
   24049       2.0202
   24050       2.0326
   24051       1.8862
   24052       1.8477
   24053       1.8632
   24054       1.7494
   24055       1.8159
   24056       1.7388
   24057       1.7788
   24058       1.9177
   24059       1.8718
   24060       1.8046
   24061       1.7818
   24062       1.6993
   24063       1.8189
   24064       1.5245
   24065       1.6393
   24066       1.7787
   24067       1.7422
   24068       1.6926
   24069       1.6130
   24070       1.6650
   24071       1.6804
   24072       1.6202
   24073       1.5436
   24074       1.6349
   24075       1.7635
   24076       1.9038
   24077       1.8467
   24078       1.8309
   24079       1.8912
   24080       1.8929
   24081       1.9300
   24082       1.8804
   24083       2.0088
   24084       1.8872
   24085       1.7047
   24086       1.8700
   24087       1.8518
   24088       1.7394
   24089       1.7618
   24090       1.9220
   24091       1.5756
   24092       1.5655
   24093       1.6041
   24094       1.3897
   24095       1.4569
   24096       1.4917
   24097       1.6364
   24098       1.5408
   24099       1.4640
   24100       1.4645
   24101       1.3223
   24102       1.2703
   24103       1.4458
   24104       1.4553
   24105       1.4310
   24106       1.4513
   24107       1.6541
   24108       1.6851
   24109       1.6601
   24110       1.7852
   24111       1.5018
   24112       1.5411
   24113       1.6792
   24114       1.6142
   24115       1.5772
   24116       1.4192
   24117       1.3278
   24118       1.4110
   24119       1.3405
   24120       1.4707
   24121       1.4166
   24122       1.3848
   24123       1.4942
   24124       1.4490
   24125       1.6542
   24126       1.5468
   24127       1.6303
   24128       1.4645
   24129       1.5229
   24130       1.4136
   24131       1.3253
   24132       1.4522
   24133       1.5592
   24134       1.6592
   24135       1.4938
   24136       1.3080
   24137       1.4557
   24138       1.5671
   24139       1.7198
   24140       1.5089
   24141       1.3754
   24142       1.4666
   24143       1.2087
   24144       1.3355
   24145       1.5499
   24146       1.5183
   24147       1.5380
   24148       1.4450
   24149       1.3908
   24150       1.4433
   24151       1.3495
   24152       1.4046
   24153       1.4504
   24154       1.4108
   24155       1.4352
   24156       1.4247
   24157       1.2738
   24158       1.5167
   24159       1.6394
   24160       1.5614
   24161       1.6177
   24162       1.4667
   24163       1.6172
   24164       1.5188
   24165       1.3751
   24166       1.4207
   24167       1.3732
   24168       1.4078
   24169       1.4841
   24170       1.4103
   24171       1.4750
   24172       1.4843
   24173       1.4029
   24174       1.5113
   24175       1.5921
   24176       1.4989
   24177       1.5837
   24178       1.5623
   24179       1.6796
   24180       1.6364
   24181       1.6882
   24182       1.7711
   24183       1.9100
   24184       1.9162
   24185       1.9095
   24186       1.8077
   24187       1.7516
   24188       1.5026
   24189       1.4399
   24190       1.5196
   24191       1.5905
   24192       1.3633
   24193       1.5145
   24194       1.5732
   24195       1.6363
   24196       1.6492
   24197       1.5168
   24198       1.4447
   24199       1.3338
   24200       1.1668
   24201       1.5602
   24202       1.4661
   24203       1.3612
   24204       1.3174
   24205       1.2825
   24206       1.3223
   24207       1.3511
   24208       1.4044
   24209       1.4772
   24210       1.5365
   24211       1.6452
   24212       1.8760
   24213       1.8140
   24214       1.7316
   24215       1.6845
   24216       1.6458
   24217       1.5557
   24218       1.6176
   24219       1.5015
   24220       1.4105
   24221       1.4482
   24222       1.5635
   24223       1.6681
   24224       1.8077
   24225       1.9188
   24226       1.7022
   24227       1.7081
   24228       1.5959
   24229       1.6009
   24230       1.5788
   24231       1.6603
   24232       1.6595
   24233       1.6198
   24234       1.6941
   24235       1.5440
   24236       1.7362
   24237       1.7570
   24238       1.6823
   24239       1.9090
   24240       1.9592
   24241       1.9664
   24242       1.8523
   24243       1.6141
   24244       1.6874
   24245       1.6712
   24246       1.5524
   24247       1.6025
   24248       1.6449
   24249       1.5337
   24250       1.5780
   24251       1.4562
   24252       1.5055
   24253       1.4955
   24254       1.5809
   24255       1.5780
   24256       1.4348
   24257       1.6992
   24258       1.4613
   24259       1.5003
   24260       1.3557
   24261       1.3803
   24262       1.4824
   24263       1.6768
   24264       1.7549
   24265       1.6217
   24266       1.6873
   24267       1.6382
   24268       1.8679
   24269       1.8714
   24270       1.9594
   24271       1.9363
   24272       2.1749
   24273       2.0337
   24274       2.1105
   24275       2.1968
   24276       2.3199
   24277       2.0745
   24278       2.0519
   24279       2.0563
   24280       1.9747
   24281       1.9341
   24282       1.9032
   24283       1.6172
   24284       1.7739
   24285       1.9839
   24286       1.9778
   24287       2.0763
   24288       1.9064
   24289       1.8456
   24290       2.0924
   24291       2.0164
   24292       2.0496
   24293       2.0349
   24294       2.0448
   24295       1.9666
   24296       1.7322
   24297       1.5522
   24298       1.8999
   24299       1.8129
   24300       1.9025
   24301       2.0071
   24302       2.0547
   24303       2.1642
   24304       2.1679
   24305       2.2279
   24306       2.2915
   24307       2.2739
   24308       2.1729
   24309       2.0203
   24310       1.9791
   24311       2.0956
   24312       1.9462
   24313       2.0626
   24314       2.2097
   24315       2.0664
   24316       1.9855
   24317       1.7253
   24318       1.7176
   24319       1.7411
   24320       1.7552
   24321       1.7248
   24322       1.7537
   24323       1.6125
   24324       1.7123
   24325       1.5407
   24326       1.5168
   24327       1.5815
   24328       1.5230
   24329       1.5240
   24330       1.5252
   24331       1.4082
   24332       1.4594
   24333       1.5139
   24334       1.6579
   24335       1.6077
   24336       1.5160
   24337       1.7213
   24338       1.5843
   24339       1.5586
   24340       1.6875
   24341       1.8429
   24342       2.0528
   24343       2.0815
   24344       2.0610
   24345       2.2655
   24346       2.0781
   24347       2.0506
   24348       2.1422
   24349       1.9286
   24350       1.8952
   24351       1.9117
   24352       1.7550
   24353       1.7869
   24354       1.6230
   24355       1.5874
   24356       1.6794
   24357       1.7478
   24358       1.7594
   24359       1.7537
   24360       1.8951
   24361       1.6073
   24362       1.6099
   24363       1.7034
   24364       1.6268
   24365       1.5686
   24366       1.5505
   24367       1.6814
   24368       1.8224
   24369       1.6954
   24370       1.7246
   24371       1.7466
   24372       1.6509
   24373       1.6073
   24374       1.7946
   24375       1.9053
   24376       1.8275
   24377       1.8068
   24378       1.8750
   24379       1.8000
   24380       1.7872
   24381       1.8688
   24382       1.8783
   24383       1.6797
   24384       1.4904
   24385       1.4373
   24386       1.6651
   24387       1.6687
   24388       1.7488
   24389       1.7966
   24390       1.5714
   24391       1.6707
   24392       1.4617
   24393       1.4741
   24394       1.2680
   24395       1.4258
   24396       1.4157
   24397       1.5458
   24398       1.6347
   24399       1.7294
   24400       1.7368
   24401       1.6914
   24402       1.5949
   24403       1.4044
   24404       1.4562
   24405       1.7316
   24406       1.6837
   24407       1.9362
   24408       1.9077
   24409       2.0252
   24410       2.0769
   24411       2.1321
   24412       2.1110
   24413       2.0016
   24414       2.0321
   24415       2.0818
   24416       2.0442
   24417       2.1700
   24418       2.0716
   24419       2.0313
   24420       2.0087
   24421       1.9085
   24422       1.8196
   24423       1.7179
   24424       1.6593
   24425       1.7361
   24426       1.8021
   24427       1.9122
   24428       1.9714
   24429       2.0640
   24430       2.2470
   24431       2.2824
   24432       2.2595
   24433       2.0829
   24434       2.1985
   24435       2.1801
   24436       2.2435
   24437       2.2254
   24438       2.0392
   24439       2.0550
   24440       2.2191
   24441       2.1226
   24442       2.1482
   24443       2.1453
   24444       2.1360
   24445       2.1509
   24446       2.1177
   24447       2.1452
   24448       2.2636
   24449       2.2045
   24450       2.2796
   24451       2.2317
   24452       2.2896
   24453       2.2687
   24454       2.1269
   24455       2.1205
   24456       2.3668
   24457       2.3073
   24458       2.2830
   24459       2.2319
   24460       2.1672
   24461       2.0670
   24462       2.1200
   24463       2.0925
   24464       1.9070
   24465       1.6904
   24466       1.6108
   24467       1.7807
   24468       1.7931
   24469       1.7438
   24470       1.5853
   24471       1.7118
   24472       1.8467
   24473       1.9290
   24474       1.8613
   24475       2.0008
   24476       1.9923
   24477       1.9139
   24478       1.8381
   24479       1.8470
   24480       1.7473
   24481       1.7559
   24482       1.8912
   24483       1.9407
   24484       2.0689
   24485       1.8965
   24486       1.9296
   24487       1.9000
   24488       1.7616
   24489       1.6333
   24490       1.6984
   24491       1.7935
   24492       1.6490
   24493       1.8923
   24494       1.8025
   24495       1.7188
   24496       1.5036
   24497       1.4841
   24498       1.5451
   24499       1.5288
   24500       1.6846
   24501       1.7507
   24502       1.6264
   24503       1.7572
   24504       1.7937
   24505       1.7843
   24506       1.9336
   24507       2.1452
   24508       1.9353
   24509       1.7659
   24510       1.9095
   24511       1.8586
   24512       1.7427
   24513       1.6203
   24514       1.7249
   24515       1.6623
   24516       1.4593
   24517       1.5714
   24518       1.5608
   24519       1.5238
   24520       1.5360
   24521       1.5713
   24522       1.6509
   24523       2.0567
   24524       2.0383
   24525       2.1318
   24526       1.9942
   24527       1.9735
   24528       2.0235
   24529       1.9770
   24530       2.0829
   24531       1.9433
   24532       1.8954
   24533       1.7459
   24534       1.7508
   24535       1.8156
   24536       1.8031
   24537       1.7432
   24538       1.8560
   24539       1.8780
   24540       1.8635
   24541       1.8945
   24542       1.6835
   24543       1.6572
   24544       1.5757
   24545       1.6929
   24546       1.6963
   24547       1.5163
   24548       1.6512
   24549       1.7835
   24550       1.8412
   24551       1.8435
   24552       1.9190
   24553       1.9300
   24554       1.7850
   24555       1.8325
   24556       1.7140
   24557       1.7460
   24558       1.5604
   24559       1.2187
   24560       1.2603
   24561       1.1068
   24562       1.0969
   24563       0.9975
   24564       0.9645
   24565       1.0883
   24566       0.9504
   24567       1.0400
   24568       1.1212
   24569       1.1612
   24570       1.1065
   24571       1.2560
   24572       1.1201
   24573       1.1333
   24574       1.1780
   24575       1.2174
   24576       1.0908
   24577       1.0791
   24578       1.0955
   24579       0.9376
   24580       0.9132
   24581       1.0061
   24582       0.9900
   24583       0.9527
   24584       0.9857
   24585       0.9905
   24586       0.9829
   24587       0.9904
   24588       1.0725
   24589       0.9565
   24590       1.0256
   24591       1.1766
   24592       1.2292
   24593       1.3623
   24594       1.5969
   24595       1.4214
   24596       1.3421
   24597       1.2544
   24598       1.1337
   24599       1.2119
   24600       1.4999
   24601       1.3520
   24602       1.4010
   24603       1.3100
   24604       1.3087
   24605       1.3410
   24606       1.2630
   24607       1.1962
   24608       1.2593
   24609       1.3405
   24610       1.1417
   24611       1.3916
   24612       1.3644
   24613       1.3088
   24614       1.2404
   24615       1.1780
   24616       1.3708
   24617       1.2035
   24618       1.0328
   24619       1.0185
   24620       0.9094
   24621       1.2812
   24622       1.0558
   24623       0.9774
   24624       0.9371
   24625       1.0887
   24626       1.1545
   24627       1.2026
   24628       1.3119
   24629       1.1582
   24630       1.2834
   24631       1.2112
   24632       1.1683
   24633       1.2551
   24634       1.2668
   24635       1.2686
   24636       1.4053
   24637       1.4613
   24638       1.4399
   24639       1.3891
   24640       1.2720
   24641       1.1937
   24642       1.0817
   24643       1.1281
   24644       1.0028
   24645       1.0971
   24646       1.1944
   24647       1.1375
   24648       1.0613
   24649       1.1042
   24650       1.1631
   24651       1.1998
   24652       1.2804
   24653       1.4361
   24654       1.4012
   24655       1.5167
   24656       1.5479
   24657       1.6200
   24658       1.4867
   24659       1.5332
   24660       1.5825
   24661       1.5614
   24662       1.4225
   24663       1.3884
   24664       1.3958
   24665       1.4539
   24666       1.3727
   24667       1.3042
   24668       1.3731
   24669       1.4119
   24670       1.4124
   24671       1.2941
   24672       1.3547
   24673       1.4116
   24674       1.3214
   24675       1.2327
   24676       1.1396
   24677       0.9996
   24678       1.0034
   24679       1.0791
   24680       1.1573
   24681       1.1666
   24682       1.0788
   24683       0.9059
   24684       1.0461
   24685       1.1577
   24686       1.0682
   24687       1.0265
   24688       0.9566
   24689       0.9801
   24690       1.0080
   24691       1.1814
   24692       1.0261
   24693       1.1140
   24694       1.1291
   24695       1.2334
   24696       1.1964
   24697       1.2502
   24698       1.1857
   24699       1.3403
   24700       1.2606
   24701       1.2776
   24702       1.2492
   24703       1.0678
   24704       1.0901
   24705       1.0218
   24706       1.1855
   24707       1.2993
   24708       1.3342
   24709       1.2799
   24710       1.3472
   24711       1.2380
   24712       1.1171
   24713       0.9248
   24714       0.9929
   24715       1.0178
   24716       1.1398
   24717       1.1630
   24718       1.2205
   24719       1.2208
   24720       1.2750
   24721       1.1574
   24722       1.2159
   24723       1.1784
   24724       1.2796
   24725       1.1396
   24726       1.1764
   24727       1.3170
   24728       1.3130
   24729       1.3435
   24730       1.3445
   24731       1.3512
   24732       1.5859
   24733       1.5014
   24734       1.3429
   24735       1.5917
   24736       1.5945
   24737       1.3408
   24738       1.3093
   24739       1.2546
   24740       1.4349
   24741       1.3989
   24742       1.4546
   24743       1.5116
   24744       1.4346
   24745       1.2528
   24746       1.3479
   24747       1.1889
   24748       1.3444
   24749       1.2436
   24750       1.2549
   24751       1.3901
   24752       1.2556
   24753       1.3880
   24754       1.5106
   24755       1.3685
   24756       1.3901
   24757       1.4811
   24758       1.4112
   24759       1.4352
   24760       1.3563
   24761       1.2190
   24762       1.2694
   24763       1.2347
   24764       1.1963
   24765       1.1713
   24766       1.1858
   24767       1.1570
   24768       1.1048
   24769       1.1444
   24770       1.1277
   24771       1.1562
   24772       1.1066
   24773       1.0797
   24774       0.8835
   24775       1.1136
   24776       1.1678
   24777       0.9380
   24778       1.1227
   24779       0.9366
   24780       0.9702
   24781       1.0085
   24782       1.2222
   24783       1.2021
   24784       1.1652
   24785       1.1476
   24786       1.1595
   24787       1.0501
   24788       1.0651
   24789       1.0158
   24790       1.0095
   24791       0.9733
   24792       0.9915
   24793       0.9252
   24794       1.1169
   24795       1.0790
   24796       0.9412
   24797       0.9302
   24798       1.0136
   24799       1.0369
   24800       1.0506
   24801       1.1158
   24802       1.2166
   24803       1.0798
   24804       1.1704
   24805       1.0252
   24806       0.8575
   24807       0.9639
   24808       1.0977
   24809       1.0944
   24810       0.9465
   24811       0.9822
   24812       1.0328
   24813       1.0076
   24814       1.0850
   24815       1.1596
   24816       1.0321
   24817       1.1174
   24818       1.0107
   24819       0.9988
   24820       1.0322
   24821       0.9439
   24822       1.0012
   24823       0.9570
   24824       1.0228
   24825       0.9914
   24826       1.0376
   24827       1.0623
   24828       1.0205
   24829       0.9863
   24830       0.8882
   24831       0.8933
   24832       0.9616
   24833       0.9495
   24834       1.0035
   24835       0.8795
   24836       0.8772
   24837       0.9908
   24838       0.9893
   24839       0.9427
   24840       0.9616
   24841       0.9301
   24842       1.0501
   24843       0.9395
   24844       0.9231
   24845       0.9183
   24846       0.9245
   24847       0.9970
   24848       0.8777
   24849       0.8694
   24850       0.8586
   24851       0.9681
   24852       0.9648
   24853       1.0080
   24854       0.9617
   24855       0.9448
   24856       0.9827
   24857       0.9925
   24858       0.9749
   24859       1.0462
   24860       0.9802
   24861       0.9514
   24862       0.9700
   24863       0.9361
   24864       0.9132
   24865       0.9098
   24866       0.8943
   24867       0.9385
   24868       0.9955
   24869       0.9588
   24870       0.9082
   24871       1.0038
   24872       0.9814
   24873       0.9394
   24874       0.9257
   24875       0.9842
   24876       1.0175
   24877       0.8415
   24878       1.0134
   24879       0.9782
   24880       1.0540
   24881       1.0674
   24882       1.0977
   24883       1.2010
   24884       1.2321
   24885       0.9469
   24886       1.1346
   24887       1.1188
   24888       1.0679
   24889       1.1836
   24890       0.9562
   24891       0.9567
   24892       1.0175
   24893       1.0207
   24894       1.0908
   24895       1.0393
   24896       0.9761
   24897       1.0288
   24898       1.1184
   24899       1.0867
   24900       0.9454
   24901       0.9229
   24902       1.0612
   24903       0.9668
   24904       0.9586
   24905       1.1535
   24906       1.0224
   24907       0.9723
   24908       1.1298
   24909       1.1628
   24910       1.2682
   24911       1.4058
   24912       1.3927
   24913       1.4443
   24914       1.4693
   24915       1.2794
   24916       1.1836
   24917       1.1591
   24918       1.1152
   24919       0.9888
   24920       1.1233
   24921       1.0823
   24922       1.1014
   24923       1.1815
   24924       1.0516
   24925       1.1346
   24926       1.3337
   24927       1.2471
   24928       1.1709
   24929       1.1086
   24930       1.1607
   24931       1.1912
   24932       1.2649
   24933       1.2948
   24934       1.2968
   24935       1.1371
   24936       1.0860
   24937       1.0536
   24938       1.0473
   24939       1.0087
   24940       1.0440
   24941       1.1029
   24942       1.1609
   24943       1.2064
   24944       1.3109
   24945       1.3999
   24946       1.3569
   24947       1.1485
   24948       1.2409
   24949       1.3548
   24950       1.2229
   24951       1.2225
   24952       0.9959
   24953       0.9296
   24954       0.9285
   24955       0.8336
   24956       0.8284
   24957       0.9056
   24958       0.9154
   24959       0.9746
   24960       1.0171
   24961       1.0340
   24962       1.0424
   24963       0.9953
   24964       1.0272
   24965       1.0944
   24966       1.1416
   24967       1.0769
   24968       1.1422
   24969       1.2804
   24970       1.2761
   24971       1.1045
   24972       1.0924
   24973       1.0240
   24974       1.0823
   24975       1.0137
   24976       1.1100
   24977       1.0691
   24978       1.2341
   24979       1.4403
   24980       1.2355
   24981       1.3009
   24982       1.3714
   24983       1.2061
   24984       1.0887
   24985       1.1848
   24986       1.0007
   24987       1.0621
   24988       1.1141
   24989       1.1739
   24990       1.1327
   24991       1.1635
   24992       1.0792
   24993       1.0974
   24994       0.9485
   24995       1.0680
   24996       1.1025
   24997       1.1386
   24998       1.1350
   24999       1.1036
   25000       1.1966
